ISO-10303-21;
HEADER;
FILE_DESCRIPTION(('Open CASCADE Model'),'2;1');
FILE_NAME('Open CASCADE Shape Model','2026-10-03T16:03:42',('Author'),(
    'Open CASCADE'),'Open CASCADE STEP processor 7.9','build123d',
  'Unknown');
FILE_SCHEMA(('AUTOMOTIVE_DESIGN { 1 0 10303 214 1 1 1 1 }'));
ENDSEC;
DATA;
#1 = APPLICATION_PROTOCOL_DEFINITION('international standard',
  'automotive_design',2000,#2);
#2 = APPLICATION_CONTEXT(
  'core data for automotive mechanical design processes');
#3 = SHAPE_DEFINITION_REPRESENTATION(#4,#10);
#4 = PRODUCT_DEFINITION_SHAPE('','',#5);
#5 = PRODUCT_DEFINITION('design','',#6,#9);
#6 = PRODUCT_DEFINITION_FORMATION('','',#7);
#7 = PRODUCT('COMPOUND','COMPOUND','',(#8));
#8 = PRODUCT_CONTEXT('',#2,'mechanical');
#9 = PRODUCT_DEFINITION_CONTEXT('part definition',#2,'design');
#10 = ADVANCED_BREP_SHAPE_REPRESENTATION('',(#11,#15),#4460);
#11 = AXIS2_PLACEMENT_3D('',#12,#13,#14);
#12 = CARTESIAN_POINT('',(0.,0.,0.));
#13 = DIRECTION('',(0.,0.,1.));
#14 = DIRECTION('',(1.,0.,-0.));
#15 = MANIFOLD_SOLID_BREP('',#16);
#16 = CLOSED_SHELL('',(#17,#573,#627,#685,#1181,#1229,#1282,#1330,#1383,
    #1431,#1484,#1532,#1585,#1633,#1686,#1734,#1769,#1844,#1892,#1940,
    #1965,#2035,#2082,#2130,#2200,#2247,#2295,#2365,#2412,#2460,#2530,
    #2577,#2625,#2695,#2742,#2790,#2816,#2842,#2868,#2894,#2920,#2975,
    #3074,#3078,#3133,#3188,#3223,#3258,#4086,#4141,#4195,#4250,#4305,
    #4340,#4395,#4399,#4403,#4453));
#17 = ADVANCED_FACE('',(#18),#32,.T.);
#18 = FACE_BOUND('',#19,.T.);
#19 = EDGE_LOOP('',(#20,#50,#77,#78,#107,#136,#165,#194,#218,#247,#276,
    #300,#329,#358,#382,#411,#440,#464,#493,#522,#546));
#20 = ORIENTED_EDGE('',*,*,#21,.T.);
#21 = EDGE_CURVE('',#22,#24,#26,.T.);
#22 = VERTEX_POINT('',#23);
#23 = CARTESIAN_POINT('',(24.,-5.878304635907E-15,43.));
#24 = VERTEX_POINT('',#25);
#25 = CARTESIAN_POINT('',(24.,0.,44.2));
#26 = SEAM_CURVE('',#27,(#31,#43),.PCURVE_S1.);
#27 = LINE('',#28,#29);
#28 = CARTESIAN_POINT('',(24.,-5.878304635907E-15,43.));
#29 = VECTOR('',#30,1.);
#30 = DIRECTION('',(0.,0.,1.));
#31 = PCURVE('',#32,#37);
#32 = CYLINDRICAL_SURFACE('',#33,24.);
#33 = AXIS2_PLACEMENT_3D('',#34,#35,#36);
#34 = CARTESIAN_POINT('',(0.,0.,43.));
#35 = DIRECTION('',(0.,0.,1.));
#36 = DIRECTION('',(1.,0.,-0.));
#37 = DEFINITIONAL_REPRESENTATION('',(#38),#42);
#38 = LINE('',#39,#40);
#39 = CARTESIAN_POINT('',(6.28318530718,-0.));
#40 = VECTOR('',#41,1.);
#41 = DIRECTION('',(0.,1.));
#42 = ( GEOMETRIC_REPRESENTATION_CONTEXT(2) 
PARAMETRIC_REPRESENTATION_CONTEXT() REPRESENTATION_CONTEXT('2D SPACE',''
  ) );
#43 = PCURVE('',#32,#44);
#44 = DEFINITIONAL_REPRESENTATION('',(#45),#49);
#45 = LINE('',#46,#47);
#46 = CARTESIAN_POINT('',(0.,-0.));
#47 = VECTOR('',#48,1.);
#48 = DIRECTION('',(0.,1.));
#49 = ( GEOMETRIC_REPRESENTATION_CONTEXT(2) 
PARAMETRIC_REPRESENTATION_CONTEXT() REPRESENTATION_CONTEXT('2D SPACE',''
  ) );
#50 = ORIENTED_EDGE('',*,*,#51,.F.);
#51 = EDGE_CURVE('',#24,#24,#52,.T.);
#52 = SURFACE_CURVE('',#53,(#58,#65),.PCURVE_S1.);
#53 = CIRCLE('',#54,24.);
#54 = AXIS2_PLACEMENT_3D('',#55,#56,#57);
#55 = CARTESIAN_POINT('',(0.,0.,44.2));
#56 = DIRECTION('',(0.,0.,1.));
#57 = DIRECTION('',(1.,0.,-0.));
#58 = PCURVE('',#32,#59);
#59 = DEFINITIONAL_REPRESENTATION('',(#60),#64);
#60 = LINE('',#61,#62);
#61 = CARTESIAN_POINT('',(0.,1.2));
#62 = VECTOR('',#63,1.);
#63 = DIRECTION('',(1.,0.));
#64 = ( GEOMETRIC_REPRESENTATION_CONTEXT(2) 
PARAMETRIC_REPRESENTATION_CONTEXT() REPRESENTATION_CONTEXT('2D SPACE',''
  ) );
#65 = PCURVE('',#66,#71);
#66 = TOROIDAL_SURFACE('',#67,22.2,1.8);
#67 = AXIS2_PLACEMENT_3D('',#68,#69,#70);
#68 = CARTESIAN_POINT('',(0.,0.,44.2));
#69 = DIRECTION('',(0.,0.,1.));
#70 = DIRECTION('',(1.,0.,-0.));
#71 = DEFINITIONAL_REPRESENTATION('',(#72),#76);
#72 = LINE('',#73,#74);
#73 = CARTESIAN_POINT('',(0.,0.));
#74 = VECTOR('',#75,1.);
#75 = DIRECTION('',(1.,0.));
#76 = ( GEOMETRIC_REPRESENTATION_CONTEXT(2) 
PARAMETRIC_REPRESENTATION_CONTEXT() REPRESENTATION_CONTEXT('2D SPACE',''
  ) );
#77 = ORIENTED_EDGE('',*,*,#21,.F.);
#78 = ORIENTED_EDGE('',*,*,#79,.T.);
#79 = EDGE_CURVE('',#22,#80,#82,.T.);
#80 = VERTEX_POINT('',#81);
#81 = CARTESIAN_POINT('',(23.916521486203,2.,43.));
#82 = SURFACE_CURVE('',#83,(#88,#95),.PCURVE_S1.);
#83 = CIRCLE('',#84,24.);
#84 = AXIS2_PLACEMENT_3D('',#85,#86,#87);
#85 = CARTESIAN_POINT('',(0.,0.,43.));
#86 = DIRECTION('',(0.,0.,1.));
#87 = DIRECTION('',(1.,0.,-0.));
#88 = PCURVE('',#32,#89);
#89 = DEFINITIONAL_REPRESENTATION('',(#90),#94);
#90 = LINE('',#91,#92);
#91 = CARTESIAN_POINT('',(0.,0.));
#92 = VECTOR('',#93,1.);
#93 = DIRECTION('',(1.,0.));
#94 = ( GEOMETRIC_REPRESENTATION_CONTEXT(2) 
PARAMETRIC_REPRESENTATION_CONTEXT() REPRESENTATION_CONTEXT('2D SPACE',''
  ) );
#95 = PCURVE('',#96,#101);
#96 = PLANE('',#97);
#97 = AXIS2_PLACEMENT_3D('',#98,#99,#100);
#98 = CARTESIAN_POINT('',(21.,-2.,43.));
#99 = DIRECTION('',(0.,0.,1.));
#100 = DIRECTION('',(1.,0.,0.));
#101 = DEFINITIONAL_REPRESENTATION('',(#102),#106);
#102 = CIRCLE('',#103,24.);
#103 = AXIS2_PLACEMENT_2D('',#104,#105);
#104 = CARTESIAN_POINT('',(-21.,2.));
#105 = DIRECTION('',(1.,0.));
#106 = ( GEOMETRIC_REPRESENTATION_CONTEXT(2) 
PARAMETRIC_REPRESENTATION_CONTEXT() REPRESENTATION_CONTEXT('2D SPACE',''
  ) );
#107 = ORIENTED_EDGE('',*,*,#108,.T.);
#108 = EDGE_CURVE('',#80,#109,#111,.T.);
#109 = VERTEX_POINT('',#110);
#110 = CARTESIAN_POINT('',(13.69031155067,19.712315177208,43.));
#111 = SURFACE_CURVE('',#112,(#117,#124),.PCURVE_S1.);
#112 = CIRCLE('',#113,24.);
#113 = AXIS2_PLACEMENT_3D('',#114,#115,#116);
#114 = CARTESIAN_POINT('',(0.,0.,43.));
#115 = DIRECTION('',(0.,0.,1.));
#116 = DIRECTION('',(1.,0.,-0.));
#117 = PCURVE('',#32,#118);
#118 = DEFINITIONAL_REPRESENTATION('',(#119),#123);
#119 = LINE('',#120,#121);
#120 = CARTESIAN_POINT('',(0.,0.));
#121 = VECTOR('',#122,1.);
#122 = DIRECTION('',(1.,0.));
#123 = ( GEOMETRIC_REPRESENTATION_CONTEXT(2) 
PARAMETRIC_REPRESENTATION_CONTEXT() REPRESENTATION_CONTEXT('2D SPACE',''
  ) );
#124 = PCURVE('',#125,#130);
#125 = PLANE('',#126);
#126 = AXIS2_PLACEMENT_3D('',#127,#128,#129);
#127 = CARTESIAN_POINT('',(0.,0.,43.));
#128 = DIRECTION('',(0.,0.,1.));
#129 = DIRECTION('',(1.,0.,-0.));
#130 = DEFINITIONAL_REPRESENTATION('',(#131),#135);
#131 = CIRCLE('',#132,24.);
#132 = AXIS2_PLACEMENT_2D('',#133,#134);
#133 = CARTESIAN_POINT('',(0.,0.));
#134 = DIRECTION('',(1.,0.));
#135 = ( GEOMETRIC_REPRESENTATION_CONTEXT(2) 
PARAMETRIC_REPRESENTATION_CONTEXT() REPRESENTATION_CONTEXT('2D SPACE',''
  ) );
#136 = ORIENTED_EDGE('',*,*,#137,.T.);
#137 = EDGE_CURVE('',#109,#138,#140,.T.);
#138 = VERTEX_POINT('',#139);
#139 = CARTESIAN_POINT('',(11.999999927037,20.784609732952,43.));
#140 = SURFACE_CURVE('',#141,(#146,#153),.PCURVE_S1.);
#141 = CIRCLE('',#142,24.);
#142 = AXIS2_PLACEMENT_3D('',#143,#144,#145);
#143 = CARTESIAN_POINT('',(0.,0.,43.));
#144 = DIRECTION('',(0.,0.,1.));
#145 = DIRECTION('',(1.,0.,-0.));
#146 = PCURVE('',#32,#147);
#147 = DEFINITIONAL_REPRESENTATION('',(#148),#152);
#148 = LINE('',#149,#150);
#149 = CARTESIAN_POINT('',(0.,0.));
#150 = VECTOR('',#151,1.);
#151 = DIRECTION('',(1.,0.));
#152 = ( GEOMETRIC_REPRESENTATION_CONTEXT(2) 
PARAMETRIC_REPRESENTATION_CONTEXT() REPRESENTATION_CONTEXT('2D SPACE',''
  ) );
#153 = PCURVE('',#154,#159);
#154 = PLANE('',#155);
#155 = AXIS2_PLACEMENT_3D('',#156,#157,#158);
#156 = CARTESIAN_POINT('',(12.232050807569,17.186533479473,43.));
#157 = DIRECTION('',(0.,0.,1.));
#158 = DIRECTION('',(0.5,0.866025403784,0.));
#159 = DEFINITIONAL_REPRESENTATION('',(#160),#164);
#160 = CIRCLE('',#161,24.);
#161 = AXIS2_PLACEMENT_2D('',#162,#163);
#162 = CARTESIAN_POINT('',(-21.,2.));
#163 = DIRECTION('',(0.5,-0.866025403784));
#164 = ( GEOMETRIC_REPRESENTATION_CONTEXT(2) 
PARAMETRIC_REPRESENTATION_CONTEXT() REPRESENTATION_CONTEXT('2D SPACE',''
  ) );
#165 = ORIENTED_EDGE('',*,*,#166,.T.);
#166 = EDGE_CURVE('',#138,#167,#169,.T.);
#167 = VERTEX_POINT('',#168);
#168 = CARTESIAN_POINT('',(10.226209935532,21.712315177208,43.));
#169 = SURFACE_CURVE('',#170,(#175,#182),.PCURVE_S1.);
#170 = CIRCLE('',#171,24.);
#171 = AXIS2_PLACEMENT_3D('',#172,#173,#174);
#172 = CARTESIAN_POINT('',(0.,0.,43.));
#173 = DIRECTION('',(0.,0.,1.));
#174 = DIRECTION('',(1.,0.,-0.));
#175 = PCURVE('',#32,#176);
#176 = DEFINITIONAL_REPRESENTATION('',(#177),#181);
#177 = LINE('',#178,#179);
#178 = CARTESIAN_POINT('',(0.,0.));
#179 = VECTOR('',#180,1.);
#180 = DIRECTION('',(1.,0.));
#181 = ( GEOMETRIC_REPRESENTATION_CONTEXT(2) 
PARAMETRIC_REPRESENTATION_CONTEXT() REPRESENTATION_CONTEXT('2D SPACE',''
  ) );
#182 = PCURVE('',#183,#188);
#183 = PLANE('',#184);
#184 = AXIS2_PLACEMENT_3D('',#185,#186,#187);
#185 = CARTESIAN_POINT('',(12.232050807569,17.186533479473,43.));
#186 = DIRECTION('',(0.,0.,1.));
#187 = DIRECTION('',(0.5,0.866025403784,0.));
#188 = DEFINITIONAL_REPRESENTATION('',(#189),#193);
#189 = CIRCLE('',#190,24.);
#190 = AXIS2_PLACEMENT_2D('',#191,#192);
#191 = CARTESIAN_POINT('',(-21.,2.));
#192 = DIRECTION('',(0.5,-0.866025403784));
#193 = ( GEOMETRIC_REPRESENTATION_CONTEXT(2) 
PARAMETRIC_REPRESENTATION_CONTEXT() REPRESENTATION_CONTEXT('2D SPACE',''
  ) );
#194 = ORIENTED_EDGE('',*,*,#195,.T.);
#195 = EDGE_CURVE('',#167,#196,#198,.T.);
#196 = VERTEX_POINT('',#197);
#197 = CARTESIAN_POINT('',(-10.22620993553,21.712315177208,43.));
#198 = SURFACE_CURVE('',#199,(#204,#211),.PCURVE_S1.);
#199 = CIRCLE('',#200,24.);
#200 = AXIS2_PLACEMENT_3D('',#201,#202,#203);
#201 = CARTESIAN_POINT('',(0.,0.,43.));
#202 = DIRECTION('',(0.,0.,1.));
#203 = DIRECTION('',(1.,0.,-0.));
#204 = PCURVE('',#32,#205);
#205 = DEFINITIONAL_REPRESENTATION('',(#206),#210);
#206 = LINE('',#207,#208);
#207 = CARTESIAN_POINT('',(0.,0.));
#208 = VECTOR('',#209,1.);
#209 = DIRECTION('',(1.,0.));
#210 = ( GEOMETRIC_REPRESENTATION_CONTEXT(2) 
PARAMETRIC_REPRESENTATION_CONTEXT() REPRESENTATION_CONTEXT('2D SPACE',''
  ) );
#211 = PCURVE('',#125,#212);
#212 = DEFINITIONAL_REPRESENTATION('',(#213),#217);
#213 = CIRCLE('',#214,24.);
#214 = AXIS2_PLACEMENT_2D('',#215,#216);
#215 = CARTESIAN_POINT('',(0.,0.));
#216 = DIRECTION('',(1.,0.));
#217 = ( GEOMETRIC_REPRESENTATION_CONTEXT(2) 
PARAMETRIC_REPRESENTATION_CONTEXT() REPRESENTATION_CONTEXT('2D SPACE',''
  ) );
#218 = ORIENTED_EDGE('',*,*,#219,.T.);
#219 = EDGE_CURVE('',#196,#220,#222,.T.);
#220 = VERTEX_POINT('',#221);
#221 = CARTESIAN_POINT('',(-12.00000011197,20.784609626177,43.));
#222 = SURFACE_CURVE('',#223,(#228,#235),.PCURVE_S1.);
#223 = CIRCLE('',#224,24.);
#224 = AXIS2_PLACEMENT_3D('',#225,#226,#227);
#225 = CARTESIAN_POINT('',(0.,0.,43.));
#226 = DIRECTION('',(0.,0.,1.));
#227 = DIRECTION('',(1.,0.,-0.));
#228 = PCURVE('',#32,#229);
#229 = DEFINITIONAL_REPRESENTATION('',(#230),#234);
#230 = LINE('',#231,#232);
#231 = CARTESIAN_POINT('',(0.,0.));
#232 = VECTOR('',#233,1.);
#233 = DIRECTION('',(1.,0.));
#234 = ( GEOMETRIC_REPRESENTATION_CONTEXT(2) 
PARAMETRIC_REPRESENTATION_CONTEXT() REPRESENTATION_CONTEXT('2D SPACE',''
  ) );
#235 = PCURVE('',#236,#241);
#236 = PLANE('',#237);
#237 = AXIS2_PLACEMENT_3D('',#238,#239,#240);
#238 = CARTESIAN_POINT('',(-8.767949192431,19.186533479473,43.));
#239 = DIRECTION('',(0.,0.,1.));
#240 = DIRECTION('',(-0.5,0.866025403784,0.));
#241 = DEFINITIONAL_REPRESENTATION('',(#242),#246);
#242 = CIRCLE('',#243,24.);
#243 = AXIS2_PLACEMENT_2D('',#244,#245);
#244 = CARTESIAN_POINT('',(-21.,2.));
#245 = DIRECTION('',(-0.5,-0.866025403784));
#246 = ( GEOMETRIC_REPRESENTATION_CONTEXT(2) 
PARAMETRIC_REPRESENTATION_CONTEXT() REPRESENTATION_CONTEXT('2D SPACE',''
  ) );
#247 = ORIENTED_EDGE('',*,*,#248,.T.);
#248 = EDGE_CURVE('',#220,#249,#251,.T.);
#249 = VERTEX_POINT('',#250);
#250 = CARTESIAN_POINT('',(-13.69031155067,19.712315177208,43.));
#251 = SURFACE_CURVE('',#252,(#257,#264),.PCURVE_S1.);
#252 = CIRCLE('',#253,24.);
#253 = AXIS2_PLACEMENT_3D('',#254,#255,#256);
#254 = CARTESIAN_POINT('',(0.,0.,43.));
#255 = DIRECTION('',(0.,0.,1.));
#256 = DIRECTION('',(1.,0.,-0.));
#257 = PCURVE('',#32,#258);
#258 = DEFINITIONAL_REPRESENTATION('',(#259),#263);
#259 = LINE('',#260,#261);
#260 = CARTESIAN_POINT('',(0.,0.));
#261 = VECTOR('',#262,1.);
#262 = DIRECTION('',(1.,0.));
#263 = ( GEOMETRIC_REPRESENTATION_CONTEXT(2) 
PARAMETRIC_REPRESENTATION_CONTEXT() REPRESENTATION_CONTEXT('2D SPACE',''
  ) );
#264 = PCURVE('',#265,#270);
#265 = PLANE('',#266);
#266 = AXIS2_PLACEMENT_3D('',#267,#268,#269);
#267 = CARTESIAN_POINT('',(-8.767949192431,19.186533479473,43.));
#268 = DIRECTION('',(0.,0.,1.));
#269 = DIRECTION('',(-0.5,0.866025403784,0.));
#270 = DEFINITIONAL_REPRESENTATION('',(#271),#275);
#271 = CIRCLE('',#272,24.);
#272 = AXIS2_PLACEMENT_2D('',#273,#274);
#273 = CARTESIAN_POINT('',(-21.,2.));
#274 = DIRECTION('',(-0.5,-0.866025403784));
#275 = ( GEOMETRIC_REPRESENTATION_CONTEXT(2) 
PARAMETRIC_REPRESENTATION_CONTEXT() REPRESENTATION_CONTEXT('2D SPACE',''
  ) );
#276 = ORIENTED_EDGE('',*,*,#277,.T.);
#277 = EDGE_CURVE('',#249,#278,#280,.T.);
#278 = VERTEX_POINT('',#279);
#279 = CARTESIAN_POINT('',(-23.9165214862,2.,43.));
#280 = SURFACE_CURVE('',#281,(#286,#293),.PCURVE_S1.);
#281 = CIRCLE('',#282,24.);
#282 = AXIS2_PLACEMENT_3D('',#283,#284,#285);
#283 = CARTESIAN_POINT('',(0.,0.,43.));
#284 = DIRECTION('',(0.,0.,1.));
#285 = DIRECTION('',(1.,0.,-0.));
#286 = PCURVE('',#32,#287);
#287 = DEFINITIONAL_REPRESENTATION('',(#288),#292);
#288 = LINE('',#289,#290);
#289 = CARTESIAN_POINT('',(0.,0.));
#290 = VECTOR('',#291,1.);
#291 = DIRECTION('',(1.,0.));
#292 = ( GEOMETRIC_REPRESENTATION_CONTEXT(2) 
PARAMETRIC_REPRESENTATION_CONTEXT() REPRESENTATION_CONTEXT('2D SPACE',''
  ) );
#293 = PCURVE('',#125,#294);
#294 = DEFINITIONAL_REPRESENTATION('',(#295),#299);
#295 = CIRCLE('',#296,24.);
#296 = AXIS2_PLACEMENT_2D('',#297,#298);
#297 = CARTESIAN_POINT('',(0.,0.));
#298 = DIRECTION('',(1.,0.));
#299 = ( GEOMETRIC_REPRESENTATION_CONTEXT(2) 
PARAMETRIC_REPRESENTATION_CONTEXT() REPRESENTATION_CONTEXT('2D SPACE',''
  ) );
#300 = ORIENTED_EDGE('',*,*,#301,.T.);
#301 = EDGE_CURVE('',#278,#302,#304,.T.);
#302 = VERTEX_POINT('',#303);
#303 = CARTESIAN_POINT('',(-24.,1.357100712739E-14,43.));
#304 = SURFACE_CURVE('',#305,(#310,#317),.PCURVE_S1.);
#305 = CIRCLE('',#306,24.);
#306 = AXIS2_PLACEMENT_3D('',#307,#308,#309);
#307 = CARTESIAN_POINT('',(0.,0.,43.));
#308 = DIRECTION('',(0.,0.,1.));
#309 = DIRECTION('',(1.,0.,-0.));
#310 = PCURVE('',#32,#311);
#311 = DEFINITIONAL_REPRESENTATION('',(#312),#316);
#312 = LINE('',#313,#314);
#313 = CARTESIAN_POINT('',(0.,0.));
#314 = VECTOR('',#315,1.);
#315 = DIRECTION('',(1.,0.));
#316 = ( GEOMETRIC_REPRESENTATION_CONTEXT(2) 
PARAMETRIC_REPRESENTATION_CONTEXT() REPRESENTATION_CONTEXT('2D SPACE',''
  ) );
#317 = PCURVE('',#318,#323);
#318 = PLANE('',#319);
#319 = AXIS2_PLACEMENT_3D('',#320,#321,#322);
#320 = CARTESIAN_POINT('',(-21.,2.,43.));
#321 = DIRECTION('',(0.,0.,1.));
#322 = DIRECTION('',(-1.,1.224646799147E-16,0.));
#323 = DEFINITIONAL_REPRESENTATION('',(#324),#328);
#324 = CIRCLE('',#325,24.);
#325 = AXIS2_PLACEMENT_2D('',#326,#327);
#326 = CARTESIAN_POINT('',(-21.,2.));
#327 = DIRECTION('',(-1.,-1.224646799147E-16));
#328 = ( GEOMETRIC_REPRESENTATION_CONTEXT(2) 
PARAMETRIC_REPRESENTATION_CONTEXT() REPRESENTATION_CONTEXT('2D SPACE',''
  ) );
#329 = ORIENTED_EDGE('',*,*,#330,.T.);
#330 = EDGE_CURVE('',#302,#331,#333,.T.);
#331 = VERTEX_POINT('',#332);
#332 = CARTESIAN_POINT('',(-23.9165214862,-2.,43.));
#333 = SURFACE_CURVE('',#334,(#339,#346),.PCURVE_S1.);
#334 = CIRCLE('',#335,24.);
#335 = AXIS2_PLACEMENT_3D('',#336,#337,#338);
#336 = CARTESIAN_POINT('',(0.,0.,43.));
#337 = DIRECTION('',(0.,0.,1.));
#338 = DIRECTION('',(1.,0.,-0.));
#339 = PCURVE('',#32,#340);
#340 = DEFINITIONAL_REPRESENTATION('',(#341),#345);
#341 = LINE('',#342,#343);
#342 = CARTESIAN_POINT('',(0.,0.));
#343 = VECTOR('',#344,1.);
#344 = DIRECTION('',(1.,0.));
#345 = ( GEOMETRIC_REPRESENTATION_CONTEXT(2) 
PARAMETRIC_REPRESENTATION_CONTEXT() REPRESENTATION_CONTEXT('2D SPACE',''
  ) );
#346 = PCURVE('',#347,#352);
#347 = PLANE('',#348);
#348 = AXIS2_PLACEMENT_3D('',#349,#350,#351);
#349 = CARTESIAN_POINT('',(-21.,2.,43.));
#350 = DIRECTION('',(0.,0.,1.));
#351 = DIRECTION('',(-1.,1.224646799147E-16,0.));
#352 = DEFINITIONAL_REPRESENTATION('',(#353),#357);
#353 = CIRCLE('',#354,24.);
#354 = AXIS2_PLACEMENT_2D('',#355,#356);
#355 = CARTESIAN_POINT('',(-21.,2.));
#356 = DIRECTION('',(-1.,-1.224646799147E-16));
#357 = ( GEOMETRIC_REPRESENTATION_CONTEXT(2) 
PARAMETRIC_REPRESENTATION_CONTEXT() REPRESENTATION_CONTEXT('2D SPACE',''
  ) );
#358 = ORIENTED_EDGE('',*,*,#359,.T.);
#359 = EDGE_CURVE('',#331,#360,#362,.T.);
#360 = VERTEX_POINT('',#361);
#361 = CARTESIAN_POINT('',(-13.69031155067,-19.7123151772,43.));
#362 = SURFACE_CURVE('',#363,(#368,#375),.PCURVE_S1.);
#363 = CIRCLE('',#364,24.);
#364 = AXIS2_PLACEMENT_3D('',#365,#366,#367);
#365 = CARTESIAN_POINT('',(0.,0.,43.));
#366 = DIRECTION('',(0.,0.,1.));
#367 = DIRECTION('',(1.,0.,-0.));
#368 = PCURVE('',#32,#369);
#369 = DEFINITIONAL_REPRESENTATION('',(#370),#374);
#370 = LINE('',#371,#372);
#371 = CARTESIAN_POINT('',(0.,0.));
#372 = VECTOR('',#373,1.);
#373 = DIRECTION('',(1.,0.));
#374 = ( GEOMETRIC_REPRESENTATION_CONTEXT(2) 
PARAMETRIC_REPRESENTATION_CONTEXT() REPRESENTATION_CONTEXT('2D SPACE',''
  ) );
#375 = PCURVE('',#125,#376);
#376 = DEFINITIONAL_REPRESENTATION('',(#377),#381);
#377 = CIRCLE('',#378,24.);
#378 = AXIS2_PLACEMENT_2D('',#379,#380);
#379 = CARTESIAN_POINT('',(0.,0.));
#380 = DIRECTION('',(1.,0.));
#381 = ( GEOMETRIC_REPRESENTATION_CONTEXT(2) 
PARAMETRIC_REPRESENTATION_CONTEXT() REPRESENTATION_CONTEXT('2D SPACE',''
  ) );
#382 = ORIENTED_EDGE('',*,*,#383,.T.);
#383 = EDGE_CURVE('',#360,#384,#386,.T.);
#384 = VERTEX_POINT('',#385);
#385 = CARTESIAN_POINT('',(-12.00000031509,-20.7846095089,43.));
#386 = SURFACE_CURVE('',#387,(#392,#399),.PCURVE_S1.);
#387 = CIRCLE('',#388,24.);
#388 = AXIS2_PLACEMENT_3D('',#389,#390,#391);
#389 = CARTESIAN_POINT('',(0.,0.,43.));
#390 = DIRECTION('',(0.,0.,1.));
#391 = DIRECTION('',(1.,0.,-0.));
#392 = PCURVE('',#32,#393);
#393 = DEFINITIONAL_REPRESENTATION('',(#394),#398);
#394 = LINE('',#395,#396);
#395 = CARTESIAN_POINT('',(0.,0.));
#396 = VECTOR('',#397,1.);
#397 = DIRECTION('',(1.,0.));
#398 = ( GEOMETRIC_REPRESENTATION_CONTEXT(2) 
PARAMETRIC_REPRESENTATION_CONTEXT() REPRESENTATION_CONTEXT('2D SPACE',''
  ) );
#399 = PCURVE('',#400,#405);
#400 = PLANE('',#401);
#401 = AXIS2_PLACEMENT_3D('',#402,#403,#404);
#402 = CARTESIAN_POINT('',(-12.23205080756,-17.18653347947,43.));
#403 = DIRECTION('',(0.,0.,1.));
#404 = DIRECTION('',(-0.5,-0.866025403784,0.));
#405 = DEFINITIONAL_REPRESENTATION('',(#406),#410);
#406 = CIRCLE('',#407,24.);
#407 = AXIS2_PLACEMENT_2D('',#408,#409);
#408 = CARTESIAN_POINT('',(-21.,2.));
#409 = DIRECTION('',(-0.5,0.866025403784));
#410 = ( GEOMETRIC_REPRESENTATION_CONTEXT(2) 
PARAMETRIC_REPRESENTATION_CONTEXT() REPRESENTATION_CONTEXT('2D SPACE',''
  ) );
#411 = ORIENTED_EDGE('',*,*,#412,.T.);
#412 = EDGE_CURVE('',#384,#413,#415,.T.);
#413 = VERTEX_POINT('',#414);
#414 = CARTESIAN_POINT('',(-10.22620993553,-21.7123151772,43.));
#415 = SURFACE_CURVE('',#416,(#421,#428),.PCURVE_S1.);
#416 = CIRCLE('',#417,24.);
#417 = AXIS2_PLACEMENT_3D('',#418,#419,#420);
#418 = CARTESIAN_POINT('',(0.,0.,43.));
#419 = DIRECTION('',(0.,0.,1.));
#420 = DIRECTION('',(1.,0.,-0.));
#421 = PCURVE('',#32,#422);
#422 = DEFINITIONAL_REPRESENTATION('',(#423),#427);
#423 = LINE('',#424,#425);
#424 = CARTESIAN_POINT('',(0.,0.));
#425 = VECTOR('',#426,1.);
#426 = DIRECTION('',(1.,0.));
#427 = ( GEOMETRIC_REPRESENTATION_CONTEXT(2) 
PARAMETRIC_REPRESENTATION_CONTEXT() REPRESENTATION_CONTEXT('2D SPACE',''
  ) );
#428 = PCURVE('',#429,#434);
#429 = PLANE('',#430);
#430 = AXIS2_PLACEMENT_3D('',#431,#432,#433);
#431 = CARTESIAN_POINT('',(-12.23205080756,-17.18653347947,43.));
#432 = DIRECTION('',(0.,0.,1.));
#433 = DIRECTION('',(-0.5,-0.866025403784,0.));
#434 = DEFINITIONAL_REPRESENTATION('',(#435),#439);
#435 = CIRCLE('',#436,24.);
#436 = AXIS2_PLACEMENT_2D('',#437,#438);
#437 = CARTESIAN_POINT('',(-21.,2.));
#438 = DIRECTION('',(-0.5,0.866025403784));
#439 = ( GEOMETRIC_REPRESENTATION_CONTEXT(2) 
PARAMETRIC_REPRESENTATION_CONTEXT() REPRESENTATION_CONTEXT('2D SPACE',''
  ) );
#440 = ORIENTED_EDGE('',*,*,#441,.T.);
#441 = EDGE_CURVE('',#413,#442,#444,.T.);
#442 = VERTEX_POINT('',#443);
#443 = CARTESIAN_POINT('',(10.226209935532,-21.7123151772,43.));
#444 = SURFACE_CURVE('',#445,(#450,#457),.PCURVE_S1.);
#445 = CIRCLE('',#446,24.);
#446 = AXIS2_PLACEMENT_3D('',#447,#448,#449);
#447 = CARTESIAN_POINT('',(0.,0.,43.));
#448 = DIRECTION('',(0.,0.,1.));
#449 = DIRECTION('',(1.,0.,-0.));
#450 = PCURVE('',#32,#451);
#451 = DEFINITIONAL_REPRESENTATION('',(#452),#456);
#452 = LINE('',#453,#454);
#453 = CARTESIAN_POINT('',(0.,0.));
#454 = VECTOR('',#455,1.);
#455 = DIRECTION('',(1.,0.));
#456 = ( GEOMETRIC_REPRESENTATION_CONTEXT(2) 
PARAMETRIC_REPRESENTATION_CONTEXT() REPRESENTATION_CONTEXT('2D SPACE',''
  ) );
#457 = PCURVE('',#125,#458);
#458 = DEFINITIONAL_REPRESENTATION('',(#459),#463);
#459 = CIRCLE('',#460,24.);
#460 = AXIS2_PLACEMENT_2D('',#461,#462);
#461 = CARTESIAN_POINT('',(0.,0.));
#462 = DIRECTION('',(1.,0.));
#463 = ( GEOMETRIC_REPRESENTATION_CONTEXT(2) 
PARAMETRIC_REPRESENTATION_CONTEXT() REPRESENTATION_CONTEXT('2D SPACE',''
  ) );
#464 = ORIENTED_EDGE('',*,*,#465,.T.);
#465 = EDGE_CURVE('',#442,#466,#468,.T.);
#466 = VERTEX_POINT('',#467);
#467 = CARTESIAN_POINT('',(11.999999627798,-20.78460990571,43.));
#468 = SURFACE_CURVE('',#469,(#474,#481),.PCURVE_S1.);
#469 = CIRCLE('',#470,24.);
#470 = AXIS2_PLACEMENT_3D('',#471,#472,#473);
#471 = CARTESIAN_POINT('',(0.,0.,43.));
#472 = DIRECTION('',(0.,0.,1.));
#473 = DIRECTION('',(1.,0.,-0.));
#474 = PCURVE('',#32,#475);
#475 = DEFINITIONAL_REPRESENTATION('',(#476),#480);
#476 = LINE('',#477,#478);
#477 = CARTESIAN_POINT('',(0.,0.));
#478 = VECTOR('',#479,1.);
#479 = DIRECTION('',(1.,0.));
#480 = ( GEOMETRIC_REPRESENTATION_CONTEXT(2) 
PARAMETRIC_REPRESENTATION_CONTEXT() REPRESENTATION_CONTEXT('2D SPACE',''
  ) );
#481 = PCURVE('',#482,#487);
#482 = PLANE('',#483);
#483 = AXIS2_PLACEMENT_3D('',#484,#485,#486);
#484 = CARTESIAN_POINT('',(8.767949192431,-19.18653347947,43.));
#485 = DIRECTION('',(0.,0.,1.));
#486 = DIRECTION('',(0.5,-0.866025403784,0.));
#487 = DEFINITIONAL_REPRESENTATION('',(#488),#492);
#488 = CIRCLE('',#489,24.);
#489 = AXIS2_PLACEMENT_2D('',#490,#491);
#490 = CARTESIAN_POINT('',(-21.,2.));
#491 = DIRECTION('',(0.5,0.866025403784));
#492 = ( GEOMETRIC_REPRESENTATION_CONTEXT(2) 
PARAMETRIC_REPRESENTATION_CONTEXT() REPRESENTATION_CONTEXT('2D SPACE',''
  ) );
#493 = ORIENTED_EDGE('',*,*,#494,.T.);
#494 = EDGE_CURVE('',#466,#495,#497,.T.);
#495 = VERTEX_POINT('',#496);
#496 = CARTESIAN_POINT('',(13.69031155067,-19.7123151772,43.));
#497 = SURFACE_CURVE('',#498,(#503,#510),.PCURVE_S1.);
#498 = CIRCLE('',#499,24.);
#499 = AXIS2_PLACEMENT_3D('',#500,#501,#502);
#500 = CARTESIAN_POINT('',(0.,0.,43.));
#501 = DIRECTION('',(0.,0.,1.));
#502 = DIRECTION('',(1.,0.,-0.));
#503 = PCURVE('',#32,#504);
#504 = DEFINITIONAL_REPRESENTATION('',(#505),#509);
#505 = LINE('',#506,#507);
#506 = CARTESIAN_POINT('',(0.,0.));
#507 = VECTOR('',#508,1.);
#508 = DIRECTION('',(1.,0.));
#509 = ( GEOMETRIC_REPRESENTATION_CONTEXT(2) 
PARAMETRIC_REPRESENTATION_CONTEXT() REPRESENTATION_CONTEXT('2D SPACE',''
  ) );
#510 = PCURVE('',#511,#516);
#511 = PLANE('',#512);
#512 = AXIS2_PLACEMENT_3D('',#513,#514,#515);
#513 = CARTESIAN_POINT('',(8.767949192431,-19.18653347947,43.));
#514 = DIRECTION('',(0.,0.,1.));
#515 = DIRECTION('',(0.5,-0.866025403784,0.));
#516 = DEFINITIONAL_REPRESENTATION('',(#517),#521);
#517 = CIRCLE('',#518,24.);
#518 = AXIS2_PLACEMENT_2D('',#519,#520);
#519 = CARTESIAN_POINT('',(-21.,2.));
#520 = DIRECTION('',(0.5,0.866025403784));
#521 = ( GEOMETRIC_REPRESENTATION_CONTEXT(2) 
PARAMETRIC_REPRESENTATION_CONTEXT() REPRESENTATION_CONTEXT('2D SPACE',''
  ) );
#522 = ORIENTED_EDGE('',*,*,#523,.T.);
#523 = EDGE_CURVE('',#495,#524,#526,.T.);
#524 = VERTEX_POINT('',#525);
#525 = CARTESIAN_POINT('',(23.916521486203,-2.,43.));
#526 = SURFACE_CURVE('',#527,(#532,#539),.PCURVE_S1.);
#527 = CIRCLE('',#528,24.);
#528 = AXIS2_PLACEMENT_3D('',#529,#530,#531);
#529 = CARTESIAN_POINT('',(0.,0.,43.));
#530 = DIRECTION('',(0.,0.,1.));
#531 = DIRECTION('',(1.,0.,-0.));
#532 = PCURVE('',#32,#533);
#533 = DEFINITIONAL_REPRESENTATION('',(#534),#538);
#534 = LINE('',#535,#536);
#535 = CARTESIAN_POINT('',(0.,0.));
#536 = VECTOR('',#537,1.);
#537 = DIRECTION('',(1.,0.));
#538 = ( GEOMETRIC_REPRESENTATION_CONTEXT(2) 
PARAMETRIC_REPRESENTATION_CONTEXT() REPRESENTATION_CONTEXT('2D SPACE',''
  ) );
#539 = PCURVE('',#125,#540);
#540 = DEFINITIONAL_REPRESENTATION('',(#541),#545);
#541 = CIRCLE('',#542,24.);
#542 = AXIS2_PLACEMENT_2D('',#543,#544);
#543 = CARTESIAN_POINT('',(0.,0.));
#544 = DIRECTION('',(1.,0.));
#545 = ( GEOMETRIC_REPRESENTATION_CONTEXT(2) 
PARAMETRIC_REPRESENTATION_CONTEXT() REPRESENTATION_CONTEXT('2D SPACE',''
  ) );
#546 = ORIENTED_EDGE('',*,*,#547,.T.);
#547 = EDGE_CURVE('',#524,#22,#548,.T.);
#548 = SURFACE_CURVE('',#549,(#554,#561),.PCURVE_S1.);
#549 = CIRCLE('',#550,24.);
#550 = AXIS2_PLACEMENT_3D('',#551,#552,#553);
#551 = CARTESIAN_POINT('',(0.,0.,43.));
#552 = DIRECTION('',(0.,0.,1.));
#553 = DIRECTION('',(1.,0.,-0.));
#554 = PCURVE('',#32,#555);
#555 = DEFINITIONAL_REPRESENTATION('',(#556),#560);
#556 = LINE('',#557,#558);
#557 = CARTESIAN_POINT('',(0.,0.));
#558 = VECTOR('',#559,1.);
#559 = DIRECTION('',(1.,0.));
#560 = ( GEOMETRIC_REPRESENTATION_CONTEXT(2) 
PARAMETRIC_REPRESENTATION_CONTEXT() REPRESENTATION_CONTEXT('2D SPACE',''
  ) );
#561 = PCURVE('',#562,#567);
#562 = PLANE('',#563);
#563 = AXIS2_PLACEMENT_3D('',#564,#565,#566);
#564 = CARTESIAN_POINT('',(21.,-2.,43.));
#565 = DIRECTION('',(0.,0.,1.));
#566 = DIRECTION('',(1.,0.,0.));
#567 = DEFINITIONAL_REPRESENTATION('',(#568),#572);
#568 = CIRCLE('',#569,24.);
#569 = AXIS2_PLACEMENT_2D('',#570,#571);
#570 = CARTESIAN_POINT('',(-21.,2.));
#571 = DIRECTION('',(1.,0.));
#572 = ( GEOMETRIC_REPRESENTATION_CONTEXT(2) 
PARAMETRIC_REPRESENTATION_CONTEXT() REPRESENTATION_CONTEXT('2D SPACE',''
  ) );
#573 = ADVANCED_FACE('',(#574),#66,.T.);
#574 = FACE_BOUND('',#575,.T.);
#575 = EDGE_LOOP('',(#576,#598,#599,#600));
#576 = ORIENTED_EDGE('',*,*,#577,.F.);
#577 = EDGE_CURVE('',#24,#578,#580,.T.);
#578 = VERTEX_POINT('',#579);
#579 = CARTESIAN_POINT('',(22.2,0.,46.));
#580 = SEAM_CURVE('',#581,(#586,#592),.PCURVE_S1.);
#581 = CIRCLE('',#582,1.8);
#582 = AXIS2_PLACEMENT_3D('',#583,#584,#585);
#583 = CARTESIAN_POINT('',(22.2,0.,44.2));
#584 = DIRECTION('',(0.,-1.,0.));
#585 = DIRECTION('',(1.,0.,0.));
#586 = PCURVE('',#66,#587);
#587 = DEFINITIONAL_REPRESENTATION('',(#588),#591);
#588 = B_SPLINE_CURVE_WITH_KNOTS('',1,(#589,#590),.UNSPECIFIED.,.F.,.F.,
  (2,2),(0.,1.570796326795),.PIECEWISE_BEZIER_KNOTS.);
#589 = CARTESIAN_POINT('',(0.,0.));
#590 = CARTESIAN_POINT('',(0.,1.570796326795));
#591 = ( GEOMETRIC_REPRESENTATION_CONTEXT(2) 
PARAMETRIC_REPRESENTATION_CONTEXT() REPRESENTATION_CONTEXT('2D SPACE',''
  ) );
#592 = PCURVE('',#66,#593);
#593 = DEFINITIONAL_REPRESENTATION('',(#594),#597);
#594 = B_SPLINE_CURVE_WITH_KNOTS('',1,(#595,#596),.UNSPECIFIED.,.F.,.F.,
  (2,2),(0.,1.570796326795),.PIECEWISE_BEZIER_KNOTS.);
#595 = CARTESIAN_POINT('',(6.28318530718,0.));
#596 = CARTESIAN_POINT('',(6.28318530718,1.570796326795));
#597 = ( GEOMETRIC_REPRESENTATION_CONTEXT(2) 
PARAMETRIC_REPRESENTATION_CONTEXT() REPRESENTATION_CONTEXT('2D SPACE',''
  ) );
#598 = ORIENTED_EDGE('',*,*,#51,.T.);
#599 = ORIENTED_EDGE('',*,*,#577,.T.);
#600 = ORIENTED_EDGE('',*,*,#601,.F.);
#601 = EDGE_CURVE('',#578,#578,#602,.T.);
#602 = SURFACE_CURVE('',#603,(#608,#615),.PCURVE_S1.);
#603 = CIRCLE('',#604,22.2);
#604 = AXIS2_PLACEMENT_3D('',#605,#606,#607);
#605 = CARTESIAN_POINT('',(0.,0.,46.));
#606 = DIRECTION('',(0.,0.,1.));
#607 = DIRECTION('',(1.,0.,-0.));
#608 = PCURVE('',#66,#609);
#609 = DEFINITIONAL_REPRESENTATION('',(#610),#614);
#610 = LINE('',#611,#612);
#611 = CARTESIAN_POINT('',(0.,1.570796326795));
#612 = VECTOR('',#613,1.);
#613 = DIRECTION('',(1.,0.));
#614 = ( GEOMETRIC_REPRESENTATION_CONTEXT(2) 
PARAMETRIC_REPRESENTATION_CONTEXT() REPRESENTATION_CONTEXT('2D SPACE',''
  ) );
#615 = PCURVE('',#616,#621);
#616 = PLANE('',#617);
#617 = AXIS2_PLACEMENT_3D('',#618,#619,#620);
#618 = CARTESIAN_POINT('',(0.,0.,46.));
#619 = DIRECTION('',(0.,0.,1.));
#620 = DIRECTION('',(1.,0.,-0.));
#621 = DEFINITIONAL_REPRESENTATION('',(#622),#626);
#622 = CIRCLE('',#623,22.2);
#623 = AXIS2_PLACEMENT_2D('',#624,#625);
#624 = CARTESIAN_POINT('',(0.,0.));
#625 = DIRECTION('',(1.,0.));
#626 = ( GEOMETRIC_REPRESENTATION_CONTEXT(2) 
PARAMETRIC_REPRESENTATION_CONTEXT() REPRESENTATION_CONTEXT('2D SPACE',''
  ) );
#627 = ADVANCED_FACE('',(#628),#562,.T.);
#628 = FACE_BOUND('',#629,.T.);
#629 = EDGE_LOOP('',(#630,#631,#659));
#630 = ORIENTED_EDGE('',*,*,#547,.F.);
#631 = ORIENTED_EDGE('',*,*,#632,.T.);
#632 = EDGE_CURVE('',#524,#633,#635,.T.);
#633 = VERTEX_POINT('',#634);
#634 = CARTESIAN_POINT('',(24.,-2.,43.));
#635 = SURFACE_CURVE('',#636,(#640,#647),.PCURVE_S1.);
#636 = LINE('',#637,#638);
#637 = CARTESIAN_POINT('',(21.,-2.,43.));
#638 = VECTOR('',#639,1.);
#639 = DIRECTION('',(1.,0.,0.));
#640 = PCURVE('',#562,#641);
#641 = DEFINITIONAL_REPRESENTATION('',(#642),#646);
#642 = LINE('',#643,#644);
#643 = CARTESIAN_POINT('',(0.,0.));
#644 = VECTOR('',#645,1.);
#645 = DIRECTION('',(1.,0.));
#646 = ( GEOMETRIC_REPRESENTATION_CONTEXT(2) 
PARAMETRIC_REPRESENTATION_CONTEXT() REPRESENTATION_CONTEXT('2D SPACE',''
  ) );
#647 = PCURVE('',#648,#653);
#648 = PLANE('',#649);
#649 = AXIS2_PLACEMENT_3D('',#650,#651,#652);
#650 = CARTESIAN_POINT('',(21.,-2.,35.));
#651 = DIRECTION('',(0.,1.,0.));
#652 = DIRECTION('',(0.,0.,1.));
#653 = DEFINITIONAL_REPRESENTATION('',(#654),#658);
#654 = LINE('',#655,#656);
#655 = CARTESIAN_POINT('',(8.,0.));
#656 = VECTOR('',#657,1.);
#657 = DIRECTION('',(0.,1.));
#658 = ( GEOMETRIC_REPRESENTATION_CONTEXT(2) 
PARAMETRIC_REPRESENTATION_CONTEXT() REPRESENTATION_CONTEXT('2D SPACE',''
  ) );
#659 = ORIENTED_EDGE('',*,*,#660,.T.);
#660 = EDGE_CURVE('',#633,#22,#661,.T.);
#661 = SURFACE_CURVE('',#662,(#666,#673),.PCURVE_S1.);
#662 = LINE('',#663,#664);
#663 = CARTESIAN_POINT('',(24.,-2.,43.));
#664 = VECTOR('',#665,1.);
#665 = DIRECTION('',(0.,1.,0.));
#666 = PCURVE('',#562,#667);
#667 = DEFINITIONAL_REPRESENTATION('',(#668),#672);
#668 = LINE('',#669,#670);
#669 = CARTESIAN_POINT('',(3.,0.));
#670 = VECTOR('',#671,1.);
#671 = DIRECTION('',(0.,1.));
#672 = ( GEOMETRIC_REPRESENTATION_CONTEXT(2) 
PARAMETRIC_REPRESENTATION_CONTEXT() REPRESENTATION_CONTEXT('2D SPACE',''
  ) );
#673 = PCURVE('',#674,#679);
#674 = PLANE('',#675);
#675 = AXIS2_PLACEMENT_3D('',#676,#677,#678);
#676 = CARTESIAN_POINT('',(24.,-2.,35.));
#677 = DIRECTION('',(1.,0.,0.));
#678 = DIRECTION('',(0.,0.,1.));
#679 = DEFINITIONAL_REPRESENTATION('',(#680),#684);
#680 = LINE('',#681,#682);
#681 = CARTESIAN_POINT('',(8.,0.));
#682 = VECTOR('',#683,1.);
#683 = DIRECTION('',(0.,-1.));
#684 = ( GEOMETRIC_REPRESENTATION_CONTEXT(2) 
PARAMETRIC_REPRESENTATION_CONTEXT() REPRESENTATION_CONTEXT('2D SPACE',''
  ) );
#685 = ADVANCED_FACE('',(#686),#125,.F.);
#686 = FACE_BOUND('',#687,.F.);
#687 = EDGE_LOOP('',(#688,#716,#717,#745,#773,#799,#800,#828,#856,#882,
    #883,#911,#939,#965,#966,#994,#1022,#1048,#1049,#1077,#1105,#1131,
    #1132,#1155));
#688 = ORIENTED_EDGE('',*,*,#689,.T.);
#689 = EDGE_CURVE('',#690,#80,#692,.T.);
#690 = VERTEX_POINT('',#691);
#691 = CARTESIAN_POINT('',(21.,2.,43.));
#692 = SURFACE_CURVE('',#693,(#697,#704),.PCURVE_S1.);
#693 = LINE('',#694,#695);
#694 = CARTESIAN_POINT('',(21.,2.,43.));
#695 = VECTOR('',#696,1.);
#696 = DIRECTION('',(1.,0.,0.));
#697 = PCURVE('',#125,#698);
#698 = DEFINITIONAL_REPRESENTATION('',(#699),#703);
#699 = LINE('',#700,#701);
#700 = CARTESIAN_POINT('',(21.,2.));
#701 = VECTOR('',#702,1.);
#702 = DIRECTION('',(1.,0.));
#703 = ( GEOMETRIC_REPRESENTATION_CONTEXT(2) 
PARAMETRIC_REPRESENTATION_CONTEXT() REPRESENTATION_CONTEXT('2D SPACE',''
  ) );
#704 = PCURVE('',#705,#710);
#705 = PLANE('',#706);
#706 = AXIS2_PLACEMENT_3D('',#707,#708,#709);
#707 = CARTESIAN_POINT('',(21.,2.,35.));
#708 = DIRECTION('',(0.,1.,0.));
#709 = DIRECTION('',(0.,0.,1.));
#710 = DEFINITIONAL_REPRESENTATION('',(#711),#715);
#711 = LINE('',#712,#713);
#712 = CARTESIAN_POINT('',(8.,0.));
#713 = VECTOR('',#714,1.);
#714 = DIRECTION('',(0.,1.));
#715 = ( GEOMETRIC_REPRESENTATION_CONTEXT(2) 
PARAMETRIC_REPRESENTATION_CONTEXT() REPRESENTATION_CONTEXT('2D SPACE',''
  ) );
#716 = ORIENTED_EDGE('',*,*,#108,.T.);
#717 = ORIENTED_EDGE('',*,*,#718,.F.);
#718 = EDGE_CURVE('',#719,#109,#721,.T.);
#719 = VERTEX_POINT('',#720);
#720 = CARTESIAN_POINT('',(12.232050807569,17.186533479473,43.));
#721 = SURFACE_CURVE('',#722,(#726,#733),.PCURVE_S1.);
#722 = LINE('',#723,#724);
#723 = CARTESIAN_POINT('',(12.232050807569,17.186533479473,43.));
#724 = VECTOR('',#725,1.);
#725 = DIRECTION('',(0.5,0.866025403784,0.));
#726 = PCURVE('',#125,#727);
#727 = DEFINITIONAL_REPRESENTATION('',(#728),#732);
#728 = LINE('',#729,#730);
#729 = CARTESIAN_POINT('',(12.232050807569,17.186533479473));
#730 = VECTOR('',#731,1.);
#731 = DIRECTION('',(0.5,0.866025403784));
#732 = ( GEOMETRIC_REPRESENTATION_CONTEXT(2) 
PARAMETRIC_REPRESENTATION_CONTEXT() REPRESENTATION_CONTEXT('2D SPACE',''
  ) );
#733 = PCURVE('',#734,#739);
#734 = PLANE('',#735);
#735 = AXIS2_PLACEMENT_3D('',#736,#737,#738);
#736 = CARTESIAN_POINT('',(12.232050807569,17.186533479473,35.));
#737 = DIRECTION('',(-0.866025403784,0.5,0.));
#738 = DIRECTION('',(0.,0.,1.));
#739 = DEFINITIONAL_REPRESENTATION('',(#740),#744);
#740 = LINE('',#741,#742);
#741 = CARTESIAN_POINT('',(8.,0.));
#742 = VECTOR('',#743,1.);
#743 = DIRECTION('',(0.,1.));
#744 = ( GEOMETRIC_REPRESENTATION_CONTEXT(2) 
PARAMETRIC_REPRESENTATION_CONTEXT() REPRESENTATION_CONTEXT('2D SPACE',''
  ) );
#745 = ORIENTED_EDGE('',*,*,#746,.T.);
#746 = EDGE_CURVE('',#719,#747,#749,.T.);
#747 = VERTEX_POINT('',#748);
#748 = CARTESIAN_POINT('',(8.767949192431,19.186533479473,43.));
#749 = SURFACE_CURVE('',#750,(#754,#761),.PCURVE_S1.);
#750 = LINE('',#751,#752);
#751 = CARTESIAN_POINT('',(12.232050807569,17.186533479473,43.));
#752 = VECTOR('',#753,1.);
#753 = DIRECTION('',(-0.866025403784,0.5,0.));
#754 = PCURVE('',#125,#755);
#755 = DEFINITIONAL_REPRESENTATION('',(#756),#760);
#756 = LINE('',#757,#758);
#757 = CARTESIAN_POINT('',(12.232050807569,17.186533479473));
#758 = VECTOR('',#759,1.);
#759 = DIRECTION('',(-0.866025403784,0.5));
#760 = ( GEOMETRIC_REPRESENTATION_CONTEXT(2) 
PARAMETRIC_REPRESENTATION_CONTEXT() REPRESENTATION_CONTEXT('2D SPACE',''
  ) );
#761 = PCURVE('',#762,#767);
#762 = PLANE('',#763);
#763 = AXIS2_PLACEMENT_3D('',#764,#765,#766);
#764 = CARTESIAN_POINT('',(12.232050807569,17.186533479473,35.));
#765 = DIRECTION('',(0.5,0.866025403784,0.));
#766 = DIRECTION('',(0.,0.,1.));
#767 = DEFINITIONAL_REPRESENTATION('',(#768),#772);
#768 = LINE('',#769,#770);
#769 = CARTESIAN_POINT('',(8.,0.));
#770 = VECTOR('',#771,1.);
#771 = DIRECTION('',(0.,-1.));
#772 = ( GEOMETRIC_REPRESENTATION_CONTEXT(2) 
PARAMETRIC_REPRESENTATION_CONTEXT() REPRESENTATION_CONTEXT('2D SPACE',''
  ) );
#773 = ORIENTED_EDGE('',*,*,#774,.T.);
#774 = EDGE_CURVE('',#747,#167,#775,.T.);
#775 = SURFACE_CURVE('',#776,(#780,#787),.PCURVE_S1.);
#776 = LINE('',#777,#778);
#777 = CARTESIAN_POINT('',(8.767949192431,19.186533479473,43.));
#778 = VECTOR('',#779,1.);
#779 = DIRECTION('',(0.5,0.866025403784,0.));
#780 = PCURVE('',#125,#781);
#781 = DEFINITIONAL_REPRESENTATION('',(#782),#786);
#782 = LINE('',#783,#784);
#783 = CARTESIAN_POINT('',(8.767949192431,19.186533479473));
#784 = VECTOR('',#785,1.);
#785 = DIRECTION('',(0.5,0.866025403784));
#786 = ( GEOMETRIC_REPRESENTATION_CONTEXT(2) 
PARAMETRIC_REPRESENTATION_CONTEXT() REPRESENTATION_CONTEXT('2D SPACE',''
  ) );
#787 = PCURVE('',#788,#793);
#788 = PLANE('',#789);
#789 = AXIS2_PLACEMENT_3D('',#790,#791,#792);
#790 = CARTESIAN_POINT('',(8.767949192431,19.186533479473,35.));
#791 = DIRECTION('',(-0.866025403784,0.5,0.));
#792 = DIRECTION('',(0.,0.,1.));
#793 = DEFINITIONAL_REPRESENTATION('',(#794),#798);
#794 = LINE('',#795,#796);
#795 = CARTESIAN_POINT('',(8.,0.));
#796 = VECTOR('',#797,1.);
#797 = DIRECTION('',(0.,1.));
#798 = ( GEOMETRIC_REPRESENTATION_CONTEXT(2) 
PARAMETRIC_REPRESENTATION_CONTEXT() REPRESENTATION_CONTEXT('2D SPACE',''
  ) );
#799 = ORIENTED_EDGE('',*,*,#195,.T.);
#800 = ORIENTED_EDGE('',*,*,#801,.F.);
#801 = EDGE_CURVE('',#802,#196,#804,.T.);
#802 = VERTEX_POINT('',#803);
#803 = CARTESIAN_POINT('',(-8.767949192431,19.186533479473,43.));
#804 = SURFACE_CURVE('',#805,(#809,#816),.PCURVE_S1.);
#805 = LINE('',#806,#807);
#806 = CARTESIAN_POINT('',(-8.767949192431,19.186533479473,43.));
#807 = VECTOR('',#808,1.);
#808 = DIRECTION('',(-0.5,0.866025403784,0.));
#809 = PCURVE('',#125,#810);
#810 = DEFINITIONAL_REPRESENTATION('',(#811),#815);
#811 = LINE('',#812,#813);
#812 = CARTESIAN_POINT('',(-8.767949192431,19.186533479473));
#813 = VECTOR('',#814,1.);
#814 = DIRECTION('',(-0.5,0.866025403784));
#815 = ( GEOMETRIC_REPRESENTATION_CONTEXT(2) 
PARAMETRIC_REPRESENTATION_CONTEXT() REPRESENTATION_CONTEXT('2D SPACE',''
  ) );
#816 = PCURVE('',#817,#822);
#817 = PLANE('',#818);
#818 = AXIS2_PLACEMENT_3D('',#819,#820,#821);
#819 = CARTESIAN_POINT('',(-8.767949192431,19.186533479473,35.));
#820 = DIRECTION('',(-0.866025403784,-0.5,0.));
#821 = DIRECTION('',(0.,0.,1.));
#822 = DEFINITIONAL_REPRESENTATION('',(#823),#827);
#823 = LINE('',#824,#825);
#824 = CARTESIAN_POINT('',(8.,0.));
#825 = VECTOR('',#826,1.);
#826 = DIRECTION('',(0.,1.));
#827 = ( GEOMETRIC_REPRESENTATION_CONTEXT(2) 
PARAMETRIC_REPRESENTATION_CONTEXT() REPRESENTATION_CONTEXT('2D SPACE',''
  ) );
#828 = ORIENTED_EDGE('',*,*,#829,.T.);
#829 = EDGE_CURVE('',#802,#830,#832,.T.);
#830 = VERTEX_POINT('',#831);
#831 = CARTESIAN_POINT('',(-12.23205080756,17.186533479473,43.));
#832 = SURFACE_CURVE('',#833,(#837,#844),.PCURVE_S1.);
#833 = LINE('',#834,#835);
#834 = CARTESIAN_POINT('',(-8.767949192431,19.186533479473,43.));
#835 = VECTOR('',#836,1.);
#836 = DIRECTION('',(-0.866025403784,-0.5,0.));
#837 = PCURVE('',#125,#838);
#838 = DEFINITIONAL_REPRESENTATION('',(#839),#843);
#839 = LINE('',#840,#841);
#840 = CARTESIAN_POINT('',(-8.767949192431,19.186533479473));
#841 = VECTOR('',#842,1.);
#842 = DIRECTION('',(-0.866025403784,-0.5));
#843 = ( GEOMETRIC_REPRESENTATION_CONTEXT(2) 
PARAMETRIC_REPRESENTATION_CONTEXT() REPRESENTATION_CONTEXT('2D SPACE',''
  ) );
#844 = PCURVE('',#845,#850);
#845 = PLANE('',#846);
#846 = AXIS2_PLACEMENT_3D('',#847,#848,#849);
#847 = CARTESIAN_POINT('',(-8.767949192431,19.186533479473,35.));
#848 = DIRECTION('',(-0.5,0.866025403784,0.));
#849 = DIRECTION('',(0.,0.,1.));
#850 = DEFINITIONAL_REPRESENTATION('',(#851),#855);
#851 = LINE('',#852,#853);
#852 = CARTESIAN_POINT('',(8.,0.));
#853 = VECTOR('',#854,1.);
#854 = DIRECTION('',(0.,-1.));
#855 = ( GEOMETRIC_REPRESENTATION_CONTEXT(2) 
PARAMETRIC_REPRESENTATION_CONTEXT() REPRESENTATION_CONTEXT('2D SPACE',''
  ) );
#856 = ORIENTED_EDGE('',*,*,#857,.T.);
#857 = EDGE_CURVE('',#830,#249,#858,.T.);
#858 = SURFACE_CURVE('',#859,(#863,#870),.PCURVE_S1.);
#859 = LINE('',#860,#861);
#860 = CARTESIAN_POINT('',(-12.23205080756,17.186533479473,43.));
#861 = VECTOR('',#862,1.);
#862 = DIRECTION('',(-0.5,0.866025403784,0.));
#863 = PCURVE('',#125,#864);
#864 = DEFINITIONAL_REPRESENTATION('',(#865),#869);
#865 = LINE('',#866,#867);
#866 = CARTESIAN_POINT('',(-12.23205080756,17.186533479473));
#867 = VECTOR('',#868,1.);
#868 = DIRECTION('',(-0.5,0.866025403784));
#869 = ( GEOMETRIC_REPRESENTATION_CONTEXT(2) 
PARAMETRIC_REPRESENTATION_CONTEXT() REPRESENTATION_CONTEXT('2D SPACE',''
  ) );
#870 = PCURVE('',#871,#876);
#871 = PLANE('',#872);
#872 = AXIS2_PLACEMENT_3D('',#873,#874,#875);
#873 = CARTESIAN_POINT('',(-12.23205080756,17.186533479473,35.));
#874 = DIRECTION('',(-0.866025403784,-0.5,0.));
#875 = DIRECTION('',(0.,0.,1.));
#876 = DEFINITIONAL_REPRESENTATION('',(#877),#881);
#877 = LINE('',#878,#879);
#878 = CARTESIAN_POINT('',(8.,0.));
#879 = VECTOR('',#880,1.);
#880 = DIRECTION('',(0.,1.));
#881 = ( GEOMETRIC_REPRESENTATION_CONTEXT(2) 
PARAMETRIC_REPRESENTATION_CONTEXT() REPRESENTATION_CONTEXT('2D SPACE',''
  ) );
#882 = ORIENTED_EDGE('',*,*,#277,.T.);
#883 = ORIENTED_EDGE('',*,*,#884,.F.);
#884 = EDGE_CURVE('',#885,#278,#887,.T.);
#885 = VERTEX_POINT('',#886);
#886 = CARTESIAN_POINT('',(-21.,2.,43.));
#887 = SURFACE_CURVE('',#888,(#892,#899),.PCURVE_S1.);
#888 = LINE('',#889,#890);
#889 = CARTESIAN_POINT('',(-21.,2.,43.));
#890 = VECTOR('',#891,1.);
#891 = DIRECTION('',(-1.,1.224646799147E-16,0.));
#892 = PCURVE('',#125,#893);
#893 = DEFINITIONAL_REPRESENTATION('',(#894),#898);
#894 = LINE('',#895,#896);
#895 = CARTESIAN_POINT('',(-21.,2.));
#896 = VECTOR('',#897,1.);
#897 = DIRECTION('',(-1.,1.224646799147E-16));
#898 = ( GEOMETRIC_REPRESENTATION_CONTEXT(2) 
PARAMETRIC_REPRESENTATION_CONTEXT() REPRESENTATION_CONTEXT('2D SPACE',''
  ) );
#899 = PCURVE('',#900,#905);
#900 = PLANE('',#901);
#901 = AXIS2_PLACEMENT_3D('',#902,#903,#904);
#902 = CARTESIAN_POINT('',(-21.,2.,35.));
#903 = DIRECTION('',(-1.224646799147E-16,-1.,0.));
#904 = DIRECTION('',(0.,0.,1.));
#905 = DEFINITIONAL_REPRESENTATION('',(#906),#910);
#906 = LINE('',#907,#908);
#907 = CARTESIAN_POINT('',(8.,0.));
#908 = VECTOR('',#909,1.);
#909 = DIRECTION('',(0.,1.));
#910 = ( GEOMETRIC_REPRESENTATION_CONTEXT(2) 
PARAMETRIC_REPRESENTATION_CONTEXT() REPRESENTATION_CONTEXT('2D SPACE',''
  ) );
#911 = ORIENTED_EDGE('',*,*,#912,.T.);
#912 = EDGE_CURVE('',#885,#913,#915,.T.);
#913 = VERTEX_POINT('',#914);
#914 = CARTESIAN_POINT('',(-21.,-2.,43.));
#915 = SURFACE_CURVE('',#916,(#920,#927),.PCURVE_S1.);
#916 = LINE('',#917,#918);
#917 = CARTESIAN_POINT('',(-21.,2.,43.));
#918 = VECTOR('',#919,1.);
#919 = DIRECTION('',(-1.224646799147E-16,-1.,0.));
#920 = PCURVE('',#125,#921);
#921 = DEFINITIONAL_REPRESENTATION('',(#922),#926);
#922 = LINE('',#923,#924);
#923 = CARTESIAN_POINT('',(-21.,2.));
#924 = VECTOR('',#925,1.);
#925 = DIRECTION('',(-1.224646799147E-16,-1.));
#926 = ( GEOMETRIC_REPRESENTATION_CONTEXT(2) 
PARAMETRIC_REPRESENTATION_CONTEXT() REPRESENTATION_CONTEXT('2D SPACE',''
  ) );
#927 = PCURVE('',#928,#933);
#928 = PLANE('',#929);
#929 = AXIS2_PLACEMENT_3D('',#930,#931,#932);
#930 = CARTESIAN_POINT('',(-21.,2.,35.));
#931 = DIRECTION('',(-1.,1.224646799147E-16,0.));
#932 = DIRECTION('',(0.,0.,1.));
#933 = DEFINITIONAL_REPRESENTATION('',(#934),#938);
#934 = LINE('',#935,#936);
#935 = CARTESIAN_POINT('',(8.,0.));
#936 = VECTOR('',#937,1.);
#937 = DIRECTION('',(0.,-1.));
#938 = ( GEOMETRIC_REPRESENTATION_CONTEXT(2) 
PARAMETRIC_REPRESENTATION_CONTEXT() REPRESENTATION_CONTEXT('2D SPACE',''
  ) );
#939 = ORIENTED_EDGE('',*,*,#940,.T.);
#940 = EDGE_CURVE('',#913,#331,#941,.T.);
#941 = SURFACE_CURVE('',#942,(#946,#953),.PCURVE_S1.);
#942 = LINE('',#943,#944);
#943 = CARTESIAN_POINT('',(-21.,-2.,43.));
#944 = VECTOR('',#945,1.);
#945 = DIRECTION('',(-1.,1.224646799147E-16,0.));
#946 = PCURVE('',#125,#947);
#947 = DEFINITIONAL_REPRESENTATION('',(#948),#952);
#948 = LINE('',#949,#950);
#949 = CARTESIAN_POINT('',(-21.,-2.));
#950 = VECTOR('',#951,1.);
#951 = DIRECTION('',(-1.,1.224646799147E-16));
#952 = ( GEOMETRIC_REPRESENTATION_CONTEXT(2) 
PARAMETRIC_REPRESENTATION_CONTEXT() REPRESENTATION_CONTEXT('2D SPACE',''
  ) );
#953 = PCURVE('',#954,#959);
#954 = PLANE('',#955);
#955 = AXIS2_PLACEMENT_3D('',#956,#957,#958);
#956 = CARTESIAN_POINT('',(-21.,-2.,35.));
#957 = DIRECTION('',(-1.224646799147E-16,-1.,0.));
#958 = DIRECTION('',(0.,0.,1.));
#959 = DEFINITIONAL_REPRESENTATION('',(#960),#964);
#960 = LINE('',#961,#962);
#961 = CARTESIAN_POINT('',(8.,0.));
#962 = VECTOR('',#963,1.);
#963 = DIRECTION('',(0.,1.));
#964 = ( GEOMETRIC_REPRESENTATION_CONTEXT(2) 
PARAMETRIC_REPRESENTATION_CONTEXT() REPRESENTATION_CONTEXT('2D SPACE',''
  ) );
#965 = ORIENTED_EDGE('',*,*,#359,.T.);
#966 = ORIENTED_EDGE('',*,*,#967,.F.);
#967 = EDGE_CURVE('',#968,#360,#970,.T.);
#968 = VERTEX_POINT('',#969);
#969 = CARTESIAN_POINT('',(-12.23205080756,-17.18653347947,43.));
#970 = SURFACE_CURVE('',#971,(#975,#982),.PCURVE_S1.);
#971 = LINE('',#972,#973);
#972 = CARTESIAN_POINT('',(-12.23205080756,-17.18653347947,43.));
#973 = VECTOR('',#974,1.);
#974 = DIRECTION('',(-0.5,-0.866025403784,0.));
#975 = PCURVE('',#125,#976);
#976 = DEFINITIONAL_REPRESENTATION('',(#977),#981);
#977 = LINE('',#978,#979);
#978 = CARTESIAN_POINT('',(-12.23205080756,-17.18653347947));
#979 = VECTOR('',#980,1.);
#980 = DIRECTION('',(-0.5,-0.866025403784));
#981 = ( GEOMETRIC_REPRESENTATION_CONTEXT(2) 
PARAMETRIC_REPRESENTATION_CONTEXT() REPRESENTATION_CONTEXT('2D SPACE',''
  ) );
#982 = PCURVE('',#983,#988);
#983 = PLANE('',#984);
#984 = AXIS2_PLACEMENT_3D('',#985,#986,#987);
#985 = CARTESIAN_POINT('',(-12.23205080756,-17.18653347947,35.));
#986 = DIRECTION('',(0.866025403784,-0.5,0.));
#987 = DIRECTION('',(0.,0.,1.));
#988 = DEFINITIONAL_REPRESENTATION('',(#989),#993);
#989 = LINE('',#990,#991);
#990 = CARTESIAN_POINT('',(8.,0.));
#991 = VECTOR('',#992,1.);
#992 = DIRECTION('',(0.,1.));
#993 = ( GEOMETRIC_REPRESENTATION_CONTEXT(2) 
PARAMETRIC_REPRESENTATION_CONTEXT() REPRESENTATION_CONTEXT('2D SPACE',''
  ) );
#994 = ORIENTED_EDGE('',*,*,#995,.T.);
#995 = EDGE_CURVE('',#968,#996,#998,.T.);
#996 = VERTEX_POINT('',#997);
#997 = CARTESIAN_POINT('',(-8.767949192431,-19.18653347947,43.));
#998 = SURFACE_CURVE('',#999,(#1003,#1010),.PCURVE_S1.);
#999 = LINE('',#1000,#1001);
#1000 = CARTESIAN_POINT('',(-12.23205080756,-17.18653347947,43.));
#1001 = VECTOR('',#1002,1.);
#1002 = DIRECTION('',(0.866025403784,-0.5,0.));
#1003 = PCURVE('',#125,#1004);
#1004 = DEFINITIONAL_REPRESENTATION('',(#1005),#1009);
#1005 = LINE('',#1006,#1007);
#1006 = CARTESIAN_POINT('',(-12.23205080756,-17.18653347947));
#1007 = VECTOR('',#1008,1.);
#1008 = DIRECTION('',(0.866025403784,-0.5));
#1009 = ( GEOMETRIC_REPRESENTATION_CONTEXT(2) 
PARAMETRIC_REPRESENTATION_CONTEXT() REPRESENTATION_CONTEXT('2D SPACE',''
  ) );
#1010 = PCURVE('',#1011,#1016);
#1011 = PLANE('',#1012);
#1012 = AXIS2_PLACEMENT_3D('',#1013,#1014,#1015);
#1013 = CARTESIAN_POINT('',(-12.23205080756,-17.18653347947,35.));
#1014 = DIRECTION('',(-0.5,-0.866025403784,0.));
#1015 = DIRECTION('',(0.,0.,1.));
#1016 = DEFINITIONAL_REPRESENTATION('',(#1017),#1021);
#1017 = LINE('',#1018,#1019);
#1018 = CARTESIAN_POINT('',(8.,0.));
#1019 = VECTOR('',#1020,1.);
#1020 = DIRECTION('',(0.,-1.));
#1021 = ( GEOMETRIC_REPRESENTATION_CONTEXT(2) 
PARAMETRIC_REPRESENTATION_CONTEXT() REPRESENTATION_CONTEXT('2D SPACE',''
  ) );
#1022 = ORIENTED_EDGE('',*,*,#1023,.T.);
#1023 = EDGE_CURVE('',#996,#413,#1024,.T.);
#1024 = SURFACE_CURVE('',#1025,(#1029,#1036),.PCURVE_S1.);
#1025 = LINE('',#1026,#1027);
#1026 = CARTESIAN_POINT('',(-8.767949192431,-19.18653347947,43.));
#1027 = VECTOR('',#1028,1.);
#1028 = DIRECTION('',(-0.5,-0.866025403784,0.));
#1029 = PCURVE('',#125,#1030);
#1030 = DEFINITIONAL_REPRESENTATION('',(#1031),#1035);
#1031 = LINE('',#1032,#1033);
#1032 = CARTESIAN_POINT('',(-8.767949192431,-19.18653347947));
#1033 = VECTOR('',#1034,1.);
#1034 = DIRECTION('',(-0.5,-0.866025403784));
#1035 = ( GEOMETRIC_REPRESENTATION_CONTEXT(2) 
PARAMETRIC_REPRESENTATION_CONTEXT() REPRESENTATION_CONTEXT('2D SPACE',''
  ) );
#1036 = PCURVE('',#1037,#1042);
#1037 = PLANE('',#1038);
#1038 = AXIS2_PLACEMENT_3D('',#1039,#1040,#1041);
#1039 = CARTESIAN_POINT('',(-8.767949192431,-19.18653347947,35.));
#1040 = DIRECTION('',(0.866025403784,-0.5,0.));
#1041 = DIRECTION('',(0.,0.,1.));
#1042 = DEFINITIONAL_REPRESENTATION('',(#1043),#1047);
#1043 = LINE('',#1044,#1045);
#1044 = CARTESIAN_POINT('',(8.,0.));
#1045 = VECTOR('',#1046,1.);
#1046 = DIRECTION('',(0.,1.));
#1047 = ( GEOMETRIC_REPRESENTATION_CONTEXT(2) 
PARAMETRIC_REPRESENTATION_CONTEXT() REPRESENTATION_CONTEXT('2D SPACE',''
  ) );
#1048 = ORIENTED_EDGE('',*,*,#441,.T.);
#1049 = ORIENTED_EDGE('',*,*,#1050,.F.);
#1050 = EDGE_CURVE('',#1051,#442,#1053,.T.);
#1051 = VERTEX_POINT('',#1052);
#1052 = CARTESIAN_POINT('',(8.767949192431,-19.18653347947,43.));
#1053 = SURFACE_CURVE('',#1054,(#1058,#1065),.PCURVE_S1.);
#1054 = LINE('',#1055,#1056);
#1055 = CARTESIAN_POINT('',(8.767949192431,-19.18653347947,43.));
#1056 = VECTOR('',#1057,1.);
#1057 = DIRECTION('',(0.5,-0.866025403784,0.));
#1058 = PCURVE('',#125,#1059);
#1059 = DEFINITIONAL_REPRESENTATION('',(#1060),#1064);
#1060 = LINE('',#1061,#1062);
#1061 = CARTESIAN_POINT('',(8.767949192431,-19.18653347947));
#1062 = VECTOR('',#1063,1.);
#1063 = DIRECTION('',(0.5,-0.866025403784));
#1064 = ( GEOMETRIC_REPRESENTATION_CONTEXT(2) 
PARAMETRIC_REPRESENTATION_CONTEXT() REPRESENTATION_CONTEXT('2D SPACE',''
  ) );
#1065 = PCURVE('',#1066,#1071);
#1066 = PLANE('',#1067);
#1067 = AXIS2_PLACEMENT_3D('',#1068,#1069,#1070);
#1068 = CARTESIAN_POINT('',(8.767949192431,-19.18653347947,35.));
#1069 = DIRECTION('',(0.866025403784,0.5,0.));
#1070 = DIRECTION('',(0.,0.,1.));
#1071 = DEFINITIONAL_REPRESENTATION('',(#1072),#1076);
#1072 = LINE('',#1073,#1074);
#1073 = CARTESIAN_POINT('',(8.,0.));
#1074 = VECTOR('',#1075,1.);
#1075 = DIRECTION('',(0.,1.));
#1076 = ( GEOMETRIC_REPRESENTATION_CONTEXT(2) 
PARAMETRIC_REPRESENTATION_CONTEXT() REPRESENTATION_CONTEXT('2D SPACE',''
  ) );
#1077 = ORIENTED_EDGE('',*,*,#1078,.T.);
#1078 = EDGE_CURVE('',#1051,#1079,#1081,.T.);
#1079 = VERTEX_POINT('',#1080);
#1080 = CARTESIAN_POINT('',(12.232050807569,-17.18653347947,43.));
#1081 = SURFACE_CURVE('',#1082,(#1086,#1093),.PCURVE_S1.);
#1082 = LINE('',#1083,#1084);
#1083 = CARTESIAN_POINT('',(8.767949192431,-19.18653347947,43.));
#1084 = VECTOR('',#1085,1.);
#1085 = DIRECTION('',(0.866025403784,0.5,0.));
#1086 = PCURVE('',#125,#1087);
#1087 = DEFINITIONAL_REPRESENTATION('',(#1088),#1092);
#1088 = LINE('',#1089,#1090);
#1089 = CARTESIAN_POINT('',(8.767949192431,-19.18653347947));
#1090 = VECTOR('',#1091,1.);
#1091 = DIRECTION('',(0.866025403784,0.5));
#1092 = ( GEOMETRIC_REPRESENTATION_CONTEXT(2) 
PARAMETRIC_REPRESENTATION_CONTEXT() REPRESENTATION_CONTEXT('2D SPACE',''
  ) );
#1093 = PCURVE('',#1094,#1099);
#1094 = PLANE('',#1095);
#1095 = AXIS2_PLACEMENT_3D('',#1096,#1097,#1098);
#1096 = CARTESIAN_POINT('',(8.767949192431,-19.18653347947,35.));
#1097 = DIRECTION('',(0.5,-0.866025403784,0.));
#1098 = DIRECTION('',(0.,0.,1.));
#1099 = DEFINITIONAL_REPRESENTATION('',(#1100),#1104);
#1100 = LINE('',#1101,#1102);
#1101 = CARTESIAN_POINT('',(8.,0.));
#1102 = VECTOR('',#1103,1.);
#1103 = DIRECTION('',(0.,-1.));
#1104 = ( GEOMETRIC_REPRESENTATION_CONTEXT(2) 
PARAMETRIC_REPRESENTATION_CONTEXT() REPRESENTATION_CONTEXT('2D SPACE',''
  ) );
#1105 = ORIENTED_EDGE('',*,*,#1106,.T.);
#1106 = EDGE_CURVE('',#1079,#495,#1107,.T.);
#1107 = SURFACE_CURVE('',#1108,(#1112,#1119),.PCURVE_S1.);
#1108 = LINE('',#1109,#1110);
#1109 = CARTESIAN_POINT('',(12.232050807569,-17.18653347947,43.));
#1110 = VECTOR('',#1111,1.);
#1111 = DIRECTION('',(0.5,-0.866025403784,0.));
#1112 = PCURVE('',#125,#1113);
#1113 = DEFINITIONAL_REPRESENTATION('',(#1114),#1118);
#1114 = LINE('',#1115,#1116);
#1115 = CARTESIAN_POINT('',(12.232050807569,-17.18653347947));
#1116 = VECTOR('',#1117,1.);
#1117 = DIRECTION('',(0.5,-0.866025403784));
#1118 = ( GEOMETRIC_REPRESENTATION_CONTEXT(2) 
PARAMETRIC_REPRESENTATION_CONTEXT() REPRESENTATION_CONTEXT('2D SPACE',''
  ) );
#1119 = PCURVE('',#1120,#1125);
#1120 = PLANE('',#1121);
#1121 = AXIS2_PLACEMENT_3D('',#1122,#1123,#1124);
#1122 = CARTESIAN_POINT('',(12.232050807569,-17.18653347947,35.));
#1123 = DIRECTION('',(0.866025403784,0.5,0.));
#1124 = DIRECTION('',(0.,0.,1.));
#1125 = DEFINITIONAL_REPRESENTATION('',(#1126),#1130);
#1126 = LINE('',#1127,#1128);
#1127 = CARTESIAN_POINT('',(8.,0.));
#1128 = VECTOR('',#1129,1.);
#1129 = DIRECTION('',(0.,1.));
#1130 = ( GEOMETRIC_REPRESENTATION_CONTEXT(2) 
PARAMETRIC_REPRESENTATION_CONTEXT() REPRESENTATION_CONTEXT('2D SPACE',''
  ) );
#1131 = ORIENTED_EDGE('',*,*,#523,.T.);
#1132 = ORIENTED_EDGE('',*,*,#1133,.F.);
#1133 = EDGE_CURVE('',#1134,#524,#1136,.T.);
#1134 = VERTEX_POINT('',#1135);
#1135 = CARTESIAN_POINT('',(21.,-2.,43.));
#1136 = SURFACE_CURVE('',#1137,(#1141,#1148),.PCURVE_S1.);
#1137 = LINE('',#1138,#1139);
#1138 = CARTESIAN_POINT('',(21.,-2.,43.));
#1139 = VECTOR('',#1140,1.);
#1140 = DIRECTION('',(1.,0.,0.));
#1141 = PCURVE('',#125,#1142);
#1142 = DEFINITIONAL_REPRESENTATION('',(#1143),#1147);
#1143 = LINE('',#1144,#1145);
#1144 = CARTESIAN_POINT('',(21.,-2.));
#1145 = VECTOR('',#1146,1.);
#1146 = DIRECTION('',(1.,0.));
#1147 = ( GEOMETRIC_REPRESENTATION_CONTEXT(2) 
PARAMETRIC_REPRESENTATION_CONTEXT() REPRESENTATION_CONTEXT('2D SPACE',''
  ) );
#1148 = PCURVE('',#648,#1149);
#1149 = DEFINITIONAL_REPRESENTATION('',(#1150),#1154);
#1150 = LINE('',#1151,#1152);
#1151 = CARTESIAN_POINT('',(8.,0.));
#1152 = VECTOR('',#1153,1.);
#1153 = DIRECTION('',(0.,1.));
#1154 = ( GEOMETRIC_REPRESENTATION_CONTEXT(2) 
PARAMETRIC_REPRESENTATION_CONTEXT() REPRESENTATION_CONTEXT('2D SPACE',''
  ) );
#1155 = ORIENTED_EDGE('',*,*,#1156,.T.);
#1156 = EDGE_CURVE('',#1134,#690,#1157,.T.);
#1157 = SURFACE_CURVE('',#1158,(#1162,#1169),.PCURVE_S1.);
#1158 = LINE('',#1159,#1160);
#1159 = CARTESIAN_POINT('',(21.,-2.,43.));
#1160 = VECTOR('',#1161,1.);
#1161 = DIRECTION('',(0.,1.,0.));
#1162 = PCURVE('',#125,#1163);
#1163 = DEFINITIONAL_REPRESENTATION('',(#1164),#1168);
#1164 = LINE('',#1165,#1166);
#1165 = CARTESIAN_POINT('',(21.,-2.));
#1166 = VECTOR('',#1167,1.);
#1167 = DIRECTION('',(0.,1.));
#1168 = ( GEOMETRIC_REPRESENTATION_CONTEXT(2) 
PARAMETRIC_REPRESENTATION_CONTEXT() REPRESENTATION_CONTEXT('2D SPACE',''
  ) );
#1169 = PCURVE('',#1170,#1175);
#1170 = PLANE('',#1171);
#1171 = AXIS2_PLACEMENT_3D('',#1172,#1173,#1174);
#1172 = CARTESIAN_POINT('',(21.,-2.,35.));
#1173 = DIRECTION('',(1.,0.,0.));
#1174 = DIRECTION('',(0.,0.,1.));
#1175 = DEFINITIONAL_REPRESENTATION('',(#1176),#1180);
#1176 = LINE('',#1177,#1178);
#1177 = CARTESIAN_POINT('',(8.,0.));
#1178 = VECTOR('',#1179,1.);
#1179 = DIRECTION('',(0.,-1.));
#1180 = ( GEOMETRIC_REPRESENTATION_CONTEXT(2) 
PARAMETRIC_REPRESENTATION_CONTEXT() REPRESENTATION_CONTEXT('2D SPACE',''
  ) );
#1181 = ADVANCED_FACE('',(#1182),#96,.T.);
#1182 = FACE_BOUND('',#1183,.T.);
#1183 = EDGE_LOOP('',(#1184,#1207,#1208));
#1184 = ORIENTED_EDGE('',*,*,#1185,.F.);
#1185 = EDGE_CURVE('',#80,#1186,#1188,.T.);
#1186 = VERTEX_POINT('',#1187);
#1187 = CARTESIAN_POINT('',(24.,2.,43.));
#1188 = SURFACE_CURVE('',#1189,(#1193,#1200),.PCURVE_S1.);
#1189 = LINE('',#1190,#1191);
#1190 = CARTESIAN_POINT('',(21.,2.,43.));
#1191 = VECTOR('',#1192,1.);
#1192 = DIRECTION('',(1.,0.,0.));
#1193 = PCURVE('',#96,#1194);
#1194 = DEFINITIONAL_REPRESENTATION('',(#1195),#1199);
#1195 = LINE('',#1196,#1197);
#1196 = CARTESIAN_POINT('',(0.,4.));
#1197 = VECTOR('',#1198,1.);
#1198 = DIRECTION('',(1.,0.));
#1199 = ( GEOMETRIC_REPRESENTATION_CONTEXT(2) 
PARAMETRIC_REPRESENTATION_CONTEXT() REPRESENTATION_CONTEXT('2D SPACE',''
  ) );
#1200 = PCURVE('',#705,#1201);
#1201 = DEFINITIONAL_REPRESENTATION('',(#1202),#1206);
#1202 = LINE('',#1203,#1204);
#1203 = CARTESIAN_POINT('',(8.,0.));
#1204 = VECTOR('',#1205,1.);
#1205 = DIRECTION('',(0.,1.));
#1206 = ( GEOMETRIC_REPRESENTATION_CONTEXT(2) 
PARAMETRIC_REPRESENTATION_CONTEXT() REPRESENTATION_CONTEXT('2D SPACE',''
  ) );
#1207 = ORIENTED_EDGE('',*,*,#79,.F.);
#1208 = ORIENTED_EDGE('',*,*,#1209,.T.);
#1209 = EDGE_CURVE('',#22,#1186,#1210,.T.);
#1210 = SURFACE_CURVE('',#1211,(#1215,#1222),.PCURVE_S1.);
#1211 = LINE('',#1212,#1213);
#1212 = CARTESIAN_POINT('',(24.,-2.,43.));
#1213 = VECTOR('',#1214,1.);
#1214 = DIRECTION('',(0.,1.,0.));
#1215 = PCURVE('',#96,#1216);
#1216 = DEFINITIONAL_REPRESENTATION('',(#1217),#1221);
#1217 = LINE('',#1218,#1219);
#1218 = CARTESIAN_POINT('',(3.,0.));
#1219 = VECTOR('',#1220,1.);
#1220 = DIRECTION('',(0.,1.));
#1221 = ( GEOMETRIC_REPRESENTATION_CONTEXT(2) 
PARAMETRIC_REPRESENTATION_CONTEXT() REPRESENTATION_CONTEXT('2D SPACE',''
  ) );
#1222 = PCURVE('',#674,#1223);
#1223 = DEFINITIONAL_REPRESENTATION('',(#1224),#1228);
#1224 = LINE('',#1225,#1226);
#1225 = CARTESIAN_POINT('',(8.,0.));
#1226 = VECTOR('',#1227,1.);
#1227 = DIRECTION('',(0.,-1.));
#1228 = ( GEOMETRIC_REPRESENTATION_CONTEXT(2) 
PARAMETRIC_REPRESENTATION_CONTEXT() REPRESENTATION_CONTEXT('2D SPACE',''
  ) );
#1229 = ADVANCED_FACE('',(#1230),#511,.T.);
#1230 = FACE_BOUND('',#1231,.T.);
#1231 = EDGE_LOOP('',(#1232,#1255,#1256));
#1232 = ORIENTED_EDGE('',*,*,#1233,.F.);
#1233 = EDGE_CURVE('',#495,#1234,#1236,.T.);
#1234 = VERTEX_POINT('',#1235);
#1235 = CARTESIAN_POINT('',(13.732050807569,-19.78460969082,43.));
#1236 = SURFACE_CURVE('',#1237,(#1241,#1248),.PCURVE_S1.);
#1237 = LINE('',#1238,#1239);
#1238 = CARTESIAN_POINT('',(12.232050807569,-17.18653347947,43.));
#1239 = VECTOR('',#1240,1.);
#1240 = DIRECTION('',(0.5,-0.866025403784,0.));
#1241 = PCURVE('',#511,#1242);
#1242 = DEFINITIONAL_REPRESENTATION('',(#1243),#1247);
#1243 = LINE('',#1244,#1245);
#1244 = CARTESIAN_POINT('',(0.,4.));
#1245 = VECTOR('',#1246,1.);
#1246 = DIRECTION('',(1.,0.));
#1247 = ( GEOMETRIC_REPRESENTATION_CONTEXT(2) 
PARAMETRIC_REPRESENTATION_CONTEXT() REPRESENTATION_CONTEXT('2D SPACE',''
  ) );
#1248 = PCURVE('',#1120,#1249);
#1249 = DEFINITIONAL_REPRESENTATION('',(#1250),#1254);
#1250 = LINE('',#1251,#1252);
#1251 = CARTESIAN_POINT('',(8.,0.));
#1252 = VECTOR('',#1253,1.);
#1253 = DIRECTION('',(0.,1.));
#1254 = ( GEOMETRIC_REPRESENTATION_CONTEXT(2) 
PARAMETRIC_REPRESENTATION_CONTEXT() REPRESENTATION_CONTEXT('2D SPACE',''
  ) );
#1255 = ORIENTED_EDGE('',*,*,#494,.F.);
#1256 = ORIENTED_EDGE('',*,*,#1257,.T.);
#1257 = EDGE_CURVE('',#466,#1234,#1258,.T.);
#1258 = SURFACE_CURVE('',#1259,(#1263,#1270),.PCURVE_S1.);
#1259 = LINE('',#1260,#1261);
#1260 = CARTESIAN_POINT('',(10.267949192431,-21.78460969082,43.));
#1261 = VECTOR('',#1262,1.);
#1262 = DIRECTION('',(0.866025403784,0.5,0.));
#1263 = PCURVE('',#511,#1264);
#1264 = DEFINITIONAL_REPRESENTATION('',(#1265),#1269);
#1265 = LINE('',#1266,#1267);
#1266 = CARTESIAN_POINT('',(3.,0.));
#1267 = VECTOR('',#1268,1.);
#1268 = DIRECTION('',(0.,1.));
#1269 = ( GEOMETRIC_REPRESENTATION_CONTEXT(2) 
PARAMETRIC_REPRESENTATION_CONTEXT() REPRESENTATION_CONTEXT('2D SPACE',''
  ) );
#1270 = PCURVE('',#1271,#1276);
#1271 = PLANE('',#1272);
#1272 = AXIS2_PLACEMENT_3D('',#1273,#1274,#1275);
#1273 = CARTESIAN_POINT('',(10.267949192431,-21.78460969082,35.));
#1274 = DIRECTION('',(0.5,-0.866025403784,0.));
#1275 = DIRECTION('',(0.,0.,1.));
#1276 = DEFINITIONAL_REPRESENTATION('',(#1277),#1281);
#1277 = LINE('',#1278,#1279);
#1278 = CARTESIAN_POINT('',(8.,0.));
#1279 = VECTOR('',#1280,1.);
#1280 = DIRECTION('',(0.,-1.));
#1281 = ( GEOMETRIC_REPRESENTATION_CONTEXT(2) 
PARAMETRIC_REPRESENTATION_CONTEXT() REPRESENTATION_CONTEXT('2D SPACE',''
  ) );
#1282 = ADVANCED_FACE('',(#1283),#482,.T.);
#1283 = FACE_BOUND('',#1284,.T.);
#1284 = EDGE_LOOP('',(#1285,#1286,#1309));
#1285 = ORIENTED_EDGE('',*,*,#465,.F.);
#1286 = ORIENTED_EDGE('',*,*,#1287,.T.);
#1287 = EDGE_CURVE('',#442,#1288,#1290,.T.);
#1288 = VERTEX_POINT('',#1289);
#1289 = CARTESIAN_POINT('',(10.267949192431,-21.78460969082,43.));
#1290 = SURFACE_CURVE('',#1291,(#1295,#1302),.PCURVE_S1.);
#1291 = LINE('',#1292,#1293);
#1292 = CARTESIAN_POINT('',(8.767949192431,-19.18653347947,43.));
#1293 = VECTOR('',#1294,1.);
#1294 = DIRECTION('',(0.5,-0.866025403784,0.));
#1295 = PCURVE('',#482,#1296);
#1296 = DEFINITIONAL_REPRESENTATION('',(#1297),#1301);
#1297 = LINE('',#1298,#1299);
#1298 = CARTESIAN_POINT('',(0.,0.));
#1299 = VECTOR('',#1300,1.);
#1300 = DIRECTION('',(1.,0.));
#1301 = ( GEOMETRIC_REPRESENTATION_CONTEXT(2) 
PARAMETRIC_REPRESENTATION_CONTEXT() REPRESENTATION_CONTEXT('2D SPACE',''
  ) );
#1302 = PCURVE('',#1066,#1303);
#1303 = DEFINITIONAL_REPRESENTATION('',(#1304),#1308);
#1304 = LINE('',#1305,#1306);
#1305 = CARTESIAN_POINT('',(8.,0.));
#1306 = VECTOR('',#1307,1.);
#1307 = DIRECTION('',(0.,1.));
#1308 = ( GEOMETRIC_REPRESENTATION_CONTEXT(2) 
PARAMETRIC_REPRESENTATION_CONTEXT() REPRESENTATION_CONTEXT('2D SPACE',''
  ) );
#1309 = ORIENTED_EDGE('',*,*,#1310,.T.);
#1310 = EDGE_CURVE('',#1288,#466,#1311,.T.);
#1311 = SURFACE_CURVE('',#1312,(#1316,#1323),.PCURVE_S1.);
#1312 = LINE('',#1313,#1314);
#1313 = CARTESIAN_POINT('',(10.267949192431,-21.78460969082,43.));
#1314 = VECTOR('',#1315,1.);
#1315 = DIRECTION('',(0.866025403784,0.5,0.));
#1316 = PCURVE('',#482,#1317);
#1317 = DEFINITIONAL_REPRESENTATION('',(#1318),#1322);
#1318 = LINE('',#1319,#1320);
#1319 = CARTESIAN_POINT('',(3.,0.));
#1320 = VECTOR('',#1321,1.);
#1321 = DIRECTION('',(0.,1.));
#1322 = ( GEOMETRIC_REPRESENTATION_CONTEXT(2) 
PARAMETRIC_REPRESENTATION_CONTEXT() REPRESENTATION_CONTEXT('2D SPACE',''
  ) );
#1323 = PCURVE('',#1271,#1324);
#1324 = DEFINITIONAL_REPRESENTATION('',(#1325),#1329);
#1325 = LINE('',#1326,#1327);
#1326 = CARTESIAN_POINT('',(8.,0.));
#1327 = VECTOR('',#1328,1.);
#1328 = DIRECTION('',(0.,-1.));
#1329 = ( GEOMETRIC_REPRESENTATION_CONTEXT(2) 
PARAMETRIC_REPRESENTATION_CONTEXT() REPRESENTATION_CONTEXT('2D SPACE',''
  ) );
#1330 = ADVANCED_FACE('',(#1331),#154,.T.);
#1331 = FACE_BOUND('',#1332,.T.);
#1332 = EDGE_LOOP('',(#1333,#1334,#1357));
#1333 = ORIENTED_EDGE('',*,*,#137,.F.);
#1334 = ORIENTED_EDGE('',*,*,#1335,.T.);
#1335 = EDGE_CURVE('',#109,#1336,#1338,.T.);
#1336 = VERTEX_POINT('',#1337);
#1337 = CARTESIAN_POINT('',(13.732050807569,19.784609690827,43.));
#1338 = SURFACE_CURVE('',#1339,(#1343,#1350),.PCURVE_S1.);
#1339 = LINE('',#1340,#1341);
#1340 = CARTESIAN_POINT('',(12.232050807569,17.186533479473,43.));
#1341 = VECTOR('',#1342,1.);
#1342 = DIRECTION('',(0.5,0.866025403784,0.));
#1343 = PCURVE('',#154,#1344);
#1344 = DEFINITIONAL_REPRESENTATION('',(#1345),#1349);
#1345 = LINE('',#1346,#1347);
#1346 = CARTESIAN_POINT('',(0.,0.));
#1347 = VECTOR('',#1348,1.);
#1348 = DIRECTION('',(1.,0.));
#1349 = ( GEOMETRIC_REPRESENTATION_CONTEXT(2) 
PARAMETRIC_REPRESENTATION_CONTEXT() REPRESENTATION_CONTEXT('2D SPACE',''
  ) );
#1350 = PCURVE('',#734,#1351);
#1351 = DEFINITIONAL_REPRESENTATION('',(#1352),#1356);
#1352 = LINE('',#1353,#1354);
#1353 = CARTESIAN_POINT('',(8.,0.));
#1354 = VECTOR('',#1355,1.);
#1355 = DIRECTION('',(0.,1.));
#1356 = ( GEOMETRIC_REPRESENTATION_CONTEXT(2) 
PARAMETRIC_REPRESENTATION_CONTEXT() REPRESENTATION_CONTEXT('2D SPACE',''
  ) );
#1357 = ORIENTED_EDGE('',*,*,#1358,.T.);
#1358 = EDGE_CURVE('',#1336,#138,#1359,.T.);
#1359 = SURFACE_CURVE('',#1360,(#1364,#1371),.PCURVE_S1.);
#1360 = LINE('',#1361,#1362);
#1361 = CARTESIAN_POINT('',(13.732050807569,19.784609690827,43.));
#1362 = VECTOR('',#1363,1.);
#1363 = DIRECTION('',(-0.866025403784,0.5,0.));
#1364 = PCURVE('',#154,#1365);
#1365 = DEFINITIONAL_REPRESENTATION('',(#1366),#1370);
#1366 = LINE('',#1367,#1368);
#1367 = CARTESIAN_POINT('',(3.,0.));
#1368 = VECTOR('',#1369,1.);
#1369 = DIRECTION('',(0.,1.));
#1370 = ( GEOMETRIC_REPRESENTATION_CONTEXT(2) 
PARAMETRIC_REPRESENTATION_CONTEXT() REPRESENTATION_CONTEXT('2D SPACE',''
  ) );
#1371 = PCURVE('',#1372,#1377);
#1372 = PLANE('',#1373);
#1373 = AXIS2_PLACEMENT_3D('',#1374,#1375,#1376);
#1374 = CARTESIAN_POINT('',(13.732050807569,19.784609690827,35.));
#1375 = DIRECTION('',(0.5,0.866025403784,0.));
#1376 = DIRECTION('',(0.,0.,1.));
#1377 = DEFINITIONAL_REPRESENTATION('',(#1378),#1382);
#1378 = LINE('',#1379,#1380);
#1379 = CARTESIAN_POINT('',(8.,0.));
#1380 = VECTOR('',#1381,1.);
#1381 = DIRECTION('',(0.,-1.));
#1382 = ( GEOMETRIC_REPRESENTATION_CONTEXT(2) 
PARAMETRIC_REPRESENTATION_CONTEXT() REPRESENTATION_CONTEXT('2D SPACE',''
  ) );
#1383 = ADVANCED_FACE('',(#1384),#183,.T.);
#1384 = FACE_BOUND('',#1385,.T.);
#1385 = EDGE_LOOP('',(#1386,#1409,#1410));
#1386 = ORIENTED_EDGE('',*,*,#1387,.F.);
#1387 = EDGE_CURVE('',#167,#1388,#1390,.T.);
#1388 = VERTEX_POINT('',#1389);
#1389 = CARTESIAN_POINT('',(10.267949192431,21.784609690827,43.));
#1390 = SURFACE_CURVE('',#1391,(#1395,#1402),.PCURVE_S1.);
#1391 = LINE('',#1392,#1393);
#1392 = CARTESIAN_POINT('',(8.767949192431,19.186533479473,43.));
#1393 = VECTOR('',#1394,1.);
#1394 = DIRECTION('',(0.5,0.866025403784,0.));
#1395 = PCURVE('',#183,#1396);
#1396 = DEFINITIONAL_REPRESENTATION('',(#1397),#1401);
#1397 = LINE('',#1398,#1399);
#1398 = CARTESIAN_POINT('',(0.,4.));
#1399 = VECTOR('',#1400,1.);
#1400 = DIRECTION('',(1.,0.));
#1401 = ( GEOMETRIC_REPRESENTATION_CONTEXT(2) 
PARAMETRIC_REPRESENTATION_CONTEXT() REPRESENTATION_CONTEXT('2D SPACE',''
  ) );
#1402 = PCURVE('',#788,#1403);
#1403 = DEFINITIONAL_REPRESENTATION('',(#1404),#1408);
#1404 = LINE('',#1405,#1406);
#1405 = CARTESIAN_POINT('',(8.,0.));
#1406 = VECTOR('',#1407,1.);
#1407 = DIRECTION('',(0.,1.));
#1408 = ( GEOMETRIC_REPRESENTATION_CONTEXT(2) 
PARAMETRIC_REPRESENTATION_CONTEXT() REPRESENTATION_CONTEXT('2D SPACE',''
  ) );
#1409 = ORIENTED_EDGE('',*,*,#166,.F.);
#1410 = ORIENTED_EDGE('',*,*,#1411,.T.);
#1411 = EDGE_CURVE('',#138,#1388,#1412,.T.);
#1412 = SURFACE_CURVE('',#1413,(#1417,#1424),.PCURVE_S1.);
#1413 = LINE('',#1414,#1415);
#1414 = CARTESIAN_POINT('',(13.732050807569,19.784609690827,43.));
#1415 = VECTOR('',#1416,1.);
#1416 = DIRECTION('',(-0.866025403784,0.5,0.));
#1417 = PCURVE('',#183,#1418);
#1418 = DEFINITIONAL_REPRESENTATION('',(#1419),#1423);
#1419 = LINE('',#1420,#1421);
#1420 = CARTESIAN_POINT('',(3.,0.));
#1421 = VECTOR('',#1422,1.);
#1422 = DIRECTION('',(0.,1.));
#1423 = ( GEOMETRIC_REPRESENTATION_CONTEXT(2) 
PARAMETRIC_REPRESENTATION_CONTEXT() REPRESENTATION_CONTEXT('2D SPACE',''
  ) );
#1424 = PCURVE('',#1372,#1425);
#1425 = DEFINITIONAL_REPRESENTATION('',(#1426),#1430);
#1426 = LINE('',#1427,#1428);
#1427 = CARTESIAN_POINT('',(8.,0.));
#1428 = VECTOR('',#1429,1.);
#1429 = DIRECTION('',(0.,-1.));
#1430 = ( GEOMETRIC_REPRESENTATION_CONTEXT(2) 
PARAMETRIC_REPRESENTATION_CONTEXT() REPRESENTATION_CONTEXT('2D SPACE',''
  ) );
#1431 = ADVANCED_FACE('',(#1432),#429,.T.);
#1432 = FACE_BOUND('',#1433,.T.);
#1433 = EDGE_LOOP('',(#1434,#1457,#1458));
#1434 = ORIENTED_EDGE('',*,*,#1435,.F.);
#1435 = EDGE_CURVE('',#413,#1436,#1438,.T.);
#1436 = VERTEX_POINT('',#1437);
#1437 = CARTESIAN_POINT('',(-10.26794919243,-21.78460969082,43.));
#1438 = SURFACE_CURVE('',#1439,(#1443,#1450),.PCURVE_S1.);
#1439 = LINE('',#1440,#1441);
#1440 = CARTESIAN_POINT('',(-8.767949192431,-19.18653347947,43.));
#1441 = VECTOR('',#1442,1.);
#1442 = DIRECTION('',(-0.5,-0.866025403784,0.));
#1443 = PCURVE('',#429,#1444);
#1444 = DEFINITIONAL_REPRESENTATION('',(#1445),#1449);
#1445 = LINE('',#1446,#1447);
#1446 = CARTESIAN_POINT('',(0.,4.));
#1447 = VECTOR('',#1448,1.);
#1448 = DIRECTION('',(1.,0.));
#1449 = ( GEOMETRIC_REPRESENTATION_CONTEXT(2) 
PARAMETRIC_REPRESENTATION_CONTEXT() REPRESENTATION_CONTEXT('2D SPACE',''
  ) );
#1450 = PCURVE('',#1037,#1451);
#1451 = DEFINITIONAL_REPRESENTATION('',(#1452),#1456);
#1452 = LINE('',#1453,#1454);
#1453 = CARTESIAN_POINT('',(8.,0.));
#1454 = VECTOR('',#1455,1.);
#1455 = DIRECTION('',(0.,1.));
#1456 = ( GEOMETRIC_REPRESENTATION_CONTEXT(2) 
PARAMETRIC_REPRESENTATION_CONTEXT() REPRESENTATION_CONTEXT('2D SPACE',''
  ) );
#1457 = ORIENTED_EDGE('',*,*,#412,.F.);
#1458 = ORIENTED_EDGE('',*,*,#1459,.T.);
#1459 = EDGE_CURVE('',#384,#1436,#1460,.T.);
#1460 = SURFACE_CURVE('',#1461,(#1465,#1472),.PCURVE_S1.);
#1461 = LINE('',#1462,#1463);
#1462 = CARTESIAN_POINT('',(-13.73205080756,-19.78460969082,43.));
#1463 = VECTOR('',#1464,1.);
#1464 = DIRECTION('',(0.866025403784,-0.5,0.));
#1465 = PCURVE('',#429,#1466);
#1466 = DEFINITIONAL_REPRESENTATION('',(#1467),#1471);
#1467 = LINE('',#1468,#1469);
#1468 = CARTESIAN_POINT('',(3.,0.));
#1469 = VECTOR('',#1470,1.);
#1470 = DIRECTION('',(0.,1.));
#1471 = ( GEOMETRIC_REPRESENTATION_CONTEXT(2) 
PARAMETRIC_REPRESENTATION_CONTEXT() REPRESENTATION_CONTEXT('2D SPACE',''
  ) );
#1472 = PCURVE('',#1473,#1478);
#1473 = PLANE('',#1474);
#1474 = AXIS2_PLACEMENT_3D('',#1475,#1476,#1477);
#1475 = CARTESIAN_POINT('',(-13.73205080756,-19.78460969082,35.));
#1476 = DIRECTION('',(-0.5,-0.866025403784,0.));
#1477 = DIRECTION('',(0.,0.,1.));
#1478 = DEFINITIONAL_REPRESENTATION('',(#1479),#1483);
#1479 = LINE('',#1480,#1481);
#1480 = CARTESIAN_POINT('',(8.,0.));
#1481 = VECTOR('',#1482,1.);
#1482 = DIRECTION('',(0.,-1.));
#1483 = ( GEOMETRIC_REPRESENTATION_CONTEXT(2) 
PARAMETRIC_REPRESENTATION_CONTEXT() REPRESENTATION_CONTEXT('2D SPACE',''
  ) );
#1484 = ADVANCED_FACE('',(#1485),#400,.T.);
#1485 = FACE_BOUND('',#1486,.T.);
#1486 = EDGE_LOOP('',(#1487,#1488,#1511));
#1487 = ORIENTED_EDGE('',*,*,#383,.F.);
#1488 = ORIENTED_EDGE('',*,*,#1489,.T.);
#1489 = EDGE_CURVE('',#360,#1490,#1492,.T.);
#1490 = VERTEX_POINT('',#1491);
#1491 = CARTESIAN_POINT('',(-13.73205080756,-19.78460969082,43.));
#1492 = SURFACE_CURVE('',#1493,(#1497,#1504),.PCURVE_S1.);
#1493 = LINE('',#1494,#1495);
#1494 = CARTESIAN_POINT('',(-12.23205080756,-17.18653347947,43.));
#1495 = VECTOR('',#1496,1.);
#1496 = DIRECTION('',(-0.5,-0.866025403784,0.));
#1497 = PCURVE('',#400,#1498);
#1498 = DEFINITIONAL_REPRESENTATION('',(#1499),#1503);
#1499 = LINE('',#1500,#1501);
#1500 = CARTESIAN_POINT('',(0.,0.));
#1501 = VECTOR('',#1502,1.);
#1502 = DIRECTION('',(1.,0.));
#1503 = ( GEOMETRIC_REPRESENTATION_CONTEXT(2) 
PARAMETRIC_REPRESENTATION_CONTEXT() REPRESENTATION_CONTEXT('2D SPACE',''
  ) );
#1504 = PCURVE('',#983,#1505);
#1505 = DEFINITIONAL_REPRESENTATION('',(#1506),#1510);
#1506 = LINE('',#1507,#1508);
#1507 = CARTESIAN_POINT('',(8.,0.));
#1508 = VECTOR('',#1509,1.);
#1509 = DIRECTION('',(0.,1.));
#1510 = ( GEOMETRIC_REPRESENTATION_CONTEXT(2) 
PARAMETRIC_REPRESENTATION_CONTEXT() REPRESENTATION_CONTEXT('2D SPACE',''
  ) );
#1511 = ORIENTED_EDGE('',*,*,#1512,.T.);
#1512 = EDGE_CURVE('',#1490,#384,#1513,.T.);
#1513 = SURFACE_CURVE('',#1514,(#1518,#1525),.PCURVE_S1.);
#1514 = LINE('',#1515,#1516);
#1515 = CARTESIAN_POINT('',(-13.73205080756,-19.78460969082,43.));
#1516 = VECTOR('',#1517,1.);
#1517 = DIRECTION('',(0.866025403784,-0.5,0.));
#1518 = PCURVE('',#400,#1519);
#1519 = DEFINITIONAL_REPRESENTATION('',(#1520),#1524);
#1520 = LINE('',#1521,#1522);
#1521 = CARTESIAN_POINT('',(3.,0.));
#1522 = VECTOR('',#1523,1.);
#1523 = DIRECTION('',(0.,1.));
#1524 = ( GEOMETRIC_REPRESENTATION_CONTEXT(2) 
PARAMETRIC_REPRESENTATION_CONTEXT() REPRESENTATION_CONTEXT('2D SPACE',''
  ) );
#1525 = PCURVE('',#1473,#1526);
#1526 = DEFINITIONAL_REPRESENTATION('',(#1527),#1531);
#1527 = LINE('',#1528,#1529);
#1528 = CARTESIAN_POINT('',(8.,0.));
#1529 = VECTOR('',#1530,1.);
#1530 = DIRECTION('',(0.,-1.));
#1531 = ( GEOMETRIC_REPRESENTATION_CONTEXT(2) 
PARAMETRIC_REPRESENTATION_CONTEXT() REPRESENTATION_CONTEXT('2D SPACE',''
  ) );
#1532 = ADVANCED_FACE('',(#1533),#236,.T.);
#1533 = FACE_BOUND('',#1534,.T.);
#1534 = EDGE_LOOP('',(#1535,#1536,#1559));
#1535 = ORIENTED_EDGE('',*,*,#219,.F.);
#1536 = ORIENTED_EDGE('',*,*,#1537,.T.);
#1537 = EDGE_CURVE('',#196,#1538,#1540,.T.);
#1538 = VERTEX_POINT('',#1539);
#1539 = CARTESIAN_POINT('',(-10.26794919243,21.784609690827,43.));
#1540 = SURFACE_CURVE('',#1541,(#1545,#1552),.PCURVE_S1.);
#1541 = LINE('',#1542,#1543);
#1542 = CARTESIAN_POINT('',(-8.767949192431,19.186533479473,43.));
#1543 = VECTOR('',#1544,1.);
#1544 = DIRECTION('',(-0.5,0.866025403784,0.));
#1545 = PCURVE('',#236,#1546);
#1546 = DEFINITIONAL_REPRESENTATION('',(#1547),#1551);
#1547 = LINE('',#1548,#1549);
#1548 = CARTESIAN_POINT('',(0.,0.));
#1549 = VECTOR('',#1550,1.);
#1550 = DIRECTION('',(1.,0.));
#1551 = ( GEOMETRIC_REPRESENTATION_CONTEXT(2) 
PARAMETRIC_REPRESENTATION_CONTEXT() REPRESENTATION_CONTEXT('2D SPACE',''
  ) );
#1552 = PCURVE('',#817,#1553);
#1553 = DEFINITIONAL_REPRESENTATION('',(#1554),#1558);
#1554 = LINE('',#1555,#1556);
#1555 = CARTESIAN_POINT('',(8.,0.));
#1556 = VECTOR('',#1557,1.);
#1557 = DIRECTION('',(0.,1.));
#1558 = ( GEOMETRIC_REPRESENTATION_CONTEXT(2) 
PARAMETRIC_REPRESENTATION_CONTEXT() REPRESENTATION_CONTEXT('2D SPACE',''
  ) );
#1559 = ORIENTED_EDGE('',*,*,#1560,.T.);
#1560 = EDGE_CURVE('',#1538,#220,#1561,.T.);
#1561 = SURFACE_CURVE('',#1562,(#1566,#1573),.PCURVE_S1.);
#1562 = LINE('',#1563,#1564);
#1563 = CARTESIAN_POINT('',(-10.26794919243,21.784609690827,43.));
#1564 = VECTOR('',#1565,1.);
#1565 = DIRECTION('',(-0.866025403784,-0.5,0.));
#1566 = PCURVE('',#236,#1567);
#1567 = DEFINITIONAL_REPRESENTATION('',(#1568),#1572);
#1568 = LINE('',#1569,#1570);
#1569 = CARTESIAN_POINT('',(3.,0.));
#1570 = VECTOR('',#1571,1.);
#1571 = DIRECTION('',(0.,1.));
#1572 = ( GEOMETRIC_REPRESENTATION_CONTEXT(2) 
PARAMETRIC_REPRESENTATION_CONTEXT() REPRESENTATION_CONTEXT('2D SPACE',''
  ) );
#1573 = PCURVE('',#1574,#1579);
#1574 = PLANE('',#1575);
#1575 = AXIS2_PLACEMENT_3D('',#1576,#1577,#1578);
#1576 = CARTESIAN_POINT('',(-10.26794919243,21.784609690827,35.));
#1577 = DIRECTION('',(-0.5,0.866025403784,0.));
#1578 = DIRECTION('',(0.,0.,1.));
#1579 = DEFINITIONAL_REPRESENTATION('',(#1580),#1584);
#1580 = LINE('',#1581,#1582);
#1581 = CARTESIAN_POINT('',(8.,0.));
#1582 = VECTOR('',#1583,1.);
#1583 = DIRECTION('',(0.,-1.));
#1584 = ( GEOMETRIC_REPRESENTATION_CONTEXT(2) 
PARAMETRIC_REPRESENTATION_CONTEXT() REPRESENTATION_CONTEXT('2D SPACE',''
  ) );
#1585 = ADVANCED_FACE('',(#1586),#265,.T.);
#1586 = FACE_BOUND('',#1587,.T.);
#1587 = EDGE_LOOP('',(#1588,#1611,#1612));
#1588 = ORIENTED_EDGE('',*,*,#1589,.F.);
#1589 = EDGE_CURVE('',#249,#1590,#1592,.T.);
#1590 = VERTEX_POINT('',#1591);
#1591 = CARTESIAN_POINT('',(-13.73205080756,19.784609690827,43.));
#1592 = SURFACE_CURVE('',#1593,(#1597,#1604),.PCURVE_S1.);
#1593 = LINE('',#1594,#1595);
#1594 = CARTESIAN_POINT('',(-12.23205080756,17.186533479473,43.));
#1595 = VECTOR('',#1596,1.);
#1596 = DIRECTION('',(-0.5,0.866025403784,0.));
#1597 = PCURVE('',#265,#1598);
#1598 = DEFINITIONAL_REPRESENTATION('',(#1599),#1603);
#1599 = LINE('',#1600,#1601);
#1600 = CARTESIAN_POINT('',(0.,4.));
#1601 = VECTOR('',#1602,1.);
#1602 = DIRECTION('',(1.,0.));
#1603 = ( GEOMETRIC_REPRESENTATION_CONTEXT(2) 
PARAMETRIC_REPRESENTATION_CONTEXT() REPRESENTATION_CONTEXT('2D SPACE',''
  ) );
#1604 = PCURVE('',#871,#1605);
#1605 = DEFINITIONAL_REPRESENTATION('',(#1606),#1610);
#1606 = LINE('',#1607,#1608);
#1607 = CARTESIAN_POINT('',(8.,0.));
#1608 = VECTOR('',#1609,1.);
#1609 = DIRECTION('',(0.,1.));
#1610 = ( GEOMETRIC_REPRESENTATION_CONTEXT(2) 
PARAMETRIC_REPRESENTATION_CONTEXT() REPRESENTATION_CONTEXT('2D SPACE',''
  ) );
#1611 = ORIENTED_EDGE('',*,*,#248,.F.);
#1612 = ORIENTED_EDGE('',*,*,#1613,.T.);
#1613 = EDGE_CURVE('',#220,#1590,#1614,.T.);
#1614 = SURFACE_CURVE('',#1615,(#1619,#1626),.PCURVE_S1.);
#1615 = LINE('',#1616,#1617);
#1616 = CARTESIAN_POINT('',(-10.26794919243,21.784609690827,43.));
#1617 = VECTOR('',#1618,1.);
#1618 = DIRECTION('',(-0.866025403784,-0.5,0.));
#1619 = PCURVE('',#265,#1620);
#1620 = DEFINITIONAL_REPRESENTATION('',(#1621),#1625);
#1621 = LINE('',#1622,#1623);
#1622 = CARTESIAN_POINT('',(3.,0.));
#1623 = VECTOR('',#1624,1.);
#1624 = DIRECTION('',(0.,1.));
#1625 = ( GEOMETRIC_REPRESENTATION_CONTEXT(2) 
PARAMETRIC_REPRESENTATION_CONTEXT() REPRESENTATION_CONTEXT('2D SPACE',''
  ) );
#1626 = PCURVE('',#1574,#1627);
#1627 = DEFINITIONAL_REPRESENTATION('',(#1628),#1632);
#1628 = LINE('',#1629,#1630);
#1629 = CARTESIAN_POINT('',(8.,0.));
#1630 = VECTOR('',#1631,1.);
#1631 = DIRECTION('',(0.,-1.));
#1632 = ( GEOMETRIC_REPRESENTATION_CONTEXT(2) 
PARAMETRIC_REPRESENTATION_CONTEXT() REPRESENTATION_CONTEXT('2D SPACE',''
  ) );
#1633 = ADVANCED_FACE('',(#1634),#347,.T.);
#1634 = FACE_BOUND('',#1635,.T.);
#1635 = EDGE_LOOP('',(#1636,#1659,#1660));
#1636 = ORIENTED_EDGE('',*,*,#1637,.F.);
#1637 = EDGE_CURVE('',#331,#1638,#1640,.T.);
#1638 = VERTEX_POINT('',#1639);
#1639 = CARTESIAN_POINT('',(-24.,-2.,43.));
#1640 = SURFACE_CURVE('',#1641,(#1645,#1652),.PCURVE_S1.);
#1641 = LINE('',#1642,#1643);
#1642 = CARTESIAN_POINT('',(-21.,-2.,43.));
#1643 = VECTOR('',#1644,1.);
#1644 = DIRECTION('',(-1.,1.224646799147E-16,0.));
#1645 = PCURVE('',#347,#1646);
#1646 = DEFINITIONAL_REPRESENTATION('',(#1647),#1651);
#1647 = LINE('',#1648,#1649);
#1648 = CARTESIAN_POINT('',(0.,4.));
#1649 = VECTOR('',#1650,1.);
#1650 = DIRECTION('',(1.,0.));
#1651 = ( GEOMETRIC_REPRESENTATION_CONTEXT(2) 
PARAMETRIC_REPRESENTATION_CONTEXT() REPRESENTATION_CONTEXT('2D SPACE',''
  ) );
#1652 = PCURVE('',#954,#1653);
#1653 = DEFINITIONAL_REPRESENTATION('',(#1654),#1658);
#1654 = LINE('',#1655,#1656);
#1655 = CARTESIAN_POINT('',(8.,0.));
#1656 = VECTOR('',#1657,1.);
#1657 = DIRECTION('',(0.,1.));
#1658 = ( GEOMETRIC_REPRESENTATION_CONTEXT(2) 
PARAMETRIC_REPRESENTATION_CONTEXT() REPRESENTATION_CONTEXT('2D SPACE',''
  ) );
#1659 = ORIENTED_EDGE('',*,*,#330,.F.);
#1660 = ORIENTED_EDGE('',*,*,#1661,.T.);
#1661 = EDGE_CURVE('',#302,#1638,#1662,.T.);
#1662 = SURFACE_CURVE('',#1663,(#1667,#1674),.PCURVE_S1.);
#1663 = LINE('',#1664,#1665);
#1664 = CARTESIAN_POINT('',(-24.,2.,43.));
#1665 = VECTOR('',#1666,1.);
#1666 = DIRECTION('',(-1.224646799147E-16,-1.,0.));
#1667 = PCURVE('',#347,#1668);
#1668 = DEFINITIONAL_REPRESENTATION('',(#1669),#1673);
#1669 = LINE('',#1670,#1671);
#1670 = CARTESIAN_POINT('',(3.,0.));
#1671 = VECTOR('',#1672,1.);
#1672 = DIRECTION('',(0.,1.));
#1673 = ( GEOMETRIC_REPRESENTATION_CONTEXT(2) 
PARAMETRIC_REPRESENTATION_CONTEXT() REPRESENTATION_CONTEXT('2D SPACE',''
  ) );
#1674 = PCURVE('',#1675,#1680);
#1675 = PLANE('',#1676);
#1676 = AXIS2_PLACEMENT_3D('',#1677,#1678,#1679);
#1677 = CARTESIAN_POINT('',(-24.,2.,35.));
#1678 = DIRECTION('',(-1.,1.224646799147E-16,0.));
#1679 = DIRECTION('',(0.,0.,1.));
#1680 = DEFINITIONAL_REPRESENTATION('',(#1681),#1685);
#1681 = LINE('',#1682,#1683);
#1682 = CARTESIAN_POINT('',(8.,0.));
#1683 = VECTOR('',#1684,1.);
#1684 = DIRECTION('',(0.,-1.));
#1685 = ( GEOMETRIC_REPRESENTATION_CONTEXT(2) 
PARAMETRIC_REPRESENTATION_CONTEXT() REPRESENTATION_CONTEXT('2D SPACE',''
  ) );
#1686 = ADVANCED_FACE('',(#1687),#318,.T.);
#1687 = FACE_BOUND('',#1688,.T.);
#1688 = EDGE_LOOP('',(#1689,#1690,#1713));
#1689 = ORIENTED_EDGE('',*,*,#301,.F.);
#1690 = ORIENTED_EDGE('',*,*,#1691,.T.);
#1691 = EDGE_CURVE('',#278,#1692,#1694,.T.);
#1692 = VERTEX_POINT('',#1693);
#1693 = CARTESIAN_POINT('',(-24.,2.,43.));
#1694 = SURFACE_CURVE('',#1695,(#1699,#1706),.PCURVE_S1.);
#1695 = LINE('',#1696,#1697);
#1696 = CARTESIAN_POINT('',(-21.,2.,43.));
#1697 = VECTOR('',#1698,1.);
#1698 = DIRECTION('',(-1.,1.224646799147E-16,0.));
#1699 = PCURVE('',#318,#1700);
#1700 = DEFINITIONAL_REPRESENTATION('',(#1701),#1705);
#1701 = LINE('',#1702,#1703);
#1702 = CARTESIAN_POINT('',(0.,0.));
#1703 = VECTOR('',#1704,1.);
#1704 = DIRECTION('',(1.,0.));
#1705 = ( GEOMETRIC_REPRESENTATION_CONTEXT(2) 
PARAMETRIC_REPRESENTATION_CONTEXT() REPRESENTATION_CONTEXT('2D SPACE',''
  ) );
#1706 = PCURVE('',#900,#1707);
#1707 = DEFINITIONAL_REPRESENTATION('',(#1708),#1712);
#1708 = LINE('',#1709,#1710);
#1709 = CARTESIAN_POINT('',(8.,0.));
#1710 = VECTOR('',#1711,1.);
#1711 = DIRECTION('',(0.,1.));
#1712 = ( GEOMETRIC_REPRESENTATION_CONTEXT(2) 
PARAMETRIC_REPRESENTATION_CONTEXT() REPRESENTATION_CONTEXT('2D SPACE',''
  ) );
#1713 = ORIENTED_EDGE('',*,*,#1714,.T.);
#1714 = EDGE_CURVE('',#1692,#302,#1715,.T.);
#1715 = SURFACE_CURVE('',#1716,(#1720,#1727),.PCURVE_S1.);
#1716 = LINE('',#1717,#1718);
#1717 = CARTESIAN_POINT('',(-24.,2.,43.));
#1718 = VECTOR('',#1719,1.);
#1719 = DIRECTION('',(-1.224646799147E-16,-1.,0.));
#1720 = PCURVE('',#318,#1721);
#1721 = DEFINITIONAL_REPRESENTATION('',(#1722),#1726);
#1722 = LINE('',#1723,#1724);
#1723 = CARTESIAN_POINT('',(3.,0.));
#1724 = VECTOR('',#1725,1.);
#1725 = DIRECTION('',(0.,1.));
#1726 = ( GEOMETRIC_REPRESENTATION_CONTEXT(2) 
PARAMETRIC_REPRESENTATION_CONTEXT() REPRESENTATION_CONTEXT('2D SPACE',''
  ) );
#1727 = PCURVE('',#1675,#1728);
#1728 = DEFINITIONAL_REPRESENTATION('',(#1729),#1733);
#1729 = LINE('',#1730,#1731);
#1730 = CARTESIAN_POINT('',(8.,0.));
#1731 = VECTOR('',#1732,1.);
#1732 = DIRECTION('',(0.,-1.));
#1733 = ( GEOMETRIC_REPRESENTATION_CONTEXT(2) 
PARAMETRIC_REPRESENTATION_CONTEXT() REPRESENTATION_CONTEXT('2D SPACE',''
  ) );
#1734 = ADVANCED_FACE('',(#1735,#1738),#616,.T.);
#1735 = FACE_BOUND('',#1736,.T.);
#1736 = EDGE_LOOP('',(#1737));
#1737 = ORIENTED_EDGE('',*,*,#601,.T.);
#1738 = FACE_BOUND('',#1739,.T.);
#1739 = EDGE_LOOP('',(#1740));
#1740 = ORIENTED_EDGE('',*,*,#1741,.F.);
#1741 = EDGE_CURVE('',#1742,#1742,#1744,.T.);
#1742 = VERTEX_POINT('',#1743);
#1743 = CARTESIAN_POINT('',(12.,-2.939152317954E-15,46.));
#1744 = SURFACE_CURVE('',#1745,(#1750,#1757),.PCURVE_S1.);
#1745 = CIRCLE('',#1746,12.);
#1746 = AXIS2_PLACEMENT_3D('',#1747,#1748,#1749);
#1747 = CARTESIAN_POINT('',(0.,0.,46.));
#1748 = DIRECTION('',(0.,0.,1.));
#1749 = DIRECTION('',(1.,0.,-0.));
#1750 = PCURVE('',#616,#1751);
#1751 = DEFINITIONAL_REPRESENTATION('',(#1752),#1756);
#1752 = CIRCLE('',#1753,12.);
#1753 = AXIS2_PLACEMENT_2D('',#1754,#1755);
#1754 = CARTESIAN_POINT('',(0.,0.));
#1755 = DIRECTION('',(1.,0.));
#1756 = ( GEOMETRIC_REPRESENTATION_CONTEXT(2) 
PARAMETRIC_REPRESENTATION_CONTEXT() REPRESENTATION_CONTEXT('2D SPACE',''
  ) );
#1757 = PCURVE('',#1758,#1763);
#1758 = CYLINDRICAL_SURFACE('',#1759,12.);
#1759 = AXIS2_PLACEMENT_3D('',#1760,#1761,#1762);
#1760 = CARTESIAN_POINT('',(0.,0.,45.2));
#1761 = DIRECTION('',(0.,0.,1.));
#1762 = DIRECTION('',(1.,0.,-0.));
#1763 = DEFINITIONAL_REPRESENTATION('',(#1764),#1768);
#1764 = LINE('',#1765,#1766);
#1765 = CARTESIAN_POINT('',(0.,0.8));
#1766 = VECTOR('',#1767,1.);
#1767 = DIRECTION('',(1.,0.));
#1768 = ( GEOMETRIC_REPRESENTATION_CONTEXT(2) 
PARAMETRIC_REPRESENTATION_CONTEXT() REPRESENTATION_CONTEXT('2D SPACE',''
  ) );
#1769 = ADVANCED_FACE('',(#1770),#674,.T.);
#1770 = FACE_BOUND('',#1771,.T.);
#1771 = EDGE_LOOP('',(#1772,#1795,#1821,#1842,#1843));
#1772 = ORIENTED_EDGE('',*,*,#1773,.F.);
#1773 = EDGE_CURVE('',#1774,#633,#1776,.T.);
#1774 = VERTEX_POINT('',#1775);
#1775 = CARTESIAN_POINT('',(24.,-2.,35.5));
#1776 = SURFACE_CURVE('',#1777,(#1781,#1788),.PCURVE_S1.);
#1777 = LINE('',#1778,#1779);
#1778 = CARTESIAN_POINT('',(24.,-2.,35.));
#1779 = VECTOR('',#1780,1.);
#1780 = DIRECTION('',(0.,0.,1.));
#1781 = PCURVE('',#674,#1782);
#1782 = DEFINITIONAL_REPRESENTATION('',(#1783),#1787);
#1783 = LINE('',#1784,#1785);
#1784 = CARTESIAN_POINT('',(0.,0.));
#1785 = VECTOR('',#1786,1.);
#1786 = DIRECTION('',(1.,0.));
#1787 = ( GEOMETRIC_REPRESENTATION_CONTEXT(2) 
PARAMETRIC_REPRESENTATION_CONTEXT() REPRESENTATION_CONTEXT('2D SPACE',''
  ) );
#1788 = PCURVE('',#648,#1789);
#1789 = DEFINITIONAL_REPRESENTATION('',(#1790),#1794);
#1790 = LINE('',#1791,#1792);
#1791 = CARTESIAN_POINT('',(0.,3.));
#1792 = VECTOR('',#1793,1.);
#1793 = DIRECTION('',(1.,0.));
#1794 = ( GEOMETRIC_REPRESENTATION_CONTEXT(2) 
PARAMETRIC_REPRESENTATION_CONTEXT() REPRESENTATION_CONTEXT('2D SPACE',''
  ) );
#1795 = ORIENTED_EDGE('',*,*,#1796,.T.);
#1796 = EDGE_CURVE('',#1774,#1797,#1799,.T.);
#1797 = VERTEX_POINT('',#1798);
#1798 = CARTESIAN_POINT('',(24.,2.,35.5));
#1799 = SURFACE_CURVE('',#1800,(#1804,#1810),.PCURVE_S1.);
#1800 = LINE('',#1801,#1802);
#1801 = CARTESIAN_POINT('',(24.,-1.,35.5));
#1802 = VECTOR('',#1803,1.);
#1803 = DIRECTION('',(0.,1.,0.));
#1804 = PCURVE('',#674,#1805);
#1805 = DEFINITIONAL_REPRESENTATION('',(#1806),#1809);
#1806 = B_SPLINE_CURVE_WITH_KNOTS('',1,(#1807,#1808),.UNSPECIFIED.,.F.,
  .F.,(2,2),(-1.,3.),.PIECEWISE_BEZIER_KNOTS.);
#1807 = CARTESIAN_POINT('',(0.5,0.));
#1808 = CARTESIAN_POINT('',(0.5,-4.));
#1809 = ( GEOMETRIC_REPRESENTATION_CONTEXT(2) 
PARAMETRIC_REPRESENTATION_CONTEXT() REPRESENTATION_CONTEXT('2D SPACE',''
  ) );
#1810 = PCURVE('',#1811,#1816);
#1811 = PLANE('',#1812);
#1812 = AXIS2_PLACEMENT_3D('',#1813,#1814,#1815);
#1813 = CARTESIAN_POINT('',(0.,0.,35.5));
#1814 = DIRECTION('',(0.,0.,1.));
#1815 = DIRECTION('',(1.,0.,-0.));
#1816 = DEFINITIONAL_REPRESENTATION('',(#1817),#1820);
#1817 = B_SPLINE_CURVE_WITH_KNOTS('',1,(#1818,#1819),.UNSPECIFIED.,.F.,
  .F.,(2,2),(-1.,3.),.PIECEWISE_BEZIER_KNOTS.);
#1818 = CARTESIAN_POINT('',(24.,-2.));
#1819 = CARTESIAN_POINT('',(24.,2.));
#1820 = ( GEOMETRIC_REPRESENTATION_CONTEXT(2) 
PARAMETRIC_REPRESENTATION_CONTEXT() REPRESENTATION_CONTEXT('2D SPACE',''
  ) );
#1821 = ORIENTED_EDGE('',*,*,#1822,.T.);
#1822 = EDGE_CURVE('',#1797,#1186,#1823,.T.);
#1823 = SURFACE_CURVE('',#1824,(#1828,#1835),.PCURVE_S1.);
#1824 = LINE('',#1825,#1826);
#1825 = CARTESIAN_POINT('',(24.,2.,35.));
#1826 = VECTOR('',#1827,1.);
#1827 = DIRECTION('',(0.,0.,1.));
#1828 = PCURVE('',#674,#1829);
#1829 = DEFINITIONAL_REPRESENTATION('',(#1830),#1834);
#1830 = LINE('',#1831,#1832);
#1831 = CARTESIAN_POINT('',(0.,-4.));
#1832 = VECTOR('',#1833,1.);
#1833 = DIRECTION('',(1.,0.));
#1834 = ( GEOMETRIC_REPRESENTATION_CONTEXT(2) 
PARAMETRIC_REPRESENTATION_CONTEXT() REPRESENTATION_CONTEXT('2D SPACE',''
  ) );
#1835 = PCURVE('',#705,#1836);
#1836 = DEFINITIONAL_REPRESENTATION('',(#1837),#1841);
#1837 = LINE('',#1838,#1839);
#1838 = CARTESIAN_POINT('',(0.,3.));
#1839 = VECTOR('',#1840,1.);
#1840 = DIRECTION('',(1.,0.));
#1841 = ( GEOMETRIC_REPRESENTATION_CONTEXT(2) 
PARAMETRIC_REPRESENTATION_CONTEXT() REPRESENTATION_CONTEXT('2D SPACE',''
  ) );
#1842 = ORIENTED_EDGE('',*,*,#1209,.F.);
#1843 = ORIENTED_EDGE('',*,*,#660,.F.);
#1844 = ADVANCED_FACE('',(#1845),#648,.F.);
#1845 = FACE_BOUND('',#1846,.F.);
#1846 = EDGE_LOOP('',(#1847,#1848,#1869,#1890,#1891));
#1847 = ORIENTED_EDGE('',*,*,#1773,.F.);
#1848 = ORIENTED_EDGE('',*,*,#1849,.T.);
#1849 = EDGE_CURVE('',#1774,#1850,#1852,.T.);
#1850 = VERTEX_POINT('',#1851);
#1851 = CARTESIAN_POINT('',(21.,-2.,35.5));
#1852 = SURFACE_CURVE('',#1853,(#1857,#1863),.PCURVE_S1.);
#1853 = LINE('',#1854,#1855);
#1854 = CARTESIAN_POINT('',(10.5,-2.,35.5));
#1855 = VECTOR('',#1856,1.);
#1856 = DIRECTION('',(-1.,0.,0.));
#1857 = PCURVE('',#648,#1858);
#1858 = DEFINITIONAL_REPRESENTATION('',(#1859),#1862);
#1859 = B_SPLINE_CURVE_WITH_KNOTS('',1,(#1860,#1861),.UNSPECIFIED.,.F.,
  .F.,(2,2),(-13.5,-10.5),.PIECEWISE_BEZIER_KNOTS.);
#1860 = CARTESIAN_POINT('',(0.5,3.));
#1861 = CARTESIAN_POINT('',(0.5,0.));
#1862 = ( GEOMETRIC_REPRESENTATION_CONTEXT(2) 
PARAMETRIC_REPRESENTATION_CONTEXT() REPRESENTATION_CONTEXT('2D SPACE',''
  ) );
#1863 = PCURVE('',#1811,#1864);
#1864 = DEFINITIONAL_REPRESENTATION('',(#1865),#1868);
#1865 = B_SPLINE_CURVE_WITH_KNOTS('',1,(#1866,#1867),.UNSPECIFIED.,.F.,
  .F.,(2,2),(-13.5,-10.5),.PIECEWISE_BEZIER_KNOTS.);
#1866 = CARTESIAN_POINT('',(24.,-2.));
#1867 = CARTESIAN_POINT('',(21.,-2.));
#1868 = ( GEOMETRIC_REPRESENTATION_CONTEXT(2) 
PARAMETRIC_REPRESENTATION_CONTEXT() REPRESENTATION_CONTEXT('2D SPACE',''
  ) );
#1869 = ORIENTED_EDGE('',*,*,#1870,.T.);
#1870 = EDGE_CURVE('',#1850,#1134,#1871,.T.);
#1871 = SURFACE_CURVE('',#1872,(#1876,#1883),.PCURVE_S1.);
#1872 = LINE('',#1873,#1874);
#1873 = CARTESIAN_POINT('',(21.,-2.,35.));
#1874 = VECTOR('',#1875,1.);
#1875 = DIRECTION('',(0.,0.,1.));
#1876 = PCURVE('',#648,#1877);
#1877 = DEFINITIONAL_REPRESENTATION('',(#1878),#1882);
#1878 = LINE('',#1879,#1880);
#1879 = CARTESIAN_POINT('',(0.,0.));
#1880 = VECTOR('',#1881,1.);
#1881 = DIRECTION('',(1.,0.));
#1882 = ( GEOMETRIC_REPRESENTATION_CONTEXT(2) 
PARAMETRIC_REPRESENTATION_CONTEXT() REPRESENTATION_CONTEXT('2D SPACE',''
  ) );
#1883 = PCURVE('',#1170,#1884);
#1884 = DEFINITIONAL_REPRESENTATION('',(#1885),#1889);
#1885 = LINE('',#1886,#1887);
#1886 = CARTESIAN_POINT('',(0.,0.));
#1887 = VECTOR('',#1888,1.);
#1888 = DIRECTION('',(1.,0.));
#1889 = ( GEOMETRIC_REPRESENTATION_CONTEXT(2) 
PARAMETRIC_REPRESENTATION_CONTEXT() REPRESENTATION_CONTEXT('2D SPACE',''
  ) );
#1890 = ORIENTED_EDGE('',*,*,#1133,.T.);
#1891 = ORIENTED_EDGE('',*,*,#632,.T.);
#1892 = ADVANCED_FACE('',(#1893),#705,.T.);
#1893 = FACE_BOUND('',#1894,.T.);
#1894 = EDGE_LOOP('',(#1895,#1896,#1917,#1938,#1939));
#1895 = ORIENTED_EDGE('',*,*,#1822,.F.);
#1896 = ORIENTED_EDGE('',*,*,#1897,.T.);
#1897 = EDGE_CURVE('',#1797,#1898,#1900,.T.);
#1898 = VERTEX_POINT('',#1899);
#1899 = CARTESIAN_POINT('',(21.,2.,35.5));
#1900 = SURFACE_CURVE('',#1901,(#1905,#1911),.PCURVE_S1.);
#1901 = LINE('',#1902,#1903);
#1902 = CARTESIAN_POINT('',(10.5,2.,35.5));
#1903 = VECTOR('',#1904,1.);
#1904 = DIRECTION('',(-1.,0.,0.));
#1905 = PCURVE('',#705,#1906);
#1906 = DEFINITIONAL_REPRESENTATION('',(#1907),#1910);
#1907 = B_SPLINE_CURVE_WITH_KNOTS('',1,(#1908,#1909),.UNSPECIFIED.,.F.,
  .F.,(2,2),(-13.5,-10.5),.PIECEWISE_BEZIER_KNOTS.);
#1908 = CARTESIAN_POINT('',(0.5,3.));
#1909 = CARTESIAN_POINT('',(0.5,0.));
#1910 = ( GEOMETRIC_REPRESENTATION_CONTEXT(2) 
PARAMETRIC_REPRESENTATION_CONTEXT() REPRESENTATION_CONTEXT('2D SPACE',''
  ) );
#1911 = PCURVE('',#1811,#1912);
#1912 = DEFINITIONAL_REPRESENTATION('',(#1913),#1916);
#1913 = B_SPLINE_CURVE_WITH_KNOTS('',1,(#1914,#1915),.UNSPECIFIED.,.F.,
  .F.,(2,2),(-13.5,-10.5),.PIECEWISE_BEZIER_KNOTS.);
#1914 = CARTESIAN_POINT('',(24.,2.));
#1915 = CARTESIAN_POINT('',(21.,2.));
#1916 = ( GEOMETRIC_REPRESENTATION_CONTEXT(2) 
PARAMETRIC_REPRESENTATION_CONTEXT() REPRESENTATION_CONTEXT('2D SPACE',''
  ) );
#1917 = ORIENTED_EDGE('',*,*,#1918,.T.);
#1918 = EDGE_CURVE('',#1898,#690,#1919,.T.);
#1919 = SURFACE_CURVE('',#1920,(#1924,#1931),.PCURVE_S1.);
#1920 = LINE('',#1921,#1922);
#1921 = CARTESIAN_POINT('',(21.,2.,35.));
#1922 = VECTOR('',#1923,1.);
#1923 = DIRECTION('',(0.,0.,1.));
#1924 = PCURVE('',#705,#1925);
#1925 = DEFINITIONAL_REPRESENTATION('',(#1926),#1930);
#1926 = LINE('',#1927,#1928);
#1927 = CARTESIAN_POINT('',(0.,0.));
#1928 = VECTOR('',#1929,1.);
#1929 = DIRECTION('',(1.,0.));
#1930 = ( GEOMETRIC_REPRESENTATION_CONTEXT(2) 
PARAMETRIC_REPRESENTATION_CONTEXT() REPRESENTATION_CONTEXT('2D SPACE',''
  ) );
#1931 = PCURVE('',#1170,#1932);
#1932 = DEFINITIONAL_REPRESENTATION('',(#1933),#1937);
#1933 = LINE('',#1934,#1935);
#1934 = CARTESIAN_POINT('',(0.,-4.));
#1935 = VECTOR('',#1936,1.);
#1936 = DIRECTION('',(1.,0.));
#1937 = ( GEOMETRIC_REPRESENTATION_CONTEXT(2) 
PARAMETRIC_REPRESENTATION_CONTEXT() REPRESENTATION_CONTEXT('2D SPACE',''
  ) );
#1938 = ORIENTED_EDGE('',*,*,#689,.T.);
#1939 = ORIENTED_EDGE('',*,*,#1185,.T.);
#1940 = ADVANCED_FACE('',(#1941),#1170,.F.);
#1941 = FACE_BOUND('',#1942,.F.);
#1942 = EDGE_LOOP('',(#1943,#1944,#1963,#1964));
#1943 = ORIENTED_EDGE('',*,*,#1870,.F.);
#1944 = ORIENTED_EDGE('',*,*,#1945,.T.);
#1945 = EDGE_CURVE('',#1850,#1898,#1946,.T.);
#1946 = SURFACE_CURVE('',#1947,(#1951,#1957),.PCURVE_S1.);
#1947 = LINE('',#1948,#1949);
#1948 = CARTESIAN_POINT('',(21.,-1.,35.5));
#1949 = VECTOR('',#1950,1.);
#1950 = DIRECTION('',(0.,1.,0.));
#1951 = PCURVE('',#1170,#1952);
#1952 = DEFINITIONAL_REPRESENTATION('',(#1953),#1956);
#1953 = B_SPLINE_CURVE_WITH_KNOTS('',1,(#1954,#1955),.UNSPECIFIED.,.F.,
  .F.,(2,2),(-1.,3.),.PIECEWISE_BEZIER_KNOTS.);
#1954 = CARTESIAN_POINT('',(0.5,0.));
#1955 = CARTESIAN_POINT('',(0.5,-4.));
#1956 = ( GEOMETRIC_REPRESENTATION_CONTEXT(2) 
PARAMETRIC_REPRESENTATION_CONTEXT() REPRESENTATION_CONTEXT('2D SPACE',''
  ) );
#1957 = PCURVE('',#1811,#1958);
#1958 = DEFINITIONAL_REPRESENTATION('',(#1959),#1962);
#1959 = B_SPLINE_CURVE_WITH_KNOTS('',1,(#1960,#1961),.UNSPECIFIED.,.F.,
  .F.,(2,2),(-1.,3.),.PIECEWISE_BEZIER_KNOTS.);
#1960 = CARTESIAN_POINT('',(21.,-2.));
#1961 = CARTESIAN_POINT('',(21.,2.));
#1962 = ( GEOMETRIC_REPRESENTATION_CONTEXT(2) 
PARAMETRIC_REPRESENTATION_CONTEXT() REPRESENTATION_CONTEXT('2D SPACE',''
  ) );
#1963 = ORIENTED_EDGE('',*,*,#1918,.T.);
#1964 = ORIENTED_EDGE('',*,*,#1156,.F.);
#1965 = ADVANCED_FACE('',(#1966),#1120,.T.);
#1966 = FACE_BOUND('',#1967,.T.);
#1967 = EDGE_LOOP('',(#1968,#1991,#2012,#2033,#2034));
#1968 = ORIENTED_EDGE('',*,*,#1969,.F.);
#1969 = EDGE_CURVE('',#1970,#1234,#1972,.T.);
#1970 = VERTEX_POINT('',#1971);
#1971 = CARTESIAN_POINT('',(13.732050807569,-19.78460969082,35.5));
#1972 = SURFACE_CURVE('',#1973,(#1977,#1984),.PCURVE_S1.);
#1973 = LINE('',#1974,#1975);
#1974 = CARTESIAN_POINT('',(13.732050807569,-19.78460969082,35.));
#1975 = VECTOR('',#1976,1.);
#1976 = DIRECTION('',(0.,0.,1.));
#1977 = PCURVE('',#1120,#1978);
#1978 = DEFINITIONAL_REPRESENTATION('',(#1979),#1983);
#1979 = LINE('',#1980,#1981);
#1980 = CARTESIAN_POINT('',(0.,3.));
#1981 = VECTOR('',#1982,1.);
#1982 = DIRECTION('',(1.,0.));
#1983 = ( GEOMETRIC_REPRESENTATION_CONTEXT(2) 
PARAMETRIC_REPRESENTATION_CONTEXT() REPRESENTATION_CONTEXT('2D SPACE',''
  ) );
#1984 = PCURVE('',#1271,#1985);
#1985 = DEFINITIONAL_REPRESENTATION('',(#1986),#1990);
#1986 = LINE('',#1987,#1988);
#1987 = CARTESIAN_POINT('',(0.,-4.));
#1988 = VECTOR('',#1989,1.);
#1989 = DIRECTION('',(1.,0.));
#1990 = ( GEOMETRIC_REPRESENTATION_CONTEXT(2) 
PARAMETRIC_REPRESENTATION_CONTEXT() REPRESENTATION_CONTEXT('2D SPACE',''
  ) );
#1991 = ORIENTED_EDGE('',*,*,#1992,.T.);
#1992 = EDGE_CURVE('',#1970,#1993,#1995,.T.);
#1993 = VERTEX_POINT('',#1994);
#1994 = CARTESIAN_POINT('',(12.232050807569,-17.18653347947,35.5));
#1995 = SURFACE_CURVE('',#1996,(#2000,#2006),.PCURVE_S1.);
#1996 = LINE('',#1997,#1998);
#1997 = CARTESIAN_POINT('',(6.982050807569,-8.093266739737,35.5));
#1998 = VECTOR('',#1999,1.);
#1999 = DIRECTION('',(-0.5,0.866025403784,0.));
#2000 = PCURVE('',#1120,#2001);
#2001 = DEFINITIONAL_REPRESENTATION('',(#2002),#2005);
#2002 = B_SPLINE_CURVE_WITH_KNOTS('',1,(#2003,#2004),.UNSPECIFIED.,.F.,
  .F.,(2,2),(-13.5,-10.5),.PIECEWISE_BEZIER_KNOTS.);
#2003 = CARTESIAN_POINT('',(0.5,3.));
#2004 = CARTESIAN_POINT('',(0.5,0.));
#2005 = ( GEOMETRIC_REPRESENTATION_CONTEXT(2) 
PARAMETRIC_REPRESENTATION_CONTEXT() REPRESENTATION_CONTEXT('2D SPACE',''
  ) );
#2006 = PCURVE('',#1811,#2007);
#2007 = DEFINITIONAL_REPRESENTATION('',(#2008),#2011);
#2008 = B_SPLINE_CURVE_WITH_KNOTS('',1,(#2009,#2010),.UNSPECIFIED.,.F.,
  .F.,(2,2),(-13.5,-10.5),.PIECEWISE_BEZIER_KNOTS.);
#2009 = CARTESIAN_POINT('',(13.732050807569,-19.78460969082));
#2010 = CARTESIAN_POINT('',(12.232050807569,-17.18653347947));
#2011 = ( GEOMETRIC_REPRESENTATION_CONTEXT(2) 
PARAMETRIC_REPRESENTATION_CONTEXT() REPRESENTATION_CONTEXT('2D SPACE',''
  ) );
#2012 = ORIENTED_EDGE('',*,*,#2013,.T.);
#2013 = EDGE_CURVE('',#1993,#1079,#2014,.T.);
#2014 = SURFACE_CURVE('',#2015,(#2019,#2026),.PCURVE_S1.);
#2015 = LINE('',#2016,#2017);
#2016 = CARTESIAN_POINT('',(12.232050807569,-17.18653347947,35.));
#2017 = VECTOR('',#2018,1.);
#2018 = DIRECTION('',(0.,0.,1.));
#2019 = PCURVE('',#1120,#2020);
#2020 = DEFINITIONAL_REPRESENTATION('',(#2021),#2025);
#2021 = LINE('',#2022,#2023);
#2022 = CARTESIAN_POINT('',(0.,0.));
#2023 = VECTOR('',#2024,1.);
#2024 = DIRECTION('',(1.,0.));
#2025 = ( GEOMETRIC_REPRESENTATION_CONTEXT(2) 
PARAMETRIC_REPRESENTATION_CONTEXT() REPRESENTATION_CONTEXT('2D SPACE',''
  ) );
#2026 = PCURVE('',#1094,#2027);
#2027 = DEFINITIONAL_REPRESENTATION('',(#2028),#2032);
#2028 = LINE('',#2029,#2030);
#2029 = CARTESIAN_POINT('',(0.,-4.));
#2030 = VECTOR('',#2031,1.);
#2031 = DIRECTION('',(1.,0.));
#2032 = ( GEOMETRIC_REPRESENTATION_CONTEXT(2) 
PARAMETRIC_REPRESENTATION_CONTEXT() REPRESENTATION_CONTEXT('2D SPACE',''
  ) );
#2033 = ORIENTED_EDGE('',*,*,#1106,.T.);
#2034 = ORIENTED_EDGE('',*,*,#1233,.T.);
#2035 = ADVANCED_FACE('',(#2036),#1094,.F.);
#2036 = FACE_BOUND('',#2037,.F.);
#2037 = EDGE_LOOP('',(#2038,#2061,#2080,#2081));
#2038 = ORIENTED_EDGE('',*,*,#2039,.F.);
#2039 = EDGE_CURVE('',#2040,#1051,#2042,.T.);
#2040 = VERTEX_POINT('',#2041);
#2041 = CARTESIAN_POINT('',(8.767949192431,-19.18653347947,35.5));
#2042 = SURFACE_CURVE('',#2043,(#2047,#2054),.PCURVE_S1.);
#2043 = LINE('',#2044,#2045);
#2044 = CARTESIAN_POINT('',(8.767949192431,-19.18653347947,35.));
#2045 = VECTOR('',#2046,1.);
#2046 = DIRECTION('',(0.,0.,1.));
#2047 = PCURVE('',#1094,#2048);
#2048 = DEFINITIONAL_REPRESENTATION('',(#2049),#2053);
#2049 = LINE('',#2050,#2051);
#2050 = CARTESIAN_POINT('',(0.,0.));
#2051 = VECTOR('',#2052,1.);
#2052 = DIRECTION('',(1.,0.));
#2053 = ( GEOMETRIC_REPRESENTATION_CONTEXT(2) 
PARAMETRIC_REPRESENTATION_CONTEXT() REPRESENTATION_CONTEXT('2D SPACE',''
  ) );
#2054 = PCURVE('',#1066,#2055);
#2055 = DEFINITIONAL_REPRESENTATION('',(#2056),#2060);
#2056 = LINE('',#2057,#2058);
#2057 = CARTESIAN_POINT('',(0.,0.));
#2058 = VECTOR('',#2059,1.);
#2059 = DIRECTION('',(1.,0.));
#2060 = ( GEOMETRIC_REPRESENTATION_CONTEXT(2) 
PARAMETRIC_REPRESENTATION_CONTEXT() REPRESENTATION_CONTEXT('2D SPACE',''
  ) );
#2061 = ORIENTED_EDGE('',*,*,#2062,.T.);
#2062 = EDGE_CURVE('',#2040,#1993,#2063,.T.);
#2063 = SURFACE_CURVE('',#2064,(#2068,#2074),.PCURVE_S1.);
#2064 = LINE('',#2065,#2066);
#2065 = CARTESIAN_POINT('',(9.633974596216,-18.68653347947,35.5));
#2066 = VECTOR('',#2067,1.);
#2067 = DIRECTION('',(0.866025403784,0.5,-0.));
#2068 = PCURVE('',#1094,#2069);
#2069 = DEFINITIONAL_REPRESENTATION('',(#2070),#2073);
#2070 = B_SPLINE_CURVE_WITH_KNOTS('',1,(#2071,#2072),.UNSPECIFIED.,.F.,
  .F.,(2,2),(-1.,3.),.PIECEWISE_BEZIER_KNOTS.);
#2071 = CARTESIAN_POINT('',(0.5,0.));
#2072 = CARTESIAN_POINT('',(0.5,-4.));
#2073 = ( GEOMETRIC_REPRESENTATION_CONTEXT(2) 
PARAMETRIC_REPRESENTATION_CONTEXT() REPRESENTATION_CONTEXT('2D SPACE',''
  ) );
#2074 = PCURVE('',#1811,#2075);
#2075 = DEFINITIONAL_REPRESENTATION('',(#2076),#2079);
#2076 = B_SPLINE_CURVE_WITH_KNOTS('',1,(#2077,#2078),.UNSPECIFIED.,.F.,
  .F.,(2,2),(-1.,3.),.PIECEWISE_BEZIER_KNOTS.);
#2077 = CARTESIAN_POINT('',(8.767949192431,-19.18653347947));
#2078 = CARTESIAN_POINT('',(12.232050807569,-17.18653347947));
#2079 = ( GEOMETRIC_REPRESENTATION_CONTEXT(2) 
PARAMETRIC_REPRESENTATION_CONTEXT() REPRESENTATION_CONTEXT('2D SPACE',''
  ) );
#2080 = ORIENTED_EDGE('',*,*,#2013,.T.);
#2081 = ORIENTED_EDGE('',*,*,#1078,.F.);
#2082 = ADVANCED_FACE('',(#2083),#1066,.F.);
#2083 = FACE_BOUND('',#2084,.F.);
#2084 = EDGE_LOOP('',(#2085,#2108,#2127,#2128,#2129));
#2085 = ORIENTED_EDGE('',*,*,#2086,.F.);
#2086 = EDGE_CURVE('',#2087,#1288,#2089,.T.);
#2087 = VERTEX_POINT('',#2088);
#2088 = CARTESIAN_POINT('',(10.267949192431,-21.78460969082,35.5));
#2089 = SURFACE_CURVE('',#2090,(#2094,#2101),.PCURVE_S1.);
#2090 = LINE('',#2091,#2092);
#2091 = CARTESIAN_POINT('',(10.267949192431,-21.78460969082,35.));
#2092 = VECTOR('',#2093,1.);
#2093 = DIRECTION('',(0.,0.,1.));
#2094 = PCURVE('',#1066,#2095);
#2095 = DEFINITIONAL_REPRESENTATION('',(#2096),#2100);
#2096 = LINE('',#2097,#2098);
#2097 = CARTESIAN_POINT('',(0.,3.));
#2098 = VECTOR('',#2099,1.);
#2099 = DIRECTION('',(1.,0.));
#2100 = ( GEOMETRIC_REPRESENTATION_CONTEXT(2) 
PARAMETRIC_REPRESENTATION_CONTEXT() REPRESENTATION_CONTEXT('2D SPACE',''
  ) );
#2101 = PCURVE('',#1271,#2102);
#2102 = DEFINITIONAL_REPRESENTATION('',(#2103),#2107);
#2103 = LINE('',#2104,#2105);
#2104 = CARTESIAN_POINT('',(0.,0.));
#2105 = VECTOR('',#2106,1.);
#2106 = DIRECTION('',(1.,0.));
#2107 = ( GEOMETRIC_REPRESENTATION_CONTEXT(2) 
PARAMETRIC_REPRESENTATION_CONTEXT() REPRESENTATION_CONTEXT('2D SPACE',''
  ) );
#2108 = ORIENTED_EDGE('',*,*,#2109,.T.);
#2109 = EDGE_CURVE('',#2087,#2040,#2110,.T.);
#2110 = SURFACE_CURVE('',#2111,(#2115,#2121),.PCURVE_S1.);
#2111 = LINE('',#2112,#2113);
#2112 = CARTESIAN_POINT('',(3.517949192431,-10.09326673973,35.5));
#2113 = VECTOR('',#2114,1.);
#2114 = DIRECTION('',(-0.5,0.866025403784,0.));
#2115 = PCURVE('',#1066,#2116);
#2116 = DEFINITIONAL_REPRESENTATION('',(#2117),#2120);
#2117 = B_SPLINE_CURVE_WITH_KNOTS('',1,(#2118,#2119),.UNSPECIFIED.,.F.,
  .F.,(2,2),(-13.5,-10.5),.PIECEWISE_BEZIER_KNOTS.);
#2118 = CARTESIAN_POINT('',(0.5,3.));
#2119 = CARTESIAN_POINT('',(0.5,0.));
#2120 = ( GEOMETRIC_REPRESENTATION_CONTEXT(2) 
PARAMETRIC_REPRESENTATION_CONTEXT() REPRESENTATION_CONTEXT('2D SPACE',''
  ) );
#2121 = PCURVE('',#1811,#2122);
#2122 = DEFINITIONAL_REPRESENTATION('',(#2123),#2126);
#2123 = B_SPLINE_CURVE_WITH_KNOTS('',1,(#2124,#2125),.UNSPECIFIED.,.F.,
  .F.,(2,2),(-13.5,-10.5),.PIECEWISE_BEZIER_KNOTS.);
#2124 = CARTESIAN_POINT('',(10.267949192431,-21.78460969082));
#2125 = CARTESIAN_POINT('',(8.767949192431,-19.18653347947));
#2126 = ( GEOMETRIC_REPRESENTATION_CONTEXT(2) 
PARAMETRIC_REPRESENTATION_CONTEXT() REPRESENTATION_CONTEXT('2D SPACE',''
  ) );
#2127 = ORIENTED_EDGE('',*,*,#2039,.T.);
#2128 = ORIENTED_EDGE('',*,*,#1050,.T.);
#2129 = ORIENTED_EDGE('',*,*,#1287,.T.);
#2130 = ADVANCED_FACE('',(#2131),#1037,.T.);
#2131 = FACE_BOUND('',#2132,.T.);
#2132 = EDGE_LOOP('',(#2133,#2156,#2177,#2198,#2199));
#2133 = ORIENTED_EDGE('',*,*,#2134,.F.);
#2134 = EDGE_CURVE('',#2135,#1436,#2137,.T.);
#2135 = VERTEX_POINT('',#2136);
#2136 = CARTESIAN_POINT('',(-10.26794919243,-21.78460969082,35.5));
#2137 = SURFACE_CURVE('',#2138,(#2142,#2149),.PCURVE_S1.);
#2138 = LINE('',#2139,#2140);
#2139 = CARTESIAN_POINT('',(-10.26794919243,-21.78460969082,35.));
#2140 = VECTOR('',#2141,1.);
#2141 = DIRECTION('',(0.,0.,1.));
#2142 = PCURVE('',#1037,#2143);
#2143 = DEFINITIONAL_REPRESENTATION('',(#2144),#2148);
#2144 = LINE('',#2145,#2146);
#2145 = CARTESIAN_POINT('',(0.,3.));
#2146 = VECTOR('',#2147,1.);
#2147 = DIRECTION('',(1.,0.));
#2148 = ( GEOMETRIC_REPRESENTATION_CONTEXT(2) 
PARAMETRIC_REPRESENTATION_CONTEXT() REPRESENTATION_CONTEXT('2D SPACE',''
  ) );
#2149 = PCURVE('',#1473,#2150);
#2150 = DEFINITIONAL_REPRESENTATION('',(#2151),#2155);
#2151 = LINE('',#2152,#2153);
#2152 = CARTESIAN_POINT('',(0.,-4.));
#2153 = VECTOR('',#2154,1.);
#2154 = DIRECTION('',(1.,0.));
#2155 = ( GEOMETRIC_REPRESENTATION_CONTEXT(2) 
PARAMETRIC_REPRESENTATION_CONTEXT() REPRESENTATION_CONTEXT('2D SPACE',''
  ) );
#2156 = ORIENTED_EDGE('',*,*,#2157,.T.);
#2157 = EDGE_CURVE('',#2135,#2158,#2160,.T.);
#2158 = VERTEX_POINT('',#2159);
#2159 = CARTESIAN_POINT('',(-8.767949192431,-19.18653347947,35.5));
#2160 = SURFACE_CURVE('',#2161,(#2165,#2171),.PCURVE_S1.);
#2161 = LINE('',#2162,#2163);
#2162 = CARTESIAN_POINT('',(-3.517949192431,-10.09326673973,35.5));
#2163 = VECTOR('',#2164,1.);
#2164 = DIRECTION('',(0.5,0.866025403784,-0.));
#2165 = PCURVE('',#1037,#2166);
#2166 = DEFINITIONAL_REPRESENTATION('',(#2167),#2170);
#2167 = B_SPLINE_CURVE_WITH_KNOTS('',1,(#2168,#2169),.UNSPECIFIED.,.F.,
  .F.,(2,2),(-13.5,-10.5),.PIECEWISE_BEZIER_KNOTS.);
#2168 = CARTESIAN_POINT('',(0.5,3.));
#2169 = CARTESIAN_POINT('',(0.5,0.));
#2170 = ( GEOMETRIC_REPRESENTATION_CONTEXT(2) 
PARAMETRIC_REPRESENTATION_CONTEXT() REPRESENTATION_CONTEXT('2D SPACE',''
  ) );
#2171 = PCURVE('',#1811,#2172);
#2172 = DEFINITIONAL_REPRESENTATION('',(#2173),#2176);
#2173 = B_SPLINE_CURVE_WITH_KNOTS('',1,(#2174,#2175),.UNSPECIFIED.,.F.,
  .F.,(2,2),(-13.5,-10.5),.PIECEWISE_BEZIER_KNOTS.);
#2174 = CARTESIAN_POINT('',(-10.26794919243,-21.78460969082));
#2175 = CARTESIAN_POINT('',(-8.767949192431,-19.18653347947));
#2176 = ( GEOMETRIC_REPRESENTATION_CONTEXT(2) 
PARAMETRIC_REPRESENTATION_CONTEXT() REPRESENTATION_CONTEXT('2D SPACE',''
  ) );
#2177 = ORIENTED_EDGE('',*,*,#2178,.T.);
#2178 = EDGE_CURVE('',#2158,#996,#2179,.T.);
#2179 = SURFACE_CURVE('',#2180,(#2184,#2191),.PCURVE_S1.);
#2180 = LINE('',#2181,#2182);
#2181 = CARTESIAN_POINT('',(-8.767949192431,-19.18653347947,35.));
#2182 = VECTOR('',#2183,1.);
#2183 = DIRECTION('',(0.,0.,1.));
#2184 = PCURVE('',#1037,#2185);
#2185 = DEFINITIONAL_REPRESENTATION('',(#2186),#2190);
#2186 = LINE('',#2187,#2188);
#2187 = CARTESIAN_POINT('',(0.,0.));
#2188 = VECTOR('',#2189,1.);
#2189 = DIRECTION('',(1.,0.));
#2190 = ( GEOMETRIC_REPRESENTATION_CONTEXT(2) 
PARAMETRIC_REPRESENTATION_CONTEXT() REPRESENTATION_CONTEXT('2D SPACE',''
  ) );
#2191 = PCURVE('',#1011,#2192);
#2192 = DEFINITIONAL_REPRESENTATION('',(#2193),#2197);
#2193 = LINE('',#2194,#2195);
#2194 = CARTESIAN_POINT('',(0.,-4.));
#2195 = VECTOR('',#2196,1.);
#2196 = DIRECTION('',(1.,0.));
#2197 = ( GEOMETRIC_REPRESENTATION_CONTEXT(2) 
PARAMETRIC_REPRESENTATION_CONTEXT() REPRESENTATION_CONTEXT('2D SPACE',''
  ) );
#2198 = ORIENTED_EDGE('',*,*,#1023,.T.);
#2199 = ORIENTED_EDGE('',*,*,#1435,.T.);
#2200 = ADVANCED_FACE('',(#2201),#1011,.F.);
#2201 = FACE_BOUND('',#2202,.F.);
#2202 = EDGE_LOOP('',(#2203,#2226,#2245,#2246));
#2203 = ORIENTED_EDGE('',*,*,#2204,.F.);
#2204 = EDGE_CURVE('',#2205,#968,#2207,.T.);
#2205 = VERTEX_POINT('',#2206);
#2206 = CARTESIAN_POINT('',(-12.23205080756,-17.18653347947,35.5));
#2207 = SURFACE_CURVE('',#2208,(#2212,#2219),.PCURVE_S1.);
#2208 = LINE('',#2209,#2210);
#2209 = CARTESIAN_POINT('',(-12.23205080756,-17.18653347947,35.));
#2210 = VECTOR('',#2211,1.);
#2211 = DIRECTION('',(0.,0.,1.));
#2212 = PCURVE('',#1011,#2213);
#2213 = DEFINITIONAL_REPRESENTATION('',(#2214),#2218);
#2214 = LINE('',#2215,#2216);
#2215 = CARTESIAN_POINT('',(0.,0.));
#2216 = VECTOR('',#2217,1.);
#2217 = DIRECTION('',(1.,0.));
#2218 = ( GEOMETRIC_REPRESENTATION_CONTEXT(2) 
PARAMETRIC_REPRESENTATION_CONTEXT() REPRESENTATION_CONTEXT('2D SPACE',''
  ) );
#2219 = PCURVE('',#983,#2220);
#2220 = DEFINITIONAL_REPRESENTATION('',(#2221),#2225);
#2221 = LINE('',#2222,#2223);
#2222 = CARTESIAN_POINT('',(0.,0.));
#2223 = VECTOR('',#2224,1.);
#2224 = DIRECTION('',(1.,0.));
#2225 = ( GEOMETRIC_REPRESENTATION_CONTEXT(2) 
PARAMETRIC_REPRESENTATION_CONTEXT() REPRESENTATION_CONTEXT('2D SPACE',''
  ) );
#2226 = ORIENTED_EDGE('',*,*,#2227,.T.);
#2227 = EDGE_CURVE('',#2205,#2158,#2228,.T.);
#2228 = SURFACE_CURVE('',#2229,(#2233,#2239),.PCURVE_S1.);
#2229 = LINE('',#2230,#2231);
#2230 = CARTESIAN_POINT('',(-11.36602540378,-17.68653347947,35.5));
#2231 = VECTOR('',#2232,1.);
#2232 = DIRECTION('',(0.866025403784,-0.5,0.));
#2233 = PCURVE('',#1011,#2234);
#2234 = DEFINITIONAL_REPRESENTATION('',(#2235),#2238);
#2235 = B_SPLINE_CURVE_WITH_KNOTS('',1,(#2236,#2237),.UNSPECIFIED.,.F.,
  .F.,(2,2),(-1.,3.),.PIECEWISE_BEZIER_KNOTS.);
#2236 = CARTESIAN_POINT('',(0.5,0.));
#2237 = CARTESIAN_POINT('',(0.5,-4.));
#2238 = ( GEOMETRIC_REPRESENTATION_CONTEXT(2) 
PARAMETRIC_REPRESENTATION_CONTEXT() REPRESENTATION_CONTEXT('2D SPACE',''
  ) );
#2239 = PCURVE('',#1811,#2240);
#2240 = DEFINITIONAL_REPRESENTATION('',(#2241),#2244);
#2241 = B_SPLINE_CURVE_WITH_KNOTS('',1,(#2242,#2243),.UNSPECIFIED.,.F.,
  .F.,(2,2),(-1.,3.),.PIECEWISE_BEZIER_KNOTS.);
#2242 = CARTESIAN_POINT('',(-12.23205080756,-17.18653347947));
#2243 = CARTESIAN_POINT('',(-8.767949192431,-19.18653347947));
#2244 = ( GEOMETRIC_REPRESENTATION_CONTEXT(2) 
PARAMETRIC_REPRESENTATION_CONTEXT() REPRESENTATION_CONTEXT('2D SPACE',''
  ) );
#2245 = ORIENTED_EDGE('',*,*,#2178,.T.);
#2246 = ORIENTED_EDGE('',*,*,#995,.F.);
#2247 = ADVANCED_FACE('',(#2248),#983,.F.);
#2248 = FACE_BOUND('',#2249,.F.);
#2249 = EDGE_LOOP('',(#2250,#2273,#2292,#2293,#2294));
#2250 = ORIENTED_EDGE('',*,*,#2251,.F.);
#2251 = EDGE_CURVE('',#2252,#1490,#2254,.T.);
#2252 = VERTEX_POINT('',#2253);
#2253 = CARTESIAN_POINT('',(-13.73205080756,-19.78460969082,35.5));
#2254 = SURFACE_CURVE('',#2255,(#2259,#2266),.PCURVE_S1.);
#2255 = LINE('',#2256,#2257);
#2256 = CARTESIAN_POINT('',(-13.73205080756,-19.78460969082,35.));
#2257 = VECTOR('',#2258,1.);
#2258 = DIRECTION('',(0.,0.,1.));
#2259 = PCURVE('',#983,#2260);
#2260 = DEFINITIONAL_REPRESENTATION('',(#2261),#2265);
#2261 = LINE('',#2262,#2263);
#2262 = CARTESIAN_POINT('',(0.,3.));
#2263 = VECTOR('',#2264,1.);
#2264 = DIRECTION('',(1.,0.));
#2265 = ( GEOMETRIC_REPRESENTATION_CONTEXT(2) 
PARAMETRIC_REPRESENTATION_CONTEXT() REPRESENTATION_CONTEXT('2D SPACE',''
  ) );
#2266 = PCURVE('',#1473,#2267);
#2267 = DEFINITIONAL_REPRESENTATION('',(#2268),#2272);
#2268 = LINE('',#2269,#2270);
#2269 = CARTESIAN_POINT('',(0.,0.));
#2270 = VECTOR('',#2271,1.);
#2271 = DIRECTION('',(1.,0.));
#2272 = ( GEOMETRIC_REPRESENTATION_CONTEXT(2) 
PARAMETRIC_REPRESENTATION_CONTEXT() REPRESENTATION_CONTEXT('2D SPACE',''
  ) );
#2273 = ORIENTED_EDGE('',*,*,#2274,.T.);
#2274 = EDGE_CURVE('',#2252,#2205,#2275,.T.);
#2275 = SURFACE_CURVE('',#2276,(#2280,#2286),.PCURVE_S1.);
#2276 = LINE('',#2277,#2278);
#2277 = CARTESIAN_POINT('',(-6.982050807569,-8.093266739737,35.5));
#2278 = VECTOR('',#2279,1.);
#2279 = DIRECTION('',(0.5,0.866025403784,-0.));
#2280 = PCURVE('',#983,#2281);
#2281 = DEFINITIONAL_REPRESENTATION('',(#2282),#2285);
#2282 = B_SPLINE_CURVE_WITH_KNOTS('',1,(#2283,#2284),.UNSPECIFIED.,.F.,
  .F.,(2,2),(-13.5,-10.5),.PIECEWISE_BEZIER_KNOTS.);
#2283 = CARTESIAN_POINT('',(0.5,3.));
#2284 = CARTESIAN_POINT('',(0.5,0.));
#2285 = ( GEOMETRIC_REPRESENTATION_CONTEXT(2) 
PARAMETRIC_REPRESENTATION_CONTEXT() REPRESENTATION_CONTEXT('2D SPACE',''
  ) );
#2286 = PCURVE('',#1811,#2287);
#2287 = DEFINITIONAL_REPRESENTATION('',(#2288),#2291);
#2288 = B_SPLINE_CURVE_WITH_KNOTS('',1,(#2289,#2290),.UNSPECIFIED.,.F.,
  .F.,(2,2),(-13.5,-10.5),.PIECEWISE_BEZIER_KNOTS.);
#2289 = CARTESIAN_POINT('',(-13.73205080756,-19.78460969082));
#2290 = CARTESIAN_POINT('',(-12.23205080756,-17.18653347947));
#2291 = ( GEOMETRIC_REPRESENTATION_CONTEXT(2) 
PARAMETRIC_REPRESENTATION_CONTEXT() REPRESENTATION_CONTEXT('2D SPACE',''
  ) );
#2292 = ORIENTED_EDGE('',*,*,#2204,.T.);
#2293 = ORIENTED_EDGE('',*,*,#967,.T.);
#2294 = ORIENTED_EDGE('',*,*,#1489,.T.);
#2295 = ADVANCED_FACE('',(#2296),#954,.T.);
#2296 = FACE_BOUND('',#2297,.T.);
#2297 = EDGE_LOOP('',(#2298,#2321,#2342,#2363,#2364));
#2298 = ORIENTED_EDGE('',*,*,#2299,.F.);
#2299 = EDGE_CURVE('',#2300,#1638,#2302,.T.);
#2300 = VERTEX_POINT('',#2301);
#2301 = CARTESIAN_POINT('',(-24.,-2.,35.5));
#2302 = SURFACE_CURVE('',#2303,(#2307,#2314),.PCURVE_S1.);
#2303 = LINE('',#2304,#2305);
#2304 = CARTESIAN_POINT('',(-24.,-2.,35.));
#2305 = VECTOR('',#2306,1.);
#2306 = DIRECTION('',(0.,0.,1.));
#2307 = PCURVE('',#954,#2308);
#2308 = DEFINITIONAL_REPRESENTATION('',(#2309),#2313);
#2309 = LINE('',#2310,#2311);
#2310 = CARTESIAN_POINT('',(0.,3.));
#2311 = VECTOR('',#2312,1.);
#2312 = DIRECTION('',(1.,0.));
#2313 = ( GEOMETRIC_REPRESENTATION_CONTEXT(2) 
PARAMETRIC_REPRESENTATION_CONTEXT() REPRESENTATION_CONTEXT('2D SPACE',''
  ) );
#2314 = PCURVE('',#1675,#2315);
#2315 = DEFINITIONAL_REPRESENTATION('',(#2316),#2320);
#2316 = LINE('',#2317,#2318);
#2317 = CARTESIAN_POINT('',(0.,-4.));
#2318 = VECTOR('',#2319,1.);
#2319 = DIRECTION('',(1.,0.));
#2320 = ( GEOMETRIC_REPRESENTATION_CONTEXT(2) 
PARAMETRIC_REPRESENTATION_CONTEXT() REPRESENTATION_CONTEXT('2D SPACE',''
  ) );
#2321 = ORIENTED_EDGE('',*,*,#2322,.T.);
#2322 = EDGE_CURVE('',#2300,#2323,#2325,.T.);
#2323 = VERTEX_POINT('',#2324);
#2324 = CARTESIAN_POINT('',(-21.,-2.,35.5));
#2325 = SURFACE_CURVE('',#2326,(#2330,#2336),.PCURVE_S1.);
#2326 = LINE('',#2327,#2328);
#2327 = CARTESIAN_POINT('',(-10.5,-2.,35.5));
#2328 = VECTOR('',#2329,1.);
#2329 = DIRECTION('',(1.,-1.224646799147E-16,0.));
#2330 = PCURVE('',#954,#2331);
#2331 = DEFINITIONAL_REPRESENTATION('',(#2332),#2335);
#2332 = B_SPLINE_CURVE_WITH_KNOTS('',1,(#2333,#2334),.UNSPECIFIED.,.F.,
  .F.,(2,2),(-13.5,-10.5),.PIECEWISE_BEZIER_KNOTS.);
#2333 = CARTESIAN_POINT('',(0.5,3.));
#2334 = CARTESIAN_POINT('',(0.5,0.));
#2335 = ( GEOMETRIC_REPRESENTATION_CONTEXT(2) 
PARAMETRIC_REPRESENTATION_CONTEXT() REPRESENTATION_CONTEXT('2D SPACE',''
  ) );
#2336 = PCURVE('',#1811,#2337);
#2337 = DEFINITIONAL_REPRESENTATION('',(#2338),#2341);
#2338 = B_SPLINE_CURVE_WITH_KNOTS('',1,(#2339,#2340),.UNSPECIFIED.,.F.,
  .F.,(2,2),(-13.5,-10.5),.PIECEWISE_BEZIER_KNOTS.);
#2339 = CARTESIAN_POINT('',(-24.,-2.));
#2340 = CARTESIAN_POINT('',(-21.,-2.));
#2341 = ( GEOMETRIC_REPRESENTATION_CONTEXT(2) 
PARAMETRIC_REPRESENTATION_CONTEXT() REPRESENTATION_CONTEXT('2D SPACE',''
  ) );
#2342 = ORIENTED_EDGE('',*,*,#2343,.T.);
#2343 = EDGE_CURVE('',#2323,#913,#2344,.T.);
#2344 = SURFACE_CURVE('',#2345,(#2349,#2356),.PCURVE_S1.);
#2345 = LINE('',#2346,#2347);
#2346 = CARTESIAN_POINT('',(-21.,-2.,35.));
#2347 = VECTOR('',#2348,1.);
#2348 = DIRECTION('',(0.,0.,1.));
#2349 = PCURVE('',#954,#2350);
#2350 = DEFINITIONAL_REPRESENTATION('',(#2351),#2355);
#2351 = LINE('',#2352,#2353);
#2352 = CARTESIAN_POINT('',(0.,0.));
#2353 = VECTOR('',#2354,1.);
#2354 = DIRECTION('',(1.,0.));
#2355 = ( GEOMETRIC_REPRESENTATION_CONTEXT(2) 
PARAMETRIC_REPRESENTATION_CONTEXT() REPRESENTATION_CONTEXT('2D SPACE',''
  ) );
#2356 = PCURVE('',#928,#2357);
#2357 = DEFINITIONAL_REPRESENTATION('',(#2358),#2362);
#2358 = LINE('',#2359,#2360);
#2359 = CARTESIAN_POINT('',(0.,-4.));
#2360 = VECTOR('',#2361,1.);
#2361 = DIRECTION('',(1.,0.));
#2362 = ( GEOMETRIC_REPRESENTATION_CONTEXT(2) 
PARAMETRIC_REPRESENTATION_CONTEXT() REPRESENTATION_CONTEXT('2D SPACE',''
  ) );
#2363 = ORIENTED_EDGE('',*,*,#940,.T.);
#2364 = ORIENTED_EDGE('',*,*,#1637,.T.);
#2365 = ADVANCED_FACE('',(#2366),#928,.F.);
#2366 = FACE_BOUND('',#2367,.F.);
#2367 = EDGE_LOOP('',(#2368,#2391,#2410,#2411));
#2368 = ORIENTED_EDGE('',*,*,#2369,.F.);
#2369 = EDGE_CURVE('',#2370,#885,#2372,.T.);
#2370 = VERTEX_POINT('',#2371);
#2371 = CARTESIAN_POINT('',(-21.,2.,35.5));
#2372 = SURFACE_CURVE('',#2373,(#2377,#2384),.PCURVE_S1.);
#2373 = LINE('',#2374,#2375);
#2374 = CARTESIAN_POINT('',(-21.,2.,35.));
#2375 = VECTOR('',#2376,1.);
#2376 = DIRECTION('',(0.,0.,1.));
#2377 = PCURVE('',#928,#2378);
#2378 = DEFINITIONAL_REPRESENTATION('',(#2379),#2383);
#2379 = LINE('',#2380,#2381);
#2380 = CARTESIAN_POINT('',(0.,0.));
#2381 = VECTOR('',#2382,1.);
#2382 = DIRECTION('',(1.,0.));
#2383 = ( GEOMETRIC_REPRESENTATION_CONTEXT(2) 
PARAMETRIC_REPRESENTATION_CONTEXT() REPRESENTATION_CONTEXT('2D SPACE',''
  ) );
#2384 = PCURVE('',#900,#2385);
#2385 = DEFINITIONAL_REPRESENTATION('',(#2386),#2390);
#2386 = LINE('',#2387,#2388);
#2387 = CARTESIAN_POINT('',(0.,0.));
#2388 = VECTOR('',#2389,1.);
#2389 = DIRECTION('',(1.,0.));
#2390 = ( GEOMETRIC_REPRESENTATION_CONTEXT(2) 
PARAMETRIC_REPRESENTATION_CONTEXT() REPRESENTATION_CONTEXT('2D SPACE',''
  ) );
#2391 = ORIENTED_EDGE('',*,*,#2392,.T.);
#2392 = EDGE_CURVE('',#2370,#2323,#2393,.T.);
#2393 = SURFACE_CURVE('',#2394,(#2398,#2404),.PCURVE_S1.);
#2394 = LINE('',#2395,#2396);
#2395 = CARTESIAN_POINT('',(-21.,1.,35.5));
#2396 = VECTOR('',#2397,1.);
#2397 = DIRECTION('',(-1.224646799147E-16,-1.,0.));
#2398 = PCURVE('',#928,#2399);
#2399 = DEFINITIONAL_REPRESENTATION('',(#2400),#2403);
#2400 = B_SPLINE_CURVE_WITH_KNOTS('',1,(#2401,#2402),.UNSPECIFIED.,.F.,
  .F.,(2,2),(-1.,3.),.PIECEWISE_BEZIER_KNOTS.);
#2401 = CARTESIAN_POINT('',(0.5,0.));
#2402 = CARTESIAN_POINT('',(0.5,-4.));
#2403 = ( GEOMETRIC_REPRESENTATION_CONTEXT(2) 
PARAMETRIC_REPRESENTATION_CONTEXT() REPRESENTATION_CONTEXT('2D SPACE',''
  ) );
#2404 = PCURVE('',#1811,#2405);
#2405 = DEFINITIONAL_REPRESENTATION('',(#2406),#2409);
#2406 = B_SPLINE_CURVE_WITH_KNOTS('',1,(#2407,#2408),.UNSPECIFIED.,.F.,
  .F.,(2,2),(-1.,3.),.PIECEWISE_BEZIER_KNOTS.);
#2407 = CARTESIAN_POINT('',(-21.,2.));
#2408 = CARTESIAN_POINT('',(-21.,-2.));
#2409 = ( GEOMETRIC_REPRESENTATION_CONTEXT(2) 
PARAMETRIC_REPRESENTATION_CONTEXT() REPRESENTATION_CONTEXT('2D SPACE',''
  ) );
#2410 = ORIENTED_EDGE('',*,*,#2343,.T.);
#2411 = ORIENTED_EDGE('',*,*,#912,.F.);
#2412 = ADVANCED_FACE('',(#2413),#900,.F.);
#2413 = FACE_BOUND('',#2414,.F.);
#2414 = EDGE_LOOP('',(#2415,#2438,#2457,#2458,#2459));
#2415 = ORIENTED_EDGE('',*,*,#2416,.F.);
#2416 = EDGE_CURVE('',#2417,#1692,#2419,.T.);
#2417 = VERTEX_POINT('',#2418);
#2418 = CARTESIAN_POINT('',(-24.,2.,35.5));
#2419 = SURFACE_CURVE('',#2420,(#2424,#2431),.PCURVE_S1.);
#2420 = LINE('',#2421,#2422);
#2421 = CARTESIAN_POINT('',(-24.,2.,35.));
#2422 = VECTOR('',#2423,1.);
#2423 = DIRECTION('',(0.,0.,1.));
#2424 = PCURVE('',#900,#2425);
#2425 = DEFINITIONAL_REPRESENTATION('',(#2426),#2430);
#2426 = LINE('',#2427,#2428);
#2427 = CARTESIAN_POINT('',(0.,3.));
#2428 = VECTOR('',#2429,1.);
#2429 = DIRECTION('',(1.,0.));
#2430 = ( GEOMETRIC_REPRESENTATION_CONTEXT(2) 
PARAMETRIC_REPRESENTATION_CONTEXT() REPRESENTATION_CONTEXT('2D SPACE',''
  ) );
#2431 = PCURVE('',#1675,#2432);
#2432 = DEFINITIONAL_REPRESENTATION('',(#2433),#2437);
#2433 = LINE('',#2434,#2435);
#2434 = CARTESIAN_POINT('',(0.,0.));
#2435 = VECTOR('',#2436,1.);
#2436 = DIRECTION('',(1.,0.));
#2437 = ( GEOMETRIC_REPRESENTATION_CONTEXT(2) 
PARAMETRIC_REPRESENTATION_CONTEXT() REPRESENTATION_CONTEXT('2D SPACE',''
  ) );
#2438 = ORIENTED_EDGE('',*,*,#2439,.T.);
#2439 = EDGE_CURVE('',#2417,#2370,#2440,.T.);
#2440 = SURFACE_CURVE('',#2441,(#2445,#2451),.PCURVE_S1.);
#2441 = LINE('',#2442,#2443);
#2442 = CARTESIAN_POINT('',(-10.5,2.,35.5));
#2443 = VECTOR('',#2444,1.);
#2444 = DIRECTION('',(1.,-1.224646799147E-16,0.));
#2445 = PCURVE('',#900,#2446);
#2446 = DEFINITIONAL_REPRESENTATION('',(#2447),#2450);
#2447 = B_SPLINE_CURVE_WITH_KNOTS('',1,(#2448,#2449),.UNSPECIFIED.,.F.,
  .F.,(2,2),(-13.5,-10.5),.PIECEWISE_BEZIER_KNOTS.);
#2448 = CARTESIAN_POINT('',(0.5,3.));
#2449 = CARTESIAN_POINT('',(0.5,0.));
#2450 = ( GEOMETRIC_REPRESENTATION_CONTEXT(2) 
PARAMETRIC_REPRESENTATION_CONTEXT() REPRESENTATION_CONTEXT('2D SPACE',''
  ) );
#2451 = PCURVE('',#1811,#2452);
#2452 = DEFINITIONAL_REPRESENTATION('',(#2453),#2456);
#2453 = B_SPLINE_CURVE_WITH_KNOTS('',1,(#2454,#2455),.UNSPECIFIED.,.F.,
  .F.,(2,2),(-13.5,-10.5),.PIECEWISE_BEZIER_KNOTS.);
#2454 = CARTESIAN_POINT('',(-24.,2.));
#2455 = CARTESIAN_POINT('',(-21.,2.));
#2456 = ( GEOMETRIC_REPRESENTATION_CONTEXT(2) 
PARAMETRIC_REPRESENTATION_CONTEXT() REPRESENTATION_CONTEXT('2D SPACE',''
  ) );
#2457 = ORIENTED_EDGE('',*,*,#2369,.T.);
#2458 = ORIENTED_EDGE('',*,*,#884,.T.);
#2459 = ORIENTED_EDGE('',*,*,#1691,.T.);
#2460 = ADVANCED_FACE('',(#2461),#871,.T.);
#2461 = FACE_BOUND('',#2462,.T.);
#2462 = EDGE_LOOP('',(#2463,#2486,#2507,#2528,#2529));
#2463 = ORIENTED_EDGE('',*,*,#2464,.F.);
#2464 = EDGE_CURVE('',#2465,#1590,#2467,.T.);
#2465 = VERTEX_POINT('',#2466);
#2466 = CARTESIAN_POINT('',(-13.73205080756,19.784609690827,35.5));
#2467 = SURFACE_CURVE('',#2468,(#2472,#2479),.PCURVE_S1.);
#2468 = LINE('',#2469,#2470);
#2469 = CARTESIAN_POINT('',(-13.73205080756,19.784609690827,35.));
#2470 = VECTOR('',#2471,1.);
#2471 = DIRECTION('',(0.,0.,1.));
#2472 = PCURVE('',#871,#2473);
#2473 = DEFINITIONAL_REPRESENTATION('',(#2474),#2478);
#2474 = LINE('',#2475,#2476);
#2475 = CARTESIAN_POINT('',(0.,3.));
#2476 = VECTOR('',#2477,1.);
#2477 = DIRECTION('',(1.,0.));
#2478 = ( GEOMETRIC_REPRESENTATION_CONTEXT(2) 
PARAMETRIC_REPRESENTATION_CONTEXT() REPRESENTATION_CONTEXT('2D SPACE',''
  ) );
#2479 = PCURVE('',#1574,#2480);
#2480 = DEFINITIONAL_REPRESENTATION('',(#2481),#2485);
#2481 = LINE('',#2482,#2483);
#2482 = CARTESIAN_POINT('',(0.,-4.));
#2483 = VECTOR('',#2484,1.);
#2484 = DIRECTION('',(1.,0.));
#2485 = ( GEOMETRIC_REPRESENTATION_CONTEXT(2) 
PARAMETRIC_REPRESENTATION_CONTEXT() REPRESENTATION_CONTEXT('2D SPACE',''
  ) );
#2486 = ORIENTED_EDGE('',*,*,#2487,.T.);
#2487 = EDGE_CURVE('',#2465,#2488,#2490,.T.);
#2488 = VERTEX_POINT('',#2489);
#2489 = CARTESIAN_POINT('',(-12.23205080756,17.186533479473,35.5));
#2490 = SURFACE_CURVE('',#2491,(#2495,#2501),.PCURVE_S1.);
#2491 = LINE('',#2492,#2493);
#2492 = CARTESIAN_POINT('',(-6.982050807569,8.093266739737,35.5));
#2493 = VECTOR('',#2494,1.);
#2494 = DIRECTION('',(0.5,-0.866025403784,0.));
#2495 = PCURVE('',#871,#2496);
#2496 = DEFINITIONAL_REPRESENTATION('',(#2497),#2500);
#2497 = B_SPLINE_CURVE_WITH_KNOTS('',1,(#2498,#2499),.UNSPECIFIED.,.F.,
  .F.,(2,2),(-13.5,-10.5),.PIECEWISE_BEZIER_KNOTS.);
#2498 = CARTESIAN_POINT('',(0.5,3.));
#2499 = CARTESIAN_POINT('',(0.5,0.));
#2500 = ( GEOMETRIC_REPRESENTATION_CONTEXT(2) 
PARAMETRIC_REPRESENTATION_CONTEXT() REPRESENTATION_CONTEXT('2D SPACE',''
  ) );
#2501 = PCURVE('',#1811,#2502);
#2502 = DEFINITIONAL_REPRESENTATION('',(#2503),#2506);
#2503 = B_SPLINE_CURVE_WITH_KNOTS('',1,(#2504,#2505),.UNSPECIFIED.,.F.,
  .F.,(2,2),(-13.5,-10.5),.PIECEWISE_BEZIER_KNOTS.);
#2504 = CARTESIAN_POINT('',(-13.73205080756,19.784609690827));
#2505 = CARTESIAN_POINT('',(-12.23205080756,17.186533479473));
#2506 = ( GEOMETRIC_REPRESENTATION_CONTEXT(2) 
PARAMETRIC_REPRESENTATION_CONTEXT() REPRESENTATION_CONTEXT('2D SPACE',''
  ) );
#2507 = ORIENTED_EDGE('',*,*,#2508,.T.);
#2508 = EDGE_CURVE('',#2488,#830,#2509,.T.);
#2509 = SURFACE_CURVE('',#2510,(#2514,#2521),.PCURVE_S1.);
#2510 = LINE('',#2511,#2512);
#2511 = CARTESIAN_POINT('',(-12.23205080756,17.186533479473,35.));
#2512 = VECTOR('',#2513,1.);
#2513 = DIRECTION('',(0.,0.,1.));
#2514 = PCURVE('',#871,#2515);
#2515 = DEFINITIONAL_REPRESENTATION('',(#2516),#2520);
#2516 = LINE('',#2517,#2518);
#2517 = CARTESIAN_POINT('',(0.,0.));
#2518 = VECTOR('',#2519,1.);
#2519 = DIRECTION('',(1.,0.));
#2520 = ( GEOMETRIC_REPRESENTATION_CONTEXT(2) 
PARAMETRIC_REPRESENTATION_CONTEXT() REPRESENTATION_CONTEXT('2D SPACE',''
  ) );
#2521 = PCURVE('',#845,#2522);
#2522 = DEFINITIONAL_REPRESENTATION('',(#2523),#2527);
#2523 = LINE('',#2524,#2525);
#2524 = CARTESIAN_POINT('',(0.,-4.));
#2525 = VECTOR('',#2526,1.);
#2526 = DIRECTION('',(1.,0.));
#2527 = ( GEOMETRIC_REPRESENTATION_CONTEXT(2) 
PARAMETRIC_REPRESENTATION_CONTEXT() REPRESENTATION_CONTEXT('2D SPACE',''
  ) );
#2528 = ORIENTED_EDGE('',*,*,#857,.T.);
#2529 = ORIENTED_EDGE('',*,*,#1589,.T.);
#2530 = ADVANCED_FACE('',(#2531),#845,.F.);
#2531 = FACE_BOUND('',#2532,.F.);
#2532 = EDGE_LOOP('',(#2533,#2556,#2575,#2576));
#2533 = ORIENTED_EDGE('',*,*,#2534,.F.);
#2534 = EDGE_CURVE('',#2535,#802,#2537,.T.);
#2535 = VERTEX_POINT('',#2536);
#2536 = CARTESIAN_POINT('',(-8.767949192431,19.186533479473,35.5));
#2537 = SURFACE_CURVE('',#2538,(#2542,#2549),.PCURVE_S1.);
#2538 = LINE('',#2539,#2540);
#2539 = CARTESIAN_POINT('',(-8.767949192431,19.186533479473,35.));
#2540 = VECTOR('',#2541,1.);
#2541 = DIRECTION('',(0.,0.,1.));
#2542 = PCURVE('',#845,#2543);
#2543 = DEFINITIONAL_REPRESENTATION('',(#2544),#2548);
#2544 = LINE('',#2545,#2546);
#2545 = CARTESIAN_POINT('',(0.,0.));
#2546 = VECTOR('',#2547,1.);
#2547 = DIRECTION('',(1.,0.));
#2548 = ( GEOMETRIC_REPRESENTATION_CONTEXT(2) 
PARAMETRIC_REPRESENTATION_CONTEXT() REPRESENTATION_CONTEXT('2D SPACE',''
  ) );
#2549 = PCURVE('',#817,#2550);
#2550 = DEFINITIONAL_REPRESENTATION('',(#2551),#2555);
#2551 = LINE('',#2552,#2553);
#2552 = CARTESIAN_POINT('',(0.,0.));
#2553 = VECTOR('',#2554,1.);
#2554 = DIRECTION('',(1.,0.));
#2555 = ( GEOMETRIC_REPRESENTATION_CONTEXT(2) 
PARAMETRIC_REPRESENTATION_CONTEXT() REPRESENTATION_CONTEXT('2D SPACE',''
  ) );
#2556 = ORIENTED_EDGE('',*,*,#2557,.T.);
#2557 = EDGE_CURVE('',#2535,#2488,#2558,.T.);
#2558 = SURFACE_CURVE('',#2559,(#2563,#2569),.PCURVE_S1.);
#2559 = LINE('',#2560,#2561);
#2560 = CARTESIAN_POINT('',(-9.633974596216,18.686533479473,35.5));
#2561 = VECTOR('',#2562,1.);
#2562 = DIRECTION('',(-0.866025403784,-0.5,0.));
#2563 = PCURVE('',#845,#2564);
#2564 = DEFINITIONAL_REPRESENTATION('',(#2565),#2568);
#2565 = B_SPLINE_CURVE_WITH_KNOTS('',1,(#2566,#2567),.UNSPECIFIED.,.F.,
  .F.,(2,2),(-1.,3.),.PIECEWISE_BEZIER_KNOTS.);
#2566 = CARTESIAN_POINT('',(0.5,0.));
#2567 = CARTESIAN_POINT('',(0.5,-4.));
#2568 = ( GEOMETRIC_REPRESENTATION_CONTEXT(2) 
PARAMETRIC_REPRESENTATION_CONTEXT() REPRESENTATION_CONTEXT('2D SPACE',''
  ) );
#2569 = PCURVE('',#1811,#2570);
#2570 = DEFINITIONAL_REPRESENTATION('',(#2571),#2574);
#2571 = B_SPLINE_CURVE_WITH_KNOTS('',1,(#2572,#2573),.UNSPECIFIED.,.F.,
  .F.,(2,2),(-1.,3.),.PIECEWISE_BEZIER_KNOTS.);
#2572 = CARTESIAN_POINT('',(-8.767949192431,19.186533479473));
#2573 = CARTESIAN_POINT('',(-12.23205080756,17.186533479473));
#2574 = ( GEOMETRIC_REPRESENTATION_CONTEXT(2) 
PARAMETRIC_REPRESENTATION_CONTEXT() REPRESENTATION_CONTEXT('2D SPACE',''
  ) );
#2575 = ORIENTED_EDGE('',*,*,#2508,.T.);
#2576 = ORIENTED_EDGE('',*,*,#829,.F.);
#2577 = ADVANCED_FACE('',(#2578),#817,.F.);
#2578 = FACE_BOUND('',#2579,.F.);
#2579 = EDGE_LOOP('',(#2580,#2603,#2622,#2623,#2624));
#2580 = ORIENTED_EDGE('',*,*,#2581,.F.);
#2581 = EDGE_CURVE('',#2582,#1538,#2584,.T.);
#2582 = VERTEX_POINT('',#2583);
#2583 = CARTESIAN_POINT('',(-10.26794919243,21.784609690827,35.5));
#2584 = SURFACE_CURVE('',#2585,(#2589,#2596),.PCURVE_S1.);
#2585 = LINE('',#2586,#2587);
#2586 = CARTESIAN_POINT('',(-10.26794919243,21.784609690827,35.));
#2587 = VECTOR('',#2588,1.);
#2588 = DIRECTION('',(0.,0.,1.));
#2589 = PCURVE('',#817,#2590);
#2590 = DEFINITIONAL_REPRESENTATION('',(#2591),#2595);
#2591 = LINE('',#2592,#2593);
#2592 = CARTESIAN_POINT('',(0.,3.));
#2593 = VECTOR('',#2594,1.);
#2594 = DIRECTION('',(1.,0.));
#2595 = ( GEOMETRIC_REPRESENTATION_CONTEXT(2) 
PARAMETRIC_REPRESENTATION_CONTEXT() REPRESENTATION_CONTEXT('2D SPACE',''
  ) );
#2596 = PCURVE('',#1574,#2597);
#2597 = DEFINITIONAL_REPRESENTATION('',(#2598),#2602);
#2598 = LINE('',#2599,#2600);
#2599 = CARTESIAN_POINT('',(0.,0.));
#2600 = VECTOR('',#2601,1.);
#2601 = DIRECTION('',(1.,0.));
#2602 = ( GEOMETRIC_REPRESENTATION_CONTEXT(2) 
PARAMETRIC_REPRESENTATION_CONTEXT() REPRESENTATION_CONTEXT('2D SPACE',''
  ) );
#2603 = ORIENTED_EDGE('',*,*,#2604,.T.);
#2604 = EDGE_CURVE('',#2582,#2535,#2605,.T.);
#2605 = SURFACE_CURVE('',#2606,(#2610,#2616),.PCURVE_S1.);
#2606 = LINE('',#2607,#2608);
#2607 = CARTESIAN_POINT('',(-3.517949192431,10.093266739737,35.5));
#2608 = VECTOR('',#2609,1.);
#2609 = DIRECTION('',(0.5,-0.866025403784,0.));
#2610 = PCURVE('',#817,#2611);
#2611 = DEFINITIONAL_REPRESENTATION('',(#2612),#2615);
#2612 = B_SPLINE_CURVE_WITH_KNOTS('',1,(#2613,#2614),.UNSPECIFIED.,.F.,
  .F.,(2,2),(-13.5,-10.5),.PIECEWISE_BEZIER_KNOTS.);
#2613 = CARTESIAN_POINT('',(0.5,3.));
#2614 = CARTESIAN_POINT('',(0.5,0.));
#2615 = ( GEOMETRIC_REPRESENTATION_CONTEXT(2) 
PARAMETRIC_REPRESENTATION_CONTEXT() REPRESENTATION_CONTEXT('2D SPACE',''
  ) );
#2616 = PCURVE('',#1811,#2617);
#2617 = DEFINITIONAL_REPRESENTATION('',(#2618),#2621);
#2618 = B_SPLINE_CURVE_WITH_KNOTS('',1,(#2619,#2620),.UNSPECIFIED.,.F.,
  .F.,(2,2),(-13.5,-10.5),.PIECEWISE_BEZIER_KNOTS.);
#2619 = CARTESIAN_POINT('',(-10.26794919243,21.784609690827));
#2620 = CARTESIAN_POINT('',(-8.767949192431,19.186533479473));
#2621 = ( GEOMETRIC_REPRESENTATION_CONTEXT(2) 
PARAMETRIC_REPRESENTATION_CONTEXT() REPRESENTATION_CONTEXT('2D SPACE',''
  ) );
#2622 = ORIENTED_EDGE('',*,*,#2534,.T.);
#2623 = ORIENTED_EDGE('',*,*,#801,.T.);
#2624 = ORIENTED_EDGE('',*,*,#1537,.T.);
#2625 = ADVANCED_FACE('',(#2626),#788,.T.);
#2626 = FACE_BOUND('',#2627,.T.);
#2627 = EDGE_LOOP('',(#2628,#2651,#2672,#2693,#2694));
#2628 = ORIENTED_EDGE('',*,*,#2629,.F.);
#2629 = EDGE_CURVE('',#2630,#1388,#2632,.T.);
#2630 = VERTEX_POINT('',#2631);
#2631 = CARTESIAN_POINT('',(10.267949192431,21.784609690827,35.5));
#2632 = SURFACE_CURVE('',#2633,(#2637,#2644),.PCURVE_S1.);
#2633 = LINE('',#2634,#2635);
#2634 = CARTESIAN_POINT('',(10.267949192431,21.784609690827,35.));
#2635 = VECTOR('',#2636,1.);
#2636 = DIRECTION('',(0.,0.,1.));
#2637 = PCURVE('',#788,#2638);
#2638 = DEFINITIONAL_REPRESENTATION('',(#2639),#2643);
#2639 = LINE('',#2640,#2641);
#2640 = CARTESIAN_POINT('',(0.,3.));
#2641 = VECTOR('',#2642,1.);
#2642 = DIRECTION('',(1.,0.));
#2643 = ( GEOMETRIC_REPRESENTATION_CONTEXT(2) 
PARAMETRIC_REPRESENTATION_CONTEXT() REPRESENTATION_CONTEXT('2D SPACE',''
  ) );
#2644 = PCURVE('',#1372,#2645);
#2645 = DEFINITIONAL_REPRESENTATION('',(#2646),#2650);
#2646 = LINE('',#2647,#2648);
#2647 = CARTESIAN_POINT('',(0.,-4.));
#2648 = VECTOR('',#2649,1.);
#2649 = DIRECTION('',(1.,0.));
#2650 = ( GEOMETRIC_REPRESENTATION_CONTEXT(2) 
PARAMETRIC_REPRESENTATION_CONTEXT() REPRESENTATION_CONTEXT('2D SPACE',''
  ) );
#2651 = ORIENTED_EDGE('',*,*,#2652,.T.);
#2652 = EDGE_CURVE('',#2630,#2653,#2655,.T.);
#2653 = VERTEX_POINT('',#2654);
#2654 = CARTESIAN_POINT('',(8.767949192431,19.186533479473,35.5));
#2655 = SURFACE_CURVE('',#2656,(#2660,#2666),.PCURVE_S1.);
#2656 = LINE('',#2657,#2658);
#2657 = CARTESIAN_POINT('',(3.517949192431,10.093266739737,35.5));
#2658 = VECTOR('',#2659,1.);
#2659 = DIRECTION('',(-0.5,-0.866025403784,0.));
#2660 = PCURVE('',#788,#2661);
#2661 = DEFINITIONAL_REPRESENTATION('',(#2662),#2665);
#2662 = B_SPLINE_CURVE_WITH_KNOTS('',1,(#2663,#2664),.UNSPECIFIED.,.F.,
  .F.,(2,2),(-13.5,-10.5),.PIECEWISE_BEZIER_KNOTS.);
#2663 = CARTESIAN_POINT('',(0.5,3.));
#2664 = CARTESIAN_POINT('',(0.5,0.));
#2665 = ( GEOMETRIC_REPRESENTATION_CONTEXT(2) 
PARAMETRIC_REPRESENTATION_CONTEXT() REPRESENTATION_CONTEXT('2D SPACE',''
  ) );
#2666 = PCURVE('',#1811,#2667);
#2667 = DEFINITIONAL_REPRESENTATION('',(#2668),#2671);
#2668 = B_SPLINE_CURVE_WITH_KNOTS('',1,(#2669,#2670),.UNSPECIFIED.,.F.,
  .F.,(2,2),(-13.5,-10.5),.PIECEWISE_BEZIER_KNOTS.);
#2669 = CARTESIAN_POINT('',(10.267949192431,21.784609690827));
#2670 = CARTESIAN_POINT('',(8.767949192431,19.186533479473));
#2671 = ( GEOMETRIC_REPRESENTATION_CONTEXT(2) 
PARAMETRIC_REPRESENTATION_CONTEXT() REPRESENTATION_CONTEXT('2D SPACE',''
  ) );
#2672 = ORIENTED_EDGE('',*,*,#2673,.T.);
#2673 = EDGE_CURVE('',#2653,#747,#2674,.T.);
#2674 = SURFACE_CURVE('',#2675,(#2679,#2686),.PCURVE_S1.);
#2675 = LINE('',#2676,#2677);
#2676 = CARTESIAN_POINT('',(8.767949192431,19.186533479473,35.));
#2677 = VECTOR('',#2678,1.);
#2678 = DIRECTION('',(0.,0.,1.));
#2679 = PCURVE('',#788,#2680);
#2680 = DEFINITIONAL_REPRESENTATION('',(#2681),#2685);
#2681 = LINE('',#2682,#2683);
#2682 = CARTESIAN_POINT('',(0.,0.));
#2683 = VECTOR('',#2684,1.);
#2684 = DIRECTION('',(1.,0.));
#2685 = ( GEOMETRIC_REPRESENTATION_CONTEXT(2) 
PARAMETRIC_REPRESENTATION_CONTEXT() REPRESENTATION_CONTEXT('2D SPACE',''
  ) );
#2686 = PCURVE('',#762,#2687);
#2687 = DEFINITIONAL_REPRESENTATION('',(#2688),#2692);
#2688 = LINE('',#2689,#2690);
#2689 = CARTESIAN_POINT('',(0.,-4.));
#2690 = VECTOR('',#2691,1.);
#2691 = DIRECTION('',(1.,0.));
#2692 = ( GEOMETRIC_REPRESENTATION_CONTEXT(2) 
PARAMETRIC_REPRESENTATION_CONTEXT() REPRESENTATION_CONTEXT('2D SPACE',''
  ) );
#2693 = ORIENTED_EDGE('',*,*,#774,.T.);
#2694 = ORIENTED_EDGE('',*,*,#1387,.T.);
#2695 = ADVANCED_FACE('',(#2696),#762,.F.);
#2696 = FACE_BOUND('',#2697,.F.);
#2697 = EDGE_LOOP('',(#2698,#2721,#2740,#2741));
#2698 = ORIENTED_EDGE('',*,*,#2699,.F.);
#2699 = EDGE_CURVE('',#2700,#719,#2702,.T.);
#2700 = VERTEX_POINT('',#2701);
#2701 = CARTESIAN_POINT('',(12.232050807569,17.186533479473,35.5));
#2702 = SURFACE_CURVE('',#2703,(#2707,#2714),.PCURVE_S1.);
#2703 = LINE('',#2704,#2705);
#2704 = CARTESIAN_POINT('',(12.232050807569,17.186533479473,35.));
#2705 = VECTOR('',#2706,1.);
#2706 = DIRECTION('',(0.,0.,1.));
#2707 = PCURVE('',#762,#2708);
#2708 = DEFINITIONAL_REPRESENTATION('',(#2709),#2713);
#2709 = LINE('',#2710,#2711);
#2710 = CARTESIAN_POINT('',(0.,0.));
#2711 = VECTOR('',#2712,1.);
#2712 = DIRECTION('',(1.,0.));
#2713 = ( GEOMETRIC_REPRESENTATION_CONTEXT(2) 
PARAMETRIC_REPRESENTATION_CONTEXT() REPRESENTATION_CONTEXT('2D SPACE',''
  ) );
#2714 = PCURVE('',#734,#2715);
#2715 = DEFINITIONAL_REPRESENTATION('',(#2716),#2720);
#2716 = LINE('',#2717,#2718);
#2717 = CARTESIAN_POINT('',(0.,0.));
#2718 = VECTOR('',#2719,1.);
#2719 = DIRECTION('',(1.,0.));
#2720 = ( GEOMETRIC_REPRESENTATION_CONTEXT(2) 
PARAMETRIC_REPRESENTATION_CONTEXT() REPRESENTATION_CONTEXT('2D SPACE',''
  ) );
#2721 = ORIENTED_EDGE('',*,*,#2722,.T.);
#2722 = EDGE_CURVE('',#2700,#2653,#2723,.T.);
#2723 = SURFACE_CURVE('',#2724,(#2728,#2734),.PCURVE_S1.);
#2724 = LINE('',#2725,#2726);
#2725 = CARTESIAN_POINT('',(11.366025403784,17.686533479473,35.5));
#2726 = VECTOR('',#2727,1.);
#2727 = DIRECTION('',(-0.866025403784,0.5,0.));
#2728 = PCURVE('',#762,#2729);
#2729 = DEFINITIONAL_REPRESENTATION('',(#2730),#2733);
#2730 = B_SPLINE_CURVE_WITH_KNOTS('',1,(#2731,#2732),.UNSPECIFIED.,.F.,
  .F.,(2,2),(-1.,3.),.PIECEWISE_BEZIER_KNOTS.);
#2731 = CARTESIAN_POINT('',(0.5,0.));
#2732 = CARTESIAN_POINT('',(0.5,-4.));
#2733 = ( GEOMETRIC_REPRESENTATION_CONTEXT(2) 
PARAMETRIC_REPRESENTATION_CONTEXT() REPRESENTATION_CONTEXT('2D SPACE',''
  ) );
#2734 = PCURVE('',#1811,#2735);
#2735 = DEFINITIONAL_REPRESENTATION('',(#2736),#2739);
#2736 = B_SPLINE_CURVE_WITH_KNOTS('',1,(#2737,#2738),.UNSPECIFIED.,.F.,
  .F.,(2,2),(-1.,3.),.PIECEWISE_BEZIER_KNOTS.);
#2737 = CARTESIAN_POINT('',(12.232050807569,17.186533479473));
#2738 = CARTESIAN_POINT('',(8.767949192431,19.186533479473));
#2739 = ( GEOMETRIC_REPRESENTATION_CONTEXT(2) 
PARAMETRIC_REPRESENTATION_CONTEXT() REPRESENTATION_CONTEXT('2D SPACE',''
  ) );
#2740 = ORIENTED_EDGE('',*,*,#2673,.T.);
#2741 = ORIENTED_EDGE('',*,*,#746,.F.);
#2742 = ADVANCED_FACE('',(#2743),#734,.F.);
#2743 = FACE_BOUND('',#2744,.F.);
#2744 = EDGE_LOOP('',(#2745,#2768,#2787,#2788,#2789));
#2745 = ORIENTED_EDGE('',*,*,#2746,.F.);
#2746 = EDGE_CURVE('',#2747,#1336,#2749,.T.);
#2747 = VERTEX_POINT('',#2748);
#2748 = CARTESIAN_POINT('',(13.732050807569,19.784609690827,35.5));
#2749 = SURFACE_CURVE('',#2750,(#2754,#2761),.PCURVE_S1.);
#2750 = LINE('',#2751,#2752);
#2751 = CARTESIAN_POINT('',(13.732050807569,19.784609690827,35.));
#2752 = VECTOR('',#2753,1.);
#2753 = DIRECTION('',(0.,0.,1.));
#2754 = PCURVE('',#734,#2755);
#2755 = DEFINITIONAL_REPRESENTATION('',(#2756),#2760);
#2756 = LINE('',#2757,#2758);
#2757 = CARTESIAN_POINT('',(0.,3.));
#2758 = VECTOR('',#2759,1.);
#2759 = DIRECTION('',(1.,0.));
#2760 = ( GEOMETRIC_REPRESENTATION_CONTEXT(2) 
PARAMETRIC_REPRESENTATION_CONTEXT() REPRESENTATION_CONTEXT('2D SPACE',''
  ) );
#2761 = PCURVE('',#1372,#2762);
#2762 = DEFINITIONAL_REPRESENTATION('',(#2763),#2767);
#2763 = LINE('',#2764,#2765);
#2764 = CARTESIAN_POINT('',(0.,0.));
#2765 = VECTOR('',#2766,1.);
#2766 = DIRECTION('',(1.,0.));
#2767 = ( GEOMETRIC_REPRESENTATION_CONTEXT(2) 
PARAMETRIC_REPRESENTATION_CONTEXT() REPRESENTATION_CONTEXT('2D SPACE',''
  ) );
#2768 = ORIENTED_EDGE('',*,*,#2769,.T.);
#2769 = EDGE_CURVE('',#2747,#2700,#2770,.T.);
#2770 = SURFACE_CURVE('',#2771,(#2775,#2781),.PCURVE_S1.);
#2771 = LINE('',#2772,#2773);
#2772 = CARTESIAN_POINT('',(6.982050807569,8.093266739737,35.5));
#2773 = VECTOR('',#2774,1.);
#2774 = DIRECTION('',(-0.5,-0.866025403784,0.));
#2775 = PCURVE('',#734,#2776);
#2776 = DEFINITIONAL_REPRESENTATION('',(#2777),#2780);
#2777 = B_SPLINE_CURVE_WITH_KNOTS('',1,(#2778,#2779),.UNSPECIFIED.,.F.,
  .F.,(2,2),(-13.5,-10.5),.PIECEWISE_BEZIER_KNOTS.);
#2778 = CARTESIAN_POINT('',(0.5,3.));
#2779 = CARTESIAN_POINT('',(0.5,0.));
#2780 = ( GEOMETRIC_REPRESENTATION_CONTEXT(2) 
PARAMETRIC_REPRESENTATION_CONTEXT() REPRESENTATION_CONTEXT('2D SPACE',''
  ) );
#2781 = PCURVE('',#1811,#2782);
#2782 = DEFINITIONAL_REPRESENTATION('',(#2783),#2786);
#2783 = B_SPLINE_CURVE_WITH_KNOTS('',1,(#2784,#2785),.UNSPECIFIED.,.F.,
  .F.,(2,2),(-13.5,-10.5),.PIECEWISE_BEZIER_KNOTS.);
#2784 = CARTESIAN_POINT('',(13.732050807569,19.784609690827));
#2785 = CARTESIAN_POINT('',(12.232050807569,17.186533479473));
#2786 = ( GEOMETRIC_REPRESENTATION_CONTEXT(2) 
PARAMETRIC_REPRESENTATION_CONTEXT() REPRESENTATION_CONTEXT('2D SPACE',''
  ) );
#2787 = ORIENTED_EDGE('',*,*,#2699,.T.);
#2788 = ORIENTED_EDGE('',*,*,#718,.T.);
#2789 = ORIENTED_EDGE('',*,*,#1335,.T.);
#2790 = ADVANCED_FACE('',(#2791),#1271,.T.);
#2791 = FACE_BOUND('',#2792,.T.);
#2792 = EDGE_LOOP('',(#2793,#2794,#2813,#2814,#2815));
#2793 = ORIENTED_EDGE('',*,*,#2086,.F.);
#2794 = ORIENTED_EDGE('',*,*,#2795,.T.);
#2795 = EDGE_CURVE('',#2087,#1970,#2796,.T.);
#2796 = SURFACE_CURVE('',#2797,(#2801,#2807),.PCURVE_S1.);
#2797 = LINE('',#2798,#2799);
#2798 = CARTESIAN_POINT('',(11.133974596216,-21.28460969082,35.5));
#2799 = VECTOR('',#2800,1.);
#2800 = DIRECTION('',(0.866025403784,0.5,-0.));
#2801 = PCURVE('',#1271,#2802);
#2802 = DEFINITIONAL_REPRESENTATION('',(#2803),#2806);
#2803 = B_SPLINE_CURVE_WITH_KNOTS('',1,(#2804,#2805),.UNSPECIFIED.,.F.,
  .F.,(2,2),(-1.,3.),.PIECEWISE_BEZIER_KNOTS.);
#2804 = CARTESIAN_POINT('',(0.5,0.));
#2805 = CARTESIAN_POINT('',(0.5,-4.));
#2806 = ( GEOMETRIC_REPRESENTATION_CONTEXT(2) 
PARAMETRIC_REPRESENTATION_CONTEXT() REPRESENTATION_CONTEXT('2D SPACE',''
  ) );
#2807 = PCURVE('',#1811,#2808);
#2808 = DEFINITIONAL_REPRESENTATION('',(#2809),#2812);
#2809 = B_SPLINE_CURVE_WITH_KNOTS('',1,(#2810,#2811),.UNSPECIFIED.,.F.,
  .F.,(2,2),(-1.,3.),.PIECEWISE_BEZIER_KNOTS.);
#2810 = CARTESIAN_POINT('',(10.267949192431,-21.78460969082));
#2811 = CARTESIAN_POINT('',(13.732050807569,-19.78460969082));
#2812 = ( GEOMETRIC_REPRESENTATION_CONTEXT(2) 
PARAMETRIC_REPRESENTATION_CONTEXT() REPRESENTATION_CONTEXT('2D SPACE',''
  ) );
#2813 = ORIENTED_EDGE('',*,*,#1969,.T.);
#2814 = ORIENTED_EDGE('',*,*,#1257,.F.);
#2815 = ORIENTED_EDGE('',*,*,#1310,.F.);
#2816 = ADVANCED_FACE('',(#2817),#1372,.T.);
#2817 = FACE_BOUND('',#2818,.T.);
#2818 = EDGE_LOOP('',(#2819,#2820,#2839,#2840,#2841));
#2819 = ORIENTED_EDGE('',*,*,#2746,.F.);
#2820 = ORIENTED_EDGE('',*,*,#2821,.T.);
#2821 = EDGE_CURVE('',#2747,#2630,#2822,.T.);
#2822 = SURFACE_CURVE('',#2823,(#2827,#2833),.PCURVE_S1.);
#2823 = LINE('',#2824,#2825);
#2824 = CARTESIAN_POINT('',(12.866025403784,20.284609690827,35.5));
#2825 = VECTOR('',#2826,1.);
#2826 = DIRECTION('',(-0.866025403784,0.5,0.));
#2827 = PCURVE('',#1372,#2828);
#2828 = DEFINITIONAL_REPRESENTATION('',(#2829),#2832);
#2829 = B_SPLINE_CURVE_WITH_KNOTS('',1,(#2830,#2831),.UNSPECIFIED.,.F.,
  .F.,(2,2),(-1.,3.),.PIECEWISE_BEZIER_KNOTS.);
#2830 = CARTESIAN_POINT('',(0.5,0.));
#2831 = CARTESIAN_POINT('',(0.5,-4.));
#2832 = ( GEOMETRIC_REPRESENTATION_CONTEXT(2) 
PARAMETRIC_REPRESENTATION_CONTEXT() REPRESENTATION_CONTEXT('2D SPACE',''
  ) );
#2833 = PCURVE('',#1811,#2834);
#2834 = DEFINITIONAL_REPRESENTATION('',(#2835),#2838);
#2835 = B_SPLINE_CURVE_WITH_KNOTS('',1,(#2836,#2837),.UNSPECIFIED.,.F.,
  .F.,(2,2),(-1.,3.),.PIECEWISE_BEZIER_KNOTS.);
#2836 = CARTESIAN_POINT('',(13.732050807569,19.784609690827));
#2837 = CARTESIAN_POINT('',(10.267949192431,21.784609690827));
#2838 = ( GEOMETRIC_REPRESENTATION_CONTEXT(2) 
PARAMETRIC_REPRESENTATION_CONTEXT() REPRESENTATION_CONTEXT('2D SPACE',''
  ) );
#2839 = ORIENTED_EDGE('',*,*,#2629,.T.);
#2840 = ORIENTED_EDGE('',*,*,#1411,.F.);
#2841 = ORIENTED_EDGE('',*,*,#1358,.F.);
#2842 = ADVANCED_FACE('',(#2843),#1473,.T.);
#2843 = FACE_BOUND('',#2844,.T.);
#2844 = EDGE_LOOP('',(#2845,#2846,#2865,#2866,#2867));
#2845 = ORIENTED_EDGE('',*,*,#2251,.F.);
#2846 = ORIENTED_EDGE('',*,*,#2847,.T.);
#2847 = EDGE_CURVE('',#2252,#2135,#2848,.T.);
#2848 = SURFACE_CURVE('',#2849,(#2853,#2859),.PCURVE_S1.);
#2849 = LINE('',#2850,#2851);
#2850 = CARTESIAN_POINT('',(-12.86602540378,-20.28460969082,35.5));
#2851 = VECTOR('',#2852,1.);
#2852 = DIRECTION('',(0.866025403784,-0.5,0.));
#2853 = PCURVE('',#1473,#2854);
#2854 = DEFINITIONAL_REPRESENTATION('',(#2855),#2858);
#2855 = B_SPLINE_CURVE_WITH_KNOTS('',1,(#2856,#2857),.UNSPECIFIED.,.F.,
  .F.,(2,2),(-1.,3.),.PIECEWISE_BEZIER_KNOTS.);
#2856 = CARTESIAN_POINT('',(0.5,0.));
#2857 = CARTESIAN_POINT('',(0.5,-4.));
#2858 = ( GEOMETRIC_REPRESENTATION_CONTEXT(2) 
PARAMETRIC_REPRESENTATION_CONTEXT() REPRESENTATION_CONTEXT('2D SPACE',''
  ) );
#2859 = PCURVE('',#1811,#2860);
#2860 = DEFINITIONAL_REPRESENTATION('',(#2861),#2864);
#2861 = B_SPLINE_CURVE_WITH_KNOTS('',1,(#2862,#2863),.UNSPECIFIED.,.F.,
  .F.,(2,2),(-1.,3.),.PIECEWISE_BEZIER_KNOTS.);
#2862 = CARTESIAN_POINT('',(-13.73205080756,-19.78460969082));
#2863 = CARTESIAN_POINT('',(-10.26794919243,-21.78460969082));
#2864 = ( GEOMETRIC_REPRESENTATION_CONTEXT(2) 
PARAMETRIC_REPRESENTATION_CONTEXT() REPRESENTATION_CONTEXT('2D SPACE',''
  ) );
#2865 = ORIENTED_EDGE('',*,*,#2134,.T.);
#2866 = ORIENTED_EDGE('',*,*,#1459,.F.);
#2867 = ORIENTED_EDGE('',*,*,#1512,.F.);
#2868 = ADVANCED_FACE('',(#2869),#1574,.T.);
#2869 = FACE_BOUND('',#2870,.T.);
#2870 = EDGE_LOOP('',(#2871,#2872,#2891,#2892,#2893));
#2871 = ORIENTED_EDGE('',*,*,#2581,.F.);
#2872 = ORIENTED_EDGE('',*,*,#2873,.T.);
#2873 = EDGE_CURVE('',#2582,#2465,#2874,.T.);
#2874 = SURFACE_CURVE('',#2875,(#2879,#2885),.PCURVE_S1.);
#2875 = LINE('',#2876,#2877);
#2876 = CARTESIAN_POINT('',(-11.13397459621,21.284609690827,35.5));
#2877 = VECTOR('',#2878,1.);
#2878 = DIRECTION('',(-0.866025403784,-0.5,0.));
#2879 = PCURVE('',#1574,#2880);
#2880 = DEFINITIONAL_REPRESENTATION('',(#2881),#2884);
#2881 = B_SPLINE_CURVE_WITH_KNOTS('',1,(#2882,#2883),.UNSPECIFIED.,.F.,
  .F.,(2,2),(-1.,3.),.PIECEWISE_BEZIER_KNOTS.);
#2882 = CARTESIAN_POINT('',(0.5,0.));
#2883 = CARTESIAN_POINT('',(0.5,-4.));
#2884 = ( GEOMETRIC_REPRESENTATION_CONTEXT(2) 
PARAMETRIC_REPRESENTATION_CONTEXT() REPRESENTATION_CONTEXT('2D SPACE',''
  ) );
#2885 = PCURVE('',#1811,#2886);
#2886 = DEFINITIONAL_REPRESENTATION('',(#2887),#2890);
#2887 = B_SPLINE_CURVE_WITH_KNOTS('',1,(#2888,#2889),.UNSPECIFIED.,.F.,
  .F.,(2,2),(-1.,3.),.PIECEWISE_BEZIER_KNOTS.);
#2888 = CARTESIAN_POINT('',(-10.26794919243,21.784609690827));
#2889 = CARTESIAN_POINT('',(-13.73205080756,19.784609690827));
#2890 = ( GEOMETRIC_REPRESENTATION_CONTEXT(2) 
PARAMETRIC_REPRESENTATION_CONTEXT() REPRESENTATION_CONTEXT('2D SPACE',''
  ) );
#2891 = ORIENTED_EDGE('',*,*,#2464,.T.);
#2892 = ORIENTED_EDGE('',*,*,#1613,.F.);
#2893 = ORIENTED_EDGE('',*,*,#1560,.F.);
#2894 = ADVANCED_FACE('',(#2895),#1675,.T.);
#2895 = FACE_BOUND('',#2896,.T.);
#2896 = EDGE_LOOP('',(#2897,#2898,#2917,#2918,#2919));
#2897 = ORIENTED_EDGE('',*,*,#2416,.F.);
#2898 = ORIENTED_EDGE('',*,*,#2899,.T.);
#2899 = EDGE_CURVE('',#2417,#2300,#2900,.T.);
#2900 = SURFACE_CURVE('',#2901,(#2905,#2911),.PCURVE_S1.);
#2901 = LINE('',#2902,#2903);
#2902 = CARTESIAN_POINT('',(-24.,1.,35.5));
#2903 = VECTOR('',#2904,1.);
#2904 = DIRECTION('',(-1.224646799147E-16,-1.,0.));
#2905 = PCURVE('',#1675,#2906);
#2906 = DEFINITIONAL_REPRESENTATION('',(#2907),#2910);
#2907 = B_SPLINE_CURVE_WITH_KNOTS('',1,(#2908,#2909),.UNSPECIFIED.,.F.,
  .F.,(2,2),(-1.,3.),.PIECEWISE_BEZIER_KNOTS.);
#2908 = CARTESIAN_POINT('',(0.5,0.));
#2909 = CARTESIAN_POINT('',(0.5,-4.));
#2910 = ( GEOMETRIC_REPRESENTATION_CONTEXT(2) 
PARAMETRIC_REPRESENTATION_CONTEXT() REPRESENTATION_CONTEXT('2D SPACE',''
  ) );
#2911 = PCURVE('',#1811,#2912);
#2912 = DEFINITIONAL_REPRESENTATION('',(#2913),#2916);
#2913 = B_SPLINE_CURVE_WITH_KNOTS('',1,(#2914,#2915),.UNSPECIFIED.,.F.,
  .F.,(2,2),(-1.,3.),.PIECEWISE_BEZIER_KNOTS.);
#2914 = CARTESIAN_POINT('',(-24.,2.));
#2915 = CARTESIAN_POINT('',(-24.,-2.));
#2916 = ( GEOMETRIC_REPRESENTATION_CONTEXT(2) 
PARAMETRIC_REPRESENTATION_CONTEXT() REPRESENTATION_CONTEXT('2D SPACE',''
  ) );
#2917 = ORIENTED_EDGE('',*,*,#2299,.T.);
#2918 = ORIENTED_EDGE('',*,*,#1661,.F.);
#2919 = ORIENTED_EDGE('',*,*,#1714,.F.);
#2920 = ADVANCED_FACE('',(#2921),#1758,.F.);
#2921 = FACE_BOUND('',#2922,.F.);
#2922 = EDGE_LOOP('',(#2923,#2924,#2947,#2974));
#2923 = ORIENTED_EDGE('',*,*,#1741,.F.);
#2924 = ORIENTED_EDGE('',*,*,#2925,.F.);
#2925 = EDGE_CURVE('',#2926,#1742,#2928,.T.);
#2926 = VERTEX_POINT('',#2927);
#2927 = CARTESIAN_POINT('',(12.,-2.939152317954E-15,45.2));
#2928 = SEAM_CURVE('',#2929,(#2933,#2940),.PCURVE_S1.);
#2929 = LINE('',#2930,#2931);
#2930 = CARTESIAN_POINT('',(12.,-2.939152317954E-15,45.2));
#2931 = VECTOR('',#2932,1.);
#2932 = DIRECTION('',(0.,0.,1.));
#2933 = PCURVE('',#1758,#2934);
#2934 = DEFINITIONAL_REPRESENTATION('',(#2935),#2939);
#2935 = LINE('',#2936,#2937);
#2936 = CARTESIAN_POINT('',(6.28318530718,-0.));
#2937 = VECTOR('',#2938,1.);
#2938 = DIRECTION('',(0.,1.));
#2939 = ( GEOMETRIC_REPRESENTATION_CONTEXT(2) 
PARAMETRIC_REPRESENTATION_CONTEXT() REPRESENTATION_CONTEXT('2D SPACE',''
  ) );
#2940 = PCURVE('',#1758,#2941);
#2941 = DEFINITIONAL_REPRESENTATION('',(#2942),#2946);
#2942 = LINE('',#2943,#2944);
#2943 = CARTESIAN_POINT('',(0.,-0.));
#2944 = VECTOR('',#2945,1.);
#2945 = DIRECTION('',(0.,1.));
#2946 = ( GEOMETRIC_REPRESENTATION_CONTEXT(2) 
PARAMETRIC_REPRESENTATION_CONTEXT() REPRESENTATION_CONTEXT('2D SPACE',''
  ) );
#2947 = ORIENTED_EDGE('',*,*,#2948,.T.);
#2948 = EDGE_CURVE('',#2926,#2926,#2949,.T.);
#2949 = SURFACE_CURVE('',#2950,(#2955,#2962),.PCURVE_S1.);
#2950 = CIRCLE('',#2951,12.);
#2951 = AXIS2_PLACEMENT_3D('',#2952,#2953,#2954);
#2952 = CARTESIAN_POINT('',(0.,0.,45.2));
#2953 = DIRECTION('',(0.,0.,1.));
#2954 = DIRECTION('',(1.,0.,-0.));
#2955 = PCURVE('',#1758,#2956);
#2956 = DEFINITIONAL_REPRESENTATION('',(#2957),#2961);
#2957 = LINE('',#2958,#2959);
#2958 = CARTESIAN_POINT('',(0.,0.));
#2959 = VECTOR('',#2960,1.);
#2960 = DIRECTION('',(1.,0.));
#2961 = ( GEOMETRIC_REPRESENTATION_CONTEXT(2) 
PARAMETRIC_REPRESENTATION_CONTEXT() REPRESENTATION_CONTEXT('2D SPACE',''
  ) );
#2962 = PCURVE('',#2963,#2968);
#2963 = PLANE('',#2964);
#2964 = AXIS2_PLACEMENT_3D('',#2965,#2966,#2967);
#2965 = CARTESIAN_POINT('',(0.,0.,45.2));
#2966 = DIRECTION('',(0.,0.,1.));
#2967 = DIRECTION('',(1.,0.,-0.));
#2968 = DEFINITIONAL_REPRESENTATION('',(#2969),#2973);
#2969 = CIRCLE('',#2970,12.);
#2970 = AXIS2_PLACEMENT_2D('',#2971,#2972);
#2971 = CARTESIAN_POINT('',(0.,0.));
#2972 = DIRECTION('',(1.,0.));
#2973 = ( GEOMETRIC_REPRESENTATION_CONTEXT(2) 
PARAMETRIC_REPRESENTATION_CONTEXT() REPRESENTATION_CONTEXT('2D SPACE',''
  ) );
#2974 = ORIENTED_EDGE('',*,*,#2925,.T.);
#2975 = ADVANCED_FACE('',(#2976,#3007,#3013,#3019,#3050,#3056,#3062,
    #3068),#1811,.T.);
#2976 = FACE_BOUND('',#2977,.T.);
#2977 = EDGE_LOOP('',(#2978));
#2978 = ORIENTED_EDGE('',*,*,#2979,.T.);
#2979 = EDGE_CURVE('',#2980,#2980,#2982,.T.);
#2980 = VERTEX_POINT('',#2981);
#2981 = CARTESIAN_POINT('',(26.,-6.368163355566E-15,35.5));
#2982 = SURFACE_CURVE('',#2983,(#2988,#2995),.PCURVE_S1.);
#2983 = CIRCLE('',#2984,26.);
#2984 = AXIS2_PLACEMENT_3D('',#2985,#2986,#2987);
#2985 = CARTESIAN_POINT('',(0.,0.,35.5));
#2986 = DIRECTION('',(0.,0.,1.));
#2987 = DIRECTION('',(1.,0.,-0.));
#2988 = PCURVE('',#1811,#2989);
#2989 = DEFINITIONAL_REPRESENTATION('',(#2990),#2994);
#2990 = CIRCLE('',#2991,26.);
#2991 = AXIS2_PLACEMENT_2D('',#2992,#2993);
#2992 = CARTESIAN_POINT('',(0.,0.));
#2993 = DIRECTION('',(1.,0.));
#2994 = ( GEOMETRIC_REPRESENTATION_CONTEXT(2) 
PARAMETRIC_REPRESENTATION_CONTEXT() REPRESENTATION_CONTEXT('2D SPACE',''
  ) );
#2995 = PCURVE('',#2996,#3001);
#2996 = CYLINDRICAL_SURFACE('',#2997,26.);
#2997 = AXIS2_PLACEMENT_3D('',#2998,#2999,#3000);
#2998 = CARTESIAN_POINT('',(0.,0.,34.5));
#2999 = DIRECTION('',(0.,0.,1.));
#3000 = DIRECTION('',(1.,0.,-0.));
#3001 = DEFINITIONAL_REPRESENTATION('',(#3002),#3006);
#3002 = LINE('',#3003,#3004);
#3003 = CARTESIAN_POINT('',(0.,1.));
#3004 = VECTOR('',#3005,1.);
#3005 = DIRECTION('',(1.,0.));
#3006 = ( GEOMETRIC_REPRESENTATION_CONTEXT(2) 
PARAMETRIC_REPRESENTATION_CONTEXT() REPRESENTATION_CONTEXT('2D SPACE',''
  ) );
#3007 = FACE_BOUND('',#3008,.T.);
#3008 = EDGE_LOOP('',(#3009,#3010,#3011,#3012));
#3009 = ORIENTED_EDGE('',*,*,#2274,.T.);
#3010 = ORIENTED_EDGE('',*,*,#2227,.T.);
#3011 = ORIENTED_EDGE('',*,*,#2157,.F.);
#3012 = ORIENTED_EDGE('',*,*,#2847,.F.);
#3013 = FACE_BOUND('',#3014,.T.);
#3014 = EDGE_LOOP('',(#3015,#3016,#3017,#3018));
#3015 = ORIENTED_EDGE('',*,*,#2109,.T.);
#3016 = ORIENTED_EDGE('',*,*,#2062,.T.);
#3017 = ORIENTED_EDGE('',*,*,#1992,.F.);
#3018 = ORIENTED_EDGE('',*,*,#2795,.F.);
#3019 = FACE_BOUND('',#3020,.T.);
#3020 = EDGE_LOOP('',(#3021));
#3021 = ORIENTED_EDGE('',*,*,#3022,.F.);
#3022 = EDGE_CURVE('',#3023,#3023,#3025,.T.);
#3023 = VERTEX_POINT('',#3024);
#3024 = CARTESIAN_POINT('',(20.,-4.898587196589E-15,35.5));
#3025 = SURFACE_CURVE('',#3026,(#3031,#3038),.PCURVE_S1.);
#3026 = CIRCLE('',#3027,20.);
#3027 = AXIS2_PLACEMENT_3D('',#3028,#3029,#3030);
#3028 = CARTESIAN_POINT('',(0.,0.,35.5));
#3029 = DIRECTION('',(0.,0.,1.));
#3030 = DIRECTION('',(1.,0.,-0.));
#3031 = PCURVE('',#1811,#3032);
#3032 = DEFINITIONAL_REPRESENTATION('',(#3033),#3037);
#3033 = CIRCLE('',#3034,20.);
#3034 = AXIS2_PLACEMENT_2D('',#3035,#3036);
#3035 = CARTESIAN_POINT('',(0.,0.));
#3036 = DIRECTION('',(1.,0.));
#3037 = ( GEOMETRIC_REPRESENTATION_CONTEXT(2) 
PARAMETRIC_REPRESENTATION_CONTEXT() REPRESENTATION_CONTEXT('2D SPACE',''
  ) );
#3038 = PCURVE('',#3039,#3044);
#3039 = CYLINDRICAL_SURFACE('',#3040,20.);
#3040 = AXIS2_PLACEMENT_3D('',#3041,#3042,#3043);
#3041 = CARTESIAN_POINT('',(0.,0.,29.));
#3042 = DIRECTION('',(0.,0.,1.));
#3043 = DIRECTION('',(1.,0.,-0.));
#3044 = DEFINITIONAL_REPRESENTATION('',(#3045),#3049);
#3045 = LINE('',#3046,#3047);
#3046 = CARTESIAN_POINT('',(0.,6.5));
#3047 = VECTOR('',#3048,1.);
#3048 = DIRECTION('',(1.,0.));
#3049 = ( GEOMETRIC_REPRESENTATION_CONTEXT(2) 
PARAMETRIC_REPRESENTATION_CONTEXT() REPRESENTATION_CONTEXT('2D SPACE',''
  ) );
#3050 = FACE_BOUND('',#3051,.T.);
#3051 = EDGE_LOOP('',(#3052,#3053,#3054,#3055));
#3052 = ORIENTED_EDGE('',*,*,#1849,.T.);
#3053 = ORIENTED_EDGE('',*,*,#1945,.T.);
#3054 = ORIENTED_EDGE('',*,*,#1897,.F.);
#3055 = ORIENTED_EDGE('',*,*,#1796,.F.);
#3056 = FACE_BOUND('',#3057,.T.);
#3057 = EDGE_LOOP('',(#3058,#3059,#3060,#3061));
#3058 = ORIENTED_EDGE('',*,*,#2439,.T.);
#3059 = ORIENTED_EDGE('',*,*,#2392,.T.);
#3060 = ORIENTED_EDGE('',*,*,#2322,.F.);
#3061 = ORIENTED_EDGE('',*,*,#2899,.F.);
#3062 = FACE_BOUND('',#3063,.T.);
#3063 = EDGE_LOOP('',(#3064,#3065,#3066,#3067));
#3064 = ORIENTED_EDGE('',*,*,#2604,.T.);
#3065 = ORIENTED_EDGE('',*,*,#2557,.T.);
#3066 = ORIENTED_EDGE('',*,*,#2487,.F.);
#3067 = ORIENTED_EDGE('',*,*,#2873,.F.);
#3068 = FACE_BOUND('',#3069,.T.);
#3069 = EDGE_LOOP('',(#3070,#3071,#3072,#3073));
#3070 = ORIENTED_EDGE('',*,*,#2769,.T.);
#3071 = ORIENTED_EDGE('',*,*,#2722,.T.);
#3072 = ORIENTED_EDGE('',*,*,#2652,.F.);
#3073 = ORIENTED_EDGE('',*,*,#2821,.F.);
#3074 = ADVANCED_FACE('',(#3075),#2963,.T.);
#3075 = FACE_BOUND('',#3076,.F.);
#3076 = EDGE_LOOP('',(#3077));
#3077 = ORIENTED_EDGE('',*,*,#2948,.F.);
#3078 = ADVANCED_FACE('',(#3079),#2996,.T.);
#3079 = FACE_BOUND('',#3080,.T.);
#3080 = EDGE_LOOP('',(#3081,#3104,#3105,#3106));
#3081 = ORIENTED_EDGE('',*,*,#3082,.T.);
#3082 = EDGE_CURVE('',#3083,#2980,#3085,.T.);
#3083 = VERTEX_POINT('',#3084);
#3084 = CARTESIAN_POINT('',(26.,-6.368163355566E-15,35.));
#3085 = SEAM_CURVE('',#3086,(#3090,#3097),.PCURVE_S1.);
#3086 = LINE('',#3087,#3088);
#3087 = CARTESIAN_POINT('',(26.,-6.368163355566E-15,34.5));
#3088 = VECTOR('',#3089,1.);
#3089 = DIRECTION('',(0.,0.,1.));
#3090 = PCURVE('',#2996,#3091);
#3091 = DEFINITIONAL_REPRESENTATION('',(#3092),#3096);
#3092 = LINE('',#3093,#3094);
#3093 = CARTESIAN_POINT('',(6.28318530718,-0.));
#3094 = VECTOR('',#3095,1.);
#3095 = DIRECTION('',(0.,1.));
#3096 = ( GEOMETRIC_REPRESENTATION_CONTEXT(2) 
PARAMETRIC_REPRESENTATION_CONTEXT() REPRESENTATION_CONTEXT('2D SPACE',''
  ) );
#3097 = PCURVE('',#2996,#3098);
#3098 = DEFINITIONAL_REPRESENTATION('',(#3099),#3103);
#3099 = LINE('',#3100,#3101);
#3100 = CARTESIAN_POINT('',(0.,-0.));
#3101 = VECTOR('',#3102,1.);
#3102 = DIRECTION('',(0.,1.));
#3103 = ( GEOMETRIC_REPRESENTATION_CONTEXT(2) 
PARAMETRIC_REPRESENTATION_CONTEXT() REPRESENTATION_CONTEXT('2D SPACE',''
  ) );
#3104 = ORIENTED_EDGE('',*,*,#2979,.F.);
#3105 = ORIENTED_EDGE('',*,*,#3082,.F.);
#3106 = ORIENTED_EDGE('',*,*,#3107,.T.);
#3107 = EDGE_CURVE('',#3083,#3083,#3108,.T.);
#3108 = SURFACE_CURVE('',#3109,(#3114,#3121),.PCURVE_S1.);
#3109 = CIRCLE('',#3110,26.);
#3110 = AXIS2_PLACEMENT_3D('',#3111,#3112,#3113);
#3111 = CARTESIAN_POINT('',(0.,0.,35.));
#3112 = DIRECTION('',(0.,0.,1.));
#3113 = DIRECTION('',(1.,0.,-0.));
#3114 = PCURVE('',#2996,#3115);
#3115 = DEFINITIONAL_REPRESENTATION('',(#3116),#3120);
#3116 = LINE('',#3117,#3118);
#3117 = CARTESIAN_POINT('',(0.,0.5));
#3118 = VECTOR('',#3119,1.);
#3119 = DIRECTION('',(1.,0.));
#3120 = ( GEOMETRIC_REPRESENTATION_CONTEXT(2) 
PARAMETRIC_REPRESENTATION_CONTEXT() REPRESENTATION_CONTEXT('2D SPACE',''
  ) );
#3121 = PCURVE('',#3122,#3127);
#3122 = PLANE('',#3123);
#3123 = AXIS2_PLACEMENT_3D('',#3124,#3125,#3126);
#3124 = CARTESIAN_POINT('',(0.,0.,35.));
#3125 = DIRECTION('',(0.,0.,1.));
#3126 = DIRECTION('',(1.,0.,-0.));
#3127 = DEFINITIONAL_REPRESENTATION('',(#3128),#3132);
#3128 = CIRCLE('',#3129,26.);
#3129 = AXIS2_PLACEMENT_2D('',#3130,#3131);
#3130 = CARTESIAN_POINT('',(0.,0.));
#3131 = DIRECTION('',(1.,0.));
#3132 = ( GEOMETRIC_REPRESENTATION_CONTEXT(2) 
PARAMETRIC_REPRESENTATION_CONTEXT() REPRESENTATION_CONTEXT('2D SPACE',''
  ) );
#3133 = ADVANCED_FACE('',(#3134),#3039,.F.);
#3134 = FACE_BOUND('',#3135,.F.);
#3135 = EDGE_LOOP('',(#3136,#3137,#3160,#3187));
#3136 = ORIENTED_EDGE('',*,*,#3022,.F.);
#3137 = ORIENTED_EDGE('',*,*,#3138,.F.);
#3138 = EDGE_CURVE('',#3139,#3023,#3141,.T.);
#3139 = VERTEX_POINT('',#3140);
#3140 = CARTESIAN_POINT('',(20.,-4.898587196589E-15,30.));
#3141 = SEAM_CURVE('',#3142,(#3146,#3153),.PCURVE_S1.);
#3142 = LINE('',#3143,#3144);
#3143 = CARTESIAN_POINT('',(20.,-4.898587196589E-15,29.));
#3144 = VECTOR('',#3145,1.);
#3145 = DIRECTION('',(0.,0.,1.));
#3146 = PCURVE('',#3039,#3147);
#3147 = DEFINITIONAL_REPRESENTATION('',(#3148),#3152);
#3148 = LINE('',#3149,#3150);
#3149 = CARTESIAN_POINT('',(6.28318530718,-0.));
#3150 = VECTOR('',#3151,1.);
#3151 = DIRECTION('',(0.,1.));
#3152 = ( GEOMETRIC_REPRESENTATION_CONTEXT(2) 
PARAMETRIC_REPRESENTATION_CONTEXT() REPRESENTATION_CONTEXT('2D SPACE',''
  ) );
#3153 = PCURVE('',#3039,#3154);
#3154 = DEFINITIONAL_REPRESENTATION('',(#3155),#3159);
#3155 = LINE('',#3156,#3157);
#3156 = CARTESIAN_POINT('',(0.,-0.));
#3157 = VECTOR('',#3158,1.);
#3158 = DIRECTION('',(0.,1.));
#3159 = ( GEOMETRIC_REPRESENTATION_CONTEXT(2) 
PARAMETRIC_REPRESENTATION_CONTEXT() REPRESENTATION_CONTEXT('2D SPACE',''
  ) );
#3160 = ORIENTED_EDGE('',*,*,#3161,.T.);
#3161 = EDGE_CURVE('',#3139,#3139,#3162,.T.);
#3162 = SURFACE_CURVE('',#3163,(#3168,#3175),.PCURVE_S1.);
#3163 = CIRCLE('',#3164,20.);
#3164 = AXIS2_PLACEMENT_3D('',#3165,#3166,#3167);
#3165 = CARTESIAN_POINT('',(0.,0.,30.));
#3166 = DIRECTION('',(0.,0.,1.));
#3167 = DIRECTION('',(1.,0.,-0.));
#3168 = PCURVE('',#3039,#3169);
#3169 = DEFINITIONAL_REPRESENTATION('',(#3170),#3174);
#3170 = LINE('',#3171,#3172);
#3171 = CARTESIAN_POINT('',(0.,1.));
#3172 = VECTOR('',#3173,1.);
#3173 = DIRECTION('',(1.,0.));
#3174 = ( GEOMETRIC_REPRESENTATION_CONTEXT(2) 
PARAMETRIC_REPRESENTATION_CONTEXT() REPRESENTATION_CONTEXT('2D SPACE',''
  ) );
#3175 = PCURVE('',#3176,#3181);
#3176 = PLANE('',#3177);
#3177 = AXIS2_PLACEMENT_3D('',#3178,#3179,#3180);
#3178 = CARTESIAN_POINT('',(0.,0.,30.));
#3179 = DIRECTION('',(0.,0.,1.));
#3180 = DIRECTION('',(1.,0.,-0.));
#3181 = DEFINITIONAL_REPRESENTATION('',(#3182),#3186);
#3182 = CIRCLE('',#3183,20.);
#3183 = AXIS2_PLACEMENT_2D('',#3184,#3185);
#3184 = CARTESIAN_POINT('',(0.,0.));
#3185 = DIRECTION('',(1.,0.));
#3186 = ( GEOMETRIC_REPRESENTATION_CONTEXT(2) 
PARAMETRIC_REPRESENTATION_CONTEXT() REPRESENTATION_CONTEXT('2D SPACE',''
  ) );
#3187 = ORIENTED_EDGE('',*,*,#3138,.T.);
#3188 = ADVANCED_FACE('',(#3189,#3220),#3122,.T.);
#3189 = FACE_BOUND('',#3190,.T.);
#3190 = EDGE_LOOP('',(#3191));
#3191 = ORIENTED_EDGE('',*,*,#3192,.T.);
#3192 = EDGE_CURVE('',#3193,#3193,#3195,.T.);
#3193 = VERTEX_POINT('',#3194);
#3194 = CARTESIAN_POINT('',(28.,-6.858022075225E-15,35.));
#3195 = SURFACE_CURVE('',#3196,(#3201,#3208),.PCURVE_S1.);
#3196 = CIRCLE('',#3197,28.);
#3197 = AXIS2_PLACEMENT_3D('',#3198,#3199,#3200);
#3198 = CARTESIAN_POINT('',(0.,0.,35.));
#3199 = DIRECTION('',(0.,0.,1.));
#3200 = DIRECTION('',(1.,0.,-0.));
#3201 = PCURVE('',#3122,#3202);
#3202 = DEFINITIONAL_REPRESENTATION('',(#3203),#3207);
#3203 = CIRCLE('',#3204,28.);
#3204 = AXIS2_PLACEMENT_2D('',#3205,#3206);
#3205 = CARTESIAN_POINT('',(0.,0.));
#3206 = DIRECTION('',(1.,0.));
#3207 = ( GEOMETRIC_REPRESENTATION_CONTEXT(2) 
PARAMETRIC_REPRESENTATION_CONTEXT() REPRESENTATION_CONTEXT('2D SPACE',''
  ) );
#3208 = PCURVE('',#3209,#3214);
#3209 = CONICAL_SURFACE('',#3210,52.5,1.408958895556);
#3210 = AXIS2_PLACEMENT_3D('',#3211,#3212,#3213);
#3211 = CARTESIAN_POINT('',(0.,0.,31.));
#3212 = DIRECTION('',(-0.,-0.,-1.));
#3213 = DIRECTION('',(1.,0.,-0.));
#3214 = DEFINITIONAL_REPRESENTATION('',(#3215),#3219);
#3215 = LINE('',#3216,#3217);
#3216 = CARTESIAN_POINT('',(-0.,-4.));
#3217 = VECTOR('',#3218,1.);
#3218 = DIRECTION('',(-1.,-0.));
#3219 = ( GEOMETRIC_REPRESENTATION_CONTEXT(2) 
PARAMETRIC_REPRESENTATION_CONTEXT() REPRESENTATION_CONTEXT('2D SPACE',''
  ) );
#3220 = FACE_BOUND('',#3221,.T.);
#3221 = EDGE_LOOP('',(#3222));
#3222 = ORIENTED_EDGE('',*,*,#3107,.F.);
#3223 = ADVANCED_FACE('',(#3224,#3255),#3176,.F.);
#3224 = FACE_BOUND('',#3225,.F.);
#3225 = EDGE_LOOP('',(#3226));
#3226 = ORIENTED_EDGE('',*,*,#3227,.T.);
#3227 = EDGE_CURVE('',#3228,#3228,#3230,.T.);
#3228 = VERTEX_POINT('',#3229);
#3229 = CARTESIAN_POINT('',(55.1,-1.34956077266E-14,30.));
#3230 = SURFACE_CURVE('',#3231,(#3236,#3243),.PCURVE_S1.);
#3231 = CIRCLE('',#3232,55.1);
#3232 = AXIS2_PLACEMENT_3D('',#3233,#3234,#3235);
#3233 = CARTESIAN_POINT('',(0.,0.,30.));
#3234 = DIRECTION('',(0.,0.,1.));
#3235 = DIRECTION('',(1.,0.,-0.));
#3236 = PCURVE('',#3176,#3237);
#3237 = DEFINITIONAL_REPRESENTATION('',(#3238),#3242);
#3238 = CIRCLE('',#3239,55.1);
#3239 = AXIS2_PLACEMENT_2D('',#3240,#3241);
#3240 = CARTESIAN_POINT('',(0.,0.));
#3241 = DIRECTION('',(1.,0.));
#3242 = ( GEOMETRIC_REPRESENTATION_CONTEXT(2) 
PARAMETRIC_REPRESENTATION_CONTEXT() REPRESENTATION_CONTEXT('2D SPACE',''
  ) );
#3243 = PCURVE('',#3244,#3249);
#3244 = CYLINDRICAL_SURFACE('',#3245,55.1);
#3245 = AXIS2_PLACEMENT_3D('',#3246,#3247,#3248);
#3246 = CARTESIAN_POINT('',(0.,0.,0.));
#3247 = DIRECTION('',(0.,0.,1.));
#3248 = DIRECTION('',(1.,0.,-0.));
#3249 = DEFINITIONAL_REPRESENTATION('',(#3250),#3254);
#3250 = LINE('',#3251,#3252);
#3251 = CARTESIAN_POINT('',(0.,30.));
#3252 = VECTOR('',#3253,1.);
#3253 = DIRECTION('',(1.,0.));
#3254 = ( GEOMETRIC_REPRESENTATION_CONTEXT(2) 
PARAMETRIC_REPRESENTATION_CONTEXT() REPRESENTATION_CONTEXT('2D SPACE',''
  ) );
#3255 = FACE_BOUND('',#3256,.F.);
#3256 = EDGE_LOOP('',(#3257));
#3257 = ORIENTED_EDGE('',*,*,#3161,.F.);
#3258 = ADVANCED_FACE('',(#3259,#3312,#3699),#3209,.T.);
#3259 = FACE_BOUND('',#3260,.T.);
#3260 = EDGE_LOOP('',(#3261,#3289,#3310,#3311));
#3261 = ORIENTED_EDGE('',*,*,#3262,.T.);
#3262 = EDGE_CURVE('',#3263,#3263,#3265,.T.);
#3263 = VERTEX_POINT('',#3264);
#3264 = CARTESIAN_POINT('',(52.5,-6.429395691112E-15,31.));
#3265 = SURFACE_CURVE('',#3266,(#3271,#3277),.PCURVE_S1.);
#3266 = CIRCLE('',#3267,52.5);
#3267 = AXIS2_PLACEMENT_3D('',#3268,#3269,#3270);
#3268 = CARTESIAN_POINT('',(0.,0.,31.));
#3269 = DIRECTION('',(0.,0.,1.));
#3270 = DIRECTION('',(1.,0.,-0.));
#3271 = PCURVE('',#3209,#3272);
#3272 = DEFINITIONAL_REPRESENTATION('',(#3273),#3276);
#3273 = B_SPLINE_CURVE_WITH_KNOTS('',1,(#3274,#3275),.UNSPECIFIED.,.F.,
  .F.,(2,2),(0.,6.28318530718),.PIECEWISE_BEZIER_KNOTS.);
#3274 = CARTESIAN_POINT('',(0.,0.));
#3275 = CARTESIAN_POINT('',(-6.28318530718,0.));
#3276 = ( GEOMETRIC_REPRESENTATION_CONTEXT(2) 
PARAMETRIC_REPRESENTATION_CONTEXT() REPRESENTATION_CONTEXT('2D SPACE',''
  ) );
#3277 = PCURVE('',#3278,#3283);
#3278 = TOROIDAL_SURFACE('',#3279,52.5,5.);
#3279 = AXIS2_PLACEMENT_3D('',#3280,#3281,#3282);
#3280 = CARTESIAN_POINT('',(0.,0.,26.));
#3281 = DIRECTION('',(0.,0.,1.));
#3282 = DIRECTION('',(1.,0.,-0.));
#3283 = DEFINITIONAL_REPRESENTATION('',(#3284),#3288);
#3284 = LINE('',#3285,#3286);
#3285 = CARTESIAN_POINT('',(0.,1.570796326795));
#3286 = VECTOR('',#3287,1.);
#3287 = DIRECTION('',(1.,0.));
#3288 = ( GEOMETRIC_REPRESENTATION_CONTEXT(2) 
PARAMETRIC_REPRESENTATION_CONTEXT() REPRESENTATION_CONTEXT('2D SPACE',''
  ) );
#3289 = ORIENTED_EDGE('',*,*,#3290,.T.);
#3290 = EDGE_CURVE('',#3263,#3193,#3291,.T.);
#3291 = SEAM_CURVE('',#3292,(#3296,#3303),.PCURVE_S1.);
#3292 = LINE('',#3293,#3294);
#3293 = CARTESIAN_POINT('',(52.5,-1.285879139105E-14,31.));
#3294 = VECTOR('',#3295,1.);
#3295 = DIRECTION('',(-0.986932880776,2.41728838683E-16,0.161131898902)
  );
#3296 = PCURVE('',#3209,#3297);
#3297 = DEFINITIONAL_REPRESENTATION('',(#3298),#3302);
#3298 = LINE('',#3299,#3300);
#3299 = CARTESIAN_POINT('',(0.,-0.));
#3300 = VECTOR('',#3301,1.);
#3301 = DIRECTION('',(-0.,-1.));
#3302 = ( GEOMETRIC_REPRESENTATION_CONTEXT(2) 
PARAMETRIC_REPRESENTATION_CONTEXT() REPRESENTATION_CONTEXT('2D SPACE',''
  ) );
#3303 = PCURVE('',#3209,#3304);
#3304 = DEFINITIONAL_REPRESENTATION('',(#3305),#3309);
#3305 = LINE('',#3306,#3307);
#3306 = CARTESIAN_POINT('',(-6.28318530718,0.));
#3307 = VECTOR('',#3308,1.);
#3308 = DIRECTION('',(-0.,-1.));
#3309 = ( GEOMETRIC_REPRESENTATION_CONTEXT(2) 
PARAMETRIC_REPRESENTATION_CONTEXT() REPRESENTATION_CONTEXT('2D SPACE',''
  ) );
#3310 = ORIENTED_EDGE('',*,*,#3192,.F.);
#3311 = ORIENTED_EDGE('',*,*,#3290,.F.);
#3312 = FACE_BOUND('',#3313,.T.);
#3313 = EDGE_LOOP('',(#3314));
#3314 = ORIENTED_EDGE('',*,*,#3315,.F.);
#3315 = EDGE_CURVE('',#3316,#3316,#3318,.T.);
#3316 = VERTEX_POINT('',#3317);
#3317 = CARTESIAN_POINT('',(10.352761804101,38.637033051563,
    33.040816326531));
#3318 = SURFACE_CURVE('',#3319,(#3442,#3568),.PCURVE_S1.);
#3319 = B_SPLINE_CURVE_WITH_KNOTS('',6,(#3320,#3321,#3322,#3323,#3324,
    #3325,#3326,#3327,#3328,#3329,#3330,#3331,#3332,#3333,#3334,#3335,
    #3336,#3337,#3338,#3339,#3340,#3341,#3342,#3343,#3344,#3345,#3346,
    #3347,#3348,#3349,#3350,#3351,#3352,#3353,#3354,#3355,#3356,#3357,
    #3358,#3359,#3360,#3361,#3362,#3363,#3364,#3365,#3366,#3367,#3368,
    #3369,#3370,#3371,#3372,#3373,#3374,#3375,#3376,#3377,#3378,#3379,
    #3380,#3381,#3382,#3383,#3384,#3385,#3386,#3387,#3388,#3389,#3390,
    #3391,#3392,#3393,#3394,#3395,#3396,#3397,#3398,#3399,#3400,#3401,
    #3402,#3403,#3404,#3405,#3406,#3407,#3408,#3409,#3410,#3411,#3412,
    #3413,#3414,#3415,#3416,#3417,#3418,#3419,#3420,#3421,#3422,#3423,
    #3424,#3425,#3426,#3427,#3428,#3429,#3430,#3431,#3432,#3433,#3434,
    #3435,#3436,#3437,#3438,#3439,#3440,#3441),.UNSPECIFIED.,.T.,.F.,(7,
    5,5,5,5,5,5,5,5,5,5,5,5,5,5,5,5,5,5,5,5,5,5,5,7),(0.,
    5.380908470753E-02,8.791807901789E-02,0.1316761045,0.165673267822,
    0.257847620613,0.324609765299,0.349411157431,0.381214028105,
    0.421400384978,0.451779882224,0.468037693448,0.499999665882,
    0.531961638315,0.548219449539,0.578598946785,0.618785303658,
    0.650588174332,0.675389566464,0.74215171115,0.834326063942,
    0.868323227264,0.912081252746,0.946190247056,1.),.UNSPECIFIED.);
#3320 = CARTESIAN_POINT('',(10.352761804101,38.637033051563,
    33.040816326531));
#3321 = CARTESIAN_POINT('',(10.223232043157,38.671740446403,
    33.040816326531));
#3322 = CARTESIAN_POINT('',(10.090849691917,38.69604162424,
    33.042489874242));
#3323 = CARTESIAN_POINT('',(9.957675908811,38.709367823851,
    33.045839394038));
#3324 = CARTESIAN_POINT('',(9.825529632063,38.711937165132,
    33.050762565806));
#3325 = CARTESIAN_POINT('',(9.695941577139,38.704364299385,
    33.057111841913));
#3326 = CARTESIAN_POINT('',(9.490426595576,38.676895046276,
    33.069522670572));
#3327 = CARTESIAN_POINT('',(9.412179367387,38.662519256796,
    33.074841230957));
#3328 = CARTESIAN_POINT('',(9.335682985221,38.644640112527,
    33.080621999325));
#3329 = CARTESIAN_POINT('',(9.261134323032,38.623494703232,
    33.086823096414));
#3330 = CARTESIAN_POINT('',(9.188672128975,38.599321872416,
    33.093404640797));
#3331 = CARTESIAN_POINT('',(9.028220899228,38.537730415939,
    33.109217247706));
#3332 = CARTESIAN_POINT('',(8.941648029665,38.498503105339,
    33.118670144504));
#3333 = CARTESIAN_POINT('',(8.858846404183,38.455124776518,
    33.128616037793));
#3334 = CARTESIAN_POINT('',(8.779911958945,38.408027140101,
    33.138988779741));
#3335 = CARTESIAN_POINT('',(8.704878405839,38.357592963861,
    33.149731649155));
#3336 = CARTESIAN_POINT('',(8.578463419446,38.262610273828,
    33.169397711639));
#3337 = CARTESIAN_POINT('',(8.525543594076,38.219261488721,
    33.17819162972));
#3338 = CARTESIAN_POINT('',(8.474974723816,38.17424518315,33.18715892518
    ));
#3339 = CARTESIAN_POINT('',(8.426748628561,38.127698439334,
    33.196279995571));
#3340 = CARTESIAN_POINT('',(8.380852500919,38.07974344529,
    33.205537531166));
#3341 = CARTESIAN_POINT('',(8.219108972373,37.896941796589,
    33.24034520815));
#3342 = CARTESIAN_POINT('',(8.118021216325,37.753904060833,
    33.266652858553));
#3343 = CARTESIAN_POINT('',(8.033559170397,37.60340384061,
    33.293561340659));
#3344 = CARTESIAN_POINT('',(7.965578324839,37.447021650384,
    33.320841166699));
#3345 = CARTESIAN_POINT('',(7.913960023335,37.286072303719,
    33.348295736097));
#3346 = CARTESIAN_POINT('',(7.853571431236,37.002333432805,
    33.395658014432));
#3347 = CARTESIAN_POINT('',(7.836922727509,36.881310119422,
    33.415550707043));
#3348 = CARTESIAN_POINT('',(7.829070990247,36.75884650244,
    33.435375247078));
#3349 = CARTESIAN_POINT('',(7.830203285911,36.635357994249,
    33.455056388672));
#3350 = CARTESIAN_POINT('',(7.840574903357,36.511289331255,
    33.474509241556));
#3351 = CARTESIAN_POINT('',(7.868007657901,36.340987055844,
    33.500741046178));
#3352 = CARTESIAN_POINT('',(7.876766931844,36.294846064068,
    33.507800920272));
#3353 = CARTESIAN_POINT('',(7.886874471055,36.248718886156,
    33.514810145941));
#3354 = CARTESIAN_POINT('',(7.898351919099,36.202633869084,
    33.521762938051));
#3355 = CARTESIAN_POINT('',(7.911222988319,36.156621891597,
    33.52865296114));
#3356 = CARTESIAN_POINT('',(7.943838157697,36.051851622131,33.5442191002
    ));
#3357 = CARTESIAN_POINT('',(7.96449632618,35.993163412677,33.55285011216
    ));
#3358 = CARTESIAN_POINT('',(7.98754286719,35.9347208838,33.561352025438)
  );
#3359 = CARTESIAN_POINT('',(8.013036988036,35.876605800855,
    33.56970811386));
#3360 = CARTESIAN_POINT('',(8.041041545072,35.818912836178,
    33.577899217463));
#3361 = CARTESIAN_POINT('',(8.110264579542,35.689518271866,
    33.596018215649));
#3362 = CARTESIAN_POINT('',(8.153016501614,35.618140274746,
    33.605833710642));
#3363 = CARTESIAN_POINT('',(8.200013308676,35.547826311653,
    33.615307610936));
#3364 = CARTESIAN_POINT('',(8.251385377106,35.47885192301,
    33.624386383613));
#3365 = CARTESIAN_POINT('',(8.307239511056,35.411553582022,
    33.63300701849));
#3366 = CARTESIAN_POINT('',(8.413300944205,35.297013622936,
    33.647215406263));
#3367 = CARTESIAN_POINT('',(8.461556076078,35.248889658832,
    33.65302935527));
#3368 = CARTESIAN_POINT('',(8.512428065743,35.202125878372,
    33.658509389066));
#3369 = CARTESIAN_POINT('',(8.565914552178,35.15692559904,
    33.663620501878));
#3370 = CARTESIAN_POINT('',(8.621973940514,35.11351336636,
    33.668325840629));
#3371 = CARTESIAN_POINT('',(8.71183761494,35.049977406012,
    33.674870293323));
#3372 = CARTESIAN_POINT('',(8.743873192192,35.028408747576,
    33.677025038891));
#3373 = CARTESIAN_POINT('',(8.77660277388,35.007457325344,
    33.679047399923));
#3374 = CARTESIAN_POINT('',(8.81000604044,34.987160328815,
    33.680931896392));
#3375 = CARTESIAN_POINT('',(8.844057361006,34.967554940094,
    33.682673295761));
#3376 = CARTESIAN_POINT('',(8.946882045521,34.911567952995,
    33.687398987947));
#3377 = CARTESIAN_POINT('',(9.01743516597,34.87726712002,33.689959708258
    ));
#3378 = CARTESIAN_POINT('',(9.090125441699,34.846067607386,
    33.691910464057));
#3379 = CARTESIAN_POINT('',(9.164633123528,34.818225094196,
    33.693221915139));
#3380 = CARTESIAN_POINT('',(9.240572442078,34.793938571307,
    33.69387755102));
#3381 = CARTESIAN_POINT('',(9.394398805304,34.752720921506,
    33.69387755102));
#3382 = CARTESIAN_POINT('',(9.472307445758,34.735784008022,
    33.693221915139));
#3383 = CARTESIAN_POINT('',(9.550754247595,34.722642490836,
    33.691910464057));
#3384 = CARTESIAN_POINT('',(9.629305629301,34.713316923498,
    33.689959708258));
#3385 = CARTESIAN_POINT('',(9.707556840413,34.707745756001,
    33.687398987947));
#3386 = CARTESIAN_POINT('',(9.824599122889,34.704819566853,
    33.682673295761));
#3387 = CARTESIAN_POINT('',(9.863891125892,34.704772671253,
    33.680931896392));
#3388 = CARTESIAN_POINT('',(9.902967701567,34.705648752588,
    33.679047399923));
#3389 = CARTESIAN_POINT('',(9.94178806188,34.707428425642,
    33.677025038891));
#3390 = CARTESIAN_POINT('',(9.980316014823,34.710089643147,
    33.674870293323));
#3391 = CARTESIAN_POINT('',(10.089908219927,34.720181561649,
    33.668325840629));
#3392 = CARTESIAN_POINT('',(10.160163190687,34.729747963817,
    33.663620501878));
#3393 = CARTESIAN_POINT('',(10.229083986365,34.742149310759,
    33.658509389066));
#3394 = CARTESIAN_POINT('',(10.296522311986,34.757211937782,
    33.65302935527));
#3395 = CARTESIAN_POINT('',(10.362374464103,34.77476094729,
    33.647215406263));
#3396 = CARTESIAN_POINT('',(10.511496339115,34.820924745033,
    33.63300701849));
#3397 = CARTESIAN_POINT('',(10.593516608515,34.851279750986,
    33.624386383613));
#3398 = CARTESIAN_POINT('',(10.672493319143,34.885327289547,
    33.615307610936));
#3399 = CARTESIAN_POINT('',(10.748350729501,34.922722564295,
    33.605833710642));
#3400 = CARTESIAN_POINT('',(10.821063978636,34.963161762036,
    33.596018215649));
#3401 = CARTESIAN_POINT('',(10.945710167171,35.040609224607,
    33.577899217463));
#3402 = CARTESIAN_POINT('',(10.998809307324,35.076570519118,
    33.56970811386));
#3403 = CARTESIAN_POINT('',(11.049945405096,35.114152596869,
    33.561352025438));
#3404 = CARTESIAN_POINT('',(11.099125559518,35.153242041033,
    33.55285011216));
#3405 = CARTESIAN_POINT('',(11.146360162948,35.193738437081,
    33.5442191002));
#3406 = CARTESIAN_POINT('',(11.226990862911,35.268164567311,
    33.52865296114));
#3407 = CARTESIAN_POINT('',(11.261143524573,35.301576574083,
    33.521762938051));
#3408 = CARTESIAN_POINT('',(11.294125794686,35.335748645579,
    33.514810145941));
#3409 = CARTESIAN_POINT('',(11.325942769368,35.370642183851,
    33.507800920272));
#3410 = CARTESIAN_POINT('',(11.356599019009,35.406221817913,
    33.500741046178));
#3411 = CARTESIAN_POINT('',(11.465507619046,35.539991537469,
    33.474509241556));
#3412 = CARTESIAN_POINT('',(11.536524034729,35.642252342712,
    33.455056388672));
#3413 = CARTESIAN_POINT('',(11.599248885634,35.74863038005,
    33.435375247078));
#3414 = CARTESIAN_POINT('',(11.653680890193,35.858612852026,
    33.415550707043));
#3415 = CARTESIAN_POINT('',(11.699774346517,35.971746467729,
    33.395658014432));
#3416 = CARTESIAN_POINT('',(11.789345727117,36.247665834032,
    33.348295736096));
#3417 = CARTESIAN_POINT('',(11.825117640047,36.412861207718,
    33.320841166699));
#3418 = CARTESIAN_POINT('',(11.844435595935,36.582282579932,
    33.293561340659));
#3419 = CARTESIAN_POINT('',(11.846539428618,36.754850616884,
    33.266652858553));
#3420 = CARTESIAN_POINT('',(11.830513731747,36.929268807773,
    33.24034520815));
#3421 = CARTESIAN_POINT('',(11.781840551479,37.168451443675,
    33.205537531166));
#3422 = CARTESIAN_POINT('',(11.766070836028,37.232929750576,
    33.196279995571));
#3423 = CARTESIAN_POINT('',(11.74757918432,37.297353460812,
    33.18715892518));
#3424 = CARTESIAN_POINT('',(11.726293410819,37.361623160151,
    33.17819162972));
#3425 = CARTESIAN_POINT('',(11.702137890238,37.425624221961,
    33.169397711639));
#3426 = CARTESIAN_POINT('',(11.64015064562,37.571089137646,
    33.149731649155));
#3427 = CARTESIAN_POINT('',(11.600386770613,37.652283192042,
    33.138988779741));
#3428 = CARTESIAN_POINT('',(11.555576354012,37.732538164257,
    33.128616037793));
#3429 = CARTESIAN_POINT('',(11.50555720728,37.81150571173,
    33.118670144504));
#3430 = CARTESIAN_POINT('',(11.45019655826,37.888763994013,
    33.109217247706));
#3431 = CARTESIAN_POINT('',(11.342037445469,38.022329374852,
    33.093404640797));
#3432 = CARTESIAN_POINT('',(11.29136976001,38.079494757448,
    33.086823096414));
#3433 = CARTESIAN_POINT('',(11.237381429384,38.135081550166,
    33.080621999325));
#3434 = CARTESIAN_POINT('',(11.180073191265,38.188813534384,
    33.074841230957));
#3435 = CARTESIAN_POINT('',(11.119496998618,38.240386947367,
    33.069522670571));
#3436 = CARTESIAN_POINT('',(10.955249181896,38.366934471003,
    33.057111747582));
#3437 = CARTESIAN_POINT('',(10.846810118705,38.438285666841,
    33.050762598504));
#3438 = CARTESIAN_POINT('',(10.73108286827,38.50213467542,
    33.045839300596));
#3439 = CARTESIAN_POINT('',(10.609084686301,38.557181878205,
    33.042489739123));
#3440 = CARTESIAN_POINT('',(10.482286442401,38.60232702933,
    33.040816326531));
#3441 = CARTESIAN_POINT('',(10.352761804101,38.637033051563,
    33.040816326531));
#3442 = PCURVE('',#3209,#3443);
#3443 = DEFINITIONAL_REPRESENTATION('',(#3444),#3567);
#3444 = B_SPLINE_CURVE_WITH_KNOTS('',6,(#3445,#3446,#3447,#3448,#3449,
    #3450,#3451,#3452,#3453,#3454,#3455,#3456,#3457,#3458,#3459,#3460,
    #3461,#3462,#3463,#3464,#3465,#3466,#3467,#3468,#3469,#3470,#3471,
    #3472,#3473,#3474,#3475,#3476,#3477,#3478,#3479,#3480,#3481,#3482,
    #3483,#3484,#3485,#3486,#3487,#3488,#3489,#3490,#3491,#3492,#3493,
    #3494,#3495,#3496,#3497,#3498,#3499,#3500,#3501,#3502,#3503,#3504,
    #3505,#3506,#3507,#3508,#3509,#3510,#3511,#3512,#3513,#3514,#3515,
    #3516,#3517,#3518,#3519,#3520,#3521,#3522,#3523,#3524,#3525,#3526,
    #3527,#3528,#3529,#3530,#3531,#3532,#3533,#3534,#3535,#3536,#3537,
    #3538,#3539,#3540,#3541,#3542,#3543,#3544,#3545,#3546,#3547,#3548,
    #3549,#3550,#3551,#3552,#3553,#3554,#3555,#3556,#3557,#3558,#3559,
    #3560,#3561,#3562,#3563,#3564,#3565,#3566),.UNSPECIFIED.,.T.,.F.,(7,
    5,5,5,5,5,5,5,5,5,5,5,5,5,5,5,5,5,5,5,5,5,5,5,7),(0.,
    5.380908470753E-02,8.791807901789E-02,0.1316761045,0.165673267822,
    0.257847620613,0.324609765299,0.349411157431,0.381214028105,
    0.421400384978,0.451779882224,0.468037693448,0.499999665882,
    0.531961638315,0.548219449539,0.578598946785,0.618785303658,
    0.650588174332,0.675389566464,0.74215171115,0.834326063942,
    0.868323227264,0.912081252746,0.946190247056,1.),.UNSPECIFIED.);
#3445 = CARTESIAN_POINT('',(-1.308996938996,-2.040816326531));
#3446 = CARTESIAN_POINT('',(-1.3123494159,-2.040816326531));
#3447 = CARTESIAN_POINT('',(-1.315703443458,-2.042489874242));
#3448 = CARTESIAN_POINT('',(-1.319009508454,-2.045839394038));
#3449 = CARTESIAN_POINT('',(-1.322229027794,-2.050762565806));
#3450 = CARTESIAN_POINT('',(-1.325331553074,-2.057111841913));
#3451 = CARTESIAN_POINT('',(-1.330171895346,-2.069522670572));
#3452 = CARTESIAN_POINT('',(-1.331994526305,-2.074841230957));
#3453 = CARTESIAN_POINT('',(-1.333757221199,-2.080621999325));
#3454 = CARTESIAN_POINT('',(-1.335456898179,-2.086823096414));
#3455 = CARTESIAN_POINT('',(-1.337091739486,-2.093404640797));
#3456 = CARTESIAN_POINT('',(-1.340673833907,-2.109217247706));
#3457 = CARTESIAN_POINT('',(-1.342578421533,-2.118670144504));
#3458 = CARTESIAN_POINT('',(-1.344373090372,-2.128616037793));
#3459 = CARTESIAN_POINT('',(-1.346057780905,-2.138988779741));
#3460 = CARTESIAN_POINT('',(-1.347633446951,-2.149731649155));
#3461 = CARTESIAN_POINT('',(-1.350242278247,-2.169397711639));
#3462 = CARTESIAN_POINT('',(-1.351317971087,-2.17819162972));
#3463 = CARTESIAN_POINT('',(-1.352329355706,-2.18715892518));
#3464 = CARTESIAN_POINT('',(-1.353277115632,-2.196279995571));
#3465 = CARTESIAN_POINT('',(-1.35416192779,-2.205537531166));
#3466 = CARTESIAN_POINT('',(-1.357214462982,-2.24034520815));
#3467 = CARTESIAN_POINT('',(-1.358985326296,-2.266652858553));
#3468 = CARTESIAN_POINT('',(-1.360312586016,-2.29356134066));
#3469 = CARTESIAN_POINT('',(-1.361200387489,-2.320841166699));
#3470 = CARTESIAN_POINT('',(-1.361650360172,-2.348295736097));
#3471 = CARTESIAN_POINT('',(-1.361654634454,-2.395658014432));
#3472 = CARTESIAN_POINT('',(-1.361421668754,-2.415550707043));
#3473 = CARTESIAN_POINT('',(-1.360950683587,-2.435375247078));
#3474 = CARTESIAN_POINT('',(-1.360235649471,-2.455056388672));
#3475 = CARTESIAN_POINT('',(-1.359268868342,-2.474509241556));
#3476 = CARTESIAN_POINT('',(-1.357582582711,-2.500741046178));
#3477 = CARTESIAN_POINT('',(-1.357089589811,-2.507800920272));
#3478 = CARTESIAN_POINT('',(-1.356559816187,-2.514810145941));
#3479 = CARTESIAN_POINT('',(-1.3559926816,-2.521762938051));
#3480 = CARTESIAN_POINT('',(-1.3553875698,-2.52865296114));
#3481 = CARTESIAN_POINT('',(-1.35391835789,-2.5442191002));
#3482 = CARTESIAN_POINT('',(-1.35302939005,-2.55285011216));
#3483 = CARTESIAN_POINT('',(-1.352075531728,-2.561352025438));
#3484 = CARTESIAN_POINT('',(-1.351055363945,-2.56970811386));
#3485 = CARTESIAN_POINT('',(-1.349967478436,-2.577899217463));
#3486 = CARTESIAN_POINT('',(-1.347348564819,-2.596018215649));
#3487 = CARTESIAN_POINT('',(-1.345776462792,-2.605833710642));
#3488 = CARTESIAN_POINT('',(-1.344091364738,-2.615307610936));
#3489 = CARTESIAN_POINT('',(-1.342291057314,-2.624386383613));
#3490 = CARTESIAN_POINT('',(-1.340374560732,-2.63300701849));
#3491 = CARTESIAN_POINT('',(-1.336806740404,-2.647215406263));
#3492 = CARTESIAN_POINT('',(-1.335204971637,-2.65302935527));
#3493 = CARTESIAN_POINT('',(-1.333537960852,-2.658509389066));
#3494 = CARTESIAN_POINT('',(-1.331807221504,-2.663620501878));
#3495 = CARTESIAN_POINT('',(-1.330015610175,-2.668325840629));
#3496 = CARTESIAN_POINT('',(-1.327178763471,-2.674870293323));
#3497 = CARTESIAN_POINT('',(-1.326173726102,-2.677025038891));
#3498 = CARTESIAN_POINT('',(-1.325153295321,-2.679047399923));
#3499 = CARTESIAN_POINT('',(-1.324118344989,-2.680931896392));
#3500 = CARTESIAN_POINT('',(-1.323069906408,-2.682673295761));
#3501 = CARTESIAN_POINT('',(-1.319923814927,-2.687398987947));
#3502 = CARTESIAN_POINT('',(-1.317790561001,-2.689959708258));
#3503 = CARTESIAN_POINT('',(-1.315619151185,-2.691910464057));
#3504 = CARTESIAN_POINT('',(-1.313420939271,-2.693221915139));
#3505 = CARTESIAN_POINT('',(-1.31120878302,-2.69387755102));
#3506 = CARTESIAN_POINT('',(-1.306785094971,-2.69387755102));
#3507 = CARTESIAN_POINT('',(-1.304572938721,-2.693221915139));
#3508 = CARTESIAN_POINT('',(-1.302374726806,-2.691910464057));
#3509 = CARTESIAN_POINT('',(-1.30020331699,-2.689959708258));
#3510 = CARTESIAN_POINT('',(-1.298070063064,-2.687398987947));
#3511 = CARTESIAN_POINT('',(-1.294923971583,-2.682673295761));
#3512 = CARTESIAN_POINT('',(-1.293875533002,-2.680931896392));
#3513 = CARTESIAN_POINT('',(-1.292840582671,-2.679047399923));
#3514 = CARTESIAN_POINT('',(-1.291820151889,-2.677025038891));
#3515 = CARTESIAN_POINT('',(-1.290815114521,-2.674870293323));
#3516 = CARTESIAN_POINT('',(-1.287978267817,-2.668325840629));
#3517 = CARTESIAN_POINT('',(-1.286186656488,-2.663620501878));
#3518 = CARTESIAN_POINT('',(-1.284455917139,-2.658509389066));
#3519 = CARTESIAN_POINT('',(-1.282788906354,-2.65302935527));
#3520 = CARTESIAN_POINT('',(-1.281187137587,-2.647215406263));
#3521 = CARTESIAN_POINT('',(-1.277619317259,-2.63300701849));
#3522 = CARTESIAN_POINT('',(-1.275702820678,-2.624386383613));
#3523 = CARTESIAN_POINT('',(-1.273902513254,-2.615307610936));
#3524 = CARTESIAN_POINT('',(-1.2722174152,-2.605833710642));
#3525 = CARTESIAN_POINT('',(-1.270645313172,-2.596018215649));
#3526 = CARTESIAN_POINT('',(-1.268026399556,-2.577899217463));
#3527 = CARTESIAN_POINT('',(-1.266938514046,-2.56970811386));
#3528 = CARTESIAN_POINT('',(-1.265918346263,-2.561352025438));
#3529 = CARTESIAN_POINT('',(-1.264964487941,-2.55285011216));
#3530 = CARTESIAN_POINT('',(-1.264075520101,-2.5442191002));
#3531 = CARTESIAN_POINT('',(-1.262606308192,-2.52865296114));
#3532 = CARTESIAN_POINT('',(-1.262001196391,-2.521762938051));
#3533 = CARTESIAN_POINT('',(-1.261434061805,-2.514810145941));
#3534 = CARTESIAN_POINT('',(-1.260904288181,-2.507800920272));
#3535 = CARTESIAN_POINT('',(-1.260411295281,-2.500741046178));
#3536 = CARTESIAN_POINT('',(-1.25872500965,-2.474509241556));
#3537 = CARTESIAN_POINT('',(-1.25775822852,-2.455056388672));
#3538 = CARTESIAN_POINT('',(-1.257043194404,-2.435375247078));
#3539 = CARTESIAN_POINT('',(-1.256572209238,-2.415550707043));
#3540 = CARTESIAN_POINT('',(-1.256339243537,-2.395658014432));
#3541 = CARTESIAN_POINT('',(-1.25634351782,-2.348295736096));
#3542 = CARTESIAN_POINT('',(-1.256793490502,-2.320841166699));
#3543 = CARTESIAN_POINT('',(-1.257681291975,-2.293561340659));
#3544 = CARTESIAN_POINT('',(-1.259008551695,-2.266652858553));
#3545 = CARTESIAN_POINT('',(-1.260779415009,-2.24034520815));
#3546 = CARTESIAN_POINT('',(-1.263831950202,-2.205537531166));
#3547 = CARTESIAN_POINT('',(-1.264716762359,-2.196279995571));
#3548 = CARTESIAN_POINT('',(-1.265664522286,-2.18715892518));
#3549 = CARTESIAN_POINT('',(-1.266675906904,-2.17819162972));
#3550 = CARTESIAN_POINT('',(-1.267751599744,-2.169397711639));
#3551 = CARTESIAN_POINT('',(-1.27036043104,-2.149731649155));
#3552 = CARTESIAN_POINT('',(-1.271936097087,-2.138988779741));
#3553 = CARTESIAN_POINT('',(-1.27362078762,-2.128616037793));
#3554 = CARTESIAN_POINT('',(-1.275415456458,-2.118670144504));
#3555 = CARTESIAN_POINT('',(-1.277320044084,-2.109217247706));
#3556 = CARTESIAN_POINT('',(-1.280902138506,-2.093404640797));
#3557 = CARTESIAN_POINT('',(-1.282536979813,-2.086823096414));
#3558 = CARTESIAN_POINT('',(-1.284236656793,-2.080621999325));
#3559 = CARTESIAN_POINT('',(-1.285999351687,-2.074841230957));
#3560 = CARTESIAN_POINT('',(-1.287821982645,-2.069522670571));
#3561 = CARTESIAN_POINT('',(-1.292662361707,-2.057111747582));
#3562 = CARTESIAN_POINT('',(-1.295764853604,-2.050762598504));
#3563 = CARTESIAN_POINT('',(-1.298984393387,-2.045839300596));
#3564 = CARTESIAN_POINT('',(-1.302290542495,-2.042489739123));
#3565 = CARTESIAN_POINT('',(-1.305644594676,-2.040816326531));
#3566 = CARTESIAN_POINT('',(-1.308996938996,-2.040816326531));
#3567 = ( GEOMETRIC_REPRESENTATION_CONTEXT(2) 
PARAMETRIC_REPRESENTATION_CONTEXT() REPRESENTATION_CONTEXT('2D SPACE',''
  ) );
#3568 = PCURVE('',#3569,#3574);
#3569 = CYLINDRICAL_SURFACE('',#3570,2.);
#3570 = AXIS2_PLACEMENT_3D('',#3571,#3572,#3573);
#3571 = CARTESIAN_POINT('',(9.835123713896,36.705181398985,30.2));
#3572 = DIRECTION('',(0.,0.,1.));
#3573 = DIRECTION('',(0.258819045103,0.965925826289,0.));
#3574 = DEFINITIONAL_REPRESENTATION('',(#3575),#3698);
#3575 = B_SPLINE_CURVE_WITH_KNOTS('',6,(#3576,#3577,#3578,#3579,#3580,
    #3581,#3582,#3583,#3584,#3585,#3586,#3587,#3588,#3589,#3590,#3591,
    #3592,#3593,#3594,#3595,#3596,#3597,#3598,#3599,#3600,#3601,#3602,
    #3603,#3604,#3605,#3606,#3607,#3608,#3609,#3610,#3611,#3612,#3613,
    #3614,#3615,#3616,#3617,#3618,#3619,#3620,#3621,#3622,#3623,#3624,
    #3625,#3626,#3627,#3628,#3629,#3630,#3631,#3632,#3633,#3634,#3635,
    #3636,#3637,#3638,#3639,#3640,#3641,#3642,#3643,#3644,#3645,#3646,
    #3647,#3648,#3649,#3650,#3651,#3652,#3653,#3654,#3655,#3656,#3657,
    #3658,#3659,#3660,#3661,#3662,#3663,#3664,#3665,#3666,#3667,#3668,
    #3669,#3670,#3671,#3672,#3673,#3674,#3675,#3676,#3677,#3678,#3679,
    #3680,#3681,#3682,#3683,#3684,#3685,#3686,#3687,#3688,#3689,#3690,
    #3691,#3692,#3693,#3694,#3695,#3696,#3697),.UNSPECIFIED.,.F.,.F.,(7,
    5,5,5,5,5,5,5,5,5,5,5,5,5,5,5,5,5,5,5,5,5,5,5,7),(0.,
    5.380908470753E-02,8.791807901789E-02,0.1316761045,0.165673267822,
    0.257847620613,0.324609765299,0.349411157431,0.381214028105,
    0.421400384978,0.451779882224,0.468037693448,0.499999665882,
    0.531961638315,0.548219449539,0.578598946785,0.618785303658,
    0.650588174332,0.675389566464,0.74215171115,0.834326063942,
    0.868323227264,0.912081252746,0.946190247056,1.),.UNSPECIFIED.);
#3576 = CARTESIAN_POINT('',(8.881784197001E-16,2.840816326531));
#3577 = CARTESIAN_POINT('',(6.70495380797E-02,2.840816326531));
#3578 = CARTESIAN_POINT('',(0.134129906066,2.842489874242));
#3579 = CARTESIAN_POINT('',(0.20071604364,2.845839394038));
#3580 = CARTESIAN_POINT('',(0.266497512683,2.850762565806));
#3581 = CARTESIAN_POINT('',(0.331221800807,2.857111841913));
#3582 = CARTESIAN_POINT('',(0.434893117372,2.869522670571));
#3583 = CARTESIAN_POINT('',(0.474624043638,2.874841230957));
#3584 = CARTESIAN_POINT('',(0.513836828257,2.880621999325));
#3585 = CARTESIAN_POINT('',(0.552520050048,2.886823096414));
#3586 = CARTESIAN_POINT('',(0.590676185091,2.893404640797));
#3587 = CARTESIAN_POINT('',(0.676609450824,2.909217247706));
#3588 = CARTESIAN_POINT('',(0.724049652121,2.918670144504));
#3589 = CARTESIAN_POINT('',(0.770676253604,2.928616037793));
#3590 = CARTESIAN_POINT('',(0.816533422373,2.938988779741));
#3591 = CARTESIAN_POINT('',(0.861675133722,2.949731649155));
#3592 = CARTESIAN_POINT('',(0.940735965034,2.969397711639));
#3593 = CARTESIAN_POINT('',(0.974909791304,2.97819162972));
#3594 = CARTESIAN_POINT('',(1.008719017736,2.98715892518));
#3595 = CARTESIAN_POINT('',(1.042191668722,2.996279995571));
#3596 = CARTESIAN_POINT('',(1.075355651536,3.005537531166));
#3597 = CARTESIAN_POINT('',(1.197398074277,3.04034520815));
#3598 = CARTESIAN_POINT('',(1.284454288451,3.066652858553));
#3599 = CARTESIAN_POINT('',(1.370067350011,3.093561340659));
#3600 = CARTESIAN_POINT('',(1.454688664401,3.120841166699));
#3601 = CARTESIAN_POINT('',(1.538773874684,3.148295736097));
#3602 = CARTESIAN_POINT('',(1.683820874759,3.195658014432));
#3603 = CARTESIAN_POINT('',(1.744739862206,3.215550707043));
#3604 = CARTESIAN_POINT('',(1.805854160343,3.235375247078));
#3605 = CARTESIAN_POINT('',(1.867349869554,3.255056388672));
#3606 = CARTESIAN_POINT('',(1.929419511856,3.274509241556));
#3607 = CARTESIAN_POINT('',(2.015668310445,3.300741046178));
#3608 = CARTESIAN_POINT('',(2.03914177534,3.307800920272));
#3609 = CARTESIAN_POINT('',(2.062738434471,3.314810145941));
#3610 = CARTESIAN_POINT('',(2.086470202096,3.321762938051));
#3611 = CARTESIAN_POINT('',(2.110349363842,3.32865296114));
#3612 = CARTESIAN_POINT('',(2.165214103515,3.3442191002));
#3613 = CARTESIAN_POINT('',(2.196302138546,3.35285011216));
#3614 = CARTESIAN_POINT('',(2.22768058147,3.361352025438));
#3615 = CARTESIAN_POINT('',(2.259376364525,3.36970811386));
#3616 = CARTESIAN_POINT('',(2.291416870344,3.377899217463));
#3617 = CARTESIAN_POINT('',(2.364790540307,3.396018215649));
#3618 = CARTESIAN_POINT('',(2.406342771501,3.405833710642));
#3619 = CARTESIAN_POINT('',(2.448550565485,3.415307610936));
#3620 = CARTESIAN_POINT('',(2.491465301626,3.424386383613));
#3621 = CARTESIAN_POINT('',(2.5351294981,3.43300701849));
#3622 = CARTESIAN_POINT('',(2.613181451678,3.447215406263));
#3623 = CARTESIAN_POINT('',(2.647229759713,3.45302935527));
#3624 = CARTESIAN_POINT('',(2.681736068412,3.458509389066));
#3625 = CARTESIAN_POINT('',(2.716702961083,3.463620501878));
#3626 = CARTESIAN_POINT('',(2.752120995155,3.468325840629));
#3627 = CARTESIAN_POINT('',(2.807148938599,3.474870293323));
#3628 = CARTESIAN_POINT('',(2.826453734563,3.477025038891));
#3629 = CARTESIAN_POINT('',(2.845876466719,3.479047399923));
#3630 = CARTESIAN_POINT('',(2.865411573857,3.480931896392));
#3631 = CARTESIAN_POINT('',(2.885051998567,3.482673295761));
#3632 = CARTESIAN_POINT('',(2.943591426455,3.487398987947));
#3633 = CARTESIAN_POINT('',(2.982774556357,3.489959708258));
#3634 = CARTESIAN_POINT('',(3.022259336879,3.491910464057));
#3635 = CARTESIAN_POINT('',(3.061960791801,3.493221915139));
#3636 = CARTESIAN_POINT('',(3.101779461148,3.49387755102));
#3637 = CARTESIAN_POINT('',(3.181405846032,3.49387755102));
#3638 = CARTESIAN_POINT('',(3.221224515378,3.493221915139));
#3639 = CARTESIAN_POINT('',(3.260925970301,3.491910464057));
#3640 = CARTESIAN_POINT('',(3.300410750823,3.489959708258));
#3641 = CARTESIAN_POINT('',(3.339593880724,3.487398987947));
#3642 = CARTESIAN_POINT('',(3.398133308613,3.482673295761));
#3643 = CARTESIAN_POINT('',(3.417773733323,3.480931896392));
#3644 = CARTESIAN_POINT('',(3.437308840461,3.479047399923));
#3645 = CARTESIAN_POINT('',(3.456731572617,3.477025038891));
#3646 = CARTESIAN_POINT('',(3.47603636858,3.474870293323));
#3647 = CARTESIAN_POINT('',(3.531064312024,3.468325840629));
#3648 = CARTESIAN_POINT('',(3.566482346096,3.463620501878));
#3649 = CARTESIAN_POINT('',(3.601449238768,3.458509389066));
#3650 = CARTESIAN_POINT('',(3.635955547466,3.45302935527));
#3651 = CARTESIAN_POINT('',(3.670003855502,3.447215406263));
#3652 = CARTESIAN_POINT('',(3.748055809079,3.43300701849));
#3653 = CARTESIAN_POINT('',(3.791720005554,3.424386383613));
#3654 = CARTESIAN_POINT('',(3.834634741695,3.415307610936));
#3655 = CARTESIAN_POINT('',(3.876842535679,3.405833710642));
#3656 = CARTESIAN_POINT('',(3.918394766873,3.396018215649));
#3657 = CARTESIAN_POINT('',(3.991768436835,3.377899217463));
#3658 = CARTESIAN_POINT('',(4.023808942655,3.36970811386));
#3659 = CARTESIAN_POINT('',(4.05550472571,3.361352025438));
#3660 = CARTESIAN_POINT('',(4.086883168634,3.35285011216));
#3661 = CARTESIAN_POINT('',(4.117971203665,3.3442191002));
#3662 = CARTESIAN_POINT('',(4.172835943338,3.32865296114));
#3663 = CARTESIAN_POINT('',(4.196715105084,3.321762938051));
#3664 = CARTESIAN_POINT('',(4.220446872708,3.314810145941));
#3665 = CARTESIAN_POINT('',(4.244043531839,3.307800920272));
#3666 = CARTESIAN_POINT('',(4.267516996734,3.300741046178));
#3667 = CARTESIAN_POINT('',(4.353765795323,3.274509241556));
#3668 = CARTESIAN_POINT('',(4.415835437626,3.255056388672));
#3669 = CARTESIAN_POINT('',(4.477331146837,3.235375247078));
#3670 = CARTESIAN_POINT('',(4.538445444974,3.215550707043));
#3671 = CARTESIAN_POINT('',(4.59936443242,3.195658014432));
#3672 = CARTESIAN_POINT('',(4.744411432496,3.148295736096));
#3673 = CARTESIAN_POINT('',(4.828496642778,3.120841166699));
#3674 = CARTESIAN_POINT('',(4.913117957169,3.093561340659));
#3675 = CARTESIAN_POINT('',(4.998731018729,3.066652858553));
#3676 = CARTESIAN_POINT('',(5.085787232903,3.04034520815));
#3677 = CARTESIAN_POINT('',(5.207829655644,3.005537531166));
#3678 = CARTESIAN_POINT('',(5.240993638458,2.996279995571));
#3679 = CARTESIAN_POINT('',(5.274466289443,2.98715892518));
#3680 = CARTESIAN_POINT('',(5.308275515876,2.97819162972));
#3681 = CARTESIAN_POINT('',(5.342449342146,2.969397711639));
#3682 = CARTESIAN_POINT('',(5.421510173458,2.949731649155));
#3683 = CARTESIAN_POINT('',(5.466651884807,2.938988779741));
#3684 = CARTESIAN_POINT('',(5.512509053576,2.928616037793));
#3685 = CARTESIAN_POINT('',(5.559135655059,2.918670144504));
#3686 = CARTESIAN_POINT('',(5.606575856356,2.909217247706));
#3687 = CARTESIAN_POINT('',(5.692509122089,2.893404640797));
#3688 = CARTESIAN_POINT('',(5.730665257132,2.886823096414));
#3689 = CARTESIAN_POINT('',(5.769348478922,2.880621999325));
#3690 = CARTESIAN_POINT('',(5.808561263542,2.874841230957));
#3691 = CARTESIAN_POINT('',(5.848292189808,2.869522670571));
#3692 = CARTESIAN_POINT('',(5.951964294344,2.857111747582));
#3693 = CARTESIAN_POINT('',(6.016687825896,2.850762598504));
#3694 = CARTESIAN_POINT('',(6.082469811167,2.845839300596));
#3695 = CARTESIAN_POINT('',(6.149057555746,2.842489739123));
#3696 = CARTESIAN_POINT('',(6.216138420775,2.840816326531));
#3697 = CARTESIAN_POINT('',(6.28318530718,2.840816326531));
#3698 = ( GEOMETRIC_REPRESENTATION_CONTEXT(2) 
PARAMETRIC_REPRESENTATION_CONTEXT() REPRESENTATION_CONTEXT('2D SPACE',''
  ) );
#3699 = FACE_BOUND('',#3700,.T.);
#3700 = EDGE_LOOP('',(#3701));
#3701 = ORIENTED_EDGE('',*,*,#3702,.F.);
#3702 = EDGE_CURVE('',#3703,#3703,#3705,.T.);
#3703 = VERTEX_POINT('',#3704);
#3704 = CARTESIAN_POINT('',(-10.3527618041,-38.63703305156,
    33.040816326531));
#3705 = SURFACE_CURVE('',#3706,(#3829,#3955),.PCURVE_S1.);
#3706 = B_SPLINE_CURVE_WITH_KNOTS('',6,(#3707,#3708,#3709,#3710,#3711,
    #3712,#3713,#3714,#3715,#3716,#3717,#3718,#3719,#3720,#3721,#3722,
    #3723,#3724,#3725,#3726,#3727,#3728,#3729,#3730,#3731,#3732,#3733,
    #3734,#3735,#3736,#3737,#3738,#3739,#3740,#3741,#3742,#3743,#3744,
    #3745,#3746,#3747,#3748,#3749,#3750,#3751,#3752,#3753,#3754,#3755,
    #3756,#3757,#3758,#3759,#3760,#3761,#3762,#3763,#3764,#3765,#3766,
    #3767,#3768,#3769,#3770,#3771,#3772,#3773,#3774,#3775,#3776,#3777,
    #3778,#3779,#3780,#3781,#3782,#3783,#3784,#3785,#3786,#3787,#3788,
    #3789,#3790,#3791,#3792,#3793,#3794,#3795,#3796,#3797,#3798,#3799,
    #3800,#3801,#3802,#3803,#3804,#3805,#3806,#3807,#3808,#3809,#3810,
    #3811,#3812,#3813,#3814,#3815,#3816,#3817,#3818,#3819,#3820,#3821,
    #3822,#3823,#3824,#3825,#3826,#3827,#3828),.UNSPECIFIED.,.T.,.F.,(7,
    5,5,5,5,5,5,5,5,5,5,5,5,5,5,5,5,5,5,5,5,5,5,5,7),(0.,
    5.380908470767E-02,8.791807901808E-02,0.1316761045,0.165673267822,
    0.257847620613,0.3246097653,0.349411157432,0.381214028106,
    0.421400384979,0.451779882225,0.468037693449,0.499999665883,
    0.531961638316,0.54821944954,0.578598946786,0.618785303659,
    0.650588174333,0.675389566465,0.742151711151,0.834326063942,
    0.868323227264,0.912081252746,0.946190247056,1.),.UNSPECIFIED.);
#3707 = CARTESIAN_POINT('',(-10.3527618041,-38.63703305156,
    33.040816326531));
#3708 = CARTESIAN_POINT('',(-10.22323204315,-38.6717404464,
    33.040816326531));
#3709 = CARTESIAN_POINT('',(-10.09084969191,-38.69604162424,
    33.042489874242));
#3710 = CARTESIAN_POINT('',(-9.957675908811,-38.70936782385,
    33.045839394038));
#3711 = CARTESIAN_POINT('',(-9.825529632063,-38.71193716513,
    33.050762565806));
#3712 = CARTESIAN_POINT('',(-9.695941577139,-38.70436429938,
    33.057111841913));
#3713 = CARTESIAN_POINT('',(-9.490426595576,-38.67689504627,
    33.069522670572));
#3714 = CARTESIAN_POINT('',(-9.412179367387,-38.66251925679,
    33.074841230957));
#3715 = CARTESIAN_POINT('',(-9.335682985221,-38.64464011252,
    33.080621999325));
#3716 = CARTESIAN_POINT('',(-9.261134323032,-38.62349470323,
    33.086823096414));
#3717 = CARTESIAN_POINT('',(-9.188672128975,-38.59932187241,
    33.093404640797));
#3718 = CARTESIAN_POINT('',(-9.028220899228,-38.53773041593,
    33.109217247706));
#3719 = CARTESIAN_POINT('',(-8.941648029665,-38.49850310533,
    33.118670144504));
#3720 = CARTESIAN_POINT('',(-8.858846404183,-38.45512477651,
    33.128616037793));
#3721 = CARTESIAN_POINT('',(-8.779911958945,-38.4080271401,
    33.138988779741));
#3722 = CARTESIAN_POINT('',(-8.704878405839,-38.35759296386,
    33.149731649155));
#3723 = CARTESIAN_POINT('',(-8.578463419446,-38.26261027382,
    33.169397711639));
#3724 = CARTESIAN_POINT('',(-8.525543594076,-38.21926148872,
    33.17819162972));
#3725 = CARTESIAN_POINT('',(-8.474974723816,-38.17424518315,
    33.18715892518));
#3726 = CARTESIAN_POINT('',(-8.426748628561,-38.12769843933,
    33.196279995571));
#3727 = CARTESIAN_POINT('',(-8.380852500919,-38.07974344529,
    33.205537531166));
#3728 = CARTESIAN_POINT('',(-8.219108972373,-37.89694179658,
    33.24034520815));
#3729 = CARTESIAN_POINT('',(-8.118021216325,-37.75390406083,
    33.266652858553));
#3730 = CARTESIAN_POINT('',(-8.033559170397,-37.60340384061,
    33.293561340659));
#3731 = CARTESIAN_POINT('',(-7.965578324839,-37.44702165038,
    33.320841166699));
#3732 = CARTESIAN_POINT('',(-7.913960023335,-37.28607230371,
    33.348295736097));
#3733 = CARTESIAN_POINT('',(-7.853571431236,-37.0023334328,
    33.395658014432));
#3734 = CARTESIAN_POINT('',(-7.836922727509,-36.88131011942,
    33.415550707043));
#3735 = CARTESIAN_POINT('',(-7.829070990247,-36.75884650244,
    33.435375247078));
#3736 = CARTESIAN_POINT('',(-7.830203285911,-36.63535799424,
    33.455056388672));
#3737 = CARTESIAN_POINT('',(-7.840574903357,-36.51128933125,
    33.474509241556));
#3738 = CARTESIAN_POINT('',(-7.868007657901,-36.34098705584,
    33.500741046178));
#3739 = CARTESIAN_POINT('',(-7.876766931844,-36.29484606406,
    33.507800920272));
#3740 = CARTESIAN_POINT('',(-7.886874471055,-36.24871888615,
    33.514810145941));
#3741 = CARTESIAN_POINT('',(-7.898351919099,-36.20263386908,
    33.521762938051));
#3742 = CARTESIAN_POINT('',(-7.911222988319,-36.15662189159,
    33.52865296114));
#3743 = CARTESIAN_POINT('',(-7.943838157697,-36.05185162213,
    33.5442191002));
#3744 = CARTESIAN_POINT('',(-7.96449632618,-35.99316341267,
    33.55285011216));
#3745 = CARTESIAN_POINT('',(-7.98754286719,-35.9347208838,
    33.561352025438));
#3746 = CARTESIAN_POINT('',(-8.013036988036,-35.87660580085,
    33.56970811386));
#3747 = CARTESIAN_POINT('',(-8.041041545072,-35.81891283617,
    33.577899217463));
#3748 = CARTESIAN_POINT('',(-8.110264579542,-35.68951827186,
    33.596018215649));
#3749 = CARTESIAN_POINT('',(-8.153016501614,-35.61814027474,
    33.605833710642));
#3750 = CARTESIAN_POINT('',(-8.200013308676,-35.54782631165,
    33.615307610936));
#3751 = CARTESIAN_POINT('',(-8.251385377106,-35.47885192301,
    33.624386383613));
#3752 = CARTESIAN_POINT('',(-8.307239511056,-35.41155358202,
    33.63300701849));
#3753 = CARTESIAN_POINT('',(-8.413300944205,-35.29701362293,
    33.647215406263));
#3754 = CARTESIAN_POINT('',(-8.461556076078,-35.24888965883,
    33.65302935527));
#3755 = CARTESIAN_POINT('',(-8.512428065743,-35.20212587837,
    33.658509389066));
#3756 = CARTESIAN_POINT('',(-8.565914552178,-35.15692559904,
    33.663620501878));
#3757 = CARTESIAN_POINT('',(-8.621973940514,-35.11351336636,
    33.668325840629));
#3758 = CARTESIAN_POINT('',(-8.71183761494,-35.04997740601,
    33.674870293323));
#3759 = CARTESIAN_POINT('',(-8.743873192192,-35.02840874757,
    33.677025038891));
#3760 = CARTESIAN_POINT('',(-8.77660277388,-35.00745732534,
    33.679047399923));
#3761 = CARTESIAN_POINT('',(-8.81000604044,-34.98716032881,
    33.680931896392));
#3762 = CARTESIAN_POINT('',(-8.844057361006,-34.96755494009,
    33.682673295761));
#3763 = CARTESIAN_POINT('',(-8.946882045521,-34.91156795299,
    33.687398987947));
#3764 = CARTESIAN_POINT('',(-9.01743516597,-34.87726712002,
    33.689959708258));
#3765 = CARTESIAN_POINT('',(-9.090125441699,-34.84606760738,
    33.691910464057));
#3766 = CARTESIAN_POINT('',(-9.164633123528,-34.81822509419,
    33.693221915139));
#3767 = CARTESIAN_POINT('',(-9.240572442078,-34.7939385713,
    33.69387755102));
#3768 = CARTESIAN_POINT('',(-9.394398805304,-34.7527209215,
    33.69387755102));
#3769 = CARTESIAN_POINT('',(-9.472307445758,-34.73578400802,
    33.693221915139));
#3770 = CARTESIAN_POINT('',(-9.550754247595,-34.72264249083,
    33.691910464057));
#3771 = CARTESIAN_POINT('',(-9.629305629301,-34.71331692349,
    33.689959708258));
#3772 = CARTESIAN_POINT('',(-9.707556840413,-34.707745756,
    33.687398987947));
#3773 = CARTESIAN_POINT('',(-9.824599122889,-34.70481956685,
    33.682673295761));
#3774 = CARTESIAN_POINT('',(-9.863891125892,-34.70477267125,
    33.680931896392));
#3775 = CARTESIAN_POINT('',(-9.902967701567,-34.70564875258,
    33.679047399923));
#3776 = CARTESIAN_POINT('',(-9.94178806188,-34.70742842564,
    33.677025038891));
#3777 = CARTESIAN_POINT('',(-9.980316014823,-34.71008964314,
    33.674870293323));
#3778 = CARTESIAN_POINT('',(-10.08990821992,-34.72018156164,
    33.668325840629));
#3779 = CARTESIAN_POINT('',(-10.16016319068,-34.72974796381,
    33.663620501878));
#3780 = CARTESIAN_POINT('',(-10.22908398636,-34.74214931075,
    33.658509389066));
#3781 = CARTESIAN_POINT('',(-10.29652231198,-34.75721193778,
    33.65302935527));
#3782 = CARTESIAN_POINT('',(-10.3623744641,-34.77476094729,
    33.647215406263));
#3783 = CARTESIAN_POINT('',(-10.51149633911,-34.82092474503,
    33.63300701849));
#3784 = CARTESIAN_POINT('',(-10.59351660851,-34.85127975098,
    33.624386383613));
#3785 = CARTESIAN_POINT('',(-10.67249331914,-34.88532728954,
    33.615307610936));
#3786 = CARTESIAN_POINT('',(-10.7483507295,-34.92272256429,
    33.605833710642));
#3787 = CARTESIAN_POINT('',(-10.82106397863,-34.96316176203,
    33.596018215649));
#3788 = CARTESIAN_POINT('',(-10.94571016717,-35.0406092246,
    33.577899217463));
#3789 = CARTESIAN_POINT('',(-10.99880930732,-35.07657051911,
    33.56970811386));
#3790 = CARTESIAN_POINT('',(-11.04994540509,-35.11415259686,
    33.561352025438));
#3791 = CARTESIAN_POINT('',(-11.09912555951,-35.15324204103,
    33.55285011216));
#3792 = CARTESIAN_POINT('',(-11.14636016294,-35.19373843708,
    33.5442191002));
#3793 = CARTESIAN_POINT('',(-11.22699086291,-35.26816456731,
    33.52865296114));
#3794 = CARTESIAN_POINT('',(-11.26114352457,-35.30157657408,
    33.521762938051));
#3795 = CARTESIAN_POINT('',(-11.29412579468,-35.33574864557,
    33.514810145941));
#3796 = CARTESIAN_POINT('',(-11.32594276936,-35.37064218385,
    33.507800920272));
#3797 = CARTESIAN_POINT('',(-11.356599019,-35.40622181791,
    33.500741046178));
#3798 = CARTESIAN_POINT('',(-11.46550761904,-35.53999153746,
    33.474509241556));
#3799 = CARTESIAN_POINT('',(-11.53652403473,-35.64225234271,
    33.455056388672));
#3800 = CARTESIAN_POINT('',(-11.59924888563,-35.74863038004,
    33.435375247078));
#3801 = CARTESIAN_POINT('',(-11.65368089019,-35.85861285202,
    33.415550707043));
#3802 = CARTESIAN_POINT('',(-11.69977434651,-35.97174646772,
    33.395658014432));
#3803 = CARTESIAN_POINT('',(-11.78934572711,-36.24766583403,
    33.348295736096));
#3804 = CARTESIAN_POINT('',(-11.82511764004,-36.41286120771,
    33.320841166699));
#3805 = CARTESIAN_POINT('',(-11.84443559593,-36.58228257993,
    33.293561340659));
#3806 = CARTESIAN_POINT('',(-11.84653942861,-36.75485061688,
    33.266652858553));
#3807 = CARTESIAN_POINT('',(-11.83051373174,-36.92926880777,
    33.24034520815));
#3808 = CARTESIAN_POINT('',(-11.78184055147,-37.16845144367,
    33.205537531166));
#3809 = CARTESIAN_POINT('',(-11.76607083602,-37.23292975057,
    33.196279995571));
#3810 = CARTESIAN_POINT('',(-11.74757918432,-37.29735346081,
    33.18715892518));
#3811 = CARTESIAN_POINT('',(-11.72629341081,-37.36162316015,
    33.17819162972));
#3812 = CARTESIAN_POINT('',(-11.70213789023,-37.42562422196,
    33.169397711639));
#3813 = CARTESIAN_POINT('',(-11.64015064562,-37.57108913764,
    33.149731649155));
#3814 = CARTESIAN_POINT('',(-11.60038677061,-37.65228319204,
    33.138988779741));
#3815 = CARTESIAN_POINT('',(-11.55557635401,-37.73253816425,
    33.128616037793));
#3816 = CARTESIAN_POINT('',(-11.50555720728,-37.81150571173,
    33.118670144504));
#3817 = CARTESIAN_POINT('',(-11.45019655826,-37.88876399401,
    33.109217247706));
#3818 = CARTESIAN_POINT('',(-11.34203744546,-38.02232937485,
    33.093404640797));
#3819 = CARTESIAN_POINT('',(-11.29136976001,-38.07949475744,
    33.086823096414));
#3820 = CARTESIAN_POINT('',(-11.23738142938,-38.13508155016,
    33.080621999325));
#3821 = CARTESIAN_POINT('',(-11.18007319126,-38.18881353438,
    33.074841230957));
#3822 = CARTESIAN_POINT('',(-11.11949699861,-38.24038694736,
    33.069522670571));
#3823 = CARTESIAN_POINT('',(-10.95524918189,-38.366934471,
    33.057111747582));
#3824 = CARTESIAN_POINT('',(-10.8468101187,-38.43828566684,
    33.050762598504));
#3825 = CARTESIAN_POINT('',(-10.73108286827,-38.50213467542,
    33.045839300596));
#3826 = CARTESIAN_POINT('',(-10.6090846863,-38.5571818782,
    33.042489739123));
#3827 = CARTESIAN_POINT('',(-10.4822864424,-38.60232702933,
    33.040816326531));
#3828 = CARTESIAN_POINT('',(-10.3527618041,-38.63703305156,
    33.040816326531));
#3829 = PCURVE('',#3209,#3830);
#3830 = DEFINITIONAL_REPRESENTATION('',(#3831),#3954);
#3831 = B_SPLINE_CURVE_WITH_KNOTS('',6,(#3832,#3833,#3834,#3835,#3836,
    #3837,#3838,#3839,#3840,#3841,#3842,#3843,#3844,#3845,#3846,#3847,
    #3848,#3849,#3850,#3851,#3852,#3853,#3854,#3855,#3856,#3857,#3858,
    #3859,#3860,#3861,#3862,#3863,#3864,#3865,#3866,#3867,#3868,#3869,
    #3870,#3871,#3872,#3873,#3874,#3875,#3876,#3877,#3878,#3879,#3880,
    #3881,#3882,#3883,#3884,#3885,#3886,#3887,#3888,#3889,#3890,#3891,
    #3892,#3893,#3894,#3895,#3896,#3897,#3898,#3899,#3900,#3901,#3902,
    #3903,#3904,#3905,#3906,#3907,#3908,#3909,#3910,#3911,#3912,#3913,
    #3914,#3915,#3916,#3917,#3918,#3919,#3920,#3921,#3922,#3923,#3924,
    #3925,#3926,#3927,#3928,#3929,#3930,#3931,#3932,#3933,#3934,#3935,
    #3936,#3937,#3938,#3939,#3940,#3941,#3942,#3943,#3944,#3945,#3946,
    #3947,#3948,#3949,#3950,#3951,#3952,#3953),.UNSPECIFIED.,.T.,.F.,(7,
    5,5,5,5,5,5,5,5,5,5,5,5,5,5,5,5,5,5,5,5,5,5,5,7),(0.,
    5.380908470767E-02,8.791807901808E-02,0.1316761045,0.165673267822,
    0.257847620613,0.3246097653,0.349411157432,0.381214028106,
    0.421400384979,0.451779882225,0.468037693449,0.499999665883,
    0.531961638316,0.54821944954,0.578598946786,0.618785303659,
    0.650588174333,0.675389566465,0.742151711151,0.834326063942,
    0.868323227264,0.912081252746,0.946190247056,1.),.UNSPECIFIED.);
#3832 = CARTESIAN_POINT('',(-4.450589592586,-2.040816326531));
#3833 = CARTESIAN_POINT('',(-4.45394206949,-2.040816326531));
#3834 = CARTESIAN_POINT('',(-4.457296097048,-2.042489874242));
#3835 = CARTESIAN_POINT('',(-4.460602162044,-2.045839394038));
#3836 = CARTESIAN_POINT('',(-4.463821681384,-2.050762565806));
#3837 = CARTESIAN_POINT('',(-4.466924206664,-2.057111841913));
#3838 = CARTESIAN_POINT('',(-4.471764548936,-2.069522670572));
#3839 = CARTESIAN_POINT('',(-4.473587179894,-2.074841230957));
#3840 = CARTESIAN_POINT('',(-4.475349874788,-2.080621999325));
#3841 = CARTESIAN_POINT('',(-4.477049551768,-2.086823096414));
#3842 = CARTESIAN_POINT('',(-4.478684393075,-2.093404640797));
#3843 = CARTESIAN_POINT('',(-4.482266487497,-2.109217247706));
#3844 = CARTESIAN_POINT('',(-4.484171075123,-2.118670144504));
#3845 = CARTESIAN_POINT('',(-4.485965743962,-2.128616037793));
#3846 = CARTESIAN_POINT('',(-4.487650434495,-2.138988779741));
#3847 = CARTESIAN_POINT('',(-4.489226100541,-2.149731649155));
#3848 = CARTESIAN_POINT('',(-4.491834931837,-2.169397711639));
#3849 = CARTESIAN_POINT('',(-4.492910624677,-2.17819162972));
#3850 = CARTESIAN_POINT('',(-4.493922009296,-2.18715892518));
#3851 = CARTESIAN_POINT('',(-4.494869769222,-2.196279995571));
#3852 = CARTESIAN_POINT('',(-4.495754581379,-2.205537531166));
#3853 = CARTESIAN_POINT('',(-4.498807116572,-2.24034520815));
#3854 = CARTESIAN_POINT('',(-4.500577979886,-2.266652858553));
#3855 = CARTESIAN_POINT('',(-4.501905239606,-2.29356134066));
#3856 = CARTESIAN_POINT('',(-4.502793041079,-2.320841166699));
#3857 = CARTESIAN_POINT('',(-4.503243013762,-2.348295736097));
#3858 = CARTESIAN_POINT('',(-4.503247288044,-2.395658014432));
#3859 = CARTESIAN_POINT('',(-4.503014322344,-2.415550707043));
#3860 = CARTESIAN_POINT('',(-4.502543337177,-2.435375247078));
#3861 = CARTESIAN_POINT('',(-4.501828303061,-2.455056388672));
#3862 = CARTESIAN_POINT('',(-4.500861521932,-2.474509241556));
#3863 = CARTESIAN_POINT('',(-4.4991752363,-2.500741046178));
#3864 = CARTESIAN_POINT('',(-4.498682243401,-2.507800920272));
#3865 = CARTESIAN_POINT('',(-4.498152469776,-2.514810145941));
#3866 = CARTESIAN_POINT('',(-4.49758533519,-2.521762938051));
#3867 = CARTESIAN_POINT('',(-4.49698022339,-2.52865296114));
#3868 = CARTESIAN_POINT('',(-4.49551101148,-2.5442191002));
#3869 = CARTESIAN_POINT('',(-4.49462204364,-2.55285011216));
#3870 = CARTESIAN_POINT('',(-4.493668185318,-2.561352025438));
#3871 = CARTESIAN_POINT('',(-4.492648017535,-2.56970811386));
#3872 = CARTESIAN_POINT('',(-4.491560132026,-2.577899217463));
#3873 = CARTESIAN_POINT('',(-4.488941218409,-2.596018215649));
#3874 = CARTESIAN_POINT('',(-4.487369116381,-2.605833710642));
#3875 = CARTESIAN_POINT('',(-4.485684018327,-2.615307610936));
#3876 = CARTESIAN_POINT('',(-4.483883710904,-2.624386383613));
#3877 = CARTESIAN_POINT('',(-4.481967214322,-2.63300701849));
#3878 = CARTESIAN_POINT('',(-4.478399393994,-2.647215406263));
#3879 = CARTESIAN_POINT('',(-4.476797625227,-2.65302935527));
#3880 = CARTESIAN_POINT('',(-4.475130614442,-2.658509389066));
#3881 = CARTESIAN_POINT('',(-4.473399875093,-2.663620501878));
#3882 = CARTESIAN_POINT('',(-4.471608263765,-2.668325840629));
#3883 = CARTESIAN_POINT('',(-4.46877141706,-2.674870293323));
#3884 = CARTESIAN_POINT('',(-4.467766379692,-2.677025038891));
#3885 = CARTESIAN_POINT('',(-4.466745948911,-2.679047399923));
#3886 = CARTESIAN_POINT('',(-4.465710998579,-2.680931896392));
#3887 = CARTESIAN_POINT('',(-4.464662559998,-2.682673295761));
#3888 = CARTESIAN_POINT('',(-4.461516468517,-2.687398987947));
#3889 = CARTESIAN_POINT('',(-4.459383214591,-2.689959708258));
#3890 = CARTESIAN_POINT('',(-4.457211804775,-2.691910464057));
#3891 = CARTESIAN_POINT('',(-4.45501359286,-2.693221915139));
#3892 = CARTESIAN_POINT('',(-4.45280143661,-2.69387755102));
#3893 = CARTESIAN_POINT('',(-4.448377748561,-2.69387755102));
#3894 = CARTESIAN_POINT('',(-4.446165592311,-2.693221915139));
#3895 = CARTESIAN_POINT('',(-4.443967380396,-2.691910464057));
#3896 = CARTESIAN_POINT('',(-4.44179597058,-2.689959708258));
#3897 = CARTESIAN_POINT('',(-4.439662716654,-2.687398987947));
#3898 = CARTESIAN_POINT('',(-4.436516625173,-2.682673295761));
#3899 = CARTESIAN_POINT('',(-4.435468186592,-2.680931896392));
#3900 = CARTESIAN_POINT('',(-4.43443323626,-2.679047399923));
#3901 = CARTESIAN_POINT('',(-4.433412805479,-2.677025038891));
#3902 = CARTESIAN_POINT('',(-4.432407768111,-2.674870293323));
#3903 = CARTESIAN_POINT('',(-4.429570921406,-2.668325840629));
#3904 = CARTESIAN_POINT('',(-4.427779310078,-2.663620501878));
#3905 = CARTESIAN_POINT('',(-4.426048570729,-2.658509389066));
#3906 = CARTESIAN_POINT('',(-4.424381559944,-2.65302935527));
#3907 = CARTESIAN_POINT('',(-4.422779791177,-2.647215406263));
#3908 = CARTESIAN_POINT('',(-4.419211970849,-2.63300701849));
#3909 = CARTESIAN_POINT('',(-4.417295474268,-2.624386383613));
#3910 = CARTESIAN_POINT('',(-4.415495166844,-2.615307610936));
#3911 = CARTESIAN_POINT('',(-4.41381006879,-2.605833710642));
#3912 = CARTESIAN_POINT('',(-4.412237966762,-2.596018215649));
#3913 = CARTESIAN_POINT('',(-4.409619053145,-2.577899217463));
#3914 = CARTESIAN_POINT('',(-4.408531167636,-2.56970811386));
#3915 = CARTESIAN_POINT('',(-4.407510999853,-2.561352025438));
#3916 = CARTESIAN_POINT('',(-4.406557141531,-2.55285011216));
#3917 = CARTESIAN_POINT('',(-4.405668173691,-2.5442191002));
#3918 = CARTESIAN_POINT('',(-4.404198961781,-2.52865296114));
#3919 = CARTESIAN_POINT('',(-4.403593849981,-2.521762938051));
#3920 = CARTESIAN_POINT('',(-4.403026715395,-2.514810145941));
#3921 = CARTESIAN_POINT('',(-4.40249694177,-2.507800920272));
#3922 = CARTESIAN_POINT('',(-4.402003948871,-2.500741046178));
#3923 = CARTESIAN_POINT('',(-4.400317663239,-2.474509241556));
#3924 = CARTESIAN_POINT('',(-4.39935088211,-2.455056388672));
#3925 = CARTESIAN_POINT('',(-4.398635847994,-2.435375247078));
#3926 = CARTESIAN_POINT('',(-4.398164862827,-2.415550707043));
#3927 = CARTESIAN_POINT('',(-4.397931897127,-2.395658014432));
#3928 = CARTESIAN_POINT('',(-4.397936171409,-2.348295736096));
#3929 = CARTESIAN_POINT('',(-4.398386144092,-2.320841166699));
#3930 = CARTESIAN_POINT('',(-4.399273945565,-2.293561340659));
#3931 = CARTESIAN_POINT('',(-4.400601205285,-2.266652858553));
#3932 = CARTESIAN_POINT('',(-4.402372068599,-2.24034520815));
#3933 = CARTESIAN_POINT('',(-4.405424603792,-2.205537531166));
#3934 = CARTESIAN_POINT('',(-4.406309415949,-2.196279995571));
#3935 = CARTESIAN_POINT('',(-4.407257175876,-2.18715892518));
#3936 = CARTESIAN_POINT('',(-4.408268560494,-2.17819162972));
#3937 = CARTESIAN_POINT('',(-4.409344253334,-2.169397711639));
#3938 = CARTESIAN_POINT('',(-4.41195308463,-2.149731649155));
#3939 = CARTESIAN_POINT('',(-4.413528750677,-2.138988779741));
#3940 = CARTESIAN_POINT('',(-4.415213441209,-2.128616037793));
#3941 = CARTESIAN_POINT('',(-4.417008110048,-2.118670144504));
#3942 = CARTESIAN_POINT('',(-4.418912697674,-2.109217247706));
#3943 = CARTESIAN_POINT('',(-4.422494792096,-2.093404640797));
#3944 = CARTESIAN_POINT('',(-4.424129633403,-2.086823096414));
#3945 = CARTESIAN_POINT('',(-4.425829310383,-2.080621999325));
#3946 = CARTESIAN_POINT('',(-4.427592005277,-2.074841230957));
#3947 = CARTESIAN_POINT('',(-4.429414636235,-2.069522670571));
#3948 = CARTESIAN_POINT('',(-4.434255015297,-2.057111747582));
#3949 = CARTESIAN_POINT('',(-4.437357507194,-2.050762598504));
#3950 = CARTESIAN_POINT('',(-4.440577046977,-2.045839300596));
#3951 = CARTESIAN_POINT('',(-4.443883196085,-2.042489739123));
#3952 = CARTESIAN_POINT('',(-4.447237248265,-2.040816326531));
#3953 = CARTESIAN_POINT('',(-4.450589592586,-2.040816326531));
#3954 = ( GEOMETRIC_REPRESENTATION_CONTEXT(2) 
PARAMETRIC_REPRESENTATION_CONTEXT() REPRESENTATION_CONTEXT('2D SPACE',''
  ) );
#3955 = PCURVE('',#3956,#3961);
#3956 = CYLINDRICAL_SURFACE('',#3957,2.);
#3957 = AXIS2_PLACEMENT_3D('',#3958,#3959,#3960);
#3958 = CARTESIAN_POINT('',(-9.835123713896,-36.70518139898,30.2));
#3959 = DIRECTION('',(0.,0.,1.));
#3960 = DIRECTION('',(-0.258819045103,-0.965925826289,0.));
#3961 = DEFINITIONAL_REPRESENTATION('',(#3962),#4085);
#3962 = B_SPLINE_CURVE_WITH_KNOTS('',6,(#3963,#3964,#3965,#3966,#3967,
    #3968,#3969,#3970,#3971,#3972,#3973,#3974,#3975,#3976,#3977,#3978,
    #3979,#3980,#3981,#3982,#3983,#3984,#3985,#3986,#3987,#3988,#3989,
    #3990,#3991,#3992,#3993,#3994,#3995,#3996,#3997,#3998,#3999,#4000,
    #4001,#4002,#4003,#4004,#4005,#4006,#4007,#4008,#4009,#4010,#4011,
    #4012,#4013,#4014,#4015,#4016,#4017,#4018,#4019,#4020,#4021,#4022,
    #4023,#4024,#4025,#4026,#4027,#4028,#4029,#4030,#4031,#4032,#4033,
    #4034,#4035,#4036,#4037,#4038,#4039,#4040,#4041,#4042,#4043,#4044,
    #4045,#4046,#4047,#4048,#4049,#4050,#4051,#4052,#4053,#4054,#4055,
    #4056,#4057,#4058,#4059,#4060,#4061,#4062,#4063,#4064,#4065,#4066,
    #4067,#4068,#4069,#4070,#4071,#4072,#4073,#4074,#4075,#4076,#4077,
    #4078,#4079,#4080,#4081,#4082,#4083,#4084),.UNSPECIFIED.,.F.,.F.,(7,
    5,5,5,5,5,5,5,5,5,5,5,5,5,5,5,5,5,5,5,5,5,5,5,7),(0.,
    5.380908470767E-02,8.791807901808E-02,0.1316761045,0.165673267822,
    0.257847620613,0.3246097653,0.349411157432,0.381214028106,
    0.421400384979,0.451779882225,0.468037693449,0.499999665883,
    0.531961638316,0.54821944954,0.578598946786,0.618785303659,
    0.650588174333,0.675389566465,0.742151711151,0.834326063942,
    0.868323227264,0.912081252746,0.946190247056,1.),.UNSPECIFIED.);
#3963 = CARTESIAN_POINT('',(8.881784197001E-16,2.840816326531));
#3964 = CARTESIAN_POINT('',(6.704953807964E-02,2.840816326531));
#3965 = CARTESIAN_POINT('',(0.134129906066,2.842489874242));
#3966 = CARTESIAN_POINT('',(0.20071604364,2.845839394038));
#3967 = CARTESIAN_POINT('',(0.266497512683,2.850762565806));
#3968 = CARTESIAN_POINT('',(0.331221800807,2.857111841913));
#3969 = CARTESIAN_POINT('',(0.434893117372,2.869522670571));
#3970 = CARTESIAN_POINT('',(0.474624043638,2.874841230957));
#3971 = CARTESIAN_POINT('',(0.513836828257,2.880621999325));
#3972 = CARTESIAN_POINT('',(0.552520050048,2.886823096414));
#3973 = CARTESIAN_POINT('',(0.590676185091,2.893404640797));
#3974 = CARTESIAN_POINT('',(0.676609450824,2.909217247706));
#3975 = CARTESIAN_POINT('',(0.724049652121,2.918670144504));
#3976 = CARTESIAN_POINT('',(0.770676253604,2.928616037793));
#3977 = CARTESIAN_POINT('',(0.816533422373,2.938988779741));
#3978 = CARTESIAN_POINT('',(0.861675133722,2.949731649155));
#3979 = CARTESIAN_POINT('',(0.940735965034,2.969397711639));
#3980 = CARTESIAN_POINT('',(0.974909791304,2.97819162972));
#3981 = CARTESIAN_POINT('',(1.008719017736,2.98715892518));
#3982 = CARTESIAN_POINT('',(1.042191668722,2.996279995571));
#3983 = CARTESIAN_POINT('',(1.075355651536,3.005537531166));
#3984 = CARTESIAN_POINT('',(1.197398074277,3.04034520815));
#3985 = CARTESIAN_POINT('',(1.284454288451,3.066652858553));
#3986 = CARTESIAN_POINT('',(1.370067350011,3.093561340659));
#3987 = CARTESIAN_POINT('',(1.454688664401,3.120841166699));
#3988 = CARTESIAN_POINT('',(1.538773874684,3.148295736097));
#3989 = CARTESIAN_POINT('',(1.683820874759,3.195658014432));
#3990 = CARTESIAN_POINT('',(1.744739862206,3.215550707043));
#3991 = CARTESIAN_POINT('',(1.805854160343,3.235375247078));
#3992 = CARTESIAN_POINT('',(1.867349869554,3.255056388672));
#3993 = CARTESIAN_POINT('',(1.929419511857,3.274509241556));
#3994 = CARTESIAN_POINT('',(2.015668310445,3.300741046178));
#3995 = CARTESIAN_POINT('',(2.03914177534,3.307800920272));
#3996 = CARTESIAN_POINT('',(2.062738434471,3.314810145941));
#3997 = CARTESIAN_POINT('',(2.086470202096,3.321762938051));
#3998 = CARTESIAN_POINT('',(2.110349363842,3.32865296114));
#3999 = CARTESIAN_POINT('',(2.165214103515,3.3442191002));
#4000 = CARTESIAN_POINT('',(2.196302138546,3.35285011216));
#4001 = CARTESIAN_POINT('',(2.22768058147,3.361352025438));
#4002 = CARTESIAN_POINT('',(2.259376364525,3.36970811386));
#4003 = CARTESIAN_POINT('',(2.291416870344,3.377899217463));
#4004 = CARTESIAN_POINT('',(2.364790540307,3.396018215649));
#4005 = CARTESIAN_POINT('',(2.406342771501,3.405833710642));
#4006 = CARTESIAN_POINT('',(2.448550565485,3.415307610936));
#4007 = CARTESIAN_POINT('',(2.491465301626,3.424386383613));
#4008 = CARTESIAN_POINT('',(2.5351294981,3.43300701849));
#4009 = CARTESIAN_POINT('',(2.613181451678,3.447215406263));
#4010 = CARTESIAN_POINT('',(2.647229759713,3.45302935527));
#4011 = CARTESIAN_POINT('',(2.681736068412,3.458509389066));
#4012 = CARTESIAN_POINT('',(2.716702961083,3.463620501878));
#4013 = CARTESIAN_POINT('',(2.752120995155,3.468325840629));
#4014 = CARTESIAN_POINT('',(2.807148938599,3.474870293323));
#4015 = CARTESIAN_POINT('',(2.826453734563,3.477025038891));
#4016 = CARTESIAN_POINT('',(2.845876466719,3.479047399923));
#4017 = CARTESIAN_POINT('',(2.865411573857,3.480931896392));
#4018 = CARTESIAN_POINT('',(2.885051998567,3.482673295761));
#4019 = CARTESIAN_POINT('',(2.943591426455,3.487398987947));
#4020 = CARTESIAN_POINT('',(2.982774556357,3.489959708258));
#4021 = CARTESIAN_POINT('',(3.022259336879,3.491910464057));
#4022 = CARTESIAN_POINT('',(3.061960791801,3.493221915139));
#4023 = CARTESIAN_POINT('',(3.101779461148,3.49387755102));
#4024 = CARTESIAN_POINT('',(3.181405846032,3.49387755102));
#4025 = CARTESIAN_POINT('',(3.221224515378,3.493221915139));
#4026 = CARTESIAN_POINT('',(3.260925970301,3.491910464057));
#4027 = CARTESIAN_POINT('',(3.300410750823,3.489959708258));
#4028 = CARTESIAN_POINT('',(3.339593880724,3.487398987947));
#4029 = CARTESIAN_POINT('',(3.398133308613,3.482673295761));
#4030 = CARTESIAN_POINT('',(3.417773733323,3.480931896392));
#4031 = CARTESIAN_POINT('',(3.437308840461,3.479047399923));
#4032 = CARTESIAN_POINT('',(3.456731572617,3.477025038891));
#4033 = CARTESIAN_POINT('',(3.47603636858,3.474870293323));
#4034 = CARTESIAN_POINT('',(3.531064312024,3.468325840629));
#4035 = CARTESIAN_POINT('',(3.566482346096,3.463620501878));
#4036 = CARTESIAN_POINT('',(3.601449238768,3.458509389066));
#4037 = CARTESIAN_POINT('',(3.635955547466,3.45302935527));
#4038 = CARTESIAN_POINT('',(3.670003855502,3.447215406263));
#4039 = CARTESIAN_POINT('',(3.748055809079,3.43300701849));
#4040 = CARTESIAN_POINT('',(3.791720005554,3.424386383613));
#4041 = CARTESIAN_POINT('',(3.834634741695,3.415307610936));
#4042 = CARTESIAN_POINT('',(3.876842535679,3.405833710642));
#4043 = CARTESIAN_POINT('',(3.918394766873,3.396018215649));
#4044 = CARTESIAN_POINT('',(3.991768436835,3.377899217463));
#4045 = CARTESIAN_POINT('',(4.023808942655,3.36970811386));
#4046 = CARTESIAN_POINT('',(4.05550472571,3.361352025438));
#4047 = CARTESIAN_POINT('',(4.086883168634,3.35285011216));
#4048 = CARTESIAN_POINT('',(4.117971203665,3.3442191002));
#4049 = CARTESIAN_POINT('',(4.172835943338,3.32865296114));
#4050 = CARTESIAN_POINT('',(4.196715105084,3.321762938051));
#4051 = CARTESIAN_POINT('',(4.220446872708,3.314810145941));
#4052 = CARTESIAN_POINT('',(4.244043531839,3.307800920272));
#4053 = CARTESIAN_POINT('',(4.267516996734,3.300741046178));
#4054 = CARTESIAN_POINT('',(4.353765795323,3.274509241556));
#4055 = CARTESIAN_POINT('',(4.415835437626,3.255056388672));
#4056 = CARTESIAN_POINT('',(4.477331146836,3.235375247078));
#4057 = CARTESIAN_POINT('',(4.538445444974,3.215550707043));
#4058 = CARTESIAN_POINT('',(4.59936443242,3.195658014432));
#4059 = CARTESIAN_POINT('',(4.744411432496,3.148295736096));
#4060 = CARTESIAN_POINT('',(4.828496642778,3.120841166699));
#4061 = CARTESIAN_POINT('',(4.913117957169,3.093561340659));
#4062 = CARTESIAN_POINT('',(4.998731018729,3.066652858553));
#4063 = CARTESIAN_POINT('',(5.085787232903,3.04034520815));
#4064 = CARTESIAN_POINT('',(5.207829655644,3.005537531166));
#4065 = CARTESIAN_POINT('',(5.240993638458,2.996279995571));
#4066 = CARTESIAN_POINT('',(5.274466289443,2.98715892518));
#4067 = CARTESIAN_POINT('',(5.308275515876,2.97819162972));
#4068 = CARTESIAN_POINT('',(5.342449342146,2.969397711639));
#4069 = CARTESIAN_POINT('',(5.421510173458,2.949731649155));
#4070 = CARTESIAN_POINT('',(5.466651884807,2.938988779741));
#4071 = CARTESIAN_POINT('',(5.512509053576,2.928616037793));
#4072 = CARTESIAN_POINT('',(5.559135655059,2.918670144504));
#4073 = CARTESIAN_POINT('',(5.606575856355,2.909217247706));
#4074 = CARTESIAN_POINT('',(5.692509122089,2.893404640797));
#4075 = CARTESIAN_POINT('',(5.730665257132,2.886823096414));
#4076 = CARTESIAN_POINT('',(5.769348478922,2.880621999325));
#4077 = CARTESIAN_POINT('',(5.808561263542,2.874841230957));
#4078 = CARTESIAN_POINT('',(5.848292189808,2.869522670571));
#4079 = CARTESIAN_POINT('',(5.951964294344,2.857111747582));
#4080 = CARTESIAN_POINT('',(6.016687825896,2.850762598504));
#4081 = CARTESIAN_POINT('',(6.082469811167,2.845839300596));
#4082 = CARTESIAN_POINT('',(6.149057555746,2.842489739123));
#4083 = CARTESIAN_POINT('',(6.216138420775,2.840816326531));
#4084 = CARTESIAN_POINT('',(6.28318530718,2.840816326531));
#4085 = ( GEOMETRIC_REPRESENTATION_CONTEXT(2) 
PARAMETRIC_REPRESENTATION_CONTEXT() REPRESENTATION_CONTEXT('2D SPACE',''
  ) );
#4086 = ADVANCED_FACE('',(#4087),#3244,.F.);
#4087 = FACE_BOUND('',#4088,.F.);
#4088 = EDGE_LOOP('',(#4089,#4112,#4113,#4114));
#4089 = ORIENTED_EDGE('',*,*,#4090,.T.);
#4090 = EDGE_CURVE('',#4091,#3228,#4093,.T.);
#4091 = VERTEX_POINT('',#4092);
#4092 = CARTESIAN_POINT('',(55.1,-1.34956077266E-14,3.5));
#4093 = SEAM_CURVE('',#4094,(#4098,#4105),.PCURVE_S1.);
#4094 = LINE('',#4095,#4096);
#4095 = CARTESIAN_POINT('',(55.1,-1.34956077266E-14,0.));
#4096 = VECTOR('',#4097,1.);
#4097 = DIRECTION('',(0.,0.,1.));
#4098 = PCURVE('',#3244,#4099);
#4099 = DEFINITIONAL_REPRESENTATION('',(#4100),#4104);
#4100 = LINE('',#4101,#4102);
#4101 = CARTESIAN_POINT('',(6.28318530718,-0.));
#4102 = VECTOR('',#4103,1.);
#4103 = DIRECTION('',(0.,1.));
#4104 = ( GEOMETRIC_REPRESENTATION_CONTEXT(2) 
PARAMETRIC_REPRESENTATION_CONTEXT() REPRESENTATION_CONTEXT('2D SPACE',''
  ) );
#4105 = PCURVE('',#3244,#4106);
#4106 = DEFINITIONAL_REPRESENTATION('',(#4107),#4111);
#4107 = LINE('',#4108,#4109);
#4108 = CARTESIAN_POINT('',(0.,-0.));
#4109 = VECTOR('',#4110,1.);
#4110 = DIRECTION('',(0.,1.));
#4111 = ( GEOMETRIC_REPRESENTATION_CONTEXT(2) 
PARAMETRIC_REPRESENTATION_CONTEXT() REPRESENTATION_CONTEXT('2D SPACE',''
  ) );
#4112 = ORIENTED_EDGE('',*,*,#3227,.F.);
#4113 = ORIENTED_EDGE('',*,*,#4090,.F.);
#4114 = ORIENTED_EDGE('',*,*,#4115,.T.);
#4115 = EDGE_CURVE('',#4091,#4091,#4116,.T.);
#4116 = SURFACE_CURVE('',#4117,(#4122,#4129),.PCURVE_S1.);
#4117 = CIRCLE('',#4118,55.1);
#4118 = AXIS2_PLACEMENT_3D('',#4119,#4120,#4121);
#4119 = CARTESIAN_POINT('',(0.,0.,3.5));
#4120 = DIRECTION('',(0.,0.,1.));
#4121 = DIRECTION('',(1.,0.,-0.));
#4122 = PCURVE('',#3244,#4123);
#4123 = DEFINITIONAL_REPRESENTATION('',(#4124),#4128);
#4124 = LINE('',#4125,#4126);
#4125 = CARTESIAN_POINT('',(0.,3.5));
#4126 = VECTOR('',#4127,1.);
#4127 = DIRECTION('',(1.,0.));
#4128 = ( GEOMETRIC_REPRESENTATION_CONTEXT(2) 
PARAMETRIC_REPRESENTATION_CONTEXT() REPRESENTATION_CONTEXT('2D SPACE',''
  ) );
#4129 = PCURVE('',#4130,#4135);
#4130 = PLANE('',#4131);
#4131 = AXIS2_PLACEMENT_3D('',#4132,#4133,#4134);
#4132 = CARTESIAN_POINT('',(0.,0.,3.5));
#4133 = DIRECTION('',(0.,0.,1.));
#4134 = DIRECTION('',(1.,0.,-0.));
#4135 = DEFINITIONAL_REPRESENTATION('',(#4136),#4140);
#4136 = CIRCLE('',#4137,55.1);
#4137 = AXIS2_PLACEMENT_2D('',#4138,#4139);
#4138 = CARTESIAN_POINT('',(0.,0.));
#4139 = DIRECTION('',(1.,0.));
#4140 = ( GEOMETRIC_REPRESENTATION_CONTEXT(2) 
PARAMETRIC_REPRESENTATION_CONTEXT() REPRESENTATION_CONTEXT('2D SPACE',''
  ) );
#4141 = ADVANCED_FACE('',(#4142),#3278,.T.);
#4142 = FACE_BOUND('',#4143,.T.);
#4143 = EDGE_LOOP('',(#4144,#4173,#4193,#4194));
#4144 = ORIENTED_EDGE('',*,*,#4145,.T.);
#4145 = EDGE_CURVE('',#4146,#4146,#4148,.T.);
#4146 = VERTEX_POINT('',#4147);
#4147 = CARTESIAN_POINT('',(57.5,0.,26.));
#4148 = SURFACE_CURVE('',#4149,(#4154,#4161),.PCURVE_S1.);
#4149 = CIRCLE('',#4150,57.5);
#4150 = AXIS2_PLACEMENT_3D('',#4151,#4152,#4153);
#4151 = CARTESIAN_POINT('',(0.,0.,26.));
#4152 = DIRECTION('',(0.,0.,1.));
#4153 = DIRECTION('',(1.,0.,-0.));
#4154 = PCURVE('',#3278,#4155);
#4155 = DEFINITIONAL_REPRESENTATION('',(#4156),#4160);
#4156 = LINE('',#4157,#4158);
#4157 = CARTESIAN_POINT('',(0.,0.));
#4158 = VECTOR('',#4159,1.);
#4159 = DIRECTION('',(1.,0.));
#4160 = ( GEOMETRIC_REPRESENTATION_CONTEXT(2) 
PARAMETRIC_REPRESENTATION_CONTEXT() REPRESENTATION_CONTEXT('2D SPACE',''
  ) );
#4161 = PCURVE('',#4162,#4167);
#4162 = CYLINDRICAL_SURFACE('',#4163,57.5);
#4163 = AXIS2_PLACEMENT_3D('',#4164,#4165,#4166);
#4164 = CARTESIAN_POINT('',(0.,0.,0.));
#4165 = DIRECTION('',(0.,0.,1.));
#4166 = DIRECTION('',(1.,0.,-0.));
#4167 = DEFINITIONAL_REPRESENTATION('',(#4168),#4172);
#4168 = LINE('',#4169,#4170);
#4169 = CARTESIAN_POINT('',(0.,26.));
#4170 = VECTOR('',#4171,1.);
#4171 = DIRECTION('',(1.,0.));
#4172 = ( GEOMETRIC_REPRESENTATION_CONTEXT(2) 
PARAMETRIC_REPRESENTATION_CONTEXT() REPRESENTATION_CONTEXT('2D SPACE',''
  ) );
#4173 = ORIENTED_EDGE('',*,*,#4174,.T.);
#4174 = EDGE_CURVE('',#4146,#3263,#4175,.T.);
#4175 = SEAM_CURVE('',#4176,(#4181,#4187),.PCURVE_S1.);
#4176 = CIRCLE('',#4177,5.);
#4177 = AXIS2_PLACEMENT_3D('',#4178,#4179,#4180);
#4178 = CARTESIAN_POINT('',(52.5,0.,26.));
#4179 = DIRECTION('',(0.,-1.,0.));
#4180 = DIRECTION('',(1.,0.,0.));
#4181 = PCURVE('',#3278,#4182);
#4182 = DEFINITIONAL_REPRESENTATION('',(#4183),#4186);
#4183 = B_SPLINE_CURVE_WITH_KNOTS('',1,(#4184,#4185),.UNSPECIFIED.,.F.,
  .F.,(2,2),(0.,1.570796326795),.PIECEWISE_BEZIER_KNOTS.);
#4184 = CARTESIAN_POINT('',(0.,0.));
#4185 = CARTESIAN_POINT('',(0.,1.570796326795));
#4186 = ( GEOMETRIC_REPRESENTATION_CONTEXT(2) 
PARAMETRIC_REPRESENTATION_CONTEXT() REPRESENTATION_CONTEXT('2D SPACE',''
  ) );
#4187 = PCURVE('',#3278,#4188);
#4188 = DEFINITIONAL_REPRESENTATION('',(#4189),#4192);
#4189 = B_SPLINE_CURVE_WITH_KNOTS('',1,(#4190,#4191),.UNSPECIFIED.,.F.,
  .F.,(2,2),(0.,1.570796326795),.PIECEWISE_BEZIER_KNOTS.);
#4190 = CARTESIAN_POINT('',(6.28318530718,0.));
#4191 = CARTESIAN_POINT('',(6.28318530718,1.570796326795));
#4192 = ( GEOMETRIC_REPRESENTATION_CONTEXT(2) 
PARAMETRIC_REPRESENTATION_CONTEXT() REPRESENTATION_CONTEXT('2D SPACE',''
  ) );
#4193 = ORIENTED_EDGE('',*,*,#3262,.F.);
#4194 = ORIENTED_EDGE('',*,*,#4174,.F.);
#4195 = ADVANCED_FACE('',(#4196),#3569,.F.);
#4196 = FACE_BOUND('',#4197,.F.);
#4197 = EDGE_LOOP('',(#4198,#4199,#4222,#4249));
#4198 = ORIENTED_EDGE('',*,*,#3315,.F.);
#4199 = ORIENTED_EDGE('',*,*,#4200,.F.);
#4200 = EDGE_CURVE('',#4201,#3316,#4203,.T.);
#4201 = VERTEX_POINT('',#4202);
#4202 = CARTESIAN_POINT('',(10.352761804101,38.637033051563,30.2));
#4203 = SEAM_CURVE('',#4204,(#4208,#4215),.PCURVE_S1.);
#4204 = LINE('',#4205,#4206);
#4205 = CARTESIAN_POINT('',(10.352761804101,38.637033051563,30.2));
#4206 = VECTOR('',#4207,1.);
#4207 = DIRECTION('',(0.,0.,1.));
#4208 = PCURVE('',#3569,#4209);
#4209 = DEFINITIONAL_REPRESENTATION('',(#4210),#4214);
#4210 = LINE('',#4211,#4212);
#4211 = CARTESIAN_POINT('',(6.28318530718,-0.));
#4212 = VECTOR('',#4213,1.);
#4213 = DIRECTION('',(0.,1.));
#4214 = ( GEOMETRIC_REPRESENTATION_CONTEXT(2) 
PARAMETRIC_REPRESENTATION_CONTEXT() REPRESENTATION_CONTEXT('2D SPACE',''
  ) );
#4215 = PCURVE('',#3569,#4216);
#4216 = DEFINITIONAL_REPRESENTATION('',(#4217),#4221);
#4217 = LINE('',#4218,#4219);
#4218 = CARTESIAN_POINT('',(0.,-0.));
#4219 = VECTOR('',#4220,1.);
#4220 = DIRECTION('',(0.,1.));
#4221 = ( GEOMETRIC_REPRESENTATION_CONTEXT(2) 
PARAMETRIC_REPRESENTATION_CONTEXT() REPRESENTATION_CONTEXT('2D SPACE',''
  ) );
#4222 = ORIENTED_EDGE('',*,*,#4223,.T.);
#4223 = EDGE_CURVE('',#4201,#4201,#4224,.T.);
#4224 = SURFACE_CURVE('',#4225,(#4230,#4237),.PCURVE_S1.);
#4225 = CIRCLE('',#4226,2.);
#4226 = AXIS2_PLACEMENT_3D('',#4227,#4228,#4229);
#4227 = CARTESIAN_POINT('',(9.835123713896,36.705181398985,30.2));
#4228 = DIRECTION('',(0.,-0.,1.));
#4229 = DIRECTION('',(0.258819045103,0.965925826289,0.));
#4230 = PCURVE('',#3569,#4231);
#4231 = DEFINITIONAL_REPRESENTATION('',(#4232),#4236);
#4232 = LINE('',#4233,#4234);
#4233 = CARTESIAN_POINT('',(0.,0.));
#4234 = VECTOR('',#4235,1.);
#4235 = DIRECTION('',(1.,0.));
#4236 = ( GEOMETRIC_REPRESENTATION_CONTEXT(2) 
PARAMETRIC_REPRESENTATION_CONTEXT() REPRESENTATION_CONTEXT('2D SPACE',''
  ) );
#4237 = PCURVE('',#4238,#4243);
#4238 = PLANE('',#4239);
#4239 = AXIS2_PLACEMENT_3D('',#4240,#4241,#4242);
#4240 = CARTESIAN_POINT('',(9.835123713896,36.705181398985,30.2));
#4241 = DIRECTION('',(0.,0.,1.));
#4242 = DIRECTION('',(0.258819045103,0.965925826289,0.));
#4243 = DEFINITIONAL_REPRESENTATION('',(#4244),#4248);
#4244 = CIRCLE('',#4245,2.);
#4245 = AXIS2_PLACEMENT_2D('',#4246,#4247);
#4246 = CARTESIAN_POINT('',(0.,0.));
#4247 = DIRECTION('',(1.,0.));
#4248 = ( GEOMETRIC_REPRESENTATION_CONTEXT(2) 
PARAMETRIC_REPRESENTATION_CONTEXT() REPRESENTATION_CONTEXT('2D SPACE',''
  ) );
#4249 = ORIENTED_EDGE('',*,*,#4200,.T.);
#4250 = ADVANCED_FACE('',(#4251),#3956,.F.);
#4251 = FACE_BOUND('',#4252,.F.);
#4252 = EDGE_LOOP('',(#4253,#4254,#4277,#4304));
#4253 = ORIENTED_EDGE('',*,*,#3702,.F.);
#4254 = ORIENTED_EDGE('',*,*,#4255,.F.);
#4255 = EDGE_CURVE('',#4256,#3703,#4258,.T.);
#4256 = VERTEX_POINT('',#4257);
#4257 = CARTESIAN_POINT('',(-10.3527618041,-38.63703305156,30.2));
#4258 = SEAM_CURVE('',#4259,(#4263,#4270),.PCURVE_S1.);
#4259 = LINE('',#4260,#4261);
#4260 = CARTESIAN_POINT('',(-10.3527618041,-38.63703305156,30.2));
#4261 = VECTOR('',#4262,1.);
#4262 = DIRECTION('',(0.,0.,1.));
#4263 = PCURVE('',#3956,#4264);
#4264 = DEFINITIONAL_REPRESENTATION('',(#4265),#4269);
#4265 = LINE('',#4266,#4267);
#4266 = CARTESIAN_POINT('',(6.28318530718,-0.));
#4267 = VECTOR('',#4268,1.);
#4268 = DIRECTION('',(0.,1.));
#4269 = ( GEOMETRIC_REPRESENTATION_CONTEXT(2) 
PARAMETRIC_REPRESENTATION_CONTEXT() REPRESENTATION_CONTEXT('2D SPACE',''
  ) );
#4270 = PCURVE('',#3956,#4271);
#4271 = DEFINITIONAL_REPRESENTATION('',(#4272),#4276);
#4272 = LINE('',#4273,#4274);
#4273 = CARTESIAN_POINT('',(0.,-0.));
#4274 = VECTOR('',#4275,1.);
#4275 = DIRECTION('',(0.,1.));
#4276 = ( GEOMETRIC_REPRESENTATION_CONTEXT(2) 
PARAMETRIC_REPRESENTATION_CONTEXT() REPRESENTATION_CONTEXT('2D SPACE',''
  ) );
#4277 = ORIENTED_EDGE('',*,*,#4278,.T.);
#4278 = EDGE_CURVE('',#4256,#4256,#4279,.T.);
#4279 = SURFACE_CURVE('',#4280,(#4285,#4292),.PCURVE_S1.);
#4280 = CIRCLE('',#4281,2.);
#4281 = AXIS2_PLACEMENT_3D('',#4282,#4283,#4284);
#4282 = CARTESIAN_POINT('',(-9.835123713896,-36.70518139898,30.2));
#4283 = DIRECTION('',(0.,0.,1.));
#4284 = DIRECTION('',(-0.258819045103,-0.965925826289,0.));
#4285 = PCURVE('',#3956,#4286);
#4286 = DEFINITIONAL_REPRESENTATION('',(#4287),#4291);
#4287 = LINE('',#4288,#4289);
#4288 = CARTESIAN_POINT('',(0.,0.));
#4289 = VECTOR('',#4290,1.);
#4290 = DIRECTION('',(1.,0.));
#4291 = ( GEOMETRIC_REPRESENTATION_CONTEXT(2) 
PARAMETRIC_REPRESENTATION_CONTEXT() REPRESENTATION_CONTEXT('2D SPACE',''
  ) );
#4292 = PCURVE('',#4293,#4298);
#4293 = PLANE('',#4294);
#4294 = AXIS2_PLACEMENT_3D('',#4295,#4296,#4297);
#4295 = CARTESIAN_POINT('',(-9.835123713896,-36.70518139898,30.2));
#4296 = DIRECTION('',(0.,0.,1.));
#4297 = DIRECTION('',(-0.258819045103,-0.965925826289,0.));
#4298 = DEFINITIONAL_REPRESENTATION('',(#4299),#4303);
#4299 = CIRCLE('',#4300,2.);
#4300 = AXIS2_PLACEMENT_2D('',#4301,#4302);
#4301 = CARTESIAN_POINT('',(0.,0.));
#4302 = DIRECTION('',(1.,0.));
#4303 = ( GEOMETRIC_REPRESENTATION_CONTEXT(2) 
PARAMETRIC_REPRESENTATION_CONTEXT() REPRESENTATION_CONTEXT('2D SPACE',''
  ) );
#4304 = ORIENTED_EDGE('',*,*,#4255,.T.);
#4305 = ADVANCED_FACE('',(#4306,#4337),#4130,.F.);
#4306 = FACE_BOUND('',#4307,.F.);
#4307 = EDGE_LOOP('',(#4308));
#4308 = ORIENTED_EDGE('',*,*,#4309,.T.);
#4309 = EDGE_CURVE('',#4310,#4310,#4312,.T.);
#4310 = VERTEX_POINT('',#4311);
#4311 = CARTESIAN_POINT('',(56.3,-1.37895229584E-14,3.5));
#4312 = SURFACE_CURVE('',#4313,(#4318,#4325),.PCURVE_S1.);
#4313 = CIRCLE('',#4314,56.3);
#4314 = AXIS2_PLACEMENT_3D('',#4315,#4316,#4317);
#4315 = CARTESIAN_POINT('',(0.,0.,3.5));
#4316 = DIRECTION('',(0.,0.,1.));
#4317 = DIRECTION('',(1.,0.,-0.));
#4318 = PCURVE('',#4130,#4319);
#4319 = DEFINITIONAL_REPRESENTATION('',(#4320),#4324);
#4320 = CIRCLE('',#4321,56.3);
#4321 = AXIS2_PLACEMENT_2D('',#4322,#4323);
#4322 = CARTESIAN_POINT('',(0.,0.));
#4323 = DIRECTION('',(1.,0.));
#4324 = ( GEOMETRIC_REPRESENTATION_CONTEXT(2) 
PARAMETRIC_REPRESENTATION_CONTEXT() REPRESENTATION_CONTEXT('2D SPACE',''
  ) );
#4325 = PCURVE('',#4326,#4331);
#4326 = CYLINDRICAL_SURFACE('',#4327,56.3);
#4327 = AXIS2_PLACEMENT_3D('',#4328,#4329,#4330);
#4328 = CARTESIAN_POINT('',(0.,0.,0.));
#4329 = DIRECTION('',(0.,0.,1.));
#4330 = DIRECTION('',(1.,0.,-0.));
#4331 = DEFINITIONAL_REPRESENTATION('',(#4332),#4336);
#4332 = LINE('',#4333,#4334);
#4333 = CARTESIAN_POINT('',(0.,3.5));
#4334 = VECTOR('',#4335,1.);
#4335 = DIRECTION('',(1.,0.));
#4336 = ( GEOMETRIC_REPRESENTATION_CONTEXT(2) 
PARAMETRIC_REPRESENTATION_CONTEXT() REPRESENTATION_CONTEXT('2D SPACE',''
  ) );
#4337 = FACE_BOUND('',#4338,.F.);
#4338 = EDGE_LOOP('',(#4339));
#4339 = ORIENTED_EDGE('',*,*,#4115,.F.);
#4340 = ADVANCED_FACE('',(#4341),#4162,.T.);
#4341 = FACE_BOUND('',#4342,.T.);
#4342 = EDGE_LOOP('',(#4343,#4366,#4367,#4368));
#4343 = ORIENTED_EDGE('',*,*,#4344,.T.);
#4344 = EDGE_CURVE('',#4345,#4146,#4347,.T.);
#4345 = VERTEX_POINT('',#4346);
#4346 = CARTESIAN_POINT('',(57.5,-1.408343819019E-14,0.));
#4347 = SEAM_CURVE('',#4348,(#4352,#4359),.PCURVE_S1.);
#4348 = LINE('',#4349,#4350);
#4349 = CARTESIAN_POINT('',(57.5,-1.408343819019E-14,0.));
#4350 = VECTOR('',#4351,1.);
#4351 = DIRECTION('',(0.,0.,1.));
#4352 = PCURVE('',#4162,#4353);
#4353 = DEFINITIONAL_REPRESENTATION('',(#4354),#4358);
#4354 = LINE('',#4355,#4356);
#4355 = CARTESIAN_POINT('',(6.28318530718,-0.));
#4356 = VECTOR('',#4357,1.);
#4357 = DIRECTION('',(0.,1.));
#4358 = ( GEOMETRIC_REPRESENTATION_CONTEXT(2) 
PARAMETRIC_REPRESENTATION_CONTEXT() REPRESENTATION_CONTEXT('2D SPACE',''
  ) );
#4359 = PCURVE('',#4162,#4360);
#4360 = DEFINITIONAL_REPRESENTATION('',(#4361),#4365);
#4361 = LINE('',#4362,#4363);
#4362 = CARTESIAN_POINT('',(0.,-0.));
#4363 = VECTOR('',#4364,1.);
#4364 = DIRECTION('',(0.,1.));
#4365 = ( GEOMETRIC_REPRESENTATION_CONTEXT(2) 
PARAMETRIC_REPRESENTATION_CONTEXT() REPRESENTATION_CONTEXT('2D SPACE',''
  ) );
#4366 = ORIENTED_EDGE('',*,*,#4145,.F.);
#4367 = ORIENTED_EDGE('',*,*,#4344,.F.);
#4368 = ORIENTED_EDGE('',*,*,#4369,.T.);
#4369 = EDGE_CURVE('',#4345,#4345,#4370,.T.);
#4370 = SURFACE_CURVE('',#4371,(#4376,#4383),.PCURVE_S1.);
#4371 = CIRCLE('',#4372,57.5);
#4372 = AXIS2_PLACEMENT_3D('',#4373,#4374,#4375);
#4373 = CARTESIAN_POINT('',(0.,0.,0.));
#4374 = DIRECTION('',(0.,0.,1.));
#4375 = DIRECTION('',(1.,0.,-0.));
#4376 = PCURVE('',#4162,#4377);
#4377 = DEFINITIONAL_REPRESENTATION('',(#4378),#4382);
#4378 = LINE('',#4379,#4380);
#4379 = CARTESIAN_POINT('',(0.,0.));
#4380 = VECTOR('',#4381,1.);
#4381 = DIRECTION('',(1.,0.));
#4382 = ( GEOMETRIC_REPRESENTATION_CONTEXT(2) 
PARAMETRIC_REPRESENTATION_CONTEXT() REPRESENTATION_CONTEXT('2D SPACE',''
  ) );
#4383 = PCURVE('',#4384,#4389);
#4384 = PLANE('',#4385);
#4385 = AXIS2_PLACEMENT_3D('',#4386,#4387,#4388);
#4386 = CARTESIAN_POINT('',(0.,0.,0.));
#4387 = DIRECTION('',(0.,0.,1.));
#4388 = DIRECTION('',(1.,0.,-0.));
#4389 = DEFINITIONAL_REPRESENTATION('',(#4390),#4394);
#4390 = CIRCLE('',#4391,57.5);
#4391 = AXIS2_PLACEMENT_2D('',#4392,#4393);
#4392 = CARTESIAN_POINT('',(0.,0.));
#4393 = DIRECTION('',(1.,0.));
#4394 = ( GEOMETRIC_REPRESENTATION_CONTEXT(2) 
PARAMETRIC_REPRESENTATION_CONTEXT() REPRESENTATION_CONTEXT('2D SPACE',''
  ) );
#4395 = ADVANCED_FACE('',(#4396),#4238,.T.);
#4396 = FACE_BOUND('',#4397,.F.);
#4397 = EDGE_LOOP('',(#4398));
#4398 = ORIENTED_EDGE('',*,*,#4223,.F.);
#4399 = ADVANCED_FACE('',(#4400),#4293,.T.);
#4400 = FACE_BOUND('',#4401,.F.);
#4401 = EDGE_LOOP('',(#4402));
#4402 = ORIENTED_EDGE('',*,*,#4278,.F.);
#4403 = ADVANCED_FACE('',(#4404),#4326,.F.);
#4404 = FACE_BOUND('',#4405,.F.);
#4405 = EDGE_LOOP('',(#4406,#4407,#4430,#4452));
#4406 = ORIENTED_EDGE('',*,*,#4309,.F.);
#4407 = ORIENTED_EDGE('',*,*,#4408,.F.);
#4408 = EDGE_CURVE('',#4409,#4310,#4411,.T.);
#4409 = VERTEX_POINT('',#4410);
#4410 = CARTESIAN_POINT('',(56.3,-1.37895229584E-14,0.));
#4411 = SEAM_CURVE('',#4412,(#4416,#4423),.PCURVE_S1.);
#4412 = LINE('',#4413,#4414);
#4413 = CARTESIAN_POINT('',(56.3,-1.37895229584E-14,0.));
#4414 = VECTOR('',#4415,1.);
#4415 = DIRECTION('',(0.,0.,1.));
#4416 = PCURVE('',#4326,#4417);
#4417 = DEFINITIONAL_REPRESENTATION('',(#4418),#4422);
#4418 = LINE('',#4419,#4420);
#4419 = CARTESIAN_POINT('',(6.28318530718,-0.));
#4420 = VECTOR('',#4421,1.);
#4421 = DIRECTION('',(0.,1.));
#4422 = ( GEOMETRIC_REPRESENTATION_CONTEXT(2) 
PARAMETRIC_REPRESENTATION_CONTEXT() REPRESENTATION_CONTEXT('2D SPACE',''
  ) );
#4423 = PCURVE('',#4326,#4424);
#4424 = DEFINITIONAL_REPRESENTATION('',(#4425),#4429);
#4425 = LINE('',#4426,#4427);
#4426 = CARTESIAN_POINT('',(0.,-0.));
#4427 = VECTOR('',#4428,1.);
#4428 = DIRECTION('',(0.,1.));
#4429 = ( GEOMETRIC_REPRESENTATION_CONTEXT(2) 
PARAMETRIC_REPRESENTATION_CONTEXT() REPRESENTATION_CONTEXT('2D SPACE',''
  ) );
#4430 = ORIENTED_EDGE('',*,*,#4431,.T.);
#4431 = EDGE_CURVE('',#4409,#4409,#4432,.T.);
#4432 = SURFACE_CURVE('',#4433,(#4438,#4445),.PCURVE_S1.);
#4433 = CIRCLE('',#4434,56.3);
#4434 = AXIS2_PLACEMENT_3D('',#4435,#4436,#4437);
#4435 = CARTESIAN_POINT('',(0.,0.,0.));
#4436 = DIRECTION('',(0.,0.,1.));
#4437 = DIRECTION('',(1.,0.,-0.));
#4438 = PCURVE('',#4326,#4439);
#4439 = DEFINITIONAL_REPRESENTATION('',(#4440),#4444);
#4440 = LINE('',#4441,#4442);
#4441 = CARTESIAN_POINT('',(0.,0.));
#4442 = VECTOR('',#4443,1.);
#4443 = DIRECTION('',(1.,0.));
#4444 = ( GEOMETRIC_REPRESENTATION_CONTEXT(2) 
PARAMETRIC_REPRESENTATION_CONTEXT() REPRESENTATION_CONTEXT('2D SPACE',''
  ) );
#4445 = PCURVE('',#4384,#4446);
#4446 = DEFINITIONAL_REPRESENTATION('',(#4447),#4451);
#4447 = CIRCLE('',#4448,56.3);
#4448 = AXIS2_PLACEMENT_2D('',#4449,#4450);
#4449 = CARTESIAN_POINT('',(0.,0.));
#4450 = DIRECTION('',(1.,0.));
#4451 = ( GEOMETRIC_REPRESENTATION_CONTEXT(2) 
PARAMETRIC_REPRESENTATION_CONTEXT() REPRESENTATION_CONTEXT('2D SPACE',''
  ) );
#4452 = ORIENTED_EDGE('',*,*,#4408,.T.);
#4453 = ADVANCED_FACE('',(#4454,#4457),#4384,.F.);
#4454 = FACE_BOUND('',#4455,.F.);
#4455 = EDGE_LOOP('',(#4456));
#4456 = ORIENTED_EDGE('',*,*,#4369,.T.);
#4457 = FACE_BOUND('',#4458,.F.);
#4458 = EDGE_LOOP('',(#4459));
#4459 = ORIENTED_EDGE('',*,*,#4431,.F.);
#4460 = ( GEOMETRIC_REPRESENTATION_CONTEXT(3) 
GLOBAL_UNCERTAINTY_ASSIGNED_CONTEXT((#4464)) 
GLOBAL_UNIT_ASSIGNED_CONTEXT((#4461,#4462,#4463)) REPRESENTATION_CONTEXT
('Context #1','3D Context with UNIT and UNCERTAINTY') );
#4461 = ( LENGTH_UNIT() NAMED_UNIT(*) SI_UNIT(.MILLI.,.METRE.) );
#4462 = ( NAMED_UNIT(*) PLANE_ANGLE_UNIT() SI_UNIT($,.RADIAN.) );
#4463 = ( NAMED_UNIT(*) SI_UNIT($,.STERADIAN.) SOLID_ANGLE_UNIT() );
#4464 = UNCERTAINTY_MEASURE_WITH_UNIT(LENGTH_MEASURE(1.E-07),#4461,
  'distance_accuracy_value','confusion accuracy');
#4465 = PRODUCT_RELATED_PRODUCT_CATEGORY('part',$,(#7));
ENDSEC;
END-ISO-10303-21;
