ISO-10303-21;
HEADER;
FILE_DESCRIPTION(('Open CASCADE Model'),'2;1');
FILE_NAME('Open CASCADE Shape Model','2026-10-03T16:04:14',('Author'),(
    'Open CASCADE'),'Open CASCADE STEP processor 7.9','build123d',
  'Unknown');
FILE_SCHEMA(('AUTOMOTIVE_DESIGN { 1 0 10303 214 1 1 1 1 }'));
ENDSEC;
DATA;
#1 = APPLICATION_PROTOCOL_DEFINITION('international standard',
  'automotive_design',2000,#2);
#2 = APPLICATION_CONTEXT(
  'core data for automotive mechanical design processes');
#3 = SHAPE_DEFINITION_REPRESENTATION(#4,#10);
#4 = PRODUCT_DEFINITION_SHAPE('','',#5);
#5 = PRODUCT_DEFINITION('design','',#6,#9);
#6 = PRODUCT_DEFINITION_FORMATION('','',#7);
#7 = PRODUCT('COMPOUND','COMPOUND','',(#8));
#8 = PRODUCT_CONTEXT('',#2,'mechanical');
#9 = PRODUCT_DEFINITION_CONTEXT('part definition',#2,'design');
#10 = SHAPE_REPRESENTATION('',(#11,#15,#345,#675,#1005,#1291,#1389,#1577
    ,#1765,#1953,#8327,#8657,#9603),#9785);
#11 = AXIS2_PLACEMENT_3D('',#12,#13,#14);
#12 = CARTESIAN_POINT('',(0.,0.,0.));
#13 = DIRECTION('',(0.,0.,1.));
#14 = DIRECTION('',(1.,0.,-0.));
#15 = MANIFOLD_SOLID_BREP('',#16);
#16 = CLOSED_SHELL('',(#17,#137,#213,#262,#311,#338));
#17 = ADVANCED_FACE('',(#18),#32,.F.);
#18 = FACE_BOUND('',#19,.F.);
#19 = EDGE_LOOP('',(#20,#55,#83,#111));
#20 = ORIENTED_EDGE('',*,*,#21,.F.);
#21 = EDGE_CURVE('',#22,#24,#26,.T.);
#22 = VERTEX_POINT('',#23);
#23 = CARTESIAN_POINT('',(-24.71410161513,-34.80607966083,-0.5));
#24 = VERTEX_POINT('',#25);
#25 = CARTESIAN_POINT('',(-24.71410161513,-34.80607966083,2.5));
#26 = SURFACE_CURVE('',#27,(#31,#43),.PCURVE_S1.);
#27 = LINE('',#28,#29);
#28 = CARTESIAN_POINT('',(-24.71410161513,-34.80607966083,-0.5));
#29 = VECTOR('',#30,1.);
#30 = DIRECTION('',(0.,0.,1.));
#31 = PCURVE('',#32,#37);
#32 = PLANE('',#33);
#33 = AXIS2_PLACEMENT_3D('',#34,#35,#36);
#34 = CARTESIAN_POINT('',(-24.71410161513,-34.80607966083,-0.5));
#35 = DIRECTION('',(-0.5,-0.866025403784,0.));
#36 = DIRECTION('',(0.,0.,1.));
#37 = DEFINITIONAL_REPRESENTATION('',(#38),#42);
#38 = LINE('',#39,#40);
#39 = CARTESIAN_POINT('',(0.,0.));
#40 = VECTOR('',#41,1.);
#41 = DIRECTION('',(1.,0.));
#42 = ( GEOMETRIC_REPRESENTATION_CONTEXT(2) 
PARAMETRIC_REPRESENTATION_CONTEXT() REPRESENTATION_CONTEXT('2D SPACE',''
  ) );
#43 = PCURVE('',#44,#49);
#44 = PLANE('',#45);
#45 = AXIS2_PLACEMENT_3D('',#46,#47,#48);
#46 = CARTESIAN_POINT('',(-24.71410161513,-34.80607966083,-0.5));
#47 = DIRECTION('',(0.866025403784,-0.5,0.));
#48 = DIRECTION('',(0.,0.,1.));
#49 = DEFINITIONAL_REPRESENTATION('',(#50),#54);
#50 = LINE('',#51,#52);
#51 = CARTESIAN_POINT('',(0.,0.));
#52 = VECTOR('',#53,1.);
#53 = DIRECTION('',(1.,0.));
#54 = ( GEOMETRIC_REPRESENTATION_CONTEXT(2) 
PARAMETRIC_REPRESENTATION_CONTEXT() REPRESENTATION_CONTEXT('2D SPACE',''
  ) );
#55 = ORIENTED_EDGE('',*,*,#56,.T.);
#56 = EDGE_CURVE('',#22,#57,#59,.T.);
#57 = VERTEX_POINT('',#58);
#58 = CARTESIAN_POINT('',(-17.78589838486,-38.80607966083,-0.5));
#59 = SURFACE_CURVE('',#60,(#64,#71),.PCURVE_S1.);
#60 = LINE('',#61,#62);
#61 = CARTESIAN_POINT('',(-24.71410161513,-34.80607966083,-0.5));
#62 = VECTOR('',#63,1.);
#63 = DIRECTION('',(0.866025403784,-0.5,0.));
#64 = PCURVE('',#32,#65);
#65 = DEFINITIONAL_REPRESENTATION('',(#66),#70);
#66 = LINE('',#67,#68);
#67 = CARTESIAN_POINT('',(0.,0.));
#68 = VECTOR('',#69,1.);
#69 = DIRECTION('',(0.,-1.));
#70 = ( GEOMETRIC_REPRESENTATION_CONTEXT(2) 
PARAMETRIC_REPRESENTATION_CONTEXT() REPRESENTATION_CONTEXT('2D SPACE',''
  ) );
#71 = PCURVE('',#72,#77);
#72 = PLANE('',#73);
#73 = AXIS2_PLACEMENT_3D('',#74,#75,#76);
#74 = CARTESIAN_POINT('',(-24.71410161513,-34.80607966083,-0.5));
#75 = DIRECTION('',(0.,0.,1.));
#76 = DIRECTION('',(-0.5,-0.866025403784,0.));
#77 = DEFINITIONAL_REPRESENTATION('',(#78),#82);
#78 = LINE('',#79,#80);
#79 = CARTESIAN_POINT('',(0.,0.));
#80 = VECTOR('',#81,1.);
#81 = DIRECTION('',(0.,1.));
#82 = ( GEOMETRIC_REPRESENTATION_CONTEXT(2) 
PARAMETRIC_REPRESENTATION_CONTEXT() REPRESENTATION_CONTEXT('2D SPACE',''
  ) );
#83 = ORIENTED_EDGE('',*,*,#84,.T.);
#84 = EDGE_CURVE('',#57,#85,#87,.T.);
#85 = VERTEX_POINT('',#86);
#86 = CARTESIAN_POINT('',(-17.78589838486,-38.80607966083,2.5));
#87 = SURFACE_CURVE('',#88,(#92,#99),.PCURVE_S1.);
#88 = LINE('',#89,#90);
#89 = CARTESIAN_POINT('',(-17.78589838486,-38.80607966083,-0.5));
#90 = VECTOR('',#91,1.);
#91 = DIRECTION('',(0.,0.,1.));
#92 = PCURVE('',#32,#93);
#93 = DEFINITIONAL_REPRESENTATION('',(#94),#98);
#94 = LINE('',#95,#96);
#95 = CARTESIAN_POINT('',(0.,-8.));
#96 = VECTOR('',#97,1.);
#97 = DIRECTION('',(1.,0.));
#98 = ( GEOMETRIC_REPRESENTATION_CONTEXT(2) 
PARAMETRIC_REPRESENTATION_CONTEXT() REPRESENTATION_CONTEXT('2D SPACE',''
  ) );
#99 = PCURVE('',#100,#105);
#100 = PLANE('',#101);
#101 = AXIS2_PLACEMENT_3D('',#102,#103,#104);
#102 = CARTESIAN_POINT('',(-17.78589838486,-38.80607966083,-0.5));
#103 = DIRECTION('',(0.866025403784,-0.5,0.));
#104 = DIRECTION('',(0.,0.,1.));
#105 = DEFINITIONAL_REPRESENTATION('',(#106),#110);
#106 = LINE('',#107,#108);
#107 = CARTESIAN_POINT('',(0.,0.));
#108 = VECTOR('',#109,1.);
#109 = DIRECTION('',(1.,0.));
#110 = ( GEOMETRIC_REPRESENTATION_CONTEXT(2) 
PARAMETRIC_REPRESENTATION_CONTEXT() REPRESENTATION_CONTEXT('2D SPACE',''
  ) );
#111 = ORIENTED_EDGE('',*,*,#112,.F.);
#112 = EDGE_CURVE('',#24,#85,#113,.T.);
#113 = SURFACE_CURVE('',#114,(#118,#125),.PCURVE_S1.);
#114 = LINE('',#115,#116);
#115 = CARTESIAN_POINT('',(-24.71410161513,-34.80607966083,2.5));
#116 = VECTOR('',#117,1.);
#117 = DIRECTION('',(0.866025403784,-0.5,0.));
#118 = PCURVE('',#32,#119);
#119 = DEFINITIONAL_REPRESENTATION('',(#120),#124);
#120 = LINE('',#121,#122);
#121 = CARTESIAN_POINT('',(3.,0.));
#122 = VECTOR('',#123,1.);
#123 = DIRECTION('',(0.,-1.));
#124 = ( GEOMETRIC_REPRESENTATION_CONTEXT(2) 
PARAMETRIC_REPRESENTATION_CONTEXT() REPRESENTATION_CONTEXT('2D SPACE',''
  ) );
#125 = PCURVE('',#126,#131);
#126 = PLANE('',#127);
#127 = AXIS2_PLACEMENT_3D('',#128,#129,#130);
#128 = CARTESIAN_POINT('',(-24.71410161513,-34.80607966083,2.5));
#129 = DIRECTION('',(0.,0.,1.));
#130 = DIRECTION('',(-0.5,-0.866025403784,0.));
#131 = DEFINITIONAL_REPRESENTATION('',(#132),#136);
#132 = LINE('',#133,#134);
#133 = CARTESIAN_POINT('',(0.,0.));
#134 = VECTOR('',#135,1.);
#135 = DIRECTION('',(0.,1.));
#136 = ( GEOMETRIC_REPRESENTATION_CONTEXT(2) 
PARAMETRIC_REPRESENTATION_CONTEXT() REPRESENTATION_CONTEXT('2D SPACE',''
  ) );
#137 = ADVANCED_FACE('',(#138),#44,.F.);
#138 = FACE_BOUND('',#139,.F.);
#139 = EDGE_LOOP('',(#140,#163,#164,#187));
#140 = ORIENTED_EDGE('',*,*,#141,.F.);
#141 = EDGE_CURVE('',#22,#142,#144,.T.);
#142 = VERTEX_POINT('',#143);
#143 = CARTESIAN_POINT('',(-26.21410161513,-37.40415587219,-0.5));
#144 = SURFACE_CURVE('',#145,(#149,#156),.PCURVE_S1.);
#145 = LINE('',#146,#147);
#146 = CARTESIAN_POINT('',(-24.71410161513,-34.80607966083,-0.5));
#147 = VECTOR('',#148,1.);
#148 = DIRECTION('',(-0.5,-0.866025403784,0.));
#149 = PCURVE('',#44,#150);
#150 = DEFINITIONAL_REPRESENTATION('',(#151),#155);
#151 = LINE('',#152,#153);
#152 = CARTESIAN_POINT('',(0.,0.));
#153 = VECTOR('',#154,1.);
#154 = DIRECTION('',(0.,1.));
#155 = ( GEOMETRIC_REPRESENTATION_CONTEXT(2) 
PARAMETRIC_REPRESENTATION_CONTEXT() REPRESENTATION_CONTEXT('2D SPACE',''
  ) );
#156 = PCURVE('',#72,#157);
#157 = DEFINITIONAL_REPRESENTATION('',(#158),#162);
#158 = LINE('',#159,#160);
#159 = CARTESIAN_POINT('',(0.,0.));
#160 = VECTOR('',#161,1.);
#161 = DIRECTION('',(1.,0.));
#162 = ( GEOMETRIC_REPRESENTATION_CONTEXT(2) 
PARAMETRIC_REPRESENTATION_CONTEXT() REPRESENTATION_CONTEXT('2D SPACE',''
  ) );
#163 = ORIENTED_EDGE('',*,*,#21,.T.);
#164 = ORIENTED_EDGE('',*,*,#165,.T.);
#165 = EDGE_CURVE('',#24,#166,#168,.T.);
#166 = VERTEX_POINT('',#167);
#167 = CARTESIAN_POINT('',(-26.21410161513,-37.40415587219,2.5));
#168 = SURFACE_CURVE('',#169,(#173,#180),.PCURVE_S1.);
#169 = LINE('',#170,#171);
#170 = CARTESIAN_POINT('',(-24.71410161513,-34.80607966083,2.5));
#171 = VECTOR('',#172,1.);
#172 = DIRECTION('',(-0.5,-0.866025403784,0.));
#173 = PCURVE('',#44,#174);
#174 = DEFINITIONAL_REPRESENTATION('',(#175),#179);
#175 = LINE('',#176,#177);
#176 = CARTESIAN_POINT('',(3.,0.));
#177 = VECTOR('',#178,1.);
#178 = DIRECTION('',(0.,1.));
#179 = ( GEOMETRIC_REPRESENTATION_CONTEXT(2) 
PARAMETRIC_REPRESENTATION_CONTEXT() REPRESENTATION_CONTEXT('2D SPACE',''
  ) );
#180 = PCURVE('',#126,#181);
#181 = DEFINITIONAL_REPRESENTATION('',(#182),#186);
#182 = LINE('',#183,#184);
#183 = CARTESIAN_POINT('',(0.,0.));
#184 = VECTOR('',#185,1.);
#185 = DIRECTION('',(1.,0.));
#186 = ( GEOMETRIC_REPRESENTATION_CONTEXT(2) 
PARAMETRIC_REPRESENTATION_CONTEXT() REPRESENTATION_CONTEXT('2D SPACE',''
  ) );
#187 = ORIENTED_EDGE('',*,*,#188,.F.);
#188 = EDGE_CURVE('',#142,#166,#189,.T.);
#189 = SURFACE_CURVE('',#190,(#194,#201),.PCURVE_S1.);
#190 = LINE('',#191,#192);
#191 = CARTESIAN_POINT('',(-26.21410161513,-37.40415587219,-0.5));
#192 = VECTOR('',#193,1.);
#193 = DIRECTION('',(0.,0.,1.));
#194 = PCURVE('',#44,#195);
#195 = DEFINITIONAL_REPRESENTATION('',(#196),#200);
#196 = LINE('',#197,#198);
#197 = CARTESIAN_POINT('',(0.,3.));
#198 = VECTOR('',#199,1.);
#199 = DIRECTION('',(1.,0.));
#200 = ( GEOMETRIC_REPRESENTATION_CONTEXT(2) 
PARAMETRIC_REPRESENTATION_CONTEXT() REPRESENTATION_CONTEXT('2D SPACE',''
  ) );
#201 = PCURVE('',#202,#207);
#202 = PLANE('',#203);
#203 = AXIS2_PLACEMENT_3D('',#204,#205,#206);
#204 = CARTESIAN_POINT('',(-26.21410161513,-37.40415587219,-0.5));
#205 = DIRECTION('',(-0.5,-0.866025403784,0.));
#206 = DIRECTION('',(0.,0.,1.));
#207 = DEFINITIONAL_REPRESENTATION('',(#208),#212);
#208 = LINE('',#209,#210);
#209 = CARTESIAN_POINT('',(0.,0.));
#210 = VECTOR('',#211,1.);
#211 = DIRECTION('',(1.,0.));
#212 = ( GEOMETRIC_REPRESENTATION_CONTEXT(2) 
PARAMETRIC_REPRESENTATION_CONTEXT() REPRESENTATION_CONTEXT('2D SPACE',''
  ) );
#213 = ADVANCED_FACE('',(#214),#126,.T.);
#214 = FACE_BOUND('',#215,.T.);
#215 = EDGE_LOOP('',(#216,#217,#218,#241));
#216 = ORIENTED_EDGE('',*,*,#112,.F.);
#217 = ORIENTED_EDGE('',*,*,#165,.T.);
#218 = ORIENTED_EDGE('',*,*,#219,.T.);
#219 = EDGE_CURVE('',#166,#220,#222,.T.);
#220 = VERTEX_POINT('',#221);
#221 = CARTESIAN_POINT('',(-19.28589838486,-41.40415587219,2.5));
#222 = SURFACE_CURVE('',#223,(#227,#234),.PCURVE_S1.);
#223 = LINE('',#224,#225);
#224 = CARTESIAN_POINT('',(-26.21410161513,-37.40415587219,2.5));
#225 = VECTOR('',#226,1.);
#226 = DIRECTION('',(0.866025403784,-0.5,0.));
#227 = PCURVE('',#126,#228);
#228 = DEFINITIONAL_REPRESENTATION('',(#229),#233);
#229 = LINE('',#230,#231);
#230 = CARTESIAN_POINT('',(3.,0.));
#231 = VECTOR('',#232,1.);
#232 = DIRECTION('',(0.,1.));
#233 = ( GEOMETRIC_REPRESENTATION_CONTEXT(2) 
PARAMETRIC_REPRESENTATION_CONTEXT() REPRESENTATION_CONTEXT('2D SPACE',''
  ) );
#234 = PCURVE('',#202,#235);
#235 = DEFINITIONAL_REPRESENTATION('',(#236),#240);
#236 = LINE('',#237,#238);
#237 = CARTESIAN_POINT('',(3.,0.));
#238 = VECTOR('',#239,1.);
#239 = DIRECTION('',(0.,-1.));
#240 = ( GEOMETRIC_REPRESENTATION_CONTEXT(2) 
PARAMETRIC_REPRESENTATION_CONTEXT() REPRESENTATION_CONTEXT('2D SPACE',''
  ) );
#241 = ORIENTED_EDGE('',*,*,#242,.F.);
#242 = EDGE_CURVE('',#85,#220,#243,.T.);
#243 = SURFACE_CURVE('',#244,(#248,#255),.PCURVE_S1.);
#244 = LINE('',#245,#246);
#245 = CARTESIAN_POINT('',(-17.78589838486,-38.80607966083,2.5));
#246 = VECTOR('',#247,1.);
#247 = DIRECTION('',(-0.5,-0.866025403784,0.));
#248 = PCURVE('',#126,#249);
#249 = DEFINITIONAL_REPRESENTATION('',(#250),#254);
#250 = LINE('',#251,#252);
#251 = CARTESIAN_POINT('',(0.,8.));
#252 = VECTOR('',#253,1.);
#253 = DIRECTION('',(1.,0.));
#254 = ( GEOMETRIC_REPRESENTATION_CONTEXT(2) 
PARAMETRIC_REPRESENTATION_CONTEXT() REPRESENTATION_CONTEXT('2D SPACE',''
  ) );
#255 = PCURVE('',#100,#256);
#256 = DEFINITIONAL_REPRESENTATION('',(#257),#261);
#257 = LINE('',#258,#259);
#258 = CARTESIAN_POINT('',(3.,0.));
#259 = VECTOR('',#260,1.);
#260 = DIRECTION('',(0.,1.));
#261 = ( GEOMETRIC_REPRESENTATION_CONTEXT(2) 
PARAMETRIC_REPRESENTATION_CONTEXT() REPRESENTATION_CONTEXT('2D SPACE',''
  ) );
#262 = ADVANCED_FACE('',(#263),#100,.T.);
#263 = FACE_BOUND('',#264,.T.);
#264 = EDGE_LOOP('',(#265,#288,#289,#290));
#265 = ORIENTED_EDGE('',*,*,#266,.F.);
#266 = EDGE_CURVE('',#57,#267,#269,.T.);
#267 = VERTEX_POINT('',#268);
#268 = CARTESIAN_POINT('',(-19.28589838486,-41.40415587219,-0.5));
#269 = SURFACE_CURVE('',#270,(#274,#281),.PCURVE_S1.);
#270 = LINE('',#271,#272);
#271 = CARTESIAN_POINT('',(-17.78589838486,-38.80607966083,-0.5));
#272 = VECTOR('',#273,1.);
#273 = DIRECTION('',(-0.5,-0.866025403784,0.));
#274 = PCURVE('',#100,#275);
#275 = DEFINITIONAL_REPRESENTATION('',(#276),#280);
#276 = LINE('',#277,#278);
#277 = CARTESIAN_POINT('',(0.,0.));
#278 = VECTOR('',#279,1.);
#279 = DIRECTION('',(0.,1.));
#280 = ( GEOMETRIC_REPRESENTATION_CONTEXT(2) 
PARAMETRIC_REPRESENTATION_CONTEXT() REPRESENTATION_CONTEXT('2D SPACE',''
  ) );
#281 = PCURVE('',#72,#282);
#282 = DEFINITIONAL_REPRESENTATION('',(#283),#287);
#283 = LINE('',#284,#285);
#284 = CARTESIAN_POINT('',(0.,8.));
#285 = VECTOR('',#286,1.);
#286 = DIRECTION('',(1.,0.));
#287 = ( GEOMETRIC_REPRESENTATION_CONTEXT(2) 
PARAMETRIC_REPRESENTATION_CONTEXT() REPRESENTATION_CONTEXT('2D SPACE',''
  ) );
#288 = ORIENTED_EDGE('',*,*,#84,.T.);
#289 = ORIENTED_EDGE('',*,*,#242,.T.);
#290 = ORIENTED_EDGE('',*,*,#291,.F.);
#291 = EDGE_CURVE('',#267,#220,#292,.T.);
#292 = SURFACE_CURVE('',#293,(#297,#304),.PCURVE_S1.);
#293 = LINE('',#294,#295);
#294 = CARTESIAN_POINT('',(-19.28589838486,-41.40415587219,-0.5));
#295 = VECTOR('',#296,1.);
#296 = DIRECTION('',(0.,0.,1.));
#297 = PCURVE('',#100,#298);
#298 = DEFINITIONAL_REPRESENTATION('',(#299),#303);
#299 = LINE('',#300,#301);
#300 = CARTESIAN_POINT('',(0.,3.));
#301 = VECTOR('',#302,1.);
#302 = DIRECTION('',(1.,0.));
#303 = ( GEOMETRIC_REPRESENTATION_CONTEXT(2) 
PARAMETRIC_REPRESENTATION_CONTEXT() REPRESENTATION_CONTEXT('2D SPACE',''
  ) );
#304 = PCURVE('',#202,#305);
#305 = DEFINITIONAL_REPRESENTATION('',(#306),#310);
#306 = LINE('',#307,#308);
#307 = CARTESIAN_POINT('',(0.,-8.));
#308 = VECTOR('',#309,1.);
#309 = DIRECTION('',(1.,0.));
#310 = ( GEOMETRIC_REPRESENTATION_CONTEXT(2) 
PARAMETRIC_REPRESENTATION_CONTEXT() REPRESENTATION_CONTEXT('2D SPACE',''
  ) );
#311 = ADVANCED_FACE('',(#312),#72,.F.);
#312 = FACE_BOUND('',#313,.F.);
#313 = EDGE_LOOP('',(#314,#315,#316,#337));
#314 = ORIENTED_EDGE('',*,*,#56,.F.);
#315 = ORIENTED_EDGE('',*,*,#141,.T.);
#316 = ORIENTED_EDGE('',*,*,#317,.T.);
#317 = EDGE_CURVE('',#142,#267,#318,.T.);
#318 = SURFACE_CURVE('',#319,(#323,#330),.PCURVE_S1.);
#319 = LINE('',#320,#321);
#320 = CARTESIAN_POINT('',(-26.21410161513,-37.40415587219,-0.5));
#321 = VECTOR('',#322,1.);
#322 = DIRECTION('',(0.866025403784,-0.5,0.));
#323 = PCURVE('',#72,#324);
#324 = DEFINITIONAL_REPRESENTATION('',(#325),#329);
#325 = LINE('',#326,#327);
#326 = CARTESIAN_POINT('',(3.,0.));
#327 = VECTOR('',#328,1.);
#328 = DIRECTION('',(0.,1.));
#329 = ( GEOMETRIC_REPRESENTATION_CONTEXT(2) 
PARAMETRIC_REPRESENTATION_CONTEXT() REPRESENTATION_CONTEXT('2D SPACE',''
  ) );
#330 = PCURVE('',#202,#331);
#331 = DEFINITIONAL_REPRESENTATION('',(#332),#336);
#332 = LINE('',#333,#334);
#333 = CARTESIAN_POINT('',(0.,0.));
#334 = VECTOR('',#335,1.);
#335 = DIRECTION('',(0.,-1.));
#336 = ( GEOMETRIC_REPRESENTATION_CONTEXT(2) 
PARAMETRIC_REPRESENTATION_CONTEXT() REPRESENTATION_CONTEXT('2D SPACE',''
  ) );
#337 = ORIENTED_EDGE('',*,*,#266,.F.);
#338 = ADVANCED_FACE('',(#339),#202,.T.);
#339 = FACE_BOUND('',#340,.T.);
#340 = EDGE_LOOP('',(#341,#342,#343,#344));
#341 = ORIENTED_EDGE('',*,*,#188,.F.);
#342 = ORIENTED_EDGE('',*,*,#317,.T.);
#343 = ORIENTED_EDGE('',*,*,#291,.T.);
#344 = ORIENTED_EDGE('',*,*,#219,.F.);
#345 = MANIFOLD_SOLID_BREP('',#346);
#346 = CLOSED_SHELL('',(#347,#467,#543,#592,#641,#668));
#347 = ADVANCED_FACE('',(#348),#362,.F.);
#348 = FACE_BOUND('',#349,.F.);
#349 = EDGE_LOOP('',(#350,#385,#413,#441));
#350 = ORIENTED_EDGE('',*,*,#351,.F.);
#351 = EDGE_CURVE('',#352,#354,#356,.T.);
#352 = VERTEX_POINT('',#353);
#353 = CARTESIAN_POINT('',(-17.78589838486,38.806079660839,-0.5));
#354 = VERTEX_POINT('',#355);
#355 = CARTESIAN_POINT('',(-17.78589838486,38.806079660839,2.5));
#356 = SURFACE_CURVE('',#357,(#361,#373),.PCURVE_S1.);
#357 = LINE('',#358,#359);
#358 = CARTESIAN_POINT('',(-17.78589838486,38.806079660839,-0.5));
#359 = VECTOR('',#360,1.);
#360 = DIRECTION('',(0.,0.,1.));
#361 = PCURVE('',#362,#367);
#362 = PLANE('',#363);
#363 = AXIS2_PLACEMENT_3D('',#364,#365,#366);
#364 = CARTESIAN_POINT('',(-17.78589838486,38.806079660839,-0.5));
#365 = DIRECTION('',(-0.5,0.866025403784,0.));
#366 = DIRECTION('',(0.,0.,1.));
#367 = DEFINITIONAL_REPRESENTATION('',(#368),#372);
#368 = LINE('',#369,#370);
#369 = CARTESIAN_POINT('',(0.,0.));
#370 = VECTOR('',#371,1.);
#371 = DIRECTION('',(1.,0.));
#372 = ( GEOMETRIC_REPRESENTATION_CONTEXT(2) 
PARAMETRIC_REPRESENTATION_CONTEXT() REPRESENTATION_CONTEXT('2D SPACE',''
  ) );
#373 = PCURVE('',#374,#379);
#374 = PLANE('',#375);
#375 = AXIS2_PLACEMENT_3D('',#376,#377,#378);
#376 = CARTESIAN_POINT('',(-17.78589838486,38.806079660839,-0.5));
#377 = DIRECTION('',(-0.866025403784,-0.5,0.));
#378 = DIRECTION('',(0.,0.,1.));
#379 = DEFINITIONAL_REPRESENTATION('',(#380),#384);
#380 = LINE('',#381,#382);
#381 = CARTESIAN_POINT('',(0.,0.));
#382 = VECTOR('',#383,1.);
#383 = DIRECTION('',(1.,0.));
#384 = ( GEOMETRIC_REPRESENTATION_CONTEXT(2) 
PARAMETRIC_REPRESENTATION_CONTEXT() REPRESENTATION_CONTEXT('2D SPACE',''
  ) );
#385 = ORIENTED_EDGE('',*,*,#386,.T.);
#386 = EDGE_CURVE('',#352,#387,#389,.T.);
#387 = VERTEX_POINT('',#388);
#388 = CARTESIAN_POINT('',(-24.71410161513,34.806079660839,-0.5));
#389 = SURFACE_CURVE('',#390,(#394,#401),.PCURVE_S1.);
#390 = LINE('',#391,#392);
#391 = CARTESIAN_POINT('',(-17.78589838486,38.806079660839,-0.5));
#392 = VECTOR('',#393,1.);
#393 = DIRECTION('',(-0.866025403784,-0.5,0.));
#394 = PCURVE('',#362,#395);
#395 = DEFINITIONAL_REPRESENTATION('',(#396),#400);
#396 = LINE('',#397,#398);
#397 = CARTESIAN_POINT('',(0.,0.));
#398 = VECTOR('',#399,1.);
#399 = DIRECTION('',(0.,-1.));
#400 = ( GEOMETRIC_REPRESENTATION_CONTEXT(2) 
PARAMETRIC_REPRESENTATION_CONTEXT() REPRESENTATION_CONTEXT('2D SPACE',''
  ) );
#401 = PCURVE('',#402,#407);
#402 = PLANE('',#403);
#403 = AXIS2_PLACEMENT_3D('',#404,#405,#406);
#404 = CARTESIAN_POINT('',(-17.78589838486,38.806079660839,-0.5));
#405 = DIRECTION('',(0.,0.,1.));
#406 = DIRECTION('',(-0.5,0.866025403784,0.));
#407 = DEFINITIONAL_REPRESENTATION('',(#408),#412);
#408 = LINE('',#409,#410);
#409 = CARTESIAN_POINT('',(0.,0.));
#410 = VECTOR('',#411,1.);
#411 = DIRECTION('',(0.,1.));
#412 = ( GEOMETRIC_REPRESENTATION_CONTEXT(2) 
PARAMETRIC_REPRESENTATION_CONTEXT() REPRESENTATION_CONTEXT('2D SPACE',''
  ) );
#413 = ORIENTED_EDGE('',*,*,#414,.T.);
#414 = EDGE_CURVE('',#387,#415,#417,.T.);
#415 = VERTEX_POINT('',#416);
#416 = CARTESIAN_POINT('',(-24.71410161513,34.806079660839,2.5));
#417 = SURFACE_CURVE('',#418,(#422,#429),.PCURVE_S1.);
#418 = LINE('',#419,#420);
#419 = CARTESIAN_POINT('',(-24.71410161513,34.806079660839,-0.5));
#420 = VECTOR('',#421,1.);
#421 = DIRECTION('',(0.,0.,1.));
#422 = PCURVE('',#362,#423);
#423 = DEFINITIONAL_REPRESENTATION('',(#424),#428);
#424 = LINE('',#425,#426);
#425 = CARTESIAN_POINT('',(0.,-8.));
#426 = VECTOR('',#427,1.);
#427 = DIRECTION('',(1.,0.));
#428 = ( GEOMETRIC_REPRESENTATION_CONTEXT(2) 
PARAMETRIC_REPRESENTATION_CONTEXT() REPRESENTATION_CONTEXT('2D SPACE',''
  ) );
#429 = PCURVE('',#430,#435);
#430 = PLANE('',#431);
#431 = AXIS2_PLACEMENT_3D('',#432,#433,#434);
#432 = CARTESIAN_POINT('',(-24.71410161513,34.806079660839,-0.5));
#433 = DIRECTION('',(-0.866025403784,-0.5,0.));
#434 = DIRECTION('',(0.,0.,1.));
#435 = DEFINITIONAL_REPRESENTATION('',(#436),#440);
#436 = LINE('',#437,#438);
#437 = CARTESIAN_POINT('',(0.,0.));
#438 = VECTOR('',#439,1.);
#439 = DIRECTION('',(1.,0.));
#440 = ( GEOMETRIC_REPRESENTATION_CONTEXT(2) 
PARAMETRIC_REPRESENTATION_CONTEXT() REPRESENTATION_CONTEXT('2D SPACE',''
  ) );
#441 = ORIENTED_EDGE('',*,*,#442,.F.);
#442 = EDGE_CURVE('',#354,#415,#443,.T.);
#443 = SURFACE_CURVE('',#444,(#448,#455),.PCURVE_S1.);
#444 = LINE('',#445,#446);
#445 = CARTESIAN_POINT('',(-17.78589838486,38.806079660839,2.5));
#446 = VECTOR('',#447,1.);
#447 = DIRECTION('',(-0.866025403784,-0.5,0.));
#448 = PCURVE('',#362,#449);
#449 = DEFINITIONAL_REPRESENTATION('',(#450),#454);
#450 = LINE('',#451,#452);
#451 = CARTESIAN_POINT('',(3.,0.));
#452 = VECTOR('',#453,1.);
#453 = DIRECTION('',(0.,-1.));
#454 = ( GEOMETRIC_REPRESENTATION_CONTEXT(2) 
PARAMETRIC_REPRESENTATION_CONTEXT() REPRESENTATION_CONTEXT('2D SPACE',''
  ) );
#455 = PCURVE('',#456,#461);
#456 = PLANE('',#457);
#457 = AXIS2_PLACEMENT_3D('',#458,#459,#460);
#458 = CARTESIAN_POINT('',(-17.78589838486,38.806079660839,2.5));
#459 = DIRECTION('',(0.,0.,1.));
#460 = DIRECTION('',(-0.5,0.866025403784,0.));
#461 = DEFINITIONAL_REPRESENTATION('',(#462),#466);
#462 = LINE('',#463,#464);
#463 = CARTESIAN_POINT('',(0.,0.));
#464 = VECTOR('',#465,1.);
#465 = DIRECTION('',(0.,1.));
#466 = ( GEOMETRIC_REPRESENTATION_CONTEXT(2) 
PARAMETRIC_REPRESENTATION_CONTEXT() REPRESENTATION_CONTEXT('2D SPACE',''
  ) );
#467 = ADVANCED_FACE('',(#468),#374,.F.);
#468 = FACE_BOUND('',#469,.F.);
#469 = EDGE_LOOP('',(#470,#493,#494,#517));
#470 = ORIENTED_EDGE('',*,*,#471,.F.);
#471 = EDGE_CURVE('',#352,#472,#474,.T.);
#472 = VERTEX_POINT('',#473);
#473 = CARTESIAN_POINT('',(-19.28589838486,41.404155872192,-0.5));
#474 = SURFACE_CURVE('',#475,(#479,#486),.PCURVE_S1.);
#475 = LINE('',#476,#477);
#476 = CARTESIAN_POINT('',(-17.78589838486,38.806079660839,-0.5));
#477 = VECTOR('',#478,1.);
#478 = DIRECTION('',(-0.5,0.866025403784,0.));
#479 = PCURVE('',#374,#480);
#480 = DEFINITIONAL_REPRESENTATION('',(#481),#485);
#481 = LINE('',#482,#483);
#482 = CARTESIAN_POINT('',(0.,0.));
#483 = VECTOR('',#484,1.);
#484 = DIRECTION('',(0.,1.));
#485 = ( GEOMETRIC_REPRESENTATION_CONTEXT(2) 
PARAMETRIC_REPRESENTATION_CONTEXT() REPRESENTATION_CONTEXT('2D SPACE',''
  ) );
#486 = PCURVE('',#402,#487);
#487 = DEFINITIONAL_REPRESENTATION('',(#488),#492);
#488 = LINE('',#489,#490);
#489 = CARTESIAN_POINT('',(0.,0.));
#490 = VECTOR('',#491,1.);
#491 = DIRECTION('',(1.,0.));
#492 = ( GEOMETRIC_REPRESENTATION_CONTEXT(2) 
PARAMETRIC_REPRESENTATION_CONTEXT() REPRESENTATION_CONTEXT('2D SPACE',''
  ) );
#493 = ORIENTED_EDGE('',*,*,#351,.T.);
#494 = ORIENTED_EDGE('',*,*,#495,.T.);
#495 = EDGE_CURVE('',#354,#496,#498,.T.);
#496 = VERTEX_POINT('',#497);
#497 = CARTESIAN_POINT('',(-19.28589838486,41.404155872192,2.5));
#498 = SURFACE_CURVE('',#499,(#503,#510),.PCURVE_S1.);
#499 = LINE('',#500,#501);
#500 = CARTESIAN_POINT('',(-17.78589838486,38.806079660839,2.5));
#501 = VECTOR('',#502,1.);
#502 = DIRECTION('',(-0.5,0.866025403784,0.));
#503 = PCURVE('',#374,#504);
#504 = DEFINITIONAL_REPRESENTATION('',(#505),#509);
#505 = LINE('',#506,#507);
#506 = CARTESIAN_POINT('',(3.,0.));
#507 = VECTOR('',#508,1.);
#508 = DIRECTION('',(0.,1.));
#509 = ( GEOMETRIC_REPRESENTATION_CONTEXT(2) 
PARAMETRIC_REPRESENTATION_CONTEXT() REPRESENTATION_CONTEXT('2D SPACE',''
  ) );
#510 = PCURVE('',#456,#511);
#511 = DEFINITIONAL_REPRESENTATION('',(#512),#516);
#512 = LINE('',#513,#514);
#513 = CARTESIAN_POINT('',(0.,0.));
#514 = VECTOR('',#515,1.);
#515 = DIRECTION('',(1.,0.));
#516 = ( GEOMETRIC_REPRESENTATION_CONTEXT(2) 
PARAMETRIC_REPRESENTATION_CONTEXT() REPRESENTATION_CONTEXT('2D SPACE',''
  ) );
#517 = ORIENTED_EDGE('',*,*,#518,.F.);
#518 = EDGE_CURVE('',#472,#496,#519,.T.);
#519 = SURFACE_CURVE('',#520,(#524,#531),.PCURVE_S1.);
#520 = LINE('',#521,#522);
#521 = CARTESIAN_POINT('',(-19.28589838486,41.404155872192,-0.5));
#522 = VECTOR('',#523,1.);
#523 = DIRECTION('',(0.,0.,1.));
#524 = PCURVE('',#374,#525);
#525 = DEFINITIONAL_REPRESENTATION('',(#526),#530);
#526 = LINE('',#527,#528);
#527 = CARTESIAN_POINT('',(0.,3.));
#528 = VECTOR('',#529,1.);
#529 = DIRECTION('',(1.,0.));
#530 = ( GEOMETRIC_REPRESENTATION_CONTEXT(2) 
PARAMETRIC_REPRESENTATION_CONTEXT() REPRESENTATION_CONTEXT('2D SPACE',''
  ) );
#531 = PCURVE('',#532,#537);
#532 = PLANE('',#533);
#533 = AXIS2_PLACEMENT_3D('',#534,#535,#536);
#534 = CARTESIAN_POINT('',(-19.28589838486,41.404155872192,-0.5));
#535 = DIRECTION('',(-0.5,0.866025403784,0.));
#536 = DIRECTION('',(0.,0.,1.));
#537 = DEFINITIONAL_REPRESENTATION('',(#538),#542);
#538 = LINE('',#539,#540);
#539 = CARTESIAN_POINT('',(0.,0.));
#540 = VECTOR('',#541,1.);
#541 = DIRECTION('',(1.,0.));
#542 = ( GEOMETRIC_REPRESENTATION_CONTEXT(2) 
PARAMETRIC_REPRESENTATION_CONTEXT() REPRESENTATION_CONTEXT('2D SPACE',''
  ) );
#543 = ADVANCED_FACE('',(#544),#456,.T.);
#544 = FACE_BOUND('',#545,.T.);
#545 = EDGE_LOOP('',(#546,#547,#548,#571));
#546 = ORIENTED_EDGE('',*,*,#442,.F.);
#547 = ORIENTED_EDGE('',*,*,#495,.T.);
#548 = ORIENTED_EDGE('',*,*,#549,.T.);
#549 = EDGE_CURVE('',#496,#550,#552,.T.);
#550 = VERTEX_POINT('',#551);
#551 = CARTESIAN_POINT('',(-26.21410161513,37.404155872192,2.5));
#552 = SURFACE_CURVE('',#553,(#557,#564),.PCURVE_S1.);
#553 = LINE('',#554,#555);
#554 = CARTESIAN_POINT('',(-19.28589838486,41.404155872192,2.5));
#555 = VECTOR('',#556,1.);
#556 = DIRECTION('',(-0.866025403784,-0.5,0.));
#557 = PCURVE('',#456,#558);
#558 = DEFINITIONAL_REPRESENTATION('',(#559),#563);
#559 = LINE('',#560,#561);
#560 = CARTESIAN_POINT('',(3.,0.));
#561 = VECTOR('',#562,1.);
#562 = DIRECTION('',(0.,1.));
#563 = ( GEOMETRIC_REPRESENTATION_CONTEXT(2) 
PARAMETRIC_REPRESENTATION_CONTEXT() REPRESENTATION_CONTEXT('2D SPACE',''
  ) );
#564 = PCURVE('',#532,#565);
#565 = DEFINITIONAL_REPRESENTATION('',(#566),#570);
#566 = LINE('',#567,#568);
#567 = CARTESIAN_POINT('',(3.,0.));
#568 = VECTOR('',#569,1.);
#569 = DIRECTION('',(0.,-1.));
#570 = ( GEOMETRIC_REPRESENTATION_CONTEXT(2) 
PARAMETRIC_REPRESENTATION_CONTEXT() REPRESENTATION_CONTEXT('2D SPACE',''
  ) );
#571 = ORIENTED_EDGE('',*,*,#572,.F.);
#572 = EDGE_CURVE('',#415,#550,#573,.T.);
#573 = SURFACE_CURVE('',#574,(#578,#585),.PCURVE_S1.);
#574 = LINE('',#575,#576);
#575 = CARTESIAN_POINT('',(-24.71410161513,34.806079660839,2.5));
#576 = VECTOR('',#577,1.);
#577 = DIRECTION('',(-0.5,0.866025403784,0.));
#578 = PCURVE('',#456,#579);
#579 = DEFINITIONAL_REPRESENTATION('',(#580),#584);
#580 = LINE('',#581,#582);
#581 = CARTESIAN_POINT('',(0.,8.));
#582 = VECTOR('',#583,1.);
#583 = DIRECTION('',(1.,0.));
#584 = ( GEOMETRIC_REPRESENTATION_CONTEXT(2) 
PARAMETRIC_REPRESENTATION_CONTEXT() REPRESENTATION_CONTEXT('2D SPACE',''
  ) );
#585 = PCURVE('',#430,#586);
#586 = DEFINITIONAL_REPRESENTATION('',(#587),#591);
#587 = LINE('',#588,#589);
#588 = CARTESIAN_POINT('',(3.,0.));
#589 = VECTOR('',#590,1.);
#590 = DIRECTION('',(0.,1.));
#591 = ( GEOMETRIC_REPRESENTATION_CONTEXT(2) 
PARAMETRIC_REPRESENTATION_CONTEXT() REPRESENTATION_CONTEXT('2D SPACE',''
  ) );
#592 = ADVANCED_FACE('',(#593),#430,.T.);
#593 = FACE_BOUND('',#594,.T.);
#594 = EDGE_LOOP('',(#595,#618,#619,#620));
#595 = ORIENTED_EDGE('',*,*,#596,.F.);
#596 = EDGE_CURVE('',#387,#597,#599,.T.);
#597 = VERTEX_POINT('',#598);
#598 = CARTESIAN_POINT('',(-26.21410161513,37.404155872192,-0.5));
#599 = SURFACE_CURVE('',#600,(#604,#611),.PCURVE_S1.);
#600 = LINE('',#601,#602);
#601 = CARTESIAN_POINT('',(-24.71410161513,34.806079660839,-0.5));
#602 = VECTOR('',#603,1.);
#603 = DIRECTION('',(-0.5,0.866025403784,0.));
#604 = PCURVE('',#430,#605);
#605 = DEFINITIONAL_REPRESENTATION('',(#606),#610);
#606 = LINE('',#607,#608);
#607 = CARTESIAN_POINT('',(0.,0.));
#608 = VECTOR('',#609,1.);
#609 = DIRECTION('',(0.,1.));
#610 = ( GEOMETRIC_REPRESENTATION_CONTEXT(2) 
PARAMETRIC_REPRESENTATION_CONTEXT() REPRESENTATION_CONTEXT('2D SPACE',''
  ) );
#611 = PCURVE('',#402,#612);
#612 = DEFINITIONAL_REPRESENTATION('',(#613),#617);
#613 = LINE('',#614,#615);
#614 = CARTESIAN_POINT('',(0.,8.));
#615 = VECTOR('',#616,1.);
#616 = DIRECTION('',(1.,0.));
#617 = ( GEOMETRIC_REPRESENTATION_CONTEXT(2) 
PARAMETRIC_REPRESENTATION_CONTEXT() REPRESENTATION_CONTEXT('2D SPACE',''
  ) );
#618 = ORIENTED_EDGE('',*,*,#414,.T.);
#619 = ORIENTED_EDGE('',*,*,#572,.T.);
#620 = ORIENTED_EDGE('',*,*,#621,.F.);
#621 = EDGE_CURVE('',#597,#550,#622,.T.);
#622 = SURFACE_CURVE('',#623,(#627,#634),.PCURVE_S1.);
#623 = LINE('',#624,#625);
#624 = CARTESIAN_POINT('',(-26.21410161513,37.404155872192,-0.5));
#625 = VECTOR('',#626,1.);
#626 = DIRECTION('',(0.,0.,1.));
#627 = PCURVE('',#430,#628);
#628 = DEFINITIONAL_REPRESENTATION('',(#629),#633);
#629 = LINE('',#630,#631);
#630 = CARTESIAN_POINT('',(0.,3.));
#631 = VECTOR('',#632,1.);
#632 = DIRECTION('',(1.,0.));
#633 = ( GEOMETRIC_REPRESENTATION_CONTEXT(2) 
PARAMETRIC_REPRESENTATION_CONTEXT() REPRESENTATION_CONTEXT('2D SPACE',''
  ) );
#634 = PCURVE('',#532,#635);
#635 = DEFINITIONAL_REPRESENTATION('',(#636),#640);
#636 = LINE('',#637,#638);
#637 = CARTESIAN_POINT('',(0.,-8.));
#638 = VECTOR('',#639,1.);
#639 = DIRECTION('',(1.,0.));
#640 = ( GEOMETRIC_REPRESENTATION_CONTEXT(2) 
PARAMETRIC_REPRESENTATION_CONTEXT() REPRESENTATION_CONTEXT('2D SPACE',''
  ) );
#641 = ADVANCED_FACE('',(#642),#402,.F.);
#642 = FACE_BOUND('',#643,.F.);
#643 = EDGE_LOOP('',(#644,#645,#646,#667));
#644 = ORIENTED_EDGE('',*,*,#386,.F.);
#645 = ORIENTED_EDGE('',*,*,#471,.T.);
#646 = ORIENTED_EDGE('',*,*,#647,.T.);
#647 = EDGE_CURVE('',#472,#597,#648,.T.);
#648 = SURFACE_CURVE('',#649,(#653,#660),.PCURVE_S1.);
#649 = LINE('',#650,#651);
#650 = CARTESIAN_POINT('',(-19.28589838486,41.404155872192,-0.5));
#651 = VECTOR('',#652,1.);
#652 = DIRECTION('',(-0.866025403784,-0.5,0.));
#653 = PCURVE('',#402,#654);
#654 = DEFINITIONAL_REPRESENTATION('',(#655),#659);
#655 = LINE('',#656,#657);
#656 = CARTESIAN_POINT('',(3.,0.));
#657 = VECTOR('',#658,1.);
#658 = DIRECTION('',(0.,1.));
#659 = ( GEOMETRIC_REPRESENTATION_CONTEXT(2) 
PARAMETRIC_REPRESENTATION_CONTEXT() REPRESENTATION_CONTEXT('2D SPACE',''
  ) );
#660 = PCURVE('',#532,#661);
#661 = DEFINITIONAL_REPRESENTATION('',(#662),#666);
#662 = LINE('',#663,#664);
#663 = CARTESIAN_POINT('',(0.,0.));
#664 = VECTOR('',#665,1.);
#665 = DIRECTION('',(0.,-1.));
#666 = ( GEOMETRIC_REPRESENTATION_CONTEXT(2) 
PARAMETRIC_REPRESENTATION_CONTEXT() REPRESENTATION_CONTEXT('2D SPACE',''
  ) );
#667 = ORIENTED_EDGE('',*,*,#596,.F.);
#668 = ADVANCED_FACE('',(#669),#532,.T.);
#669 = FACE_BOUND('',#670,.T.);
#670 = EDGE_LOOP('',(#671,#672,#673,#674));
#671 = ORIENTED_EDGE('',*,*,#518,.F.);
#672 = ORIENTED_EDGE('',*,*,#647,.T.);
#673 = ORIENTED_EDGE('',*,*,#621,.T.);
#674 = ORIENTED_EDGE('',*,*,#549,.F.);
#675 = MANIFOLD_SOLID_BREP('',#676);
#676 = CLOSED_SHELL('',(#677,#797,#873,#922,#971,#998));
#677 = ADVANCED_FACE('',(#678),#692,.F.);
#678 = FACE_BOUND('',#679,.F.);
#679 = EDGE_LOOP('',(#680,#715,#743,#771));
#680 = ORIENTED_EDGE('',*,*,#681,.F.);
#681 = EDGE_CURVE('',#682,#684,#686,.T.);
#682 = VERTEX_POINT('',#683);
#683 = CARTESIAN_POINT('',(42.5,-4.,-0.5));
#684 = VERTEX_POINT('',#685);
#685 = CARTESIAN_POINT('',(42.5,-4.,2.5));
#686 = SURFACE_CURVE('',#687,(#691,#703),.PCURVE_S1.);
#687 = LINE('',#688,#689);
#688 = CARTESIAN_POINT('',(42.5,-4.,-0.5));
#689 = VECTOR('',#690,1.);
#690 = DIRECTION('',(0.,0.,1.));
#691 = PCURVE('',#692,#697);
#692 = PLANE('',#693);
#693 = AXIS2_PLACEMENT_3D('',#694,#695,#696);
#694 = CARTESIAN_POINT('',(42.5,-4.,-0.5));
#695 = DIRECTION('',(1.,0.,0.));
#696 = DIRECTION('',(0.,0.,1.));
#697 = DEFINITIONAL_REPRESENTATION('',(#698),#702);
#698 = LINE('',#699,#700);
#699 = CARTESIAN_POINT('',(0.,0.));
#700 = VECTOR('',#701,1.);
#701 = DIRECTION('',(1.,0.));
#702 = ( GEOMETRIC_REPRESENTATION_CONTEXT(2) 
PARAMETRIC_REPRESENTATION_CONTEXT() REPRESENTATION_CONTEXT('2D SPACE',''
  ) );
#703 = PCURVE('',#704,#709);
#704 = PLANE('',#705);
#705 = AXIS2_PLACEMENT_3D('',#706,#707,#708);
#706 = CARTESIAN_POINT('',(42.5,-4.,-0.5));
#707 = DIRECTION('',(0.,1.,0.));
#708 = DIRECTION('',(0.,0.,1.));
#709 = DEFINITIONAL_REPRESENTATION('',(#710),#714);
#710 = LINE('',#711,#712);
#711 = CARTESIAN_POINT('',(0.,0.));
#712 = VECTOR('',#713,1.);
#713 = DIRECTION('',(1.,0.));
#714 = ( GEOMETRIC_REPRESENTATION_CONTEXT(2) 
PARAMETRIC_REPRESENTATION_CONTEXT() REPRESENTATION_CONTEXT('2D SPACE',''
  ) );
#715 = ORIENTED_EDGE('',*,*,#716,.T.);
#716 = EDGE_CURVE('',#682,#717,#719,.T.);
#717 = VERTEX_POINT('',#718);
#718 = CARTESIAN_POINT('',(42.5,4.,-0.5));
#719 = SURFACE_CURVE('',#720,(#724,#731),.PCURVE_S1.);
#720 = LINE('',#721,#722);
#721 = CARTESIAN_POINT('',(42.5,-4.,-0.5));
#722 = VECTOR('',#723,1.);
#723 = DIRECTION('',(0.,1.,0.));
#724 = PCURVE('',#692,#725);
#725 = DEFINITIONAL_REPRESENTATION('',(#726),#730);
#726 = LINE('',#727,#728);
#727 = CARTESIAN_POINT('',(0.,0.));
#728 = VECTOR('',#729,1.);
#729 = DIRECTION('',(0.,-1.));
#730 = ( GEOMETRIC_REPRESENTATION_CONTEXT(2) 
PARAMETRIC_REPRESENTATION_CONTEXT() REPRESENTATION_CONTEXT('2D SPACE',''
  ) );
#731 = PCURVE('',#732,#737);
#732 = PLANE('',#733);
#733 = AXIS2_PLACEMENT_3D('',#734,#735,#736);
#734 = CARTESIAN_POINT('',(42.5,-4.,-0.5));
#735 = DIRECTION('',(0.,0.,1.));
#736 = DIRECTION('',(1.,0.,0.));
#737 = DEFINITIONAL_REPRESENTATION('',(#738),#742);
#738 = LINE('',#739,#740);
#739 = CARTESIAN_POINT('',(0.,0.));
#740 = VECTOR('',#741,1.);
#741 = DIRECTION('',(0.,1.));
#742 = ( GEOMETRIC_REPRESENTATION_CONTEXT(2) 
PARAMETRIC_REPRESENTATION_CONTEXT() REPRESENTATION_CONTEXT('2D SPACE',''
  ) );
#743 = ORIENTED_EDGE('',*,*,#744,.T.);
#744 = EDGE_CURVE('',#717,#745,#747,.T.);
#745 = VERTEX_POINT('',#746);
#746 = CARTESIAN_POINT('',(42.5,4.,2.5));
#747 = SURFACE_CURVE('',#748,(#752,#759),.PCURVE_S1.);
#748 = LINE('',#749,#750);
#749 = CARTESIAN_POINT('',(42.5,4.,-0.5));
#750 = VECTOR('',#751,1.);
#751 = DIRECTION('',(0.,0.,1.));
#752 = PCURVE('',#692,#753);
#753 = DEFINITIONAL_REPRESENTATION('',(#754),#758);
#754 = LINE('',#755,#756);
#755 = CARTESIAN_POINT('',(0.,-8.));
#756 = VECTOR('',#757,1.);
#757 = DIRECTION('',(1.,0.));
#758 = ( GEOMETRIC_REPRESENTATION_CONTEXT(2) 
PARAMETRIC_REPRESENTATION_CONTEXT() REPRESENTATION_CONTEXT('2D SPACE',''
  ) );
#759 = PCURVE('',#760,#765);
#760 = PLANE('',#761);
#761 = AXIS2_PLACEMENT_3D('',#762,#763,#764);
#762 = CARTESIAN_POINT('',(42.5,4.,-0.5));
#763 = DIRECTION('',(0.,1.,0.));
#764 = DIRECTION('',(0.,0.,1.));
#765 = DEFINITIONAL_REPRESENTATION('',(#766),#770);
#766 = LINE('',#767,#768);
#767 = CARTESIAN_POINT('',(0.,0.));
#768 = VECTOR('',#769,1.);
#769 = DIRECTION('',(1.,0.));
#770 = ( GEOMETRIC_REPRESENTATION_CONTEXT(2) 
PARAMETRIC_REPRESENTATION_CONTEXT() REPRESENTATION_CONTEXT('2D SPACE',''
  ) );
#771 = ORIENTED_EDGE('',*,*,#772,.F.);
#772 = EDGE_CURVE('',#684,#745,#773,.T.);
#773 = SURFACE_CURVE('',#774,(#778,#785),.PCURVE_S1.);
#774 = LINE('',#775,#776);
#775 = CARTESIAN_POINT('',(42.5,-4.,2.5));
#776 = VECTOR('',#777,1.);
#777 = DIRECTION('',(0.,1.,0.));
#778 = PCURVE('',#692,#779);
#779 = DEFINITIONAL_REPRESENTATION('',(#780),#784);
#780 = LINE('',#781,#782);
#781 = CARTESIAN_POINT('',(3.,0.));
#782 = VECTOR('',#783,1.);
#783 = DIRECTION('',(0.,-1.));
#784 = ( GEOMETRIC_REPRESENTATION_CONTEXT(2) 
PARAMETRIC_REPRESENTATION_CONTEXT() REPRESENTATION_CONTEXT('2D SPACE',''
  ) );
#785 = PCURVE('',#786,#791);
#786 = PLANE('',#787);
#787 = AXIS2_PLACEMENT_3D('',#788,#789,#790);
#788 = CARTESIAN_POINT('',(42.5,-4.,2.5));
#789 = DIRECTION('',(0.,0.,1.));
#790 = DIRECTION('',(1.,0.,0.));
#791 = DEFINITIONAL_REPRESENTATION('',(#792),#796);
#792 = LINE('',#793,#794);
#793 = CARTESIAN_POINT('',(0.,0.));
#794 = VECTOR('',#795,1.);
#795 = DIRECTION('',(0.,1.));
#796 = ( GEOMETRIC_REPRESENTATION_CONTEXT(2) 
PARAMETRIC_REPRESENTATION_CONTEXT() REPRESENTATION_CONTEXT('2D SPACE',''
  ) );
#797 = ADVANCED_FACE('',(#798),#704,.F.);
#798 = FACE_BOUND('',#799,.F.);
#799 = EDGE_LOOP('',(#800,#823,#824,#847));
#800 = ORIENTED_EDGE('',*,*,#801,.F.);
#801 = EDGE_CURVE('',#682,#802,#804,.T.);
#802 = VERTEX_POINT('',#803);
#803 = CARTESIAN_POINT('',(45.5,-4.,-0.5));
#804 = SURFACE_CURVE('',#805,(#809,#816),.PCURVE_S1.);
#805 = LINE('',#806,#807);
#806 = CARTESIAN_POINT('',(42.5,-4.,-0.5));
#807 = VECTOR('',#808,1.);
#808 = DIRECTION('',(1.,0.,0.));
#809 = PCURVE('',#704,#810);
#810 = DEFINITIONAL_REPRESENTATION('',(#811),#815);
#811 = LINE('',#812,#813);
#812 = CARTESIAN_POINT('',(0.,0.));
#813 = VECTOR('',#814,1.);
#814 = DIRECTION('',(0.,1.));
#815 = ( GEOMETRIC_REPRESENTATION_CONTEXT(2) 
PARAMETRIC_REPRESENTATION_CONTEXT() REPRESENTATION_CONTEXT('2D SPACE',''
  ) );
#816 = PCURVE('',#732,#817);
#817 = DEFINITIONAL_REPRESENTATION('',(#818),#822);
#818 = LINE('',#819,#820);
#819 = CARTESIAN_POINT('',(0.,0.));
#820 = VECTOR('',#821,1.);
#821 = DIRECTION('',(1.,0.));
#822 = ( GEOMETRIC_REPRESENTATION_CONTEXT(2) 
PARAMETRIC_REPRESENTATION_CONTEXT() REPRESENTATION_CONTEXT('2D SPACE',''
  ) );
#823 = ORIENTED_EDGE('',*,*,#681,.T.);
#824 = ORIENTED_EDGE('',*,*,#825,.T.);
#825 = EDGE_CURVE('',#684,#826,#828,.T.);
#826 = VERTEX_POINT('',#827);
#827 = CARTESIAN_POINT('',(45.5,-4.,2.5));
#828 = SURFACE_CURVE('',#829,(#833,#840),.PCURVE_S1.);
#829 = LINE('',#830,#831);
#830 = CARTESIAN_POINT('',(42.5,-4.,2.5));
#831 = VECTOR('',#832,1.);
#832 = DIRECTION('',(1.,0.,0.));
#833 = PCURVE('',#704,#834);
#834 = DEFINITIONAL_REPRESENTATION('',(#835),#839);
#835 = LINE('',#836,#837);
#836 = CARTESIAN_POINT('',(3.,0.));
#837 = VECTOR('',#838,1.);
#838 = DIRECTION('',(0.,1.));
#839 = ( GEOMETRIC_REPRESENTATION_CONTEXT(2) 
PARAMETRIC_REPRESENTATION_CONTEXT() REPRESENTATION_CONTEXT('2D SPACE',''
  ) );
#840 = PCURVE('',#786,#841);
#841 = DEFINITIONAL_REPRESENTATION('',(#842),#846);
#842 = LINE('',#843,#844);
#843 = CARTESIAN_POINT('',(0.,0.));
#844 = VECTOR('',#845,1.);
#845 = DIRECTION('',(1.,0.));
#846 = ( GEOMETRIC_REPRESENTATION_CONTEXT(2) 
PARAMETRIC_REPRESENTATION_CONTEXT() REPRESENTATION_CONTEXT('2D SPACE',''
  ) );
#847 = ORIENTED_EDGE('',*,*,#848,.F.);
#848 = EDGE_CURVE('',#802,#826,#849,.T.);
#849 = SURFACE_CURVE('',#850,(#854,#861),.PCURVE_S1.);
#850 = LINE('',#851,#852);
#851 = CARTESIAN_POINT('',(45.5,-4.,-0.5));
#852 = VECTOR('',#853,1.);
#853 = DIRECTION('',(0.,0.,1.));
#854 = PCURVE('',#704,#855);
#855 = DEFINITIONAL_REPRESENTATION('',(#856),#860);
#856 = LINE('',#857,#858);
#857 = CARTESIAN_POINT('',(0.,3.));
#858 = VECTOR('',#859,1.);
#859 = DIRECTION('',(1.,0.));
#860 = ( GEOMETRIC_REPRESENTATION_CONTEXT(2) 
PARAMETRIC_REPRESENTATION_CONTEXT() REPRESENTATION_CONTEXT('2D SPACE',''
  ) );
#861 = PCURVE('',#862,#867);
#862 = PLANE('',#863);
#863 = AXIS2_PLACEMENT_3D('',#864,#865,#866);
#864 = CARTESIAN_POINT('',(45.5,-4.,-0.5));
#865 = DIRECTION('',(1.,0.,0.));
#866 = DIRECTION('',(0.,0.,1.));
#867 = DEFINITIONAL_REPRESENTATION('',(#868),#872);
#868 = LINE('',#869,#870);
#869 = CARTESIAN_POINT('',(0.,0.));
#870 = VECTOR('',#871,1.);
#871 = DIRECTION('',(1.,0.));
#872 = ( GEOMETRIC_REPRESENTATION_CONTEXT(2) 
PARAMETRIC_REPRESENTATION_CONTEXT() REPRESENTATION_CONTEXT('2D SPACE',''
  ) );
#873 = ADVANCED_FACE('',(#874),#786,.T.);
#874 = FACE_BOUND('',#875,.T.);
#875 = EDGE_LOOP('',(#876,#877,#878,#901));
#876 = ORIENTED_EDGE('',*,*,#772,.F.);
#877 = ORIENTED_EDGE('',*,*,#825,.T.);
#878 = ORIENTED_EDGE('',*,*,#879,.T.);
#879 = EDGE_CURVE('',#826,#880,#882,.T.);
#880 = VERTEX_POINT('',#881);
#881 = CARTESIAN_POINT('',(45.5,4.,2.5));
#882 = SURFACE_CURVE('',#883,(#887,#894),.PCURVE_S1.);
#883 = LINE('',#884,#885);
#884 = CARTESIAN_POINT('',(45.5,-4.,2.5));
#885 = VECTOR('',#886,1.);
#886 = DIRECTION('',(0.,1.,0.));
#887 = PCURVE('',#786,#888);
#888 = DEFINITIONAL_REPRESENTATION('',(#889),#893);
#889 = LINE('',#890,#891);
#890 = CARTESIAN_POINT('',(3.,0.));
#891 = VECTOR('',#892,1.);
#892 = DIRECTION('',(0.,1.));
#893 = ( GEOMETRIC_REPRESENTATION_CONTEXT(2) 
PARAMETRIC_REPRESENTATION_CONTEXT() REPRESENTATION_CONTEXT('2D SPACE',''
  ) );
#894 = PCURVE('',#862,#895);
#895 = DEFINITIONAL_REPRESENTATION('',(#896),#900);
#896 = LINE('',#897,#898);
#897 = CARTESIAN_POINT('',(3.,0.));
#898 = VECTOR('',#899,1.);
#899 = DIRECTION('',(0.,-1.));
#900 = ( GEOMETRIC_REPRESENTATION_CONTEXT(2) 
PARAMETRIC_REPRESENTATION_CONTEXT() REPRESENTATION_CONTEXT('2D SPACE',''
  ) );
#901 = ORIENTED_EDGE('',*,*,#902,.F.);
#902 = EDGE_CURVE('',#745,#880,#903,.T.);
#903 = SURFACE_CURVE('',#904,(#908,#915),.PCURVE_S1.);
#904 = LINE('',#905,#906);
#905 = CARTESIAN_POINT('',(42.5,4.,2.5));
#906 = VECTOR('',#907,1.);
#907 = DIRECTION('',(1.,0.,0.));
#908 = PCURVE('',#786,#909);
#909 = DEFINITIONAL_REPRESENTATION('',(#910),#914);
#910 = LINE('',#911,#912);
#911 = CARTESIAN_POINT('',(0.,8.));
#912 = VECTOR('',#913,1.);
#913 = DIRECTION('',(1.,0.));
#914 = ( GEOMETRIC_REPRESENTATION_CONTEXT(2) 
PARAMETRIC_REPRESENTATION_CONTEXT() REPRESENTATION_CONTEXT('2D SPACE',''
  ) );
#915 = PCURVE('',#760,#916);
#916 = DEFINITIONAL_REPRESENTATION('',(#917),#921);
#917 = LINE('',#918,#919);
#918 = CARTESIAN_POINT('',(3.,0.));
#919 = VECTOR('',#920,1.);
#920 = DIRECTION('',(0.,1.));
#921 = ( GEOMETRIC_REPRESENTATION_CONTEXT(2) 
PARAMETRIC_REPRESENTATION_CONTEXT() REPRESENTATION_CONTEXT('2D SPACE',''
  ) );
#922 = ADVANCED_FACE('',(#923),#760,.T.);
#923 = FACE_BOUND('',#924,.T.);
#924 = EDGE_LOOP('',(#925,#948,#949,#950));
#925 = ORIENTED_EDGE('',*,*,#926,.F.);
#926 = EDGE_CURVE('',#717,#927,#929,.T.);
#927 = VERTEX_POINT('',#928);
#928 = CARTESIAN_POINT('',(45.5,4.,-0.5));
#929 = SURFACE_CURVE('',#930,(#934,#941),.PCURVE_S1.);
#930 = LINE('',#931,#932);
#931 = CARTESIAN_POINT('',(42.5,4.,-0.5));
#932 = VECTOR('',#933,1.);
#933 = DIRECTION('',(1.,0.,0.));
#934 = PCURVE('',#760,#935);
#935 = DEFINITIONAL_REPRESENTATION('',(#936),#940);
#936 = LINE('',#937,#938);
#937 = CARTESIAN_POINT('',(0.,0.));
#938 = VECTOR('',#939,1.);
#939 = DIRECTION('',(0.,1.));
#940 = ( GEOMETRIC_REPRESENTATION_CONTEXT(2) 
PARAMETRIC_REPRESENTATION_CONTEXT() REPRESENTATION_CONTEXT('2D SPACE',''
  ) );
#941 = PCURVE('',#732,#942);
#942 = DEFINITIONAL_REPRESENTATION('',(#943),#947);
#943 = LINE('',#944,#945);
#944 = CARTESIAN_POINT('',(0.,8.));
#945 = VECTOR('',#946,1.);
#946 = DIRECTION('',(1.,0.));
#947 = ( GEOMETRIC_REPRESENTATION_CONTEXT(2) 
PARAMETRIC_REPRESENTATION_CONTEXT() REPRESENTATION_CONTEXT('2D SPACE',''
  ) );
#948 = ORIENTED_EDGE('',*,*,#744,.T.);
#949 = ORIENTED_EDGE('',*,*,#902,.T.);
#950 = ORIENTED_EDGE('',*,*,#951,.F.);
#951 = EDGE_CURVE('',#927,#880,#952,.T.);
#952 = SURFACE_CURVE('',#953,(#957,#964),.PCURVE_S1.);
#953 = LINE('',#954,#955);
#954 = CARTESIAN_POINT('',(45.5,4.,-0.5));
#955 = VECTOR('',#956,1.);
#956 = DIRECTION('',(0.,0.,1.));
#957 = PCURVE('',#760,#958);
#958 = DEFINITIONAL_REPRESENTATION('',(#959),#963);
#959 = LINE('',#960,#961);
#960 = CARTESIAN_POINT('',(0.,3.));
#961 = VECTOR('',#962,1.);
#962 = DIRECTION('',(1.,0.));
#963 = ( GEOMETRIC_REPRESENTATION_CONTEXT(2) 
PARAMETRIC_REPRESENTATION_CONTEXT() REPRESENTATION_CONTEXT('2D SPACE',''
  ) );
#964 = PCURVE('',#862,#965);
#965 = DEFINITIONAL_REPRESENTATION('',(#966),#970);
#966 = LINE('',#967,#968);
#967 = CARTESIAN_POINT('',(0.,-8.));
#968 = VECTOR('',#969,1.);
#969 = DIRECTION('',(1.,0.));
#970 = ( GEOMETRIC_REPRESENTATION_CONTEXT(2) 
PARAMETRIC_REPRESENTATION_CONTEXT() REPRESENTATION_CONTEXT('2D SPACE',''
  ) );
#971 = ADVANCED_FACE('',(#972),#732,.F.);
#972 = FACE_BOUND('',#973,.F.);
#973 = EDGE_LOOP('',(#974,#975,#976,#997));
#974 = ORIENTED_EDGE('',*,*,#716,.F.);
#975 = ORIENTED_EDGE('',*,*,#801,.T.);
#976 = ORIENTED_EDGE('',*,*,#977,.T.);
#977 = EDGE_CURVE('',#802,#927,#978,.T.);
#978 = SURFACE_CURVE('',#979,(#983,#990),.PCURVE_S1.);
#979 = LINE('',#980,#981);
#980 = CARTESIAN_POINT('',(45.5,-4.,-0.5));
#981 = VECTOR('',#982,1.);
#982 = DIRECTION('',(0.,1.,0.));
#983 = PCURVE('',#732,#984);
#984 = DEFINITIONAL_REPRESENTATION('',(#985),#989);
#985 = LINE('',#986,#987);
#986 = CARTESIAN_POINT('',(3.,0.));
#987 = VECTOR('',#988,1.);
#988 = DIRECTION('',(0.,1.));
#989 = ( GEOMETRIC_REPRESENTATION_CONTEXT(2) 
PARAMETRIC_REPRESENTATION_CONTEXT() REPRESENTATION_CONTEXT('2D SPACE',''
  ) );
#990 = PCURVE('',#862,#991);
#991 = DEFINITIONAL_REPRESENTATION('',(#992),#996);
#992 = LINE('',#993,#994);
#993 = CARTESIAN_POINT('',(0.,0.));
#994 = VECTOR('',#995,1.);
#995 = DIRECTION('',(0.,-1.));
#996 = ( GEOMETRIC_REPRESENTATION_CONTEXT(2) 
PARAMETRIC_REPRESENTATION_CONTEXT() REPRESENTATION_CONTEXT('2D SPACE',''
  ) );
#997 = ORIENTED_EDGE('',*,*,#926,.F.);
#998 = ADVANCED_FACE('',(#999),#862,.T.);
#999 = FACE_BOUND('',#1000,.T.);
#1000 = EDGE_LOOP('',(#1001,#1002,#1003,#1004));
#1001 = ORIENTED_EDGE('',*,*,#848,.F.);
#1002 = ORIENTED_EDGE('',*,*,#977,.T.);
#1003 = ORIENTED_EDGE('',*,*,#951,.T.);
#1004 = ORIENTED_EDGE('',*,*,#879,.F.);
#1005 = BREP_WITH_VOIDS('',#1006,(#1193));
#1006 = CLOSED_SHELL('',(#1007,#1095,#1099,#1134,#1189));
#1007 = ADVANCED_FACE('',(#1008),#1021,.T.);
#1008 = FACE_BOUND('',#1009,.T.);
#1009 = EDGE_LOOP('',(#1010,#1044,#1067,#1094));
#1010 = ORIENTED_EDGE('',*,*,#1011,.F.);
#1011 = EDGE_CURVE('',#1012,#1012,#1014,.T.);
#1012 = VERTEX_POINT('',#1013);
#1013 = CARTESIAN_POINT('',(15.3,-23.,24.7));
#1014 = SURFACE_CURVE('',#1015,(#1020,#1032),.PCURVE_S1.);
#1015 = CIRCLE('',#1016,1.3);
#1016 = AXIS2_PLACEMENT_3D('',#1017,#1018,#1019);
#1017 = CARTESIAN_POINT('',(14.,-23.,24.7));
#1018 = DIRECTION('',(0.,0.,1.));
#1019 = DIRECTION('',(1.,0.,-0.));
#1020 = PCURVE('',#1021,#1026);
#1021 = CYLINDRICAL_SURFACE('',#1022,1.3);
#1022 = AXIS2_PLACEMENT_3D('',#1023,#1024,#1025);
#1023 = CARTESIAN_POINT('',(14.,-23.,22.5));
#1024 = DIRECTION('',(0.,0.,1.));
#1025 = DIRECTION('',(1.,0.,-0.));
#1026 = DEFINITIONAL_REPRESENTATION('',(#1027),#1031);
#1027 = LINE('',#1028,#1029);
#1028 = CARTESIAN_POINT('',(0.,2.2));
#1029 = VECTOR('',#1030,1.);
#1030 = DIRECTION('',(1.,0.));
#1031 = ( GEOMETRIC_REPRESENTATION_CONTEXT(2) 
PARAMETRIC_REPRESENTATION_CONTEXT() REPRESENTATION_CONTEXT('2D SPACE',''
  ) );
#1032 = PCURVE('',#1033,#1038);
#1033 = PLANE('',#1034);
#1034 = AXIS2_PLACEMENT_3D('',#1035,#1036,#1037);
#1035 = CARTESIAN_POINT('',(14.,-23.,24.7));
#1036 = DIRECTION('',(0.,0.,1.));
#1037 = DIRECTION('',(1.,0.,-0.));
#1038 = DEFINITIONAL_REPRESENTATION('',(#1039),#1043);
#1039 = CIRCLE('',#1040,1.3);
#1040 = AXIS2_PLACEMENT_2D('',#1041,#1042);
#1041 = CARTESIAN_POINT('',(0.,0.));
#1042 = DIRECTION('',(1.,0.));
#1043 = ( GEOMETRIC_REPRESENTATION_CONTEXT(2) 
PARAMETRIC_REPRESENTATION_CONTEXT() REPRESENTATION_CONTEXT('2D SPACE',''
  ) );
#1044 = ORIENTED_EDGE('',*,*,#1045,.F.);
#1045 = EDGE_CURVE('',#1046,#1012,#1048,.T.);
#1046 = VERTEX_POINT('',#1047);
#1047 = CARTESIAN_POINT('',(15.3,-23.,22.5));
#1048 = SEAM_CURVE('',#1049,(#1053,#1060),.PCURVE_S1.);
#1049 = LINE('',#1050,#1051);
#1050 = CARTESIAN_POINT('',(15.3,-23.,22.5));
#1051 = VECTOR('',#1052,1.);
#1052 = DIRECTION('',(0.,0.,1.));
#1053 = PCURVE('',#1021,#1054);
#1054 = DEFINITIONAL_REPRESENTATION('',(#1055),#1059);
#1055 = LINE('',#1056,#1057);
#1056 = CARTESIAN_POINT('',(6.28318530718,-0.));
#1057 = VECTOR('',#1058,1.);
#1058 = DIRECTION('',(0.,1.));
#1059 = ( GEOMETRIC_REPRESENTATION_CONTEXT(2) 
PARAMETRIC_REPRESENTATION_CONTEXT() REPRESENTATION_CONTEXT('2D SPACE',''
  ) );
#1060 = PCURVE('',#1021,#1061);
#1061 = DEFINITIONAL_REPRESENTATION('',(#1062),#1066);
#1062 = LINE('',#1063,#1064);
#1063 = CARTESIAN_POINT('',(0.,-0.));
#1064 = VECTOR('',#1065,1.);
#1065 = DIRECTION('',(0.,1.));
#1066 = ( GEOMETRIC_REPRESENTATION_CONTEXT(2) 
PARAMETRIC_REPRESENTATION_CONTEXT() REPRESENTATION_CONTEXT('2D SPACE',''
  ) );
#1067 = ORIENTED_EDGE('',*,*,#1068,.T.);
#1068 = EDGE_CURVE('',#1046,#1046,#1069,.T.);
#1069 = SURFACE_CURVE('',#1070,(#1075,#1082),.PCURVE_S1.);
#1070 = CIRCLE('',#1071,1.3);
#1071 = AXIS2_PLACEMENT_3D('',#1072,#1073,#1074);
#1072 = CARTESIAN_POINT('',(14.,-23.,22.5));
#1073 = DIRECTION('',(0.,0.,1.));
#1074 = DIRECTION('',(1.,0.,-0.));
#1075 = PCURVE('',#1021,#1076);
#1076 = DEFINITIONAL_REPRESENTATION('',(#1077),#1081);
#1077 = LINE('',#1078,#1079);
#1078 = CARTESIAN_POINT('',(0.,0.));
#1079 = VECTOR('',#1080,1.);
#1080 = DIRECTION('',(1.,0.));
#1081 = ( GEOMETRIC_REPRESENTATION_CONTEXT(2) 
PARAMETRIC_REPRESENTATION_CONTEXT() REPRESENTATION_CONTEXT('2D SPACE',''
  ) );
#1082 = PCURVE('',#1083,#1088);
#1083 = PLANE('',#1084);
#1084 = AXIS2_PLACEMENT_3D('',#1085,#1086,#1087);
#1085 = CARTESIAN_POINT('',(14.,-23.,22.5));
#1086 = DIRECTION('',(0.,0.,1.));
#1087 = DIRECTION('',(1.,0.,-0.));
#1088 = DEFINITIONAL_REPRESENTATION('',(#1089),#1093);
#1089 = CIRCLE('',#1090,1.3);
#1090 = AXIS2_PLACEMENT_2D('',#1091,#1092);
#1091 = CARTESIAN_POINT('',(0.,0.));
#1092 = DIRECTION('',(1.,0.));
#1093 = ( GEOMETRIC_REPRESENTATION_CONTEXT(2) 
PARAMETRIC_REPRESENTATION_CONTEXT() REPRESENTATION_CONTEXT('2D SPACE',''
  ) );
#1094 = ORIENTED_EDGE('',*,*,#1045,.T.);
#1095 = ADVANCED_FACE('',(#1096),#1033,.T.);
#1096 = FACE_BOUND('',#1097,.T.);
#1097 = EDGE_LOOP('',(#1098));
#1098 = ORIENTED_EDGE('',*,*,#1011,.T.);
#1099 = ADVANCED_FACE('',(#1100,#1131),#1083,.T.);
#1100 = FACE_BOUND('',#1101,.T.);
#1101 = EDGE_LOOP('',(#1102));
#1102 = ORIENTED_EDGE('',*,*,#1103,.T.);
#1103 = EDGE_CURVE('',#1104,#1104,#1106,.T.);
#1104 = VERTEX_POINT('',#1105);
#1105 = CARTESIAN_POINT('',(16.5,-23.,22.5));
#1106 = SURFACE_CURVE('',#1107,(#1112,#1119),.PCURVE_S1.);
#1107 = CIRCLE('',#1108,2.5);
#1108 = AXIS2_PLACEMENT_3D('',#1109,#1110,#1111);
#1109 = CARTESIAN_POINT('',(14.,-23.,22.5));
#1110 = DIRECTION('',(0.,0.,1.));
#1111 = DIRECTION('',(1.,0.,-0.));
#1112 = PCURVE('',#1083,#1113);
#1113 = DEFINITIONAL_REPRESENTATION('',(#1114),#1118);
#1114 = CIRCLE('',#1115,2.5);
#1115 = AXIS2_PLACEMENT_2D('',#1116,#1117);
#1116 = CARTESIAN_POINT('',(0.,0.));
#1117 = DIRECTION('',(1.,0.));
#1118 = ( GEOMETRIC_REPRESENTATION_CONTEXT(2) 
PARAMETRIC_REPRESENTATION_CONTEXT() REPRESENTATION_CONTEXT('2D SPACE',''
  ) );
#1119 = PCURVE('',#1120,#1125);
#1120 = CYLINDRICAL_SURFACE('',#1121,2.5);
#1121 = AXIS2_PLACEMENT_3D('',#1122,#1123,#1124);
#1122 = CARTESIAN_POINT('',(14.,-23.,4.5));
#1123 = DIRECTION('',(0.,0.,1.));
#1124 = DIRECTION('',(1.,0.,-0.));
#1125 = DEFINITIONAL_REPRESENTATION('',(#1126),#1130);
#1126 = LINE('',#1127,#1128);
#1127 = CARTESIAN_POINT('',(0.,18.));
#1128 = VECTOR('',#1129,1.);
#1129 = DIRECTION('',(1.,0.));
#1130 = ( GEOMETRIC_REPRESENTATION_CONTEXT(2) 
PARAMETRIC_REPRESENTATION_CONTEXT() REPRESENTATION_CONTEXT('2D SPACE',''
  ) );
#1131 = FACE_BOUND('',#1132,.T.);
#1132 = EDGE_LOOP('',(#1133));
#1133 = ORIENTED_EDGE('',*,*,#1068,.F.);
#1134 = ADVANCED_FACE('',(#1135),#1120,.T.);
#1135 = FACE_BOUND('',#1136,.T.);
#1136 = EDGE_LOOP('',(#1137,#1138,#1161,#1188));
#1137 = ORIENTED_EDGE('',*,*,#1103,.F.);
#1138 = ORIENTED_EDGE('',*,*,#1139,.F.);
#1139 = EDGE_CURVE('',#1140,#1104,#1142,.T.);
#1140 = VERTEX_POINT('',#1141);
#1141 = CARTESIAN_POINT('',(16.5,-23.,4.5));
#1142 = SEAM_CURVE('',#1143,(#1147,#1154),.PCURVE_S1.);
#1143 = LINE('',#1144,#1145);
#1144 = CARTESIAN_POINT('',(16.5,-23.,4.5));
#1145 = VECTOR('',#1146,1.);
#1146 = DIRECTION('',(0.,0.,1.));
#1147 = PCURVE('',#1120,#1148);
#1148 = DEFINITIONAL_REPRESENTATION('',(#1149),#1153);
#1149 = LINE('',#1150,#1151);
#1150 = CARTESIAN_POINT('',(6.28318530718,-0.));
#1151 = VECTOR('',#1152,1.);
#1152 = DIRECTION('',(0.,1.));
#1153 = ( GEOMETRIC_REPRESENTATION_CONTEXT(2) 
PARAMETRIC_REPRESENTATION_CONTEXT() REPRESENTATION_CONTEXT('2D SPACE',''
  ) );
#1154 = PCURVE('',#1120,#1155);
#1155 = DEFINITIONAL_REPRESENTATION('',(#1156),#1160);
#1156 = LINE('',#1157,#1158);
#1157 = CARTESIAN_POINT('',(0.,-0.));
#1158 = VECTOR('',#1159,1.);
#1159 = DIRECTION('',(0.,1.));
#1160 = ( GEOMETRIC_REPRESENTATION_CONTEXT(2) 
PARAMETRIC_REPRESENTATION_CONTEXT() REPRESENTATION_CONTEXT('2D SPACE',''
  ) );
#1161 = ORIENTED_EDGE('',*,*,#1162,.T.);
#1162 = EDGE_CURVE('',#1140,#1140,#1163,.T.);
#1163 = SURFACE_CURVE('',#1164,(#1169,#1176),.PCURVE_S1.);
#1164 = CIRCLE('',#1165,2.5);
#1165 = AXIS2_PLACEMENT_3D('',#1166,#1167,#1168);
#1166 = CARTESIAN_POINT('',(14.,-23.,4.5));
#1167 = DIRECTION('',(0.,0.,1.));
#1168 = DIRECTION('',(1.,0.,-0.));
#1169 = PCURVE('',#1120,#1170);
#1170 = DEFINITIONAL_REPRESENTATION('',(#1171),#1175);
#1171 = LINE('',#1172,#1173);
#1172 = CARTESIAN_POINT('',(0.,0.));
#1173 = VECTOR('',#1174,1.);
#1174 = DIRECTION('',(1.,0.));
#1175 = ( GEOMETRIC_REPRESENTATION_CONTEXT(2) 
PARAMETRIC_REPRESENTATION_CONTEXT() REPRESENTATION_CONTEXT('2D SPACE',''
  ) );
#1176 = PCURVE('',#1177,#1182);
#1177 = PLANE('',#1178);
#1178 = AXIS2_PLACEMENT_3D('',#1179,#1180,#1181);
#1179 = CARTESIAN_POINT('',(14.,-23.,4.5));
#1180 = DIRECTION('',(0.,0.,1.));
#1181 = DIRECTION('',(1.,0.,-0.));
#1182 = DEFINITIONAL_REPRESENTATION('',(#1183),#1187);
#1183 = CIRCLE('',#1184,2.5);
#1184 = AXIS2_PLACEMENT_2D('',#1185,#1186);
#1185 = CARTESIAN_POINT('',(0.,0.));
#1186 = DIRECTION('',(1.,0.));
#1187 = ( GEOMETRIC_REPRESENTATION_CONTEXT(2) 
PARAMETRIC_REPRESENTATION_CONTEXT() REPRESENTATION_CONTEXT('2D SPACE',''
  ) );
#1188 = ORIENTED_EDGE('',*,*,#1139,.T.);
#1189 = ADVANCED_FACE('',(#1190),#1177,.F.);
#1190 = FACE_BOUND('',#1191,.T.);
#1191 = EDGE_LOOP('',(#1192));
#1192 = ORIENTED_EDGE('',*,*,#1162,.F.);
#1193 = ORIENTED_CLOSED_SHELL('',*,#1194,.F.);
#1194 = CLOSED_SHELL('',(#1195,#1232,#1287));
#1195 = ADVANCED_FACE('',(#1196),#1209,.T.);
#1196 = FACE_BOUND('',#1197,.T.);
#1197 = EDGE_LOOP('',(#1198));
#1198 = ORIENTED_EDGE('',*,*,#1199,.T.);
#1199 = EDGE_CURVE('',#1200,#1200,#1202,.T.);
#1200 = VERTEX_POINT('',#1201);
#1201 = CARTESIAN_POINT('',(15.05,-23.,22.5));
#1202 = SURFACE_CURVE('',#1203,(#1208,#1220),.PCURVE_S1.);
#1203 = CIRCLE('',#1204,1.05);
#1204 = AXIS2_PLACEMENT_3D('',#1205,#1206,#1207);
#1205 = CARTESIAN_POINT('',(14.,-23.,22.5));
#1206 = DIRECTION('',(0.,0.,1.));
#1207 = DIRECTION('',(1.,0.,-0.));
#1208 = PCURVE('',#1209,#1214);
#1209 = PLANE('',#1210);
#1210 = AXIS2_PLACEMENT_3D('',#1211,#1212,#1213);
#1211 = CARTESIAN_POINT('',(14.,-23.,22.5));
#1212 = DIRECTION('',(0.,0.,1.));
#1213 = DIRECTION('',(1.,0.,-0.));
#1214 = DEFINITIONAL_REPRESENTATION('',(#1215),#1219);
#1215 = CIRCLE('',#1216,1.05);
#1216 = AXIS2_PLACEMENT_2D('',#1217,#1218);
#1217 = CARTESIAN_POINT('',(0.,0.));
#1218 = DIRECTION('',(1.,0.));
#1219 = ( GEOMETRIC_REPRESENTATION_CONTEXT(2) 
PARAMETRIC_REPRESENTATION_CONTEXT() REPRESENTATION_CONTEXT('2D SPACE',''
  ) );
#1220 = PCURVE('',#1221,#1226);
#1221 = CYLINDRICAL_SURFACE('',#1222,1.05);
#1222 = AXIS2_PLACEMENT_3D('',#1223,#1224,#1225);
#1223 = CARTESIAN_POINT('',(14.,-23.,17.5));
#1224 = DIRECTION('',(0.,0.,1.));
#1225 = DIRECTION('',(1.,0.,-0.));
#1226 = DEFINITIONAL_REPRESENTATION('',(#1227),#1231);
#1227 = LINE('',#1228,#1229);
#1228 = CARTESIAN_POINT('',(0.,5.));
#1229 = VECTOR('',#1230,1.);
#1230 = DIRECTION('',(1.,0.));
#1231 = ( GEOMETRIC_REPRESENTATION_CONTEXT(2) 
PARAMETRIC_REPRESENTATION_CONTEXT() REPRESENTATION_CONTEXT('2D SPACE',''
  ) );
#1232 = ADVANCED_FACE('',(#1233),#1221,.T.);
#1233 = FACE_BOUND('',#1234,.T.);
#1234 = EDGE_LOOP('',(#1235,#1236,#1259,#1286));
#1235 = ORIENTED_EDGE('',*,*,#1199,.F.);
#1236 = ORIENTED_EDGE('',*,*,#1237,.F.);
#1237 = EDGE_CURVE('',#1238,#1200,#1240,.T.);
#1238 = VERTEX_POINT('',#1239);
#1239 = CARTESIAN_POINT('',(15.05,-23.,17.5));
#1240 = SEAM_CURVE('',#1241,(#1245,#1252),.PCURVE_S1.);
#1241 = LINE('',#1242,#1243);
#1242 = CARTESIAN_POINT('',(15.05,-23.,17.5));
#1243 = VECTOR('',#1244,1.);
#1244 = DIRECTION('',(0.,0.,1.));
#1245 = PCURVE('',#1221,#1246);
#1246 = DEFINITIONAL_REPRESENTATION('',(#1247),#1251);
#1247 = LINE('',#1248,#1249);
#1248 = CARTESIAN_POINT('',(6.28318530718,-0.));
#1249 = VECTOR('',#1250,1.);
#1250 = DIRECTION('',(0.,1.));
#1251 = ( GEOMETRIC_REPRESENTATION_CONTEXT(2) 
PARAMETRIC_REPRESENTATION_CONTEXT() REPRESENTATION_CONTEXT('2D SPACE',''
  ) );
#1252 = PCURVE('',#1221,#1253);
#1253 = DEFINITIONAL_REPRESENTATION('',(#1254),#1258);
#1254 = LINE('',#1255,#1256);
#1255 = CARTESIAN_POINT('',(0.,-0.));
#1256 = VECTOR('',#1257,1.);
#1257 = DIRECTION('',(0.,1.));
#1258 = ( GEOMETRIC_REPRESENTATION_CONTEXT(2) 
PARAMETRIC_REPRESENTATION_CONTEXT() REPRESENTATION_CONTEXT('2D SPACE',''
  ) );
#1259 = ORIENTED_EDGE('',*,*,#1260,.T.);
#1260 = EDGE_CURVE('',#1238,#1238,#1261,.T.);
#1261 = SURFACE_CURVE('',#1262,(#1267,#1274),.PCURVE_S1.);
#1262 = CIRCLE('',#1263,1.05);
#1263 = AXIS2_PLACEMENT_3D('',#1264,#1265,#1266);
#1264 = CARTESIAN_POINT('',(14.,-23.,17.5));
#1265 = DIRECTION('',(0.,0.,1.));
#1266 = DIRECTION('',(1.,0.,-0.));
#1267 = PCURVE('',#1221,#1268);
#1268 = DEFINITIONAL_REPRESENTATION('',(#1269),#1273);
#1269 = LINE('',#1270,#1271);
#1270 = CARTESIAN_POINT('',(0.,0.));
#1271 = VECTOR('',#1272,1.);
#1272 = DIRECTION('',(1.,0.));
#1273 = ( GEOMETRIC_REPRESENTATION_CONTEXT(2) 
PARAMETRIC_REPRESENTATION_CONTEXT() REPRESENTATION_CONTEXT('2D SPACE',''
  ) );
#1274 = PCURVE('',#1275,#1280);
#1275 = PLANE('',#1276);
#1276 = AXIS2_PLACEMENT_3D('',#1277,#1278,#1279);
#1277 = CARTESIAN_POINT('',(14.,-23.,17.5));
#1278 = DIRECTION('',(0.,0.,1.));
#1279 = DIRECTION('',(1.,0.,-0.));
#1280 = DEFINITIONAL_REPRESENTATION('',(#1281),#1285);
#1281 = CIRCLE('',#1282,1.05);
#1282 = AXIS2_PLACEMENT_2D('',#1283,#1284);
#1283 = CARTESIAN_POINT('',(0.,0.));
#1284 = DIRECTION('',(1.,0.));
#1285 = ( GEOMETRIC_REPRESENTATION_CONTEXT(2) 
PARAMETRIC_REPRESENTATION_CONTEXT() REPRESENTATION_CONTEXT('2D SPACE',''
  ) );
#1286 = ORIENTED_EDGE('',*,*,#1237,.T.);
#1287 = ADVANCED_FACE('',(#1288),#1275,.F.);
#1288 = FACE_BOUND('',#1289,.T.);
#1289 = EDGE_LOOP('',(#1290));
#1290 = ORIENTED_EDGE('',*,*,#1260,.F.);
#1291 = MANIFOLD_SOLID_BREP('',#1292);
#1292 = CLOSED_SHELL('',(#1293,#1381,#1385));
#1293 = ADVANCED_FACE('',(#1294),#1307,.T.);
#1294 = FACE_BOUND('',#1295,.T.);
#1295 = EDGE_LOOP('',(#1296,#1330,#1353,#1380));
#1296 = ORIENTED_EDGE('',*,*,#1297,.F.);
#1297 = EDGE_CURVE('',#1298,#1298,#1300,.T.);
#1298 = VERTEX_POINT('',#1299);
#1299 = CARTESIAN_POINT('',(-13.,23.,24.7));
#1300 = SURFACE_CURVE('',#1301,(#1306,#1318),.PCURVE_S1.);
#1301 = CIRCLE('',#1302,1.);
#1302 = AXIS2_PLACEMENT_3D('',#1303,#1304,#1305);
#1303 = CARTESIAN_POINT('',(-14.,23.,24.7));
#1304 = DIRECTION('',(0.,0.,1.));
#1305 = DIRECTION('',(1.,0.,-0.));
#1306 = PCURVE('',#1307,#1312);
#1307 = CYLINDRICAL_SURFACE('',#1308,1.);
#1308 = AXIS2_PLACEMENT_3D('',#1309,#1310,#1311);
#1309 = CARTESIAN_POINT('',(-14.,23.,22.5));
#1310 = DIRECTION('',(0.,0.,1.));
#1311 = DIRECTION('',(1.,0.,-0.));
#1312 = DEFINITIONAL_REPRESENTATION('',(#1313),#1317);
#1313 = LINE('',#1314,#1315);
#1314 = CARTESIAN_POINT('',(0.,2.2));
#1315 = VECTOR('',#1316,1.);
#1316 = DIRECTION('',(1.,0.));
#1317 = ( GEOMETRIC_REPRESENTATION_CONTEXT(2) 
PARAMETRIC_REPRESENTATION_CONTEXT() REPRESENTATION_CONTEXT('2D SPACE',''
  ) );
#1318 = PCURVE('',#1319,#1324);
#1319 = PLANE('',#1320);
#1320 = AXIS2_PLACEMENT_3D('',#1321,#1322,#1323);
#1321 = CARTESIAN_POINT('',(-14.,23.,24.7));
#1322 = DIRECTION('',(0.,0.,1.));
#1323 = DIRECTION('',(1.,0.,-0.));
#1324 = DEFINITIONAL_REPRESENTATION('',(#1325),#1329);
#1325 = CIRCLE('',#1326,1.);
#1326 = AXIS2_PLACEMENT_2D('',#1327,#1328);
#1327 = CARTESIAN_POINT('',(0.,0.));
#1328 = DIRECTION('',(1.,0.));
#1329 = ( GEOMETRIC_REPRESENTATION_CONTEXT(2) 
PARAMETRIC_REPRESENTATION_CONTEXT() REPRESENTATION_CONTEXT('2D SPACE',''
  ) );
#1330 = ORIENTED_EDGE('',*,*,#1331,.F.);
#1331 = EDGE_CURVE('',#1332,#1298,#1334,.T.);
#1332 = VERTEX_POINT('',#1333);
#1333 = CARTESIAN_POINT('',(-13.,23.,22.5));
#1334 = SEAM_CURVE('',#1335,(#1339,#1346),.PCURVE_S1.);
#1335 = LINE('',#1336,#1337);
#1336 = CARTESIAN_POINT('',(-13.,23.,22.5));
#1337 = VECTOR('',#1338,1.);
#1338 = DIRECTION('',(0.,0.,1.));
#1339 = PCURVE('',#1307,#1340);
#1340 = DEFINITIONAL_REPRESENTATION('',(#1341),#1345);
#1341 = LINE('',#1342,#1343);
#1342 = CARTESIAN_POINT('',(6.28318530718,-0.));
#1343 = VECTOR('',#1344,1.);
#1344 = DIRECTION('',(0.,1.));
#1345 = ( GEOMETRIC_REPRESENTATION_CONTEXT(2) 
PARAMETRIC_REPRESENTATION_CONTEXT() REPRESENTATION_CONTEXT('2D SPACE',''
  ) );
#1346 = PCURVE('',#1307,#1347);
#1347 = DEFINITIONAL_REPRESENTATION('',(#1348),#1352);
#1348 = LINE('',#1349,#1350);
#1349 = CARTESIAN_POINT('',(0.,-0.));
#1350 = VECTOR('',#1351,1.);
#1351 = DIRECTION('',(0.,1.));
#1352 = ( GEOMETRIC_REPRESENTATION_CONTEXT(2) 
PARAMETRIC_REPRESENTATION_CONTEXT() REPRESENTATION_CONTEXT('2D SPACE',''
  ) );
#1353 = ORIENTED_EDGE('',*,*,#1354,.T.);
#1354 = EDGE_CURVE('',#1332,#1332,#1355,.T.);
#1355 = SURFACE_CURVE('',#1356,(#1361,#1368),.PCURVE_S1.);
#1356 = CIRCLE('',#1357,1.);
#1357 = AXIS2_PLACEMENT_3D('',#1358,#1359,#1360);
#1358 = CARTESIAN_POINT('',(-14.,23.,22.5));
#1359 = DIRECTION('',(0.,0.,1.));
#1360 = DIRECTION('',(1.,0.,-0.));
#1361 = PCURVE('',#1307,#1362);
#1362 = DEFINITIONAL_REPRESENTATION('',(#1363),#1367);
#1363 = LINE('',#1364,#1365);
#1364 = CARTESIAN_POINT('',(0.,0.));
#1365 = VECTOR('',#1366,1.);
#1366 = DIRECTION('',(1.,0.));
#1367 = ( GEOMETRIC_REPRESENTATION_CONTEXT(2) 
PARAMETRIC_REPRESENTATION_CONTEXT() REPRESENTATION_CONTEXT('2D SPACE',''
  ) );
#1368 = PCURVE('',#1369,#1374);
#1369 = PLANE('',#1370);
#1370 = AXIS2_PLACEMENT_3D('',#1371,#1372,#1373);
#1371 = CARTESIAN_POINT('',(-14.,23.,22.5));
#1372 = DIRECTION('',(0.,0.,1.));
#1373 = DIRECTION('',(1.,0.,-0.));
#1374 = DEFINITIONAL_REPRESENTATION('',(#1375),#1379);
#1375 = CIRCLE('',#1376,1.);
#1376 = AXIS2_PLACEMENT_2D('',#1377,#1378);
#1377 = CARTESIAN_POINT('',(0.,0.));
#1378 = DIRECTION('',(1.,0.));
#1379 = ( GEOMETRIC_REPRESENTATION_CONTEXT(2) 
PARAMETRIC_REPRESENTATION_CONTEXT() REPRESENTATION_CONTEXT('2D SPACE',''
  ) );
#1380 = ORIENTED_EDGE('',*,*,#1331,.T.);
#1381 = ADVANCED_FACE('',(#1382),#1319,.T.);
#1382 = FACE_BOUND('',#1383,.T.);
#1383 = EDGE_LOOP('',(#1384));
#1384 = ORIENTED_EDGE('',*,*,#1297,.T.);
#1385 = ADVANCED_FACE('',(#1386),#1369,.F.);
#1386 = FACE_BOUND('',#1387,.T.);
#1387 = EDGE_LOOP('',(#1388));
#1388 = ORIENTED_EDGE('',*,*,#1354,.F.);
#1389 = MANIFOLD_SOLID_BREP('',#1390);
#1390 = CLOSED_SHELL('',(#1391,#1479,#1514,#1518,#1573));
#1391 = ADVANCED_FACE('',(#1392),#1405,.T.);
#1392 = FACE_BOUND('',#1393,.T.);
#1393 = EDGE_LOOP('',(#1394,#1428,#1451,#1478));
#1394 = ORIENTED_EDGE('',*,*,#1395,.F.);
#1395 = EDGE_CURVE('',#1396,#1396,#1398,.T.);
#1396 = VERTEX_POINT('',#1397);
#1397 = CARTESIAN_POINT('',(16.5,23.,22.5));
#1398 = SURFACE_CURVE('',#1399,(#1404,#1416),.PCURVE_S1.);
#1399 = CIRCLE('',#1400,2.5);
#1400 = AXIS2_PLACEMENT_3D('',#1401,#1402,#1403);
#1401 = CARTESIAN_POINT('',(14.,23.,22.5));
#1402 = DIRECTION('',(0.,0.,1.));
#1403 = DIRECTION('',(1.,0.,-0.));
#1404 = PCURVE('',#1405,#1410);
#1405 = CYLINDRICAL_SURFACE('',#1406,2.5);
#1406 = AXIS2_PLACEMENT_3D('',#1407,#1408,#1409);
#1407 = CARTESIAN_POINT('',(14.,23.,4.5));
#1408 = DIRECTION('',(0.,0.,1.));
#1409 = DIRECTION('',(1.,0.,-0.));
#1410 = DEFINITIONAL_REPRESENTATION('',(#1411),#1415);
#1411 = LINE('',#1412,#1413);
#1412 = CARTESIAN_POINT('',(0.,18.));
#1413 = VECTOR('',#1414,1.);
#1414 = DIRECTION('',(1.,0.));
#1415 = ( GEOMETRIC_REPRESENTATION_CONTEXT(2) 
PARAMETRIC_REPRESENTATION_CONTEXT() REPRESENTATION_CONTEXT('2D SPACE',''
  ) );
#1416 = PCURVE('',#1417,#1422);
#1417 = PLANE('',#1418);
#1418 = AXIS2_PLACEMENT_3D('',#1419,#1420,#1421);
#1419 = CARTESIAN_POINT('',(14.,23.,22.5));
#1420 = DIRECTION('',(0.,0.,1.));
#1421 = DIRECTION('',(1.,0.,-0.));
#1422 = DEFINITIONAL_REPRESENTATION('',(#1423),#1427);
#1423 = CIRCLE('',#1424,2.5);
#1424 = AXIS2_PLACEMENT_2D('',#1425,#1426);
#1425 = CARTESIAN_POINT('',(0.,0.));
#1426 = DIRECTION('',(1.,0.));
#1427 = ( GEOMETRIC_REPRESENTATION_CONTEXT(2) 
PARAMETRIC_REPRESENTATION_CONTEXT() REPRESENTATION_CONTEXT('2D SPACE',''
  ) );
#1428 = ORIENTED_EDGE('',*,*,#1429,.F.);
#1429 = EDGE_CURVE('',#1430,#1396,#1432,.T.);
#1430 = VERTEX_POINT('',#1431);
#1431 = CARTESIAN_POINT('',(16.5,23.,4.5));
#1432 = SEAM_CURVE('',#1433,(#1437,#1444),.PCURVE_S1.);
#1433 = LINE('',#1434,#1435);
#1434 = CARTESIAN_POINT('',(16.5,23.,4.5));
#1435 = VECTOR('',#1436,1.);
#1436 = DIRECTION('',(0.,0.,1.));
#1437 = PCURVE('',#1405,#1438);
#1438 = DEFINITIONAL_REPRESENTATION('',(#1439),#1443);
#1439 = LINE('',#1440,#1441);
#1440 = CARTESIAN_POINT('',(6.28318530718,-0.));
#1441 = VECTOR('',#1442,1.);
#1442 = DIRECTION('',(0.,1.));
#1443 = ( GEOMETRIC_REPRESENTATION_CONTEXT(2) 
PARAMETRIC_REPRESENTATION_CONTEXT() REPRESENTATION_CONTEXT('2D SPACE',''
  ) );
#1444 = PCURVE('',#1405,#1445);
#1445 = DEFINITIONAL_REPRESENTATION('',(#1446),#1450);
#1446 = LINE('',#1447,#1448);
#1447 = CARTESIAN_POINT('',(0.,-0.));
#1448 = VECTOR('',#1449,1.);
#1449 = DIRECTION('',(0.,1.));
#1450 = ( GEOMETRIC_REPRESENTATION_CONTEXT(2) 
PARAMETRIC_REPRESENTATION_CONTEXT() REPRESENTATION_CONTEXT('2D SPACE',''
  ) );
#1451 = ORIENTED_EDGE('',*,*,#1452,.T.);
#1452 = EDGE_CURVE('',#1430,#1430,#1453,.T.);
#1453 = SURFACE_CURVE('',#1454,(#1459,#1466),.PCURVE_S1.);
#1454 = CIRCLE('',#1455,2.5);
#1455 = AXIS2_PLACEMENT_3D('',#1456,#1457,#1458);
#1456 = CARTESIAN_POINT('',(14.,23.,4.5));
#1457 = DIRECTION('',(0.,0.,1.));
#1458 = DIRECTION('',(1.,0.,-0.));
#1459 = PCURVE('',#1405,#1460);
#1460 = DEFINITIONAL_REPRESENTATION('',(#1461),#1465);
#1461 = LINE('',#1462,#1463);
#1462 = CARTESIAN_POINT('',(0.,0.));
#1463 = VECTOR('',#1464,1.);
#1464 = DIRECTION('',(1.,0.));
#1465 = ( GEOMETRIC_REPRESENTATION_CONTEXT(2) 
PARAMETRIC_REPRESENTATION_CONTEXT() REPRESENTATION_CONTEXT('2D SPACE',''
  ) );
#1466 = PCURVE('',#1467,#1472);
#1467 = PLANE('',#1468);
#1468 = AXIS2_PLACEMENT_3D('',#1469,#1470,#1471);
#1469 = CARTESIAN_POINT('',(14.,23.,4.5));
#1470 = DIRECTION('',(0.,0.,1.));
#1471 = DIRECTION('',(1.,0.,-0.));
#1472 = DEFINITIONAL_REPRESENTATION('',(#1473),#1477);
#1473 = CIRCLE('',#1474,2.5);
#1474 = AXIS2_PLACEMENT_2D('',#1475,#1476);
#1475 = CARTESIAN_POINT('',(0.,0.));
#1476 = DIRECTION('',(1.,0.));
#1477 = ( GEOMETRIC_REPRESENTATION_CONTEXT(2) 
PARAMETRIC_REPRESENTATION_CONTEXT() REPRESENTATION_CONTEXT('2D SPACE',''
  ) );
#1478 = ORIENTED_EDGE('',*,*,#1429,.T.);
#1479 = ADVANCED_FACE('',(#1480,#1483),#1417,.T.);
#1480 = FACE_BOUND('',#1481,.T.);
#1481 = EDGE_LOOP('',(#1482));
#1482 = ORIENTED_EDGE('',*,*,#1395,.T.);
#1483 = FACE_BOUND('',#1484,.T.);
#1484 = EDGE_LOOP('',(#1485));
#1485 = ORIENTED_EDGE('',*,*,#1486,.F.);
#1486 = EDGE_CURVE('',#1487,#1487,#1489,.T.);
#1487 = VERTEX_POINT('',#1488);
#1488 = CARTESIAN_POINT('',(15.05,23.,22.5));
#1489 = SURFACE_CURVE('',#1490,(#1495,#1502),.PCURVE_S1.);
#1490 = CIRCLE('',#1491,1.05);
#1491 = AXIS2_PLACEMENT_3D('',#1492,#1493,#1494);
#1492 = CARTESIAN_POINT('',(14.,23.,22.5));
#1493 = DIRECTION('',(0.,0.,1.));
#1494 = DIRECTION('',(1.,0.,-0.));
#1495 = PCURVE('',#1417,#1496);
#1496 = DEFINITIONAL_REPRESENTATION('',(#1497),#1501);
#1497 = CIRCLE('',#1498,1.05);
#1498 = AXIS2_PLACEMENT_2D('',#1499,#1500);
#1499 = CARTESIAN_POINT('',(0.,0.));
#1500 = DIRECTION('',(1.,0.));
#1501 = ( GEOMETRIC_REPRESENTATION_CONTEXT(2) 
PARAMETRIC_REPRESENTATION_CONTEXT() REPRESENTATION_CONTEXT('2D SPACE',''
  ) );
#1502 = PCURVE('',#1503,#1508);
#1503 = CYLINDRICAL_SURFACE('',#1504,1.05);
#1504 = AXIS2_PLACEMENT_3D('',#1505,#1506,#1507);
#1505 = CARTESIAN_POINT('',(14.,23.,17.5));
#1506 = DIRECTION('',(0.,0.,1.));
#1507 = DIRECTION('',(1.,0.,-0.));
#1508 = DEFINITIONAL_REPRESENTATION('',(#1509),#1513);
#1509 = LINE('',#1510,#1511);
#1510 = CARTESIAN_POINT('',(0.,5.));
#1511 = VECTOR('',#1512,1.);
#1512 = DIRECTION('',(1.,0.));
#1513 = ( GEOMETRIC_REPRESENTATION_CONTEXT(2) 
PARAMETRIC_REPRESENTATION_CONTEXT() REPRESENTATION_CONTEXT('2D SPACE',''
  ) );
#1514 = ADVANCED_FACE('',(#1515),#1467,.F.);
#1515 = FACE_BOUND('',#1516,.T.);
#1516 = EDGE_LOOP('',(#1517));
#1517 = ORIENTED_EDGE('',*,*,#1452,.F.);
#1518 = ADVANCED_FACE('',(#1519),#1503,.F.);
#1519 = FACE_BOUND('',#1520,.F.);
#1520 = EDGE_LOOP('',(#1521,#1522,#1545,#1572));
#1521 = ORIENTED_EDGE('',*,*,#1486,.F.);
#1522 = ORIENTED_EDGE('',*,*,#1523,.F.);
#1523 = EDGE_CURVE('',#1524,#1487,#1526,.T.);
#1524 = VERTEX_POINT('',#1525);
#1525 = CARTESIAN_POINT('',(15.05,23.,17.5));
#1526 = SEAM_CURVE('',#1527,(#1531,#1538),.PCURVE_S1.);
#1527 = LINE('',#1528,#1529);
#1528 = CARTESIAN_POINT('',(15.05,23.,17.5));
#1529 = VECTOR('',#1530,1.);
#1530 = DIRECTION('',(0.,0.,1.));
#1531 = PCURVE('',#1503,#1532);
#1532 = DEFINITIONAL_REPRESENTATION('',(#1533),#1537);
#1533 = LINE('',#1534,#1535);
#1534 = CARTESIAN_POINT('',(6.28318530718,-0.));
#1535 = VECTOR('',#1536,1.);
#1536 = DIRECTION('',(0.,1.));
#1537 = ( GEOMETRIC_REPRESENTATION_CONTEXT(2) 
PARAMETRIC_REPRESENTATION_CONTEXT() REPRESENTATION_CONTEXT('2D SPACE',''
  ) );
#1538 = PCURVE('',#1503,#1539);
#1539 = DEFINITIONAL_REPRESENTATION('',(#1540),#1544);
#1540 = LINE('',#1541,#1542);
#1541 = CARTESIAN_POINT('',(0.,-0.));
#1542 = VECTOR('',#1543,1.);
#1543 = DIRECTION('',(0.,1.));
#1544 = ( GEOMETRIC_REPRESENTATION_CONTEXT(2) 
PARAMETRIC_REPRESENTATION_CONTEXT() REPRESENTATION_CONTEXT('2D SPACE',''
  ) );
#1545 = ORIENTED_EDGE('',*,*,#1546,.T.);
#1546 = EDGE_CURVE('',#1524,#1524,#1547,.T.);
#1547 = SURFACE_CURVE('',#1548,(#1553,#1560),.PCURVE_S1.);
#1548 = CIRCLE('',#1549,1.05);
#1549 = AXIS2_PLACEMENT_3D('',#1550,#1551,#1552);
#1550 = CARTESIAN_POINT('',(14.,23.,17.5));
#1551 = DIRECTION('',(0.,0.,1.));
#1552 = DIRECTION('',(1.,0.,-0.));
#1553 = PCURVE('',#1503,#1554);
#1554 = DEFINITIONAL_REPRESENTATION('',(#1555),#1559);
#1555 = LINE('',#1556,#1557);
#1556 = CARTESIAN_POINT('',(0.,0.));
#1557 = VECTOR('',#1558,1.);
#1558 = DIRECTION('',(1.,0.));
#1559 = ( GEOMETRIC_REPRESENTATION_CONTEXT(2) 
PARAMETRIC_REPRESENTATION_CONTEXT() REPRESENTATION_CONTEXT('2D SPACE',''
  ) );
#1560 = PCURVE('',#1561,#1566);
#1561 = PLANE('',#1562);
#1562 = AXIS2_PLACEMENT_3D('',#1563,#1564,#1565);
#1563 = CARTESIAN_POINT('',(14.,23.,17.5));
#1564 = DIRECTION('',(0.,0.,1.));
#1565 = DIRECTION('',(1.,0.,-0.));
#1566 = DEFINITIONAL_REPRESENTATION('',(#1567),#1571);
#1567 = CIRCLE('',#1568,1.05);
#1568 = AXIS2_PLACEMENT_2D('',#1569,#1570);
#1569 = CARTESIAN_POINT('',(0.,0.));
#1570 = DIRECTION('',(1.,0.));
#1571 = ( GEOMETRIC_REPRESENTATION_CONTEXT(2) 
PARAMETRIC_REPRESENTATION_CONTEXT() REPRESENTATION_CONTEXT('2D SPACE',''
  ) );
#1572 = ORIENTED_EDGE('',*,*,#1523,.T.);
#1573 = ADVANCED_FACE('',(#1574),#1561,.T.);
#1574 = FACE_BOUND('',#1575,.F.);
#1575 = EDGE_LOOP('',(#1576));
#1576 = ORIENTED_EDGE('',*,*,#1546,.F.);
#1577 = MANIFOLD_SOLID_BREP('',#1578);
#1578 = CLOSED_SHELL('',(#1579,#1667,#1702,#1706,#1761));
#1579 = ADVANCED_FACE('',(#1580),#1593,.T.);
#1580 = FACE_BOUND('',#1581,.T.);
#1581 = EDGE_LOOP('',(#1582,#1616,#1639,#1666));
#1582 = ORIENTED_EDGE('',*,*,#1583,.F.);
#1583 = EDGE_CURVE('',#1584,#1584,#1586,.T.);
#1584 = VERTEX_POINT('',#1585);
#1585 = CARTESIAN_POINT('',(-11.5,23.,22.5));
#1586 = SURFACE_CURVE('',#1587,(#1592,#1604),.PCURVE_S1.);
#1587 = CIRCLE('',#1588,2.5);
#1588 = AXIS2_PLACEMENT_3D('',#1589,#1590,#1591);
#1589 = CARTESIAN_POINT('',(-14.,23.,22.5));
#1590 = DIRECTION('',(0.,0.,1.));
#1591 = DIRECTION('',(1.,0.,-0.));
#1592 = PCURVE('',#1593,#1598);
#1593 = CYLINDRICAL_SURFACE('',#1594,2.5);
#1594 = AXIS2_PLACEMENT_3D('',#1595,#1596,#1597);
#1595 = CARTESIAN_POINT('',(-14.,23.,4.5));
#1596 = DIRECTION('',(0.,0.,1.));
#1597 = DIRECTION('',(1.,0.,-0.));
#1598 = DEFINITIONAL_REPRESENTATION('',(#1599),#1603);
#1599 = LINE('',#1600,#1601);
#1600 = CARTESIAN_POINT('',(0.,18.));
#1601 = VECTOR('',#1602,1.);
#1602 = DIRECTION('',(1.,0.));
#1603 = ( GEOMETRIC_REPRESENTATION_CONTEXT(2) 
PARAMETRIC_REPRESENTATION_CONTEXT() REPRESENTATION_CONTEXT('2D SPACE',''
  ) );
#1604 = PCURVE('',#1605,#1610);
#1605 = PLANE('',#1606);
#1606 = AXIS2_PLACEMENT_3D('',#1607,#1608,#1609);
#1607 = CARTESIAN_POINT('',(-14.,23.,22.5));
#1608 = DIRECTION('',(0.,0.,1.));
#1609 = DIRECTION('',(1.,0.,-0.));
#1610 = DEFINITIONAL_REPRESENTATION('',(#1611),#1615);
#1611 = CIRCLE('',#1612,2.5);
#1612 = AXIS2_PLACEMENT_2D('',#1613,#1614);
#1613 = CARTESIAN_POINT('',(0.,0.));
#1614 = DIRECTION('',(1.,0.));
#1615 = ( GEOMETRIC_REPRESENTATION_CONTEXT(2) 
PARAMETRIC_REPRESENTATION_CONTEXT() REPRESENTATION_CONTEXT('2D SPACE',''
  ) );
#1616 = ORIENTED_EDGE('',*,*,#1617,.F.);
#1617 = EDGE_CURVE('',#1618,#1584,#1620,.T.);
#1618 = VERTEX_POINT('',#1619);
#1619 = CARTESIAN_POINT('',(-11.5,23.,4.5));
#1620 = SEAM_CURVE('',#1621,(#1625,#1632),.PCURVE_S1.);
#1621 = LINE('',#1622,#1623);
#1622 = CARTESIAN_POINT('',(-11.5,23.,4.5));
#1623 = VECTOR('',#1624,1.);
#1624 = DIRECTION('',(0.,0.,1.));
#1625 = PCURVE('',#1593,#1626);
#1626 = DEFINITIONAL_REPRESENTATION('',(#1627),#1631);
#1627 = LINE('',#1628,#1629);
#1628 = CARTESIAN_POINT('',(6.28318530718,-0.));
#1629 = VECTOR('',#1630,1.);
#1630 = DIRECTION('',(0.,1.));
#1631 = ( GEOMETRIC_REPRESENTATION_CONTEXT(2) 
PARAMETRIC_REPRESENTATION_CONTEXT() REPRESENTATION_CONTEXT('2D SPACE',''
  ) );
#1632 = PCURVE('',#1593,#1633);
#1633 = DEFINITIONAL_REPRESENTATION('',(#1634),#1638);
#1634 = LINE('',#1635,#1636);
#1635 = CARTESIAN_POINT('',(0.,-0.));
#1636 = VECTOR('',#1637,1.);
#1637 = DIRECTION('',(0.,1.));
#1638 = ( GEOMETRIC_REPRESENTATION_CONTEXT(2) 
PARAMETRIC_REPRESENTATION_CONTEXT() REPRESENTATION_CONTEXT('2D SPACE',''
  ) );
#1639 = ORIENTED_EDGE('',*,*,#1640,.T.);
#1640 = EDGE_CURVE('',#1618,#1618,#1641,.T.);
#1641 = SURFACE_CURVE('',#1642,(#1647,#1654),.PCURVE_S1.);
#1642 = CIRCLE('',#1643,2.5);
#1643 = AXIS2_PLACEMENT_3D('',#1644,#1645,#1646);
#1644 = CARTESIAN_POINT('',(-14.,23.,4.5));
#1645 = DIRECTION('',(0.,0.,1.));
#1646 = DIRECTION('',(1.,0.,-0.));
#1647 = PCURVE('',#1593,#1648);
#1648 = DEFINITIONAL_REPRESENTATION('',(#1649),#1653);
#1649 = LINE('',#1650,#1651);
#1650 = CARTESIAN_POINT('',(0.,0.));
#1651 = VECTOR('',#1652,1.);
#1652 = DIRECTION('',(1.,0.));
#1653 = ( GEOMETRIC_REPRESENTATION_CONTEXT(2) 
PARAMETRIC_REPRESENTATION_CONTEXT() REPRESENTATION_CONTEXT('2D SPACE',''
  ) );
#1654 = PCURVE('',#1655,#1660);
#1655 = PLANE('',#1656);
#1656 = AXIS2_PLACEMENT_3D('',#1657,#1658,#1659);
#1657 = CARTESIAN_POINT('',(-14.,23.,4.5));
#1658 = DIRECTION('',(0.,0.,1.));
#1659 = DIRECTION('',(1.,0.,-0.));
#1660 = DEFINITIONAL_REPRESENTATION('',(#1661),#1665);
#1661 = CIRCLE('',#1662,2.5);
#1662 = AXIS2_PLACEMENT_2D('',#1663,#1664);
#1663 = CARTESIAN_POINT('',(0.,0.));
#1664 = DIRECTION('',(1.,0.));
#1665 = ( GEOMETRIC_REPRESENTATION_CONTEXT(2) 
PARAMETRIC_REPRESENTATION_CONTEXT() REPRESENTATION_CONTEXT('2D SPACE',''
  ) );
#1666 = ORIENTED_EDGE('',*,*,#1617,.T.);
#1667 = ADVANCED_FACE('',(#1668,#1671),#1605,.T.);
#1668 = FACE_BOUND('',#1669,.T.);
#1669 = EDGE_LOOP('',(#1670));
#1670 = ORIENTED_EDGE('',*,*,#1583,.T.);
#1671 = FACE_BOUND('',#1672,.T.);
#1672 = EDGE_LOOP('',(#1673));
#1673 = ORIENTED_EDGE('',*,*,#1674,.F.);
#1674 = EDGE_CURVE('',#1675,#1675,#1677,.T.);
#1675 = VERTEX_POINT('',#1676);
#1676 = CARTESIAN_POINT('',(-12.95,23.,22.5));
#1677 = SURFACE_CURVE('',#1678,(#1683,#1690),.PCURVE_S1.);
#1678 = CIRCLE('',#1679,1.05);
#1679 = AXIS2_PLACEMENT_3D('',#1680,#1681,#1682);
#1680 = CARTESIAN_POINT('',(-14.,23.,22.5));
#1681 = DIRECTION('',(0.,0.,1.));
#1682 = DIRECTION('',(1.,0.,-0.));
#1683 = PCURVE('',#1605,#1684);
#1684 = DEFINITIONAL_REPRESENTATION('',(#1685),#1689);
#1685 = CIRCLE('',#1686,1.05);
#1686 = AXIS2_PLACEMENT_2D('',#1687,#1688);
#1687 = CARTESIAN_POINT('',(0.,0.));
#1688 = DIRECTION('',(1.,0.));
#1689 = ( GEOMETRIC_REPRESENTATION_CONTEXT(2) 
PARAMETRIC_REPRESENTATION_CONTEXT() REPRESENTATION_CONTEXT('2D SPACE',''
  ) );
#1690 = PCURVE('',#1691,#1696);
#1691 = CYLINDRICAL_SURFACE('',#1692,1.05);
#1692 = AXIS2_PLACEMENT_3D('',#1693,#1694,#1695);
#1693 = CARTESIAN_POINT('',(-14.,23.,17.5));
#1694 = DIRECTION('',(0.,0.,1.));
#1695 = DIRECTION('',(1.,0.,-0.));
#1696 = DEFINITIONAL_REPRESENTATION('',(#1697),#1701);
#1697 = LINE('',#1698,#1699);
#1698 = CARTESIAN_POINT('',(0.,5.));
#1699 = VECTOR('',#1700,1.);
#1700 = DIRECTION('',(1.,0.));
#1701 = ( GEOMETRIC_REPRESENTATION_CONTEXT(2) 
PARAMETRIC_REPRESENTATION_CONTEXT() REPRESENTATION_CONTEXT('2D SPACE',''
  ) );
#1702 = ADVANCED_FACE('',(#1703),#1655,.F.);
#1703 = FACE_BOUND('',#1704,.T.);
#1704 = EDGE_LOOP('',(#1705));
#1705 = ORIENTED_EDGE('',*,*,#1640,.F.);
#1706 = ADVANCED_FACE('',(#1707),#1691,.F.);
#1707 = FACE_BOUND('',#1708,.F.);
#1708 = EDGE_LOOP('',(#1709,#1710,#1733,#1760));
#1709 = ORIENTED_EDGE('',*,*,#1674,.F.);
#1710 = ORIENTED_EDGE('',*,*,#1711,.F.);
#1711 = EDGE_CURVE('',#1712,#1675,#1714,.T.);
#1712 = VERTEX_POINT('',#1713);
#1713 = CARTESIAN_POINT('',(-12.95,23.,17.5));
#1714 = SEAM_CURVE('',#1715,(#1719,#1726),.PCURVE_S1.);
#1715 = LINE('',#1716,#1717);
#1716 = CARTESIAN_POINT('',(-12.95,23.,17.5));
#1717 = VECTOR('',#1718,1.);
#1718 = DIRECTION('',(0.,0.,1.));
#1719 = PCURVE('',#1691,#1720);
#1720 = DEFINITIONAL_REPRESENTATION('',(#1721),#1725);
#1721 = LINE('',#1722,#1723);
#1722 = CARTESIAN_POINT('',(6.28318530718,-0.));
#1723 = VECTOR('',#1724,1.);
#1724 = DIRECTION('',(0.,1.));
#1725 = ( GEOMETRIC_REPRESENTATION_CONTEXT(2) 
PARAMETRIC_REPRESENTATION_CONTEXT() REPRESENTATION_CONTEXT('2D SPACE',''
  ) );
#1726 = PCURVE('',#1691,#1727);
#1727 = DEFINITIONAL_REPRESENTATION('',(#1728),#1732);
#1728 = LINE('',#1729,#1730);
#1729 = CARTESIAN_POINT('',(0.,-0.));
#1730 = VECTOR('',#1731,1.);
#1731 = DIRECTION('',(0.,1.));
#1732 = ( GEOMETRIC_REPRESENTATION_CONTEXT(2) 
PARAMETRIC_REPRESENTATION_CONTEXT() REPRESENTATION_CONTEXT('2D SPACE',''
  ) );
#1733 = ORIENTED_EDGE('',*,*,#1734,.T.);
#1734 = EDGE_CURVE('',#1712,#1712,#1735,.T.);
#1735 = SURFACE_CURVE('',#1736,(#1741,#1748),.PCURVE_S1.);
#1736 = CIRCLE('',#1737,1.05);
#1737 = AXIS2_PLACEMENT_3D('',#1738,#1739,#1740);
#1738 = CARTESIAN_POINT('',(-14.,23.,17.5));
#1739 = DIRECTION('',(0.,0.,1.));
#1740 = DIRECTION('',(1.,0.,-0.));
#1741 = PCURVE('',#1691,#1742);
#1742 = DEFINITIONAL_REPRESENTATION('',(#1743),#1747);
#1743 = LINE('',#1744,#1745);
#1744 = CARTESIAN_POINT('',(0.,0.));
#1745 = VECTOR('',#1746,1.);
#1746 = DIRECTION('',(1.,0.));
#1747 = ( GEOMETRIC_REPRESENTATION_CONTEXT(2) 
PARAMETRIC_REPRESENTATION_CONTEXT() REPRESENTATION_CONTEXT('2D SPACE',''
  ) );
#1748 = PCURVE('',#1749,#1754);
#1749 = PLANE('',#1750);
#1750 = AXIS2_PLACEMENT_3D('',#1751,#1752,#1753);
#1751 = CARTESIAN_POINT('',(-14.,23.,17.5));
#1752 = DIRECTION('',(0.,0.,1.));
#1753 = DIRECTION('',(1.,0.,-0.));
#1754 = DEFINITIONAL_REPRESENTATION('',(#1755),#1759);
#1755 = CIRCLE('',#1756,1.05);
#1756 = AXIS2_PLACEMENT_2D('',#1757,#1758);
#1757 = CARTESIAN_POINT('',(0.,0.));
#1758 = DIRECTION('',(1.,0.));
#1759 = ( GEOMETRIC_REPRESENTATION_CONTEXT(2) 
PARAMETRIC_REPRESENTATION_CONTEXT() REPRESENTATION_CONTEXT('2D SPACE',''
  ) );
#1760 = ORIENTED_EDGE('',*,*,#1711,.T.);
#1761 = ADVANCED_FACE('',(#1762),#1749,.T.);
#1762 = FACE_BOUND('',#1763,.F.);
#1763 = EDGE_LOOP('',(#1764));
#1764 = ORIENTED_EDGE('',*,*,#1734,.F.);
#1765 = MANIFOLD_SOLID_BREP('',#1766);
#1766 = CLOSED_SHELL('',(#1767,#1855,#1890,#1894,#1949));
#1767 = ADVANCED_FACE('',(#1768),#1781,.T.);
#1768 = FACE_BOUND('',#1769,.T.);
#1769 = EDGE_LOOP('',(#1770,#1804,#1827,#1854));
#1770 = ORIENTED_EDGE('',*,*,#1771,.F.);
#1771 = EDGE_CURVE('',#1772,#1772,#1774,.T.);
#1772 = VERTEX_POINT('',#1773);
#1773 = CARTESIAN_POINT('',(-11.5,-23.,22.5));
#1774 = SURFACE_CURVE('',#1775,(#1780,#1792),.PCURVE_S1.);
#1775 = CIRCLE('',#1776,2.5);
#1776 = AXIS2_PLACEMENT_3D('',#1777,#1778,#1779);
#1777 = CARTESIAN_POINT('',(-14.,-23.,22.5));
#1778 = DIRECTION('',(0.,0.,1.));
#1779 = DIRECTION('',(1.,0.,-0.));
#1780 = PCURVE('',#1781,#1786);
#1781 = CYLINDRICAL_SURFACE('',#1782,2.5);
#1782 = AXIS2_PLACEMENT_3D('',#1783,#1784,#1785);
#1783 = CARTESIAN_POINT('',(-14.,-23.,4.5));
#1784 = DIRECTION('',(0.,0.,1.));
#1785 = DIRECTION('',(1.,0.,-0.));
#1786 = DEFINITIONAL_REPRESENTATION('',(#1787),#1791);
#1787 = LINE('',#1788,#1789);
#1788 = CARTESIAN_POINT('',(0.,18.));
#1789 = VECTOR('',#1790,1.);
#1790 = DIRECTION('',(1.,0.));
#1791 = ( GEOMETRIC_REPRESENTATION_CONTEXT(2) 
PARAMETRIC_REPRESENTATION_CONTEXT() REPRESENTATION_CONTEXT('2D SPACE',''
  ) );
#1792 = PCURVE('',#1793,#1798);
#1793 = PLANE('',#1794);
#1794 = AXIS2_PLACEMENT_3D('',#1795,#1796,#1797);
#1795 = CARTESIAN_POINT('',(-14.,-23.,22.5));
#1796 = DIRECTION('',(0.,0.,1.));
#1797 = DIRECTION('',(1.,0.,-0.));
#1798 = DEFINITIONAL_REPRESENTATION('',(#1799),#1803);
#1799 = CIRCLE('',#1800,2.5);
#1800 = AXIS2_PLACEMENT_2D('',#1801,#1802);
#1801 = CARTESIAN_POINT('',(0.,0.));
#1802 = DIRECTION('',(1.,0.));
#1803 = ( GEOMETRIC_REPRESENTATION_CONTEXT(2) 
PARAMETRIC_REPRESENTATION_CONTEXT() REPRESENTATION_CONTEXT('2D SPACE',''
  ) );
#1804 = ORIENTED_EDGE('',*,*,#1805,.F.);
#1805 = EDGE_CURVE('',#1806,#1772,#1808,.T.);
#1806 = VERTEX_POINT('',#1807);
#1807 = CARTESIAN_POINT('',(-11.5,-23.,4.5));
#1808 = SEAM_CURVE('',#1809,(#1813,#1820),.PCURVE_S1.);
#1809 = LINE('',#1810,#1811);
#1810 = CARTESIAN_POINT('',(-11.5,-23.,4.5));
#1811 = VECTOR('',#1812,1.);
#1812 = DIRECTION('',(0.,0.,1.));
#1813 = PCURVE('',#1781,#1814);
#1814 = DEFINITIONAL_REPRESENTATION('',(#1815),#1819);
#1815 = LINE('',#1816,#1817);
#1816 = CARTESIAN_POINT('',(6.28318530718,-0.));
#1817 = VECTOR('',#1818,1.);
#1818 = DIRECTION('',(0.,1.));
#1819 = ( GEOMETRIC_REPRESENTATION_CONTEXT(2) 
PARAMETRIC_REPRESENTATION_CONTEXT() REPRESENTATION_CONTEXT('2D SPACE',''
  ) );
#1820 = PCURVE('',#1781,#1821);
#1821 = DEFINITIONAL_REPRESENTATION('',(#1822),#1826);
#1822 = LINE('',#1823,#1824);
#1823 = CARTESIAN_POINT('',(0.,-0.));
#1824 = VECTOR('',#1825,1.);
#1825 = DIRECTION('',(0.,1.));
#1826 = ( GEOMETRIC_REPRESENTATION_CONTEXT(2) 
PARAMETRIC_REPRESENTATION_CONTEXT() REPRESENTATION_CONTEXT('2D SPACE',''
  ) );
#1827 = ORIENTED_EDGE('',*,*,#1828,.T.);
#1828 = EDGE_CURVE('',#1806,#1806,#1829,.T.);
#1829 = SURFACE_CURVE('',#1830,(#1835,#1842),.PCURVE_S1.);
#1830 = CIRCLE('',#1831,2.5);
#1831 = AXIS2_PLACEMENT_3D('',#1832,#1833,#1834);
#1832 = CARTESIAN_POINT('',(-14.,-23.,4.5));
#1833 = DIRECTION('',(0.,0.,1.));
#1834 = DIRECTION('',(1.,0.,-0.));
#1835 = PCURVE('',#1781,#1836);
#1836 = DEFINITIONAL_REPRESENTATION('',(#1837),#1841);
#1837 = LINE('',#1838,#1839);
#1838 = CARTESIAN_POINT('',(0.,0.));
#1839 = VECTOR('',#1840,1.);
#1840 = DIRECTION('',(1.,0.));
#1841 = ( GEOMETRIC_REPRESENTATION_CONTEXT(2) 
PARAMETRIC_REPRESENTATION_CONTEXT() REPRESENTATION_CONTEXT('2D SPACE',''
  ) );
#1842 = PCURVE('',#1843,#1848);
#1843 = PLANE('',#1844);
#1844 = AXIS2_PLACEMENT_3D('',#1845,#1846,#1847);
#1845 = CARTESIAN_POINT('',(-14.,-23.,4.5));
#1846 = DIRECTION('',(0.,0.,1.));
#1847 = DIRECTION('',(1.,0.,-0.));
#1848 = DEFINITIONAL_REPRESENTATION('',(#1849),#1853);
#1849 = CIRCLE('',#1850,2.5);
#1850 = AXIS2_PLACEMENT_2D('',#1851,#1852);
#1851 = CARTESIAN_POINT('',(0.,0.));
#1852 = DIRECTION('',(1.,0.));
#1853 = ( GEOMETRIC_REPRESENTATION_CONTEXT(2) 
PARAMETRIC_REPRESENTATION_CONTEXT() REPRESENTATION_CONTEXT('2D SPACE',''
  ) );
#1854 = ORIENTED_EDGE('',*,*,#1805,.T.);
#1855 = ADVANCED_FACE('',(#1856,#1859),#1793,.T.);
#1856 = FACE_BOUND('',#1857,.T.);
#1857 = EDGE_LOOP('',(#1858));
#1858 = ORIENTED_EDGE('',*,*,#1771,.T.);
#1859 = FACE_BOUND('',#1860,.T.);
#1860 = EDGE_LOOP('',(#1861));
#1861 = ORIENTED_EDGE('',*,*,#1862,.F.);
#1862 = EDGE_CURVE('',#1863,#1863,#1865,.T.);
#1863 = VERTEX_POINT('',#1864);
#1864 = CARTESIAN_POINT('',(-12.95,-23.,22.5));
#1865 = SURFACE_CURVE('',#1866,(#1871,#1878),.PCURVE_S1.);
#1866 = CIRCLE('',#1867,1.05);
#1867 = AXIS2_PLACEMENT_3D('',#1868,#1869,#1870);
#1868 = CARTESIAN_POINT('',(-14.,-23.,22.5));
#1869 = DIRECTION('',(0.,0.,1.));
#1870 = DIRECTION('',(1.,0.,-0.));
#1871 = PCURVE('',#1793,#1872);
#1872 = DEFINITIONAL_REPRESENTATION('',(#1873),#1877);
#1873 = CIRCLE('',#1874,1.05);
#1874 = AXIS2_PLACEMENT_2D('',#1875,#1876);
#1875 = CARTESIAN_POINT('',(0.,0.));
#1876 = DIRECTION('',(1.,0.));
#1877 = ( GEOMETRIC_REPRESENTATION_CONTEXT(2) 
PARAMETRIC_REPRESENTATION_CONTEXT() REPRESENTATION_CONTEXT('2D SPACE',''
  ) );
#1878 = PCURVE('',#1879,#1884);
#1879 = CYLINDRICAL_SURFACE('',#1880,1.05);
#1880 = AXIS2_PLACEMENT_3D('',#1881,#1882,#1883);
#1881 = CARTESIAN_POINT('',(-14.,-23.,17.5));
#1882 = DIRECTION('',(0.,0.,1.));
#1883 = DIRECTION('',(1.,0.,-0.));
#1884 = DEFINITIONAL_REPRESENTATION('',(#1885),#1889);
#1885 = LINE('',#1886,#1887);
#1886 = CARTESIAN_POINT('',(0.,5.));
#1887 = VECTOR('',#1888,1.);
#1888 = DIRECTION('',(1.,0.));
#1889 = ( GEOMETRIC_REPRESENTATION_CONTEXT(2) 
PARAMETRIC_REPRESENTATION_CONTEXT() REPRESENTATION_CONTEXT('2D SPACE',''
  ) );
#1890 = ADVANCED_FACE('',(#1891),#1843,.F.);
#1891 = FACE_BOUND('',#1892,.T.);
#1892 = EDGE_LOOP('',(#1893));
#1893 = ORIENTED_EDGE('',*,*,#1828,.F.);
#1894 = ADVANCED_FACE('',(#1895),#1879,.F.);
#1895 = FACE_BOUND('',#1896,.F.);
#1896 = EDGE_LOOP('',(#1897,#1898,#1921,#1948));
#1897 = ORIENTED_EDGE('',*,*,#1862,.F.);
#1898 = ORIENTED_EDGE('',*,*,#1899,.F.);
#1899 = EDGE_CURVE('',#1900,#1863,#1902,.T.);
#1900 = VERTEX_POINT('',#1901);
#1901 = CARTESIAN_POINT('',(-12.95,-23.,17.5));
#1902 = SEAM_CURVE('',#1903,(#1907,#1914),.PCURVE_S1.);
#1903 = LINE('',#1904,#1905);
#1904 = CARTESIAN_POINT('',(-12.95,-23.,17.5));
#1905 = VECTOR('',#1906,1.);
#1906 = DIRECTION('',(0.,0.,1.));
#1907 = PCURVE('',#1879,#1908);
#1908 = DEFINITIONAL_REPRESENTATION('',(#1909),#1913);
#1909 = LINE('',#1910,#1911);
#1910 = CARTESIAN_POINT('',(6.28318530718,-0.));
#1911 = VECTOR('',#1912,1.);
#1912 = DIRECTION('',(0.,1.));
#1913 = ( GEOMETRIC_REPRESENTATION_CONTEXT(2) 
PARAMETRIC_REPRESENTATION_CONTEXT() REPRESENTATION_CONTEXT('2D SPACE',''
  ) );
#1914 = PCURVE('',#1879,#1915);
#1915 = DEFINITIONAL_REPRESENTATION('',(#1916),#1920);
#1916 = LINE('',#1917,#1918);
#1917 = CARTESIAN_POINT('',(0.,-0.));
#1918 = VECTOR('',#1919,1.);
#1919 = DIRECTION('',(0.,1.));
#1920 = ( GEOMETRIC_REPRESENTATION_CONTEXT(2) 
PARAMETRIC_REPRESENTATION_CONTEXT() REPRESENTATION_CONTEXT('2D SPACE',''
  ) );
#1921 = ORIENTED_EDGE('',*,*,#1922,.T.);
#1922 = EDGE_CURVE('',#1900,#1900,#1923,.T.);
#1923 = SURFACE_CURVE('',#1924,(#1929,#1936),.PCURVE_S1.);
#1924 = CIRCLE('',#1925,1.05);
#1925 = AXIS2_PLACEMENT_3D('',#1926,#1927,#1928);
#1926 = CARTESIAN_POINT('',(-14.,-23.,17.5));
#1927 = DIRECTION('',(0.,0.,1.));
#1928 = DIRECTION('',(1.,0.,-0.));
#1929 = PCURVE('',#1879,#1930);
#1930 = DEFINITIONAL_REPRESENTATION('',(#1931),#1935);
#1931 = LINE('',#1932,#1933);
#1932 = CARTESIAN_POINT('',(0.,0.));
#1933 = VECTOR('',#1934,1.);
#1934 = DIRECTION('',(1.,0.));
#1935 = ( GEOMETRIC_REPRESENTATION_CONTEXT(2) 
PARAMETRIC_REPRESENTATION_CONTEXT() REPRESENTATION_CONTEXT('2D SPACE',''
  ) );
#1936 = PCURVE('',#1937,#1942);
#1937 = PLANE('',#1938);
#1938 = AXIS2_PLACEMENT_3D('',#1939,#1940,#1941);
#1939 = CARTESIAN_POINT('',(-14.,-23.,17.5));
#1940 = DIRECTION('',(0.,0.,1.));
#1941 = DIRECTION('',(1.,0.,-0.));
#1942 = DEFINITIONAL_REPRESENTATION('',(#1943),#1947);
#1943 = CIRCLE('',#1944,1.05);
#1944 = AXIS2_PLACEMENT_2D('',#1945,#1946);
#1945 = CARTESIAN_POINT('',(0.,0.));
#1946 = DIRECTION('',(1.,0.));
#1947 = ( GEOMETRIC_REPRESENTATION_CONTEXT(2) 
PARAMETRIC_REPRESENTATION_CONTEXT() REPRESENTATION_CONTEXT('2D SPACE',''
  ) );
#1948 = ORIENTED_EDGE('',*,*,#1899,.T.);
#1949 = ADVANCED_FACE('',(#1950),#1937,.T.);
#1950 = FACE_BOUND('',#1951,.F.);
#1951 = EDGE_LOOP('',(#1952));
#1952 = ORIENTED_EDGE('',*,*,#1922,.F.);
#1953 = BREP_WITH_VOIDS('',#1954,(#7598,#7731,#7925));
#1954 = CLOSED_SHELL('',(#1955,#2073,#2150,#2199,#2249,#4009,#4016,#4020
    ,#4462,#4492,#4568,#4617,#4666,#4693,#4769,#4818,#4867,#4894,#4970,
    #5019,#5068,#5095,#5606,#5682,#5731,#5780,#5807,#5883,#5932,#5981,
    #6008,#6084,#6133,#6182,#6209,#6285,#6334,#6383,#6410,#6486,#6535,
    #6584,#6611,#6687,#6736,#6785,#6812,#6888,#6937,#6986,#7013,#7089,
    #7138,#7187,#7214,#7288,#7335,#7340,#7365,#7370,#7395,#7422,#7427,
    #7434,#7441,#7448,#7453,#7479,#7485,#7532,#7537,#7542,#7549,#7556,
    #7563,#7570,#7577,#7584,#7591));
#1955 = ADVANCED_FACE('',(#1956),#1970,.F.);
#1956 = FACE_BOUND('',#1957,.F.);
#1957 = EDGE_LOOP('',(#1958,#1993,#2019,#2047));
#1958 = ORIENTED_EDGE('',*,*,#1959,.F.);
#1959 = EDGE_CURVE('',#1960,#1962,#1964,.T.);
#1960 = VERTEX_POINT('',#1961);
#1961 = CARTESIAN_POINT('',(16.524538476467,-3.992446385335,8.5));
#1962 = VERTEX_POINT('',#1963);
#1963 = CARTESIAN_POINT('',(17.276348324324,-3.926671546521,8.5));
#1964 = SURFACE_CURVE('',#1965,(#1969,#1981),.PCURVE_S1.);
#1965 = LINE('',#1966,#1967);
#1966 = CARTESIAN_POINT('',(13.291569531957,-4.275294517511,8.5));
#1967 = VECTOR('',#1968,1.);
#1968 = DIRECTION('',(0.996194698092,8.715574274766E-02,0.));
#1969 = PCURVE('',#1970,#1975);
#1970 = PLANE('',#1971);
#1971 = AXIS2_PLACEMENT_3D('',#1972,#1973,#1974);
#1972 = CARTESIAN_POINT('',(13.291569531957,-4.275294517511,8.5));
#1973 = DIRECTION('',(-8.715574274766E-02,0.996194698092,0.));
#1974 = DIRECTION('',(0.,0.,1.));
#1975 = DEFINITIONAL_REPRESENTATION('',(#1976),#1980);
#1976 = LINE('',#1977,#1978);
#1977 = CARTESIAN_POINT('',(0.,0.));
#1978 = VECTOR('',#1979,1.);
#1979 = DIRECTION('',(0.,1.));
#1980 = ( GEOMETRIC_REPRESENTATION_CONTEXT(2) 
PARAMETRIC_REPRESENTATION_CONTEXT() REPRESENTATION_CONTEXT('2D SPACE',''
  ) );
#1981 = PCURVE('',#1982,#1987);
#1982 = PLANE('',#1983);
#1983 = AXIS2_PLACEMENT_3D('',#1984,#1985,#1986);
#1984 = CARTESIAN_POINT('',(13.291569531957,-4.275294517511,8.5));
#1985 = DIRECTION('',(0.,0.,1.));
#1986 = DIRECTION('',(0.996194698092,8.715574274766E-02,0.));
#1987 = DEFINITIONAL_REPRESENTATION('',(#1988),#1992);
#1988 = LINE('',#1989,#1990);
#1989 = CARTESIAN_POINT('',(0.,0.));
#1990 = VECTOR('',#1991,1.);
#1991 = DIRECTION('',(1.,0.));
#1992 = ( GEOMETRIC_REPRESENTATION_CONTEXT(2) 
PARAMETRIC_REPRESENTATION_CONTEXT() REPRESENTATION_CONTEXT('2D SPACE',''
  ) );
#1993 = ORIENTED_EDGE('',*,*,#1994,.T.);
#1994 = EDGE_CURVE('',#1960,#1995,#1997,.T.);
#1995 = VERTEX_POINT('',#1996);
#1996 = CARTESIAN_POINT('',(16.524538476467,-3.992446385335,26.5));
#1997 = SURFACE_CURVE('',#1998,(#2002,#2008),.PCURVE_S1.);
#1998 = LINE('',#1999,#2000);
#1999 = CARTESIAN_POINT('',(16.524538476467,-3.992446385335,2.5));
#2000 = VECTOR('',#2001,1.);
#2001 = DIRECTION('',(0.,0.,1.));
#2002 = PCURVE('',#1970,#2003);
#2003 = DEFINITIONAL_REPRESENTATION('',(#2004),#2007);
#2004 = B_SPLINE_CURVE_WITH_KNOTS('',1,(#2005,#2006),.UNSPECIFIED.,.F.,
  .F.,(2,2),(4.2,25.8),.PIECEWISE_BEZIER_KNOTS.);
#2005 = CARTESIAN_POINT('',(-1.8,3.24531836066));
#2006 = CARTESIAN_POINT('',(19.8,3.24531836066));
#2007 = ( GEOMETRIC_REPRESENTATION_CONTEXT(2) 
PARAMETRIC_REPRESENTATION_CONTEXT() REPRESENTATION_CONTEXT('2D SPACE',''
  ) );
#2008 = PCURVE('',#2009,#2014);
#2009 = CYLINDRICAL_SURFACE('',#2010,17.);
#2010 = AXIS2_PLACEMENT_3D('',#2011,#2012,#2013);
#2011 = CARTESIAN_POINT('',(0.,0.,2.5));
#2012 = DIRECTION('',(0.,0.,1.));
#2013 = DIRECTION('',(1.,0.,-0.));
#2014 = DEFINITIONAL_REPRESENTATION('',(#2015),#2018);
#2015 = B_SPLINE_CURVE_WITH_KNOTS('',1,(#2016,#2017),.UNSPECIFIED.,.F.,
  .F.,(2,2),(4.2,25.8),.PIECEWISE_BEZIER_KNOTS.);
#2016 = CARTESIAN_POINT('',(6.046121276675,4.2));
#2017 = CARTESIAN_POINT('',(6.046121276675,25.8));
#2018 = ( GEOMETRIC_REPRESENTATION_CONTEXT(2) 
PARAMETRIC_REPRESENTATION_CONTEXT() REPRESENTATION_CONTEXT('2D SPACE',''
  ) );
#2019 = ORIENTED_EDGE('',*,*,#2020,.T.);
#2020 = EDGE_CURVE('',#1995,#2021,#2023,.T.);
#2021 = VERTEX_POINT('',#2022);
#2022 = CARTESIAN_POINT('',(17.276348324324,-3.926671546521,26.5));
#2023 = SURFACE_CURVE('',#2024,(#2028,#2035),.PCURVE_S1.);
#2024 = LINE('',#2025,#2026);
#2025 = CARTESIAN_POINT('',(13.291569531957,-4.275294517511,26.5));
#2026 = VECTOR('',#2027,1.);
#2027 = DIRECTION('',(0.996194698092,8.715574274766E-02,0.));
#2028 = PCURVE('',#1970,#2029);
#2029 = DEFINITIONAL_REPRESENTATION('',(#2030),#2034);
#2030 = LINE('',#2031,#2032);
#2031 = CARTESIAN_POINT('',(18.,0.));
#2032 = VECTOR('',#2033,1.);
#2033 = DIRECTION('',(0.,1.));
#2034 = ( GEOMETRIC_REPRESENTATION_CONTEXT(2) 
PARAMETRIC_REPRESENTATION_CONTEXT() REPRESENTATION_CONTEXT('2D SPACE',''
  ) );
#2035 = PCURVE('',#2036,#2041);
#2036 = PLANE('',#2037);
#2037 = AXIS2_PLACEMENT_3D('',#2038,#2039,#2040);
#2038 = CARTESIAN_POINT('',(13.291569531957,-4.275294517511,26.5));
#2039 = DIRECTION('',(0.,0.,1.));
#2040 = DIRECTION('',(0.996194698092,8.715574274766E-02,0.));
#2041 = DEFINITIONAL_REPRESENTATION('',(#2042),#2046);
#2042 = LINE('',#2043,#2044);
#2043 = CARTESIAN_POINT('',(0.,0.));
#2044 = VECTOR('',#2045,1.);
#2045 = DIRECTION('',(1.,0.));
#2046 = ( GEOMETRIC_REPRESENTATION_CONTEXT(2) 
PARAMETRIC_REPRESENTATION_CONTEXT() REPRESENTATION_CONTEXT('2D SPACE',''
  ) );
#2047 = ORIENTED_EDGE('',*,*,#2048,.F.);
#2048 = EDGE_CURVE('',#1962,#2021,#2049,.T.);
#2049 = SURFACE_CURVE('',#2050,(#2054,#2061),.PCURVE_S1.);
#2050 = LINE('',#2051,#2052);
#2051 = CARTESIAN_POINT('',(17.276348324324,-3.926671546521,8.5));
#2052 = VECTOR('',#2053,1.);
#2053 = DIRECTION('',(0.,0.,1.));
#2054 = PCURVE('',#1970,#2055);
#2055 = DEFINITIONAL_REPRESENTATION('',(#2056),#2060);
#2056 = LINE('',#2057,#2058);
#2057 = CARTESIAN_POINT('',(0.,4.));
#2058 = VECTOR('',#2059,1.);
#2059 = DIRECTION('',(1.,0.));
#2060 = ( GEOMETRIC_REPRESENTATION_CONTEXT(2) 
PARAMETRIC_REPRESENTATION_CONTEXT() REPRESENTATION_CONTEXT('2D SPACE',''
  ) );
#2061 = PCURVE('',#2062,#2067);
#2062 = PLANE('',#2063);
#2063 = AXIS2_PLACEMENT_3D('',#2064,#2065,#2066);
#2064 = CARTESIAN_POINT('',(17.276348324324,-3.926671546521,8.5));
#2065 = DIRECTION('',(0.996194698092,8.715574274766E-02,0.));
#2066 = DIRECTION('',(0.,0.,1.));
#2067 = DEFINITIONAL_REPRESENTATION('',(#2068),#2072);
#2068 = LINE('',#2069,#2070);
#2069 = CARTESIAN_POINT('',(0.,0.));
#2070 = VECTOR('',#2071,1.);
#2071 = DIRECTION('',(1.,0.));
#2072 = ( GEOMETRIC_REPRESENTATION_CONTEXT(2) 
PARAMETRIC_REPRESENTATION_CONTEXT() REPRESENTATION_CONTEXT('2D SPACE',''
  ) );
#2073 = ADVANCED_FACE('',(#2074),#1982,.F.);
#2074 = FACE_BOUND('',#2075,.F.);
#2075 = EDGE_LOOP('',(#2076,#2106,#2128,#2129));
#2076 = ORIENTED_EDGE('',*,*,#2077,.F.);
#2077 = EDGE_CURVE('',#2078,#2080,#2082,.T.);
#2078 = VERTEX_POINT('',#2079);
#2079 = CARTESIAN_POINT('',(16.738568820396,-2.969901319048,8.5));
#2080 = VERTEX_POINT('',#2081);
#2081 = CARTESIAN_POINT('',(17.189192581576,-2.930476848429,8.5));
#2082 = SURFACE_CURVE('',#2083,(#2087,#2094),.PCURVE_S1.);
#2083 = LINE('',#2084,#2085);
#2084 = CARTESIAN_POINT('',(13.204413789209,-3.279099819419,8.5));
#2085 = VECTOR('',#2086,1.);
#2086 = DIRECTION('',(0.996194698092,8.715574274766E-02,0.));
#2087 = PCURVE('',#1982,#2088);
#2088 = DEFINITIONAL_REPRESENTATION('',(#2089),#2093);
#2089 = LINE('',#2090,#2091);
#2090 = CARTESIAN_POINT('',(0.,1.));
#2091 = VECTOR('',#2092,1.);
#2092 = DIRECTION('',(1.,0.));
#2093 = ( GEOMETRIC_REPRESENTATION_CONTEXT(2) 
PARAMETRIC_REPRESENTATION_CONTEXT() REPRESENTATION_CONTEXT('2D SPACE',''
  ) );
#2094 = PCURVE('',#2095,#2100);
#2095 = PLANE('',#2096);
#2096 = AXIS2_PLACEMENT_3D('',#2097,#2098,#2099);
#2097 = CARTESIAN_POINT('',(13.204413789209,-3.279099819419,8.5));
#2098 = DIRECTION('',(-8.715574274766E-02,0.996194698092,0.));
#2099 = DIRECTION('',(0.,0.,1.));
#2100 = DEFINITIONAL_REPRESENTATION('',(#2101),#2105);
#2101 = LINE('',#2102,#2103);
#2102 = CARTESIAN_POINT('',(0.,0.));
#2103 = VECTOR('',#2104,1.);
#2104 = DIRECTION('',(0.,1.));
#2105 = ( GEOMETRIC_REPRESENTATION_CONTEXT(2) 
PARAMETRIC_REPRESENTATION_CONTEXT() REPRESENTATION_CONTEXT('2D SPACE',''
  ) );
#2106 = ORIENTED_EDGE('',*,*,#2107,.F.);
#2107 = EDGE_CURVE('',#1960,#2078,#2108,.T.);
#2108 = SURFACE_CURVE('',#2109,(#2114,#2121),.PCURVE_S1.);
#2109 = CIRCLE('',#2110,17.);
#2110 = AXIS2_PLACEMENT_3D('',#2111,#2112,#2113);
#2111 = CARTESIAN_POINT('',(0.,0.,8.5));
#2112 = DIRECTION('',(0.,0.,1.));
#2113 = DIRECTION('',(1.,0.,-0.));
#2114 = PCURVE('',#1982,#2115);
#2115 = DEFINITIONAL_REPRESENTATION('',(#2116),#2120);
#2116 = CIRCLE('',#2117,17.);
#2117 = AXIS2_PLACEMENT_2D('',#2118,#2119);
#2118 = CARTESIAN_POINT('',(-12.86837462791,5.417462345965));
#2119 = DIRECTION('',(0.996194698092,-8.715574274766E-02));
#2120 = ( GEOMETRIC_REPRESENTATION_CONTEXT(2) 
PARAMETRIC_REPRESENTATION_CONTEXT() REPRESENTATION_CONTEXT('2D SPACE',''
  ) );
#2121 = PCURVE('',#2009,#2122);
#2122 = DEFINITIONAL_REPRESENTATION('',(#2123),#2127);
#2123 = LINE('',#2124,#2125);
#2124 = CARTESIAN_POINT('',(0.,6.));
#2125 = VECTOR('',#2126,1.);
#2126 = DIRECTION('',(1.,0.));
#2127 = ( GEOMETRIC_REPRESENTATION_CONTEXT(2) 
PARAMETRIC_REPRESENTATION_CONTEXT() REPRESENTATION_CONTEXT('2D SPACE',''
  ) );
#2128 = ORIENTED_EDGE('',*,*,#1959,.T.);
#2129 = ORIENTED_EDGE('',*,*,#2130,.T.);
#2130 = EDGE_CURVE('',#1962,#2080,#2131,.T.);
#2131 = SURFACE_CURVE('',#2132,(#2136,#2143),.PCURVE_S1.);
#2132 = LINE('',#2133,#2134);
#2133 = CARTESIAN_POINT('',(17.276348324324,-3.926671546521,8.5));
#2134 = VECTOR('',#2135,1.);
#2135 = DIRECTION('',(-8.715574274766E-02,0.996194698092,0.));
#2136 = PCURVE('',#1982,#2137);
#2137 = DEFINITIONAL_REPRESENTATION('',(#2138),#2142);
#2138 = LINE('',#2139,#2140);
#2139 = CARTESIAN_POINT('',(4.,0.));
#2140 = VECTOR('',#2141,1.);
#2141 = DIRECTION('',(0.,1.));
#2142 = ( GEOMETRIC_REPRESENTATION_CONTEXT(2) 
PARAMETRIC_REPRESENTATION_CONTEXT() REPRESENTATION_CONTEXT('2D SPACE',''
  ) );
#2143 = PCURVE('',#2062,#2144);
#2144 = DEFINITIONAL_REPRESENTATION('',(#2145),#2149);
#2145 = LINE('',#2146,#2147);
#2146 = CARTESIAN_POINT('',(0.,0.));
#2147 = VECTOR('',#2148,1.);
#2148 = DIRECTION('',(0.,-1.));
#2149 = ( GEOMETRIC_REPRESENTATION_CONTEXT(2) 
PARAMETRIC_REPRESENTATION_CONTEXT() REPRESENTATION_CONTEXT('2D SPACE',''
  ) );
#2150 = ADVANCED_FACE('',(#2151),#2062,.T.);
#2151 = FACE_BOUND('',#2152,.T.);
#2152 = EDGE_LOOP('',(#2153,#2154,#2155,#2178));
#2153 = ORIENTED_EDGE('',*,*,#2048,.F.);
#2154 = ORIENTED_EDGE('',*,*,#2130,.T.);
#2155 = ORIENTED_EDGE('',*,*,#2156,.T.);
#2156 = EDGE_CURVE('',#2080,#2157,#2159,.T.);
#2157 = VERTEX_POINT('',#2158);
#2158 = CARTESIAN_POINT('',(17.189192581576,-2.930476848429,26.5));
#2159 = SURFACE_CURVE('',#2160,(#2164,#2171),.PCURVE_S1.);
#2160 = LINE('',#2161,#2162);
#2161 = CARTESIAN_POINT('',(17.189192581576,-2.930476848429,8.5));
#2162 = VECTOR('',#2163,1.);
#2163 = DIRECTION('',(0.,0.,1.));
#2164 = PCURVE('',#2062,#2165);
#2165 = DEFINITIONAL_REPRESENTATION('',(#2166),#2170);
#2166 = LINE('',#2167,#2168);
#2167 = CARTESIAN_POINT('',(0.,-1.));
#2168 = VECTOR('',#2169,1.);
#2169 = DIRECTION('',(1.,0.));
#2170 = ( GEOMETRIC_REPRESENTATION_CONTEXT(2) 
PARAMETRIC_REPRESENTATION_CONTEXT() REPRESENTATION_CONTEXT('2D SPACE',''
  ) );
#2171 = PCURVE('',#2095,#2172);
#2172 = DEFINITIONAL_REPRESENTATION('',(#2173),#2177);
#2173 = LINE('',#2174,#2175);
#2174 = CARTESIAN_POINT('',(0.,4.));
#2175 = VECTOR('',#2176,1.);
#2176 = DIRECTION('',(1.,0.));
#2177 = ( GEOMETRIC_REPRESENTATION_CONTEXT(2) 
PARAMETRIC_REPRESENTATION_CONTEXT() REPRESENTATION_CONTEXT('2D SPACE',''
  ) );
#2178 = ORIENTED_EDGE('',*,*,#2179,.F.);
#2179 = EDGE_CURVE('',#2021,#2157,#2180,.T.);
#2180 = SURFACE_CURVE('',#2181,(#2185,#2192),.PCURVE_S1.);
#2181 = LINE('',#2182,#2183);
#2182 = CARTESIAN_POINT('',(17.276348324324,-3.926671546521,26.5));
#2183 = VECTOR('',#2184,1.);
#2184 = DIRECTION('',(-8.715574274766E-02,0.996194698092,0.));
#2185 = PCURVE('',#2062,#2186);
#2186 = DEFINITIONAL_REPRESENTATION('',(#2187),#2191);
#2187 = LINE('',#2188,#2189);
#2188 = CARTESIAN_POINT('',(18.,0.));
#2189 = VECTOR('',#2190,1.);
#2190 = DIRECTION('',(0.,-1.));
#2191 = ( GEOMETRIC_REPRESENTATION_CONTEXT(2) 
PARAMETRIC_REPRESENTATION_CONTEXT() REPRESENTATION_CONTEXT('2D SPACE',''
  ) );
#2192 = PCURVE('',#2036,#2193);
#2193 = DEFINITIONAL_REPRESENTATION('',(#2194),#2198);
#2194 = LINE('',#2195,#2196);
#2195 = CARTESIAN_POINT('',(4.,0.));
#2196 = VECTOR('',#2197,1.);
#2197 = DIRECTION('',(0.,1.));
#2198 = ( GEOMETRIC_REPRESENTATION_CONTEXT(2) 
PARAMETRIC_REPRESENTATION_CONTEXT() REPRESENTATION_CONTEXT('2D SPACE',''
  ) );
#2199 = ADVANCED_FACE('',(#2200),#2036,.T.);
#2200 = FACE_BOUND('',#2201,.T.);
#2201 = EDGE_LOOP('',(#2202,#2225,#2247,#2248));
#2202 = ORIENTED_EDGE('',*,*,#2203,.F.);
#2203 = EDGE_CURVE('',#2204,#2157,#2206,.T.);
#2204 = VERTEX_POINT('',#2205);
#2205 = CARTESIAN_POINT('',(16.738568820396,-2.969901319048,26.5));
#2206 = SURFACE_CURVE('',#2207,(#2211,#2218),.PCURVE_S1.);
#2207 = LINE('',#2208,#2209);
#2208 = CARTESIAN_POINT('',(13.204413789209,-3.279099819419,26.5));
#2209 = VECTOR('',#2210,1.);
#2210 = DIRECTION('',(0.996194698092,8.715574274766E-02,0.));
#2211 = PCURVE('',#2036,#2212);
#2212 = DEFINITIONAL_REPRESENTATION('',(#2213),#2217);
#2213 = LINE('',#2214,#2215);
#2214 = CARTESIAN_POINT('',(0.,1.));
#2215 = VECTOR('',#2216,1.);
#2216 = DIRECTION('',(1.,0.));
#2217 = ( GEOMETRIC_REPRESENTATION_CONTEXT(2) 
PARAMETRIC_REPRESENTATION_CONTEXT() REPRESENTATION_CONTEXT('2D SPACE',''
  ) );
#2218 = PCURVE('',#2095,#2219);
#2219 = DEFINITIONAL_REPRESENTATION('',(#2220),#2224);
#2220 = LINE('',#2221,#2222);
#2221 = CARTESIAN_POINT('',(18.,0.));
#2222 = VECTOR('',#2223,1.);
#2223 = DIRECTION('',(0.,1.));
#2224 = ( GEOMETRIC_REPRESENTATION_CONTEXT(2) 
PARAMETRIC_REPRESENTATION_CONTEXT() REPRESENTATION_CONTEXT('2D SPACE',''
  ) );
#2225 = ORIENTED_EDGE('',*,*,#2226,.F.);
#2226 = EDGE_CURVE('',#1995,#2204,#2227,.T.);
#2227 = SURFACE_CURVE('',#2228,(#2233,#2240),.PCURVE_S1.);
#2228 = CIRCLE('',#2229,17.);
#2229 = AXIS2_PLACEMENT_3D('',#2230,#2231,#2232);
#2230 = CARTESIAN_POINT('',(0.,0.,26.5));
#2231 = DIRECTION('',(0.,0.,1.));
#2232 = DIRECTION('',(1.,0.,-0.));
#2233 = PCURVE('',#2036,#2234);
#2234 = DEFINITIONAL_REPRESENTATION('',(#2235),#2239);
#2235 = CIRCLE('',#2236,17.);
#2236 = AXIS2_PLACEMENT_2D('',#2237,#2238);
#2237 = CARTESIAN_POINT('',(-12.86837462791,5.417462345965));
#2238 = DIRECTION('',(0.996194698092,-8.715574274766E-02));
#2239 = ( GEOMETRIC_REPRESENTATION_CONTEXT(2) 
PARAMETRIC_REPRESENTATION_CONTEXT() REPRESENTATION_CONTEXT('2D SPACE',''
  ) );
#2240 = PCURVE('',#2009,#2241);
#2241 = DEFINITIONAL_REPRESENTATION('',(#2242),#2246);
#2242 = LINE('',#2243,#2244);
#2243 = CARTESIAN_POINT('',(0.,24.));
#2244 = VECTOR('',#2245,1.);
#2245 = DIRECTION('',(1.,0.));
#2246 = ( GEOMETRIC_REPRESENTATION_CONTEXT(2) 
PARAMETRIC_REPRESENTATION_CONTEXT() REPRESENTATION_CONTEXT('2D SPACE',''
  ) );
#2247 = ORIENTED_EDGE('',*,*,#2020,.T.);
#2248 = ORIENTED_EDGE('',*,*,#2179,.T.);
#2249 = ADVANCED_FACE('',(#2250,#2543,#2655,#2767,#2879,#3089,#3201,
    #3313,#3425,#3537,#3649,#3761,#3873,#3985),#2009,.T.);
#2250 = FACE_BOUND('',#2251,.T.);
#2251 = EDGE_LOOP('',(#2252,#2277,#2374,#2397,#2424,#2425,#2515,#2516));
#2252 = ORIENTED_EDGE('',*,*,#2253,.F.);
#2253 = EDGE_CURVE('',#2254,#2256,#2258,.T.);
#2254 = VERTEX_POINT('',#2255);
#2255 = CARTESIAN_POINT('',(17.,7.599352953504E-14,19.75));
#2256 = VERTEX_POINT('',#2257);
#2257 = CARTESIAN_POINT('',(17.,-4.163799117101E-15,30.5));
#2258 = SEAM_CURVE('',#2259,(#2263,#2270),.PCURVE_S1.);
#2259 = LINE('',#2260,#2261);
#2260 = CARTESIAN_POINT('',(17.,-4.163799117101E-15,2.5));
#2261 = VECTOR('',#2262,1.);
#2262 = DIRECTION('',(0.,0.,1.));
#2263 = PCURVE('',#2009,#2264);
#2264 = DEFINITIONAL_REPRESENTATION('',(#2265),#2269);
#2265 = LINE('',#2266,#2267);
#2266 = CARTESIAN_POINT('',(0.,-0.));
#2267 = VECTOR('',#2268,1.);
#2268 = DIRECTION('',(0.,1.));
#2269 = ( GEOMETRIC_REPRESENTATION_CONTEXT(2) 
PARAMETRIC_REPRESENTATION_CONTEXT() REPRESENTATION_CONTEXT('2D SPACE',''
  ) );
#2270 = PCURVE('',#2009,#2271);
#2271 = DEFINITIONAL_REPRESENTATION('',(#2272),#2276);
#2272 = LINE('',#2273,#2274);
#2273 = CARTESIAN_POINT('',(6.28318530718,-0.));
#2274 = VECTOR('',#2275,1.);
#2275 = DIRECTION('',(0.,1.));
#2276 = ( GEOMETRIC_REPRESENTATION_CONTEXT(2) 
PARAMETRIC_REPRESENTATION_CONTEXT() REPRESENTATION_CONTEXT('2D SPACE',''
  ) );
#2277 = ORIENTED_EDGE('',*,*,#2278,.F.);
#2278 = EDGE_CURVE('',#2279,#2254,#2281,.T.);
#2279 = VERTEX_POINT('',#2280);
#2280 = CARTESIAN_POINT('',(17.,-5.510910596163E-16,15.25));
#2281 = SURFACE_CURVE('',#2282,(#2309,#2339),.PCURVE_S1.);
#2282 = B_SPLINE_CURVE_WITH_KNOTS('',7,(#2283,#2284,#2285,#2286,#2287,
    #2288,#2289,#2290,#2291,#2292,#2293,#2294,#2295,#2296,#2297,#2298,
    #2299,#2300,#2301,#2302,#2303,#2304,#2305,#2306,#2307,#2308),
  .UNSPECIFIED.,.F.,.F.,(8,6,6,6,8),(0.,0.244962841525,0.500009591063,
    0.755071406203,1.),.UNSPECIFIED.);
#2283 = CARTESIAN_POINT('',(17.,-2.755455298082E-16,15.25));
#2284 = CARTESIAN_POINT('',(17.,0.299645316512,15.25));
#2285 = CARTESIAN_POINT('',(16.993838014823,0.590920210738,
    15.296555858112));
#2286 = CARTESIAN_POINT('',(16.982134544119,0.865491572819,
    15.384989502817));
#2287 = CARTESIAN_POINT('',(16.966494211266,1.1164997792,15.509102331889
    ));
#2288 = CARTESIAN_POINT('',(16.949082795547,1.338766857288,
    15.661224251914));
#2289 = CARTESIAN_POINT('',(16.931823565886,1.52928476862,
    15.832304886286));
#2290 = CARTESIAN_POINT('',(16.89955185901,1.852738270303,
    16.199190866783));
#2291 = CARTESIAN_POINT('',(16.884205312063,1.987549448161,
    16.400906693213));
#2292 = CARTESIAN_POINT('',(16.871080014728,2.09353168659,
    16.612377595816));
#2293 = CARTESIAN_POINT('',(16.86085984518,2.172003829849,
    16.830271747216));
#2294 = CARTESIAN_POINT('',(16.853919823619,2.223977301531,
    17.052129095356));
#2295 = CARTESIAN_POINT('',(16.850445097979,2.25,17.27597411977));
#2296 = CARTESIAN_POINT('',(16.850445097979,2.25,17.724039113431));
#2297 = CARTESIAN_POINT('',(16.853920224141,2.223974278343,
    17.947881814578));
#2298 = CARTESIAN_POINT('',(16.860860231702,2.17200099977,
    18.169731711722));
#2299 = CARTESIAN_POINT('',(16.871079935743,2.093531743969,
    18.387620425004));
#2300 = CARTESIAN_POINT('',(16.884205108297,1.98755140048,
    18.599090780897));
#2301 = CARTESIAN_POINT('',(16.89955181509,1.852738710506,
    18.800808633905));
#2302 = CARTESIAN_POINT('',(16.931820463902,1.529315859244,
    19.167659848322));
#2303 = CARTESIAN_POINT('',(16.949080167476,1.338800119926,
    19.338755735469));
#2304 = CARTESIAN_POINT('',(16.966494846955,1.116504784541,
    19.490908161374));
#2305 = CARTESIAN_POINT('',(16.982138376818,0.86545084776,
    19.615039531048));
#2306 = CARTESIAN_POINT('',(16.993841013553,0.590841908256,
    19.703466769497));
#2307 = CARTESIAN_POINT('',(17.,0.299572513273,19.75));
#2308 = CARTESIAN_POINT('',(17.,4.133182947122E-16,19.75));
#2309 = PCURVE('',#2009,#2310);
#2310 = DEFINITIONAL_REPRESENTATION('',(#2311),#2338);
#2311 = B_SPLINE_CURVE_WITH_KNOTS('',7,(#2312,#2313,#2314,#2315,#2316,
    #2317,#2318,#2319,#2320,#2321,#2322,#2323,#2324,#2325,#2326,#2327,
    #2328,#2329,#2330,#2331,#2332,#2333,#2334,#2335,#2336,#2337),
  .UNSPECIFIED.,.F.,.F.,(8,6,6,6,8),(0.,0.244962841525,0.500009591063,
    0.755071406203,1.),.UNSPECIFIED.);
#2312 = CARTESIAN_POINT('',(0.,12.75));
#2313 = CARTESIAN_POINT('',(1.762619508894E-02,12.75));
#2314 = CARTESIAN_POINT('',(3.476002195983E-02,12.796555858112));
#2315 = CARTESIAN_POINT('',(5.092016930993E-02,12.884989502817));
#2316 = CARTESIAN_POINT('',(6.571010320757E-02,13.009102331889));
#2317 = CARTESIAN_POINT('',(7.882310983252E-02,13.161224251914));
#2318 = CARTESIAN_POINT('',(9.007546428565E-02,13.332304886286));
#2319 = CARTESIAN_POINT('',(0.109196607026,13.699190866783));
#2320 = CARTESIAN_POINT('',(0.117177122251,13.900906693213));
#2321 = CARTESIAN_POINT('',(0.123458736722,14.112377595816));
#2322 = CARTESIAN_POINT('',(0.128113696834,14.330271747216));
#2323 = CARTESIAN_POINT('',(0.131198097988,14.552129095356));
#2324 = CARTESIAN_POINT('',(0.132742430368,14.77597411977));
#2325 = CARTESIAN_POINT('',(0.132742430368,15.224039113431));
#2326 = CARTESIAN_POINT('',(0.131197918625,15.447881814578));
#2327 = CARTESIAN_POINT('',(0.128113528767,15.669731711723));
#2328 = CARTESIAN_POINT('',(0.123458740696,15.887620425004));
#2329 = CARTESIAN_POINT('',(0.117177237676,16.099090780897));
#2330 = CARTESIAN_POINT('',(0.109196633049,16.300808633905));
#2331 = CARTESIAN_POINT('',(9.00773022261E-02,16.667659848322));
#2332 = CARTESIAN_POINT('',(7.882507238718E-02,16.838755735469));
#2333 = CARTESIAN_POINT('',(6.571039235005E-02,16.990908161374));
#2334 = CARTESIAN_POINT('',(5.091776681932E-02,17.115039531048));
#2335 = CARTESIAN_POINT('',(3.475541592451E-02,17.203466769497));
#2336 = CARTESIAN_POINT('',(1.762191254548E-02,17.25));
#2337 = CARTESIAN_POINT('',(0.,17.25));
#2338 = ( GEOMETRIC_REPRESENTATION_CONTEXT(2) 
PARAMETRIC_REPRESENTATION_CONTEXT() REPRESENTATION_CONTEXT('2D SPACE',''
  ) );
#2339 = PCURVE('',#2340,#2345);
#2340 = CYLINDRICAL_SURFACE('',#2341,2.25);
#2341 = AXIS2_PLACEMENT_3D('',#2342,#2343,#2344);
#2342 = CARTESIAN_POINT('',(3.,0.,17.5));
#2343 = DIRECTION('',(1.,0.,0.));
#2344 = DIRECTION('',(0.,0.,-1.));
#2345 = DEFINITIONAL_REPRESENTATION('',(#2346),#2373);
#2346 = B_SPLINE_CURVE_WITH_KNOTS('',7,(#2347,#2348,#2349,#2350,#2351,
    #2352,#2353,#2354,#2355,#2356,#2357,#2358,#2359,#2360,#2361,#2362,
    #2363,#2364,#2365,#2366,#2367,#2368,#2369,#2370,#2371,#2372),
  .UNSPECIFIED.,.F.,.F.,(8,6,6,6,8),(0.,0.244962841525,0.500009591063,
    0.755071406203,1.),.UNSPECIFIED.);
#2347 = CARTESIAN_POINT('',(0.,14.));
#2348 = CARTESIAN_POINT('',(0.133175696228,14.));
#2349 = CARTESIAN_POINT('',(0.262631116997,13.993838014823));
#2350 = CARTESIAN_POINT('',(0.388520988658,13.982134544119));
#2351 = CARTESIAN_POINT('',(0.510684325619,13.966494211266));
#2352 = CARTESIAN_POINT('',(0.628699453755,13.949082795547));
#2353 = CARTESIAN_POINT('',(0.741731170861,13.931823565886));
#2354 = CARTESIAN_POINT('',(0.959112892553,13.89955185901));
#2355 = CARTESIAN_POINT('',(1.06598480607,13.884205312063));
#2356 = CARTESIAN_POINT('',(1.169861304522,13.871080014728));
#2357 = CARTESIAN_POINT('',(1.271526499374,13.86085984518));
#2358 = CARTESIAN_POINT('',(1.371742752964,13.853919823619));
#2359 = CARTESIAN_POINT('',(1.471229268915,13.850445097979));
#2360 = CARTESIAN_POINT('',(1.670369266098,13.850445097979));
#2361 = CARTESIAN_POINT('',(1.769854733572,13.853920224141));
#2362 = CARTESIAN_POINT('',(1.870067999754,13.860860231702));
#2363 = CARTESIAN_POINT('',(1.971730621736,13.871079935743));
#2364 = CARTESIAN_POINT('',(2.075606439614,13.884205108297));
#2365 = CARTESIAN_POINT('',(2.182479465192,13.89955181509));
#2366 = CARTESIAN_POINT('',(2.399840587813,13.931820463902));
#2367 = CARTESIAN_POINT('',(2.512876754876,13.949080167476));
#2368 = CARTESIAN_POINT('',(2.630909173855,13.966494846955));
#2369 = CARTESIAN_POINT('',(2.753092539123,13.982138376818));
#2370 = CARTESIAN_POINT('',(2.878996345382,13.993841013553));
#2371 = CARTESIAN_POINT('',(3.008449314357,14.));
#2372 = CARTESIAN_POINT('',(3.14159265359,14.));
#2373 = ( GEOMETRIC_REPRESENTATION_CONTEXT(2) 
PARAMETRIC_REPRESENTATION_CONTEXT() REPRESENTATION_CONTEXT('2D SPACE',''
  ) );
#2374 = ORIENTED_EDGE('',*,*,#2375,.F.);
#2375 = EDGE_CURVE('',#2376,#2279,#2378,.T.);
#2376 = VERTEX_POINT('',#2377);
#2377 = CARTESIAN_POINT('',(17.,-4.163799117101E-15,2.5));
#2378 = SEAM_CURVE('',#2379,(#2383,#2390),.PCURVE_S1.);
#2379 = LINE('',#2380,#2381);
#2380 = CARTESIAN_POINT('',(17.,-4.163799117101E-15,2.5));
#2381 = VECTOR('',#2382,1.);
#2382 = DIRECTION('',(0.,0.,1.));
#2383 = PCURVE('',#2009,#2384);
#2384 = DEFINITIONAL_REPRESENTATION('',(#2385),#2389);
#2385 = LINE('',#2386,#2387);
#2386 = CARTESIAN_POINT('',(6.28318530718,-0.));
#2387 = VECTOR('',#2388,1.);
#2388 = DIRECTION('',(0.,1.));
#2389 = ( GEOMETRIC_REPRESENTATION_CONTEXT(2) 
PARAMETRIC_REPRESENTATION_CONTEXT() REPRESENTATION_CONTEXT('2D SPACE',''
  ) );
#2390 = PCURVE('',#2009,#2391);
#2391 = DEFINITIONAL_REPRESENTATION('',(#2392),#2396);
#2392 = LINE('',#2393,#2394);
#2393 = CARTESIAN_POINT('',(0.,-0.));
#2394 = VECTOR('',#2395,1.);
#2395 = DIRECTION('',(0.,1.));
#2396 = ( GEOMETRIC_REPRESENTATION_CONTEXT(2) 
PARAMETRIC_REPRESENTATION_CONTEXT() REPRESENTATION_CONTEXT('2D SPACE',''
  ) );
#2397 = ORIENTED_EDGE('',*,*,#2398,.T.);
#2398 = EDGE_CURVE('',#2376,#2376,#2399,.T.);
#2399 = SURFACE_CURVE('',#2400,(#2405,#2412),.PCURVE_S1.);
#2400 = CIRCLE('',#2401,17.);
#2401 = AXIS2_PLACEMENT_3D('',#2402,#2403,#2404);
#2402 = CARTESIAN_POINT('',(0.,0.,2.5));
#2403 = DIRECTION('',(0.,0.,1.));
#2404 = DIRECTION('',(1.,0.,-0.));
#2405 = PCURVE('',#2009,#2406);
#2406 = DEFINITIONAL_REPRESENTATION('',(#2407),#2411);
#2407 = LINE('',#2408,#2409);
#2408 = CARTESIAN_POINT('',(0.,0.));
#2409 = VECTOR('',#2410,1.);
#2410 = DIRECTION('',(1.,0.));
#2411 = ( GEOMETRIC_REPRESENTATION_CONTEXT(2) 
PARAMETRIC_REPRESENTATION_CONTEXT() REPRESENTATION_CONTEXT('2D SPACE',''
  ) );
#2412 = PCURVE('',#2413,#2418);
#2413 = PLANE('',#2414);
#2414 = AXIS2_PLACEMENT_3D('',#2415,#2416,#2417);
#2415 = CARTESIAN_POINT('',(0.,0.,2.5));
#2416 = DIRECTION('',(0.,0.,1.));
#2417 = DIRECTION('',(1.,0.,-0.));
#2418 = DEFINITIONAL_REPRESENTATION('',(#2419),#2423);
#2419 = CIRCLE('',#2420,17.);
#2420 = AXIS2_PLACEMENT_2D('',#2421,#2422);
#2421 = CARTESIAN_POINT('',(0.,0.));
#2422 = DIRECTION('',(1.,0.));
#2423 = ( GEOMETRIC_REPRESENTATION_CONTEXT(2) 
PARAMETRIC_REPRESENTATION_CONTEXT() REPRESENTATION_CONTEXT('2D SPACE',''
  ) );
#2424 = ORIENTED_EDGE('',*,*,#2375,.T.);
#2425 = ORIENTED_EDGE('',*,*,#2426,.F.);
#2426 = EDGE_CURVE('',#2254,#2279,#2427,.T.);
#2427 = SURFACE_CURVE('',#2428,(#2455,#2485),.PCURVE_S1.);
#2428 = B_SPLINE_CURVE_WITH_KNOTS('',7,(#2429,#2430,#2431,#2432,#2433,
    #2434,#2435,#2436,#2437,#2438,#2439,#2440,#2441,#2442,#2443,#2444,
    #2445,#2446,#2447,#2448,#2449,#2450,#2451,#2452,#2453,#2454),
  .UNSPECIFIED.,.F.,.F.,(8,6,6,6,8),(0.,0.244989500886,0.500055619135,
    0.755120989942,1.),.UNSPECIFIED.);
#2429 = CARTESIAN_POINT('',(17.,-1.7763568394E-15,19.75));
#2430 = CARTESIAN_POINT('',(17.,-0.299645316512,19.75));
#2431 = CARTESIAN_POINT('',(16.993838014823,-0.590920210738,
    19.703444141888));
#2432 = CARTESIAN_POINT('',(16.982134544119,-0.865491572819,
    19.615010497183));
#2433 = CARTESIAN_POINT('',(16.966494211266,-1.1164997792,
    19.490897668111));
#2434 = CARTESIAN_POINT('',(16.949082795547,-1.338766857288,
    19.338775748086));
#2435 = CARTESIAN_POINT('',(16.931823565886,-1.52928476862,
    19.167695113714));
#2436 = CARTESIAN_POINT('',(16.899552400336,-1.852732844687,
    18.80081528737));
#2437 = CARTESIAN_POINT('',(16.884205223784,-1.987551579562,
    18.599094059781));
#2438 = CARTESIAN_POINT('',(16.871079455901,-2.09353528616,
    18.387615732301));
#2439 = CARTESIAN_POINT('',(16.86085994164,-2.172003171554,
    18.169723509038));
#2440 = CARTESIAN_POINT('',(16.853920248526,-2.223974100669,
    17.947876957989));
#2441 = CARTESIAN_POINT('',(16.850445097979,-2.25,17.724039769953));
#2442 = CARTESIAN_POINT('',(16.850445097979,-2.25,17.275960886569));
#2443 = CARTESIAN_POINT('',(16.853920224141,-2.223974278343,
    17.052118185422));
#2444 = CARTESIAN_POINT('',(16.860860231702,-2.172000999769,
    16.830268288276));
#2445 = CARTESIAN_POINT('',(16.871079935743,-2.093531743969,
    16.612379574997));
#2446 = CARTESIAN_POINT('',(16.884205108297,-1.98755140048,
    16.400909219103));
#2447 = CARTESIAN_POINT('',(16.89955181509,-1.852738710506,
    16.199191366095));
#2448 = CARTESIAN_POINT('',(16.931817043527,-1.529350141046,
    15.832379036749));
#2449 = CARTESIAN_POINT('',(16.949078183214,-1.338827533153,
    15.661255878723));
#2450 = CARTESIAN_POINT('',(16.966496952486,-1.116493017353,
    15.509069932443));
#2451 = CARTESIAN_POINT('',(16.982142903228,-0.865391722463,
    15.384926477381));
#2452 = CARTESIAN_POINT('',(16.993843881457,-0.590755930896,
    15.296511510409));
#2453 = CARTESIAN_POINT('',(17.,-0.299502582838,15.25));
#2454 = CARTESIAN_POINT('',(17.,-2.22044604925E-15,15.25));
#2455 = PCURVE('',#2009,#2456);
#2456 = DEFINITIONAL_REPRESENTATION('',(#2457),#2484);
#2457 = B_SPLINE_CURVE_WITH_KNOTS('',7,(#2458,#2459,#2460,#2461,#2462,
    #2463,#2464,#2465,#2466,#2467,#2468,#2469,#2470,#2471,#2472,#2473,
    #2474,#2475,#2476,#2477,#2478,#2479,#2480,#2481,#2482,#2483),
  .UNSPECIFIED.,.F.,.F.,(8,6,6,6,8),(0.,0.244989500886,0.500055619135,
    0.755120989942,1.),.UNSPECIFIED.);
#2458 = CARTESIAN_POINT('',(6.28318530718,17.25));
#2459 = CARTESIAN_POINT('',(6.265559112091,17.25));
#2460 = CARTESIAN_POINT('',(6.24842528522,17.203444141888));
#2461 = CARTESIAN_POINT('',(6.23226513787,17.115010497183));
#2462 = CARTESIAN_POINT('',(6.217475203972,16.990897668111));
#2463 = CARTESIAN_POINT('',(6.204362197347,16.838775748086));
#2464 = CARTESIAN_POINT('',(6.193109842894,16.667695113714));
#2465 = CARTESIAN_POINT('',(6.173989020892,16.30081528737));
#2466 = CARTESIAN_POINT('',(6.166008059711,16.099094059781));
#2467 = CARTESIAN_POINT('',(6.159726356416,15.887615732301));
#2468 = CARTESIAN_POINT('',(6.155071649409,15.669723509038));
#2469 = CARTESIAN_POINT('',(6.151987399142,15.447876957989));
#2470 = CARTESIAN_POINT('',(6.150442876811,15.224039769953));
#2471 = CARTESIAN_POINT('',(6.150442876811,14.775960886569));
#2472 = CARTESIAN_POINT('',(6.151987388554,14.552118185422));
#2473 = CARTESIAN_POINT('',(6.155071778412,14.330268288277));
#2474 = CARTESIAN_POINT('',(6.159726566484,14.112379574997));
#2475 = CARTESIAN_POINT('',(6.166008069504,13.900909219103));
#2476 = CARTESIAN_POINT('',(6.17398867413,13.699191366095));
#2477 = CARTESIAN_POINT('',(6.193105978365,13.332379036749));
#2478 = CARTESIAN_POINT('',(6.204358618599,13.161255878723));
#2479 = CARTESIAN_POINT('',(6.217475615273,13.009069932443));
#2480 = CARTESIAN_POINT('',(6.232271025263,12.884926477381));
#2481 = CARTESIAN_POINT('',(6.248434948553,12.796511510409));
#2482 = CARTESIAN_POINT('',(6.265567508189,12.75));
#2483 = CARTESIAN_POINT('',(6.28318530718,12.75));
#2484 = ( GEOMETRIC_REPRESENTATION_CONTEXT(2) 
PARAMETRIC_REPRESENTATION_CONTEXT() REPRESENTATION_CONTEXT('2D SPACE',''
  ) );
#2485 = PCURVE('',#2340,#2486);
#2486 = DEFINITIONAL_REPRESENTATION('',(#2487),#2514);
#2487 = B_SPLINE_CURVE_WITH_KNOTS('',7,(#2488,#2489,#2490,#2491,#2492,
    #2493,#2494,#2495,#2496,#2497,#2498,#2499,#2500,#2501,#2502,#2503,
    #2504,#2505,#2506,#2507,#2508,#2509,#2510,#2511,#2512,#2513),
  .UNSPECIFIED.,.F.,.F.,(8,6,6,6,8),(0.,0.244989500886,0.500055619135,
    0.755120989942,1.),.UNSPECIFIED.);
#2488 = CARTESIAN_POINT('',(3.14159265359,14.));
#2489 = CARTESIAN_POINT('',(3.274768349817,14.));
#2490 = CARTESIAN_POINT('',(3.404223770586,13.993838014823));
#2491 = CARTESIAN_POINT('',(3.530113642248,13.982134544119));
#2492 = CARTESIAN_POINT('',(3.652276979208,13.966494211266));
#2493 = CARTESIAN_POINT('',(3.770292107345,13.949082795547));
#2494 = CARTESIAN_POINT('',(3.883323824451,13.931823565886));
#2495 = CARTESIAN_POINT('',(4.100701899777,13.899552400336));
#2496 = CARTESIAN_POINT('',(4.207577823918,13.884205223784));
#2497 = CARTESIAN_POINT('',(4.311457069431,13.871079455901));
#2498 = CARTESIAN_POINT('',(4.413120968974,13.86085994164));
#2499 = CARTESIAN_POINT('',(4.5133327206,13.853920248526));
#2500 = CARTESIAN_POINT('',(4.612815749294,13.850445097979));
#2501 = CARTESIAN_POINT('',(4.811961919687,13.850445097979));
#2502 = CARTESIAN_POINT('',(4.911447387162,13.853920224141));
#2503 = CARTESIAN_POINT('',(5.011660653345,13.860860231702));
#2504 = CARTESIAN_POINT('',(5.113323275325,13.871079935743));
#2505 = CARTESIAN_POINT('',(5.217199093204,13.884205108297));
#2506 = CARTESIAN_POINT('',(5.324072118782,13.89955181509));
#2507 = CARTESIAN_POINT('',(5.54141020181,13.931817043527));
#2508 = CARTESIAN_POINT('',(5.654457490812,13.949078183214));
#2509 = CARTESIAN_POINT('',(5.772511259121,13.966496952486));
#2510 = CARTESIAN_POINT('',(5.894714135564,13.982142903228));
#2511 = CARTESIAN_POINT('',(6.020627217584,13.993843881457));
#2512 = CARTESIAN_POINT('',(6.150073048141,14.));
#2513 = CARTESIAN_POINT('',(6.28318530718,14.));
#2514 = ( GEOMETRIC_REPRESENTATION_CONTEXT(2) 
PARAMETRIC_REPRESENTATION_CONTEXT() REPRESENTATION_CONTEXT('2D SPACE',''
  ) );
#2515 = ORIENTED_EDGE('',*,*,#2253,.T.);
#2516 = ORIENTED_EDGE('',*,*,#2517,.F.);
#2517 = EDGE_CURVE('',#2256,#2256,#2518,.T.);
#2518 = SURFACE_CURVE('',#2519,(#2524,#2531),.PCURVE_S1.);
#2519 = CIRCLE('',#2520,17.);
#2520 = AXIS2_PLACEMENT_3D('',#2521,#2522,#2523);
#2521 = CARTESIAN_POINT('',(0.,0.,30.5));
#2522 = DIRECTION('',(0.,0.,1.));
#2523 = DIRECTION('',(1.,0.,-0.));
#2524 = PCURVE('',#2009,#2525);
#2525 = DEFINITIONAL_REPRESENTATION('',(#2526),#2530);
#2526 = LINE('',#2527,#2528);
#2527 = CARTESIAN_POINT('',(0.,28.));
#2528 = VECTOR('',#2529,1.);
#2529 = DIRECTION('',(1.,0.));
#2530 = ( GEOMETRIC_REPRESENTATION_CONTEXT(2) 
PARAMETRIC_REPRESENTATION_CONTEXT() REPRESENTATION_CONTEXT('2D SPACE',''
  ) );
#2531 = PCURVE('',#2532,#2537);
#2532 = PLANE('',#2533);
#2533 = AXIS2_PLACEMENT_3D('',#2534,#2535,#2536);
#2534 = CARTESIAN_POINT('',(0.,0.,30.5));
#2535 = DIRECTION('',(0.,0.,1.));
#2536 = DIRECTION('',(1.,0.,-0.));
#2537 = DEFINITIONAL_REPRESENTATION('',(#2538),#2542);
#2538 = CIRCLE('',#2539,17.);
#2539 = AXIS2_PLACEMENT_2D('',#2540,#2541);
#2540 = CARTESIAN_POINT('',(0.,0.));
#2541 = DIRECTION('',(1.,0.));
#2542 = ( GEOMETRIC_REPRESENTATION_CONTEXT(2) 
PARAMETRIC_REPRESENTATION_CONTEXT() REPRESENTATION_CONTEXT('2D SPACE',''
  ) );
#2543 = FACE_BOUND('',#2544,.T.);
#2544 = EDGE_LOOP('',(#2545,#2576,#2602,#2631));
#2545 = ORIENTED_EDGE('',*,*,#2546,.F.);
#2546 = EDGE_CURVE('',#2547,#2549,#2551,.T.);
#2547 = VERTEX_POINT('',#2548);
#2548 = CARTESIAN_POINT('',(16.306893299101,4.804709245286,8.5));
#2549 = VERTEX_POINT('',#2550);
#2550 = CARTESIAN_POINT('',(15.98097648098,5.79727442117,8.5));
#2551 = SURFACE_CURVE('',#2552,(#2557,#2564),.PCURVE_S1.);
#2552 = CIRCLE('',#2553,17.);
#2553 = AXIS2_PLACEMENT_3D('',#2554,#2555,#2556);
#2554 = CARTESIAN_POINT('',(0.,0.,8.5));
#2555 = DIRECTION('',(0.,0.,1.));
#2556 = DIRECTION('',(1.,0.,-0.));
#2557 = PCURVE('',#2009,#2558);
#2558 = DEFINITIONAL_REPRESENTATION('',(#2559),#2563);
#2559 = LINE('',#2560,#2561);
#2560 = CARTESIAN_POINT('',(0.,6.));
#2561 = VECTOR('',#2562,1.);
#2562 = DIRECTION('',(1.,0.));
#2563 = ( GEOMETRIC_REPRESENTATION_CONTEXT(2) 
PARAMETRIC_REPRESENTATION_CONTEXT() REPRESENTATION_CONTEXT('2D SPACE',''
  ) );
#2564 = PCURVE('',#2565,#2570);
#2565 = PLANE('',#2566);
#2566 = AXIS2_PLACEMENT_3D('',#2567,#2568,#2569);
#2567 = CARTESIAN_POINT('',(13.648484129598,2.943271105153,8.5));
#2568 = DIRECTION('',(0.,0.,1.));
#2569 = DIRECTION('',(0.819152044289,0.573576436351,0.));
#2570 = DEFINITIONAL_REPRESENTATION('',(#2571),#2575);
#2571 = CIRCLE('',#2572,17.);
#2572 = AXIS2_PLACEMENT_2D('',#2573,#2574);
#2573 = CARTESIAN_POINT('',(-12.86837462791,5.417462345965));
#2574 = DIRECTION('',(0.819152044289,-0.573576436351));
#2575 = ( GEOMETRIC_REPRESENTATION_CONTEXT(2) 
PARAMETRIC_REPRESENTATION_CONTEXT() REPRESENTATION_CONTEXT('2D SPACE',''
  ) );
#2576 = ORIENTED_EDGE('',*,*,#2577,.T.);
#2577 = EDGE_CURVE('',#2547,#2578,#2580,.T.);
#2578 = VERTEX_POINT('',#2579);
#2579 = CARTESIAN_POINT('',(16.306893299101,4.804709245286,26.5));
#2580 = SURFACE_CURVE('',#2581,(#2585,#2591),.PCURVE_S1.);
#2581 = LINE('',#2582,#2583);
#2582 = CARTESIAN_POINT('',(16.306893299101,4.804709245286,2.5));
#2583 = VECTOR('',#2584,1.);
#2584 = DIRECTION('',(0.,0.,1.));
#2585 = PCURVE('',#2009,#2586);
#2586 = DEFINITIONAL_REPRESENTATION('',(#2587),#2590);
#2587 = B_SPLINE_CURVE_WITH_KNOTS('',1,(#2588,#2589),.UNSPECIFIED.,.F.,
  .F.,(2,2),(4.2,25.8),.PIECEWISE_BEZIER_KNOTS.);
#2588 = CARTESIAN_POINT('',(0.286534745094,4.2));
#2589 = CARTESIAN_POINT('',(0.286534745094,25.8));
#2590 = ( GEOMETRIC_REPRESENTATION_CONTEXT(2) 
PARAMETRIC_REPRESENTATION_CONTEXT() REPRESENTATION_CONTEXT('2D SPACE',''
  ) );
#2591 = PCURVE('',#2592,#2597);
#2592 = PLANE('',#2593);
#2593 = AXIS2_PLACEMENT_3D('',#2594,#2595,#2596);
#2594 = CARTESIAN_POINT('',(13.648484129598,2.943271105153,8.5));
#2595 = DIRECTION('',(-0.573576436351,0.819152044289,0.));
#2596 = DIRECTION('',(0.,0.,1.));
#2597 = DEFINITIONAL_REPRESENTATION('',(#2598),#2601);
#2598 = B_SPLINE_CURVE_WITH_KNOTS('',1,(#2599,#2600),.UNSPECIFIED.,.F.,
  .F.,(2,2),(4.2,25.8),.PIECEWISE_BEZIER_KNOTS.);
#2599 = CARTESIAN_POINT('',(-1.8,3.24531836066));
#2600 = CARTESIAN_POINT('',(19.8,3.24531836066));
#2601 = ( GEOMETRIC_REPRESENTATION_CONTEXT(2) 
PARAMETRIC_REPRESENTATION_CONTEXT() REPRESENTATION_CONTEXT('2D SPACE',''
  ) );
#2602 = ORIENTED_EDGE('',*,*,#2603,.T.);
#2603 = EDGE_CURVE('',#2578,#2604,#2606,.T.);
#2604 = VERTEX_POINT('',#2605);
#2605 = CARTESIAN_POINT('',(15.98097648098,5.79727442117,26.5));
#2606 = SURFACE_CURVE('',#2607,(#2612,#2619),.PCURVE_S1.);
#2607 = CIRCLE('',#2608,17.);
#2608 = AXIS2_PLACEMENT_3D('',#2609,#2610,#2611);
#2609 = CARTESIAN_POINT('',(0.,0.,26.5));
#2610 = DIRECTION('',(0.,0.,1.));
#2611 = DIRECTION('',(1.,0.,-0.));
#2612 = PCURVE('',#2009,#2613);
#2613 = DEFINITIONAL_REPRESENTATION('',(#2614),#2618);
#2614 = LINE('',#2615,#2616);
#2615 = CARTESIAN_POINT('',(0.,24.));
#2616 = VECTOR('',#2617,1.);
#2617 = DIRECTION('',(1.,0.));
#2618 = ( GEOMETRIC_REPRESENTATION_CONTEXT(2) 
PARAMETRIC_REPRESENTATION_CONTEXT() REPRESENTATION_CONTEXT('2D SPACE',''
  ) );
#2619 = PCURVE('',#2620,#2625);
#2620 = PLANE('',#2621);
#2621 = AXIS2_PLACEMENT_3D('',#2622,#2623,#2624);
#2622 = CARTESIAN_POINT('',(13.648484129598,2.943271105153,26.5));
#2623 = DIRECTION('',(0.,0.,1.));
#2624 = DIRECTION('',(0.819152044289,0.573576436351,0.));
#2625 = DEFINITIONAL_REPRESENTATION('',(#2626),#2630);
#2626 = CIRCLE('',#2627,17.);
#2627 = AXIS2_PLACEMENT_2D('',#2628,#2629);
#2628 = CARTESIAN_POINT('',(-12.86837462791,5.417462345965));
#2629 = DIRECTION('',(0.819152044289,-0.573576436351));
#2630 = ( GEOMETRIC_REPRESENTATION_CONTEXT(2) 
PARAMETRIC_REPRESENTATION_CONTEXT() REPRESENTATION_CONTEXT('2D SPACE',''
  ) );
#2631 = ORIENTED_EDGE('',*,*,#2632,.F.);
#2632 = EDGE_CURVE('',#2549,#2604,#2633,.T.);
#2633 = SURFACE_CURVE('',#2634,(#2638,#2644),.PCURVE_S1.);
#2634 = LINE('',#2635,#2636);
#2635 = CARTESIAN_POINT('',(15.98097648098,5.79727442117,2.5));
#2636 = VECTOR('',#2637,1.);
#2637 = DIRECTION('',(0.,0.,1.));
#2638 = PCURVE('',#2009,#2639);
#2639 = DEFINITIONAL_REPRESENTATION('',(#2640),#2643);
#2640 = B_SPLINE_CURVE_WITH_KNOTS('',1,(#2641,#2642),.UNSPECIFIED.,.F.,
  .F.,(2,2),(4.2,25.8),.PIECEWISE_BEZIER_KNOTS.);
#2641 = CARTESIAN_POINT('',(0.347997622415,4.2));
#2642 = CARTESIAN_POINT('',(0.347997622415,25.8));
#2643 = ( GEOMETRIC_REPRESENTATION_CONTEXT(2) 
PARAMETRIC_REPRESENTATION_CONTEXT() REPRESENTATION_CONTEXT('2D SPACE',''
  ) );
#2644 = PCURVE('',#2645,#2650);
#2645 = PLANE('',#2646);
#2646 = AXIS2_PLACEMENT_3D('',#2647,#2648,#2649);
#2647 = CARTESIAN_POINT('',(13.074907693246,3.762423149442,8.5));
#2648 = DIRECTION('',(-0.573576436351,0.819152044289,0.));
#2649 = DIRECTION('',(0.,0.,1.));
#2650 = DEFINITIONAL_REPRESENTATION('',(#2651),#2654);
#2651 = B_SPLINE_CURVE_WITH_KNOTS('',1,(#2652,#2653),.UNSPECIFIED.,.F.,
  .F.,(2,2),(4.2,25.8),.PIECEWISE_BEZIER_KNOTS.);
#2652 = CARTESIAN_POINT('',(-1.8,3.547654929258));
#2653 = CARTESIAN_POINT('',(19.8,3.547654929258));
#2654 = ( GEOMETRIC_REPRESENTATION_CONTEXT(2) 
PARAMETRIC_REPRESENTATION_CONTEXT() REPRESENTATION_CONTEXT('2D SPACE',''
  ) );
#2655 = FACE_BOUND('',#2656,.T.);
#2656 = EDGE_LOOP('',(#2657,#2688,#2714,#2743));
#2657 = ORIENTED_EDGE('',*,*,#2658,.F.);
#2658 = EDGE_CURVE('',#2659,#2661,#2663,.T.);
#2659 = VERTEX_POINT('',#2660);
#2660 = CARTESIAN_POINT('',(11.719829231181,12.314446913766,8.5));
#2661 = VERTEX_POINT('',#2662);
#2662 = CARTESIAN_POINT('',(10.941294399226,13.011075161933,8.5));
#2663 = SURFACE_CURVE('',#2664,(#2669,#2676),.PCURVE_S1.);
#2664 = CIRCLE('',#2665,17.);
#2665 = AXIS2_PLACEMENT_3D('',#2666,#2667,#2668);
#2666 = CARTESIAN_POINT('',(0.,0.,8.5));
#2667 = DIRECTION('',(0.,0.,1.));
#2668 = DIRECTION('',(1.,0.,-0.));
#2669 = PCURVE('',#2009,#2670);
#2670 = DEFINITIONAL_REPRESENTATION('',(#2671),#2675);
#2671 = LINE('',#2672,#2673);
#2672 = CARTESIAN_POINT('',(0.,6.));
#2673 = VECTOR('',#2674,1.);
#2674 = DIRECTION('',(1.,0.));
#2675 = ( GEOMETRIC_REPRESENTATION_CONTEXT(2) 
PARAMETRIC_REPRESENTATION_CONTEXT() REPRESENTATION_CONTEXT('2D SPACE',''
  ) );
#2676 = PCURVE('',#2677,#2682);
#2677 = PLANE('',#2678);
#2678 = AXIS2_PLACEMENT_3D('',#2679,#2680,#2681);
#2679 = CARTESIAN_POINT('',(10.348298426804,9.373189612086,8.5));
#2680 = DIRECTION('',(0.,0.,1.));
#2681 = DIRECTION('',(0.422618261741,0.906307787037,0.));
#2682 = DEFINITIONAL_REPRESENTATION('',(#2683),#2687);
#2683 = CIRCLE('',#2684,17.);
#2684 = AXIS2_PLACEMENT_2D('',#2685,#2686);
#2685 = CARTESIAN_POINT('',(-12.86837462791,5.417462345965));
#2686 = DIRECTION('',(0.422618261741,-0.906307787037));
#2687 = ( GEOMETRIC_REPRESENTATION_CONTEXT(2) 
PARAMETRIC_REPRESENTATION_CONTEXT() REPRESENTATION_CONTEXT('2D SPACE',''
  ) );
#2688 = ORIENTED_EDGE('',*,*,#2689,.T.);
#2689 = EDGE_CURVE('',#2659,#2690,#2692,.T.);
#2690 = VERTEX_POINT('',#2691);
#2691 = CARTESIAN_POINT('',(11.719829231181,12.314446913766,26.5));
#2692 = SURFACE_CURVE('',#2693,(#2697,#2703),.PCURVE_S1.);
#2693 = LINE('',#2694,#2695);
#2694 = CARTESIAN_POINT('',(11.719829231181,12.314446913766,2.5));
#2695 = VECTOR('',#2696,1.);
#2696 = DIRECTION('',(0.,0.,1.));
#2697 = PCURVE('',#2009,#2698);
#2698 = DEFINITIONAL_REPRESENTATION('',(#2699),#2702);
#2699 = B_SPLINE_CURVE_WITH_KNOTS('',1,(#2700,#2701),.UNSPECIFIED.,.F.,
  .F.,(2,2),(4.2,25.8),.PIECEWISE_BEZIER_KNOTS.);
#2700 = CARTESIAN_POINT('',(0.810133520692,4.2));
#2701 = CARTESIAN_POINT('',(0.810133520692,25.8));
#2702 = ( GEOMETRIC_REPRESENTATION_CONTEXT(2) 
PARAMETRIC_REPRESENTATION_CONTEXT() REPRESENTATION_CONTEXT('2D SPACE',''
  ) );
#2703 = PCURVE('',#2704,#2709);
#2704 = PLANE('',#2705);
#2705 = AXIS2_PLACEMENT_3D('',#2706,#2707,#2708);
#2706 = CARTESIAN_POINT('',(10.348298426804,9.373189612086,8.5));
#2707 = DIRECTION('',(-0.906307787037,0.422618261741,0.));
#2708 = DIRECTION('',(0.,0.,1.));
#2709 = DEFINITIONAL_REPRESENTATION('',(#2710),#2713);
#2710 = B_SPLINE_CURVE_WITH_KNOTS('',1,(#2711,#2712),.UNSPECIFIED.,.F.,
  .F.,(2,2),(4.2,25.8),.PIECEWISE_BEZIER_KNOTS.);
#2711 = CARTESIAN_POINT('',(-1.8,3.24531836066));
#2712 = CARTESIAN_POINT('',(19.8,3.24531836066));
#2713 = ( GEOMETRIC_REPRESENTATION_CONTEXT(2) 
PARAMETRIC_REPRESENTATION_CONTEXT() REPRESENTATION_CONTEXT('2D SPACE',''
  ) );
#2714 = ORIENTED_EDGE('',*,*,#2715,.T.);
#2715 = EDGE_CURVE('',#2690,#2716,#2718,.T.);
#2716 = VERTEX_POINT('',#2717);
#2717 = CARTESIAN_POINT('',(10.941294399226,13.011075161933,26.5));
#2718 = SURFACE_CURVE('',#2719,(#2724,#2731),.PCURVE_S1.);
#2719 = CIRCLE('',#2720,17.);
#2720 = AXIS2_PLACEMENT_3D('',#2721,#2722,#2723);
#2721 = CARTESIAN_POINT('',(0.,0.,26.5));
#2722 = DIRECTION('',(0.,0.,1.));
#2723 = DIRECTION('',(1.,0.,-0.));
#2724 = PCURVE('',#2009,#2725);
#2725 = DEFINITIONAL_REPRESENTATION('',(#2726),#2730);
#2726 = LINE('',#2727,#2728);
#2727 = CARTESIAN_POINT('',(0.,24.));
#2728 = VECTOR('',#2729,1.);
#2729 = DIRECTION('',(1.,0.));
#2730 = ( GEOMETRIC_REPRESENTATION_CONTEXT(2) 
PARAMETRIC_REPRESENTATION_CONTEXT() REPRESENTATION_CONTEXT('2D SPACE',''
  ) );
#2731 = PCURVE('',#2732,#2737);
#2732 = PLANE('',#2733);
#2733 = AXIS2_PLACEMENT_3D('',#2734,#2735,#2736);
#2734 = CARTESIAN_POINT('',(10.348298426804,9.373189612086,26.5));
#2735 = DIRECTION('',(0.,0.,1.));
#2736 = DIRECTION('',(0.422618261741,0.906307787037,0.));
#2737 = DEFINITIONAL_REPRESENTATION('',(#2738),#2742);
#2738 = CIRCLE('',#2739,17.);
#2739 = AXIS2_PLACEMENT_2D('',#2740,#2741);
#2740 = CARTESIAN_POINT('',(-12.86837462791,5.417462345965));
#2741 = DIRECTION('',(0.422618261741,-0.906307787037));
#2742 = ( GEOMETRIC_REPRESENTATION_CONTEXT(2) 
PARAMETRIC_REPRESENTATION_CONTEXT() REPRESENTATION_CONTEXT('2D SPACE',''
  ) );
#2743 = ORIENTED_EDGE('',*,*,#2744,.F.);
#2744 = EDGE_CURVE('',#2661,#2716,#2745,.T.);
#2745 = SURFACE_CURVE('',#2746,(#2750,#2756),.PCURVE_S1.);
#2746 = LINE('',#2747,#2748);
#2747 = CARTESIAN_POINT('',(10.941294399226,13.011075161933,2.5));
#2748 = VECTOR('',#2749,1.);
#2749 = DIRECTION('',(0.,0.,1.));
#2750 = PCURVE('',#2009,#2751);
#2751 = DEFINITIONAL_REPRESENTATION('',(#2752),#2755);
#2752 = B_SPLINE_CURVE_WITH_KNOTS('',1,(#2753,#2754),.UNSPECIFIED.,.F.,
  .F.,(2,2),(4.2,25.8),.PIECEWISE_BEZIER_KNOTS.);
#2753 = CARTESIAN_POINT('',(0.871596398014,4.2));
#2754 = CARTESIAN_POINT('',(0.871596398014,25.8));
#2755 = ( GEOMETRIC_REPRESENTATION_CONTEXT(2) 
PARAMETRIC_REPRESENTATION_CONTEXT() REPRESENTATION_CONTEXT('2D SPACE',''
  ) );
#2756 = PCURVE('',#2757,#2762);
#2757 = PLANE('',#2758);
#2758 = AXIS2_PLACEMENT_3D('',#2759,#2760,#2761);
#2759 = CARTESIAN_POINT('',(9.441990639767,9.795807873827,8.5));
#2760 = DIRECTION('',(-0.906307787037,0.422618261741,0.));
#2761 = DIRECTION('',(0.,0.,1.));
#2762 = DEFINITIONAL_REPRESENTATION('',(#2763),#2766);
#2763 = B_SPLINE_CURVE_WITH_KNOTS('',1,(#2764,#2765),.UNSPECIFIED.,.F.,
  .F.,(2,2),(4.2,25.8),.PIECEWISE_BEZIER_KNOTS.);
#2764 = CARTESIAN_POINT('',(-1.8,3.547654929258));
#2765 = CARTESIAN_POINT('',(19.8,3.547654929258));
#2766 = ( GEOMETRIC_REPRESENTATION_CONTEXT(2) 
PARAMETRIC_REPRESENTATION_CONTEXT() REPRESENTATION_CONTEXT('2D SPACE',''
  ) );
#2767 = FACE_BOUND('',#2768,.T.);
#2768 = EDGE_LOOP('',(#2769,#2800,#2826,#2855));
#2769 = ORIENTED_EDGE('',*,*,#2770,.F.);
#2770 = EDGE_CURVE('',#2771,#2773,#2775,.T.);
#2771 = VERTEX_POINT('',#2772);
#2772 = CARTESIAN_POINT('',(3.992446385335,16.524538476467,8.5));
#2773 = VERTEX_POINT('',#2774);
#2774 = CARTESIAN_POINT('',(2.969901319048,16.738568820396,8.5));
#2775 = SURFACE_CURVE('',#2776,(#2781,#2788),.PCURVE_S1.);
#2776 = CIRCLE('',#2777,17.);
#2777 = AXIS2_PLACEMENT_3D('',#2778,#2779,#2780);
#2778 = CARTESIAN_POINT('',(0.,0.,8.5));
#2779 = DIRECTION('',(0.,0.,1.));
#2780 = DIRECTION('',(1.,0.,-0.));
#2781 = PCURVE('',#2009,#2782);
#2782 = DEFINITIONAL_REPRESENTATION('',(#2783),#2787);
#2783 = LINE('',#2784,#2785);
#2784 = CARTESIAN_POINT('',(0.,6.));
#2785 = VECTOR('',#2786,1.);
#2786 = DIRECTION('',(1.,0.));
#2787 = ( GEOMETRIC_REPRESENTATION_CONTEXT(2) 
PARAMETRIC_REPRESENTATION_CONTEXT() REPRESENTATION_CONTEXT('2D SPACE',''
  ) );
#2788 = PCURVE('',#2789,#2794);
#2789 = PLANE('',#2790);
#2790 = AXIS2_PLACEMENT_3D('',#2791,#2792,#2793);
#2791 = CARTESIAN_POINT('',(4.275294517511,13.291569531957,8.5));
#2792 = DIRECTION('',(0.,0.,1.));
#2793 = DIRECTION('',(-8.715574274766E-02,0.996194698092,0.));
#2794 = DEFINITIONAL_REPRESENTATION('',(#2795),#2799);
#2795 = CIRCLE('',#2796,17.);
#2796 = AXIS2_PLACEMENT_2D('',#2797,#2798);
#2797 = CARTESIAN_POINT('',(-12.86837462791,5.417462345965));
#2798 = DIRECTION('',(-8.715574274766E-02,-0.996194698092));
#2799 = ( GEOMETRIC_REPRESENTATION_CONTEXT(2) 
PARAMETRIC_REPRESENTATION_CONTEXT() REPRESENTATION_CONTEXT('2D SPACE',''
  ) );
#2800 = ORIENTED_EDGE('',*,*,#2801,.T.);
#2801 = EDGE_CURVE('',#2771,#2802,#2804,.T.);
#2802 = VERTEX_POINT('',#2803);
#2803 = CARTESIAN_POINT('',(3.992446385335,16.524538476467,26.5));
#2804 = SURFACE_CURVE('',#2805,(#2809,#2815),.PCURVE_S1.);
#2805 = LINE('',#2806,#2807);
#2806 = CARTESIAN_POINT('',(3.992446385335,16.524538476467,2.5));
#2807 = VECTOR('',#2808,1.);
#2808 = DIRECTION('',(0.,0.,1.));
#2809 = PCURVE('',#2009,#2810);
#2810 = DEFINITIONAL_REPRESENTATION('',(#2811),#2814);
#2811 = B_SPLINE_CURVE_WITH_KNOTS('',1,(#2812,#2813),.UNSPECIFIED.,.F.,
  .F.,(2,2),(4.2,25.8),.PIECEWISE_BEZIER_KNOTS.);
#2812 = CARTESIAN_POINT('',(1.33373229629,4.2));
#2813 = CARTESIAN_POINT('',(1.33373229629,25.8));
#2814 = ( GEOMETRIC_REPRESENTATION_CONTEXT(2) 
PARAMETRIC_REPRESENTATION_CONTEXT() REPRESENTATION_CONTEXT('2D SPACE',''
  ) );
#2815 = PCURVE('',#2816,#2821);
#2816 = PLANE('',#2817);
#2817 = AXIS2_PLACEMENT_3D('',#2818,#2819,#2820);
#2818 = CARTESIAN_POINT('',(4.275294517511,13.291569531957,8.5));
#2819 = DIRECTION('',(-0.996194698092,-8.715574274766E-02,0.));
#2820 = DIRECTION('',(0.,0.,1.));
#2821 = DEFINITIONAL_REPRESENTATION('',(#2822),#2825);
#2822 = B_SPLINE_CURVE_WITH_KNOTS('',1,(#2823,#2824),.UNSPECIFIED.,.F.,
  .F.,(2,2),(4.2,25.8),.PIECEWISE_BEZIER_KNOTS.);
#2823 = CARTESIAN_POINT('',(-1.8,3.24531836066));
#2824 = CARTESIAN_POINT('',(19.8,3.24531836066));
#2825 = ( GEOMETRIC_REPRESENTATION_CONTEXT(2) 
PARAMETRIC_REPRESENTATION_CONTEXT() REPRESENTATION_CONTEXT('2D SPACE',''
  ) );
#2826 = ORIENTED_EDGE('',*,*,#2827,.T.);
#2827 = EDGE_CURVE('',#2802,#2828,#2830,.T.);
#2828 = VERTEX_POINT('',#2829);
#2829 = CARTESIAN_POINT('',(2.969901319048,16.738568820396,26.5));
#2830 = SURFACE_CURVE('',#2831,(#2836,#2843),.PCURVE_S1.);
#2831 = CIRCLE('',#2832,17.);
#2832 = AXIS2_PLACEMENT_3D('',#2833,#2834,#2835);
#2833 = CARTESIAN_POINT('',(0.,0.,26.5));
#2834 = DIRECTION('',(0.,0.,1.));
#2835 = DIRECTION('',(1.,0.,-0.));
#2836 = PCURVE('',#2009,#2837);
#2837 = DEFINITIONAL_REPRESENTATION('',(#2838),#2842);
#2838 = LINE('',#2839,#2840);
#2839 = CARTESIAN_POINT('',(0.,24.));
#2840 = VECTOR('',#2841,1.);
#2841 = DIRECTION('',(1.,0.));
#2842 = ( GEOMETRIC_REPRESENTATION_CONTEXT(2) 
PARAMETRIC_REPRESENTATION_CONTEXT() REPRESENTATION_CONTEXT('2D SPACE',''
  ) );
#2843 = PCURVE('',#2844,#2849);
#2844 = PLANE('',#2845);
#2845 = AXIS2_PLACEMENT_3D('',#2846,#2847,#2848);
#2846 = CARTESIAN_POINT('',(4.275294517511,13.291569531957,26.5));
#2847 = DIRECTION('',(0.,0.,1.));
#2848 = DIRECTION('',(-8.715574274766E-02,0.996194698092,0.));
#2849 = DEFINITIONAL_REPRESENTATION('',(#2850),#2854);
#2850 = CIRCLE('',#2851,17.);
#2851 = AXIS2_PLACEMENT_2D('',#2852,#2853);
#2852 = CARTESIAN_POINT('',(-12.86837462791,5.417462345965));
#2853 = DIRECTION('',(-8.715574274766E-02,-0.996194698092));
#2854 = ( GEOMETRIC_REPRESENTATION_CONTEXT(2) 
PARAMETRIC_REPRESENTATION_CONTEXT() REPRESENTATION_CONTEXT('2D SPACE',''
  ) );
#2855 = ORIENTED_EDGE('',*,*,#2856,.F.);
#2856 = EDGE_CURVE('',#2773,#2828,#2857,.T.);
#2857 = SURFACE_CURVE('',#2858,(#2862,#2868),.PCURVE_S1.);
#2858 = LINE('',#2859,#2860);
#2859 = CARTESIAN_POINT('',(2.969901319048,16.738568820396,2.5));
#2860 = VECTOR('',#2861,1.);
#2861 = DIRECTION('',(0.,0.,1.));
#2862 = PCURVE('',#2009,#2863);
#2863 = DEFINITIONAL_REPRESENTATION('',(#2864),#2867);
#2864 = B_SPLINE_CURVE_WITH_KNOTS('',1,(#2865,#2866),.UNSPECIFIED.,.F.,
  .F.,(2,2),(4.2,25.8),.PIECEWISE_BEZIER_KNOTS.);
#2865 = CARTESIAN_POINT('',(1.395195173612,4.2));
#2866 = CARTESIAN_POINT('',(1.395195173612,25.8));
#2867 = ( GEOMETRIC_REPRESENTATION_CONTEXT(2) 
PARAMETRIC_REPRESENTATION_CONTEXT() REPRESENTATION_CONTEXT('2D SPACE',''
  ) );
#2868 = PCURVE('',#2869,#2874);
#2869 = PLANE('',#2870);
#2870 = AXIS2_PLACEMENT_3D('',#2871,#2872,#2873);
#2871 = CARTESIAN_POINT('',(3.279099819419,13.204413789209,8.5));
#2872 = DIRECTION('',(-0.996194698092,-8.715574274766E-02,0.));
#2873 = DIRECTION('',(0.,0.,1.));
#2874 = DEFINITIONAL_REPRESENTATION('',(#2875),#2878);
#2875 = B_SPLINE_CURVE_WITH_KNOTS('',1,(#2876,#2877),.UNSPECIFIED.,.F.,
  .F.,(2,2),(4.2,25.8),.PIECEWISE_BEZIER_KNOTS.);
#2876 = CARTESIAN_POINT('',(-1.8,3.547654929258));
#2877 = CARTESIAN_POINT('',(19.8,3.547654929258));
#2878 = ( GEOMETRIC_REPRESENTATION_CONTEXT(2) 
PARAMETRIC_REPRESENTATION_CONTEXT() REPRESENTATION_CONTEXT('2D SPACE',''
  ) );
#2879 = FACE_BOUND('',#2880,.T.);
#2880 = EDGE_LOOP('',(#2881));
#2881 = ORIENTED_EDGE('',*,*,#2882,.T.);
#2882 = EDGE_CURVE('',#2883,#2883,#2885,.T.);
#2883 = VERTEX_POINT('',#2884);
#2884 = CARTESIAN_POINT('',(2.25,16.850445097979,17.5));
#2885 = SURFACE_CURVE('',#2886,(#2938,#3011),.PCURVE_S1.);
#2886 = B_SPLINE_CURVE_WITH_KNOTS('',8,(#2887,#2888,#2889,#2890,#2891,
    #2892,#2893,#2894,#2895,#2896,#2897,#2898,#2899,#2900,#2901,#2902,
    #2903,#2904,#2905,#2906,#2907,#2908,#2909,#2910,#2911,#2912,#2913,
    #2914,#2915,#2916,#2917,#2918,#2919,#2920,#2921,#2922,#2923,#2924,
    #2925,#2926,#2927,#2928,#2929,#2930,#2931,#2932,#2933,#2934,#2935,
    #2936,#2937),.UNSPECIFIED.,.T.,.F.,(9,7,7,7,7,7,7,9),(0.,
    0.154580791942,0.28650523919,0.41170825761,0.568850632538,
    0.707289794647,0.827968236073,1.),.UNSPECIFIED.);
#2887 = CARTESIAN_POINT('',(2.25,16.850445097979,17.5));
#2888 = CARTESIAN_POINT('',(2.25,16.850445097979,17.734874810786));
#2889 = CARTESIAN_POINT('',(2.221978807712,16.85418647646,17.96940578953
    ));
#2890 = CARTESIAN_POINT('',(2.166081857774,16.861651123354,
    18.201784268584));
#2891 = CARTESIAN_POINT('',(2.081700833045,16.872651500079,
    18.430013322285));
#2892 = CARTESIAN_POINT('',(1.967736129695,16.886813584615,
    18.651490002249));
#2893 = CARTESIAN_POINT('',(1.822763842543,16.903467824624,
    18.862739313249));
#2894 = CARTESIAN_POINT('',(1.645281149874,16.921522475578,
    19.059036572637));
#2895 = CARTESIAN_POINT('',(1.254063617858,16.954645605613,
    19.382679861647));
#2896 = CARTESIAN_POINT('',(1.042626762856,16.970342311655,
    19.521564508903));
#2897 = CARTESIAN_POINT('',(0.80301922284,16.984885629406,
    19.638192388452));
#2898 = CARTESIAN_POINT('',(0.54106188621,16.996350844939,
    19.723515883884));
#2899 = CARTESIAN_POINT('',(0.264737486431,17.002968152283,
    19.771536500809));
#2900 = CARTESIAN_POINT('',(-1.688001611978E-02,17.003929119958,
    19.779370642422));
#2901 = CARTESIAN_POINT('',(-0.29448114807,16.999518220957,
    19.747370802914));
#2902 = CARTESIAN_POINT('',(-0.811118216372,16.982503976546,
    19.614720949625));
#2903 = CARTESIAN_POINT('',(-1.043705813248,16.970582717912,
    19.51962794532));
#2904 = CARTESIAN_POINT('',(-1.255014731305,16.956218311449,
    19.399764920691));
#2905 = CARTESIAN_POINT('',(-1.443830810093,16.940664293935,
    19.260079449452));
#2906 = CARTESIAN_POINT('',(-1.609663954995,16.925028505194,
    19.104943283156));
#2907 = CARTESIAN_POINT('',(-1.752548424269,16.910192885697,
    18.938268347538));
#2908 = CARTESIAN_POINT('',(-1.872945683683,16.896803184658,
    18.763561066066));
#2909 = CARTESIAN_POINT('',(-2.095624111739,16.870801067842,
    18.358510509118));
#2910 = CARTESIAN_POINT('',(-2.186733177235,16.859108558743,
    18.123006346219));
#2911 = CARTESIAN_POINT('',(-2.24649936076,16.850995162424,
    17.881371627218));
#2912 = CARTESIAN_POINT('',(-2.275943376568,16.84689057536,
    17.636460473236));
#2913 = CARTESIAN_POINT('',(-2.275566710025,16.846965848694,
    17.390656967074));
#2914 = CARTESIAN_POINT('',(-2.245318604291,16.851188487368,
    17.146202359597));
#2915 = CARTESIAN_POINT('',(-2.184560063491,16.859311877267,
    16.905507132411));
#2916 = CARTESIAN_POINT('',(-2.010451042741,16.880901593566,
    16.465757943463));
#2917 = CARTESIAN_POINT('',(-1.903816229161,16.893666630478,
    16.264136927788));
#2918 = CARTESIAN_POINT('',(-1.77104276196,16.908726109513,
    16.069759361456));
#2919 = CARTESIAN_POINT('',(-1.6111431643,16.9254622782,15.886145831041)
  );
#2920 = CARTESIAN_POINT('',(-1.423412561393,16.942957735979,
    15.71759279922));
#2921 = CARTESIAN_POINT('',(-1.207594044983,16.959930677392,
    15.569282462291));
#2922 = CARTESIAN_POINT('',(-0.964211007243,16.974767679264,
    15.447501143042));
#2923 = CARTESIAN_POINT('',(-0.460866270028,16.995371370401,
    15.283954523925));
#2924 = CARTESIAN_POINT('',(-0.210578147413,17.001912893564,
    15.235079023481));
#2925 = CARTESIAN_POINT('',(4.864030341955E-02,17.004247373262,
    15.218815957352));
#2926 = CARTESIAN_POINT('',(0.308764808736,17.001708020252,
    15.237372827468));
#2927 = CARTESIAN_POINT('',(0.561512292096,16.994470956826,
    15.289959001892));
#2928 = CARTESIAN_POINT('',(0.799134048388,16.983642255706,
    15.372867877929));
#2929 = CARTESIAN_POINT('',(1.015298123623,16.970726900146,
    15.479486395102));
#2930 = CARTESIAN_POINT('',(1.47690760634,16.937907728023,
    15.772432680765));
#2931 = CARTESIAN_POINT('',(1.705029837706,16.916703070734,
    15.979313345238));
#2932 = CARTESIAN_POINT('',(1.890767697801,16.896281770039,
    16.209333833198));
#2933 = CARTESIAN_POINT('',(2.036229920188,16.878564331003,
    16.454773415122));
#2934 = CARTESIAN_POINT('',(2.143549017614,16.864658440779,
    16.710101075659));
#2935 = CARTESIAN_POINT('',(2.21446653193,16.855189961567,
    16.971330121987));
#2936 = CARTESIAN_POINT('',(2.25,16.850445097979,17.235508044726));
#2937 = CARTESIAN_POINT('',(2.25,16.850445097979,17.5));
#2938 = PCURVE('',#2009,#2939);
#2939 = DEFINITIONAL_REPRESENTATION('',(#2940),#3010);
#2940 = B_SPLINE_CURVE_WITH_KNOTS('',3,(#2941,#2942,#2943,#2944,#2945,
    #2946,#2947,#2948,#2949,#2950,#2951,#2952,#2953,#2954,#2955,#2956,
    #2957,#2958,#2959,#2960,#2961,#2962,#2963,#2964,#2965,#2966,#2967,
    #2968,#2969,#2970,#2971,#2972,#2973,#2974,#2975,#2976,#2977,#2978,
    #2979,#2980,#2981,#2982,#2983,#2984,#2985,#2986,#2987,#2988,#2989,
    #2990,#2991,#2992,#2993,#2994,#2995,#2996,#2997,#2998,#2999,#3000,
    #3001,#3002,#3003,#3004,#3005,#3006,#3007,#3008,#3009),
  .UNSPECIFIED.,.T.,.F.,(4,1,1,1,1,1,1,1,1,1,1,1,1,1,1,1,1,1,1,1,1,1,1,1
    ,1,1,1,1,1,1,1,1,1,1,1,1,1,1,1,1,1,1,1,1,1,1,1,1,1,1,1,1,1,1,1,1,1,1
    ,1,1,1,1,1,1,1,1,4),(0.,1.515151515152E-02,3.030303030303E-02,
    4.545454545455E-02,6.060606060606E-02,7.575757575758E-02,
    9.090909090909E-02,0.106060606061,0.121212121212,0.136363636364,
    0.151515151515,0.166666666667,0.181818181818,0.19696969697,
    0.212121212121,0.227272727273,0.242424242424,0.257575757576,
    0.272727272727,0.287878787879,0.30303030303,0.318181818182,
    0.333333333333,0.348484848485,0.363636363636,0.378787878788,
    0.393939393939,0.409090909091,0.424242424242,0.439393939394,
    0.454545454545,0.469696969697,0.484848484848,0.5,0.515151515152,
    0.530303030303,0.545454545455,0.560606060606,0.575757575758,
    0.590909090909,0.606060606061,0.621212121212,0.636363636364,
    0.651515151515,0.666666666667,0.681818181818,0.69696969697,
    0.712121212121,0.727272727273,0.742424242424,0.757575757576,
    0.772727272727,0.787878787879,0.80303030303,0.818181818182,
    0.833333333333,0.848484848485,0.863636363636,0.878787878788,
    0.893939393939,0.909090909091,0.924242424242,0.939393939394,
    0.954545454545,0.969696969697,0.984848484848,1.),
  .QUASI_UNIFORM_KNOTS.);
#2941 = CARTESIAN_POINT('',(1.438053896427,15.));
#2942 = CARTESIAN_POINT('',(1.438054359016,15.061386324896));
#2943 = CARTESIAN_POINT('',(1.438351728311,15.184114976988));
#2944 = CARTESIAN_POINT('',(1.43969368593,15.367422880446));
#2945 = CARTESIAN_POINT('',(1.441936136719,15.549320552396));
#2946 = CARTESIAN_POINT('',(1.445090606577,15.729085099382));
#2947 = CARTESIAN_POINT('',(1.449172193535,15.905902753628));
#2948 = CARTESIAN_POINT('',(1.454199280553,16.078836927019));
#2949 = CARTESIAN_POINT('',(1.460193224344,16.24681863789));
#2950 = CARTESIAN_POINT('',(1.46717487731,16.408580380554));
#2951 = CARTESIAN_POINT('',(1.475173428466,16.562782439082));
#2952 = CARTESIAN_POINT('',(1.484188574851,16.707409031807));
#2953 = CARTESIAN_POINT('',(1.494326301316,16.841870201515));
#2954 = CARTESIAN_POINT('',(1.505791798079,16.965021570673));
#2955 = CARTESIAN_POINT('',(1.518358943818,17.070730728844));
#2956 = CARTESIAN_POINT('',(1.531860188746,17.155194481385));
#2957 = CARTESIAN_POINT('',(1.54607417985,17.215127945815));
#2958 = CARTESIAN_POINT('',(1.560762348781,17.248271348166));
#2959 = CARTESIAN_POINT('',(1.575675980771,17.253227266133));
#2960 = CARTESIAN_POINT('',(1.5905328291,17.2296770118));
#2961 = CARTESIAN_POINT('',(1.605145090686,17.177767980996));
#2962 = CARTESIAN_POINT('',(1.618963662155,17.100496654089));
#2963 = CARTESIAN_POINT('',(1.631764216783,17.001975059549));
#2964 = CARTESIAN_POINT('',(1.643540793391,16.884977102005));
#2965 = CARTESIAN_POINT('',(1.654249461334,16.752351092229));
#2966 = CARTESIAN_POINT('',(1.663874290888,16.606669107425));
#2967 = CARTESIAN_POINT('',(1.672407088069,16.4503542386));
#2968 = CARTESIAN_POINT('',(1.679852421722,16.285633084586));
#2969 = CARTESIAN_POINT('',(1.686219941608,16.1146858257));
#2970 = CARTESIAN_POINT('',(1.691544071385,15.939160013633));
#2971 = CARTESIAN_POINT('',(1.695886638857,15.759132220553));
#2972 = CARTESIAN_POINT('',(1.699257837467,15.575862409426));
#2973 = CARTESIAN_POINT('',(1.701675723494,15.390185265135));
#2974 = CARTESIAN_POINT('',(1.70315106341,15.202946698028));
#2975 = CARTESIAN_POINT('',(1.703691224723,15.014917343887));
#2976 = CARTESIAN_POINT('',(1.703298989239,14.826844885607));
#2977 = CARTESIAN_POINT('',(1.701972620375,14.639465698843));
#2978 = CARTESIAN_POINT('',(1.699705957833,14.453537082069));
#2979 = CARTESIAN_POINT('',(1.696487088655,14.269829621837));
#2980 = CARTESIAN_POINT('',(1.692302594146,14.089265324309));
#2981 = CARTESIAN_POINT('',(1.687110428191,13.912129484215));
#2982 = CARTESIAN_POINT('',(1.680887057141,13.739937095766));
#2983 = CARTESIAN_POINT('',(1.673611111661,13.574264461605));
#2984 = CARTESIAN_POINT('',(1.665265859578,13.416905723837));
#2985 = CARTESIAN_POINT('',(1.655839806019,13.269850345451));
#2986 = CARTESIAN_POINT('',(1.645330015272,13.135319726174));
#2987 = CARTESIAN_POINT('',(1.633737590659,13.015760963587));
#2988 = CARTESIAN_POINT('',(1.621093576962,12.913974658949));
#2989 = CARTESIAN_POINT('',(1.607373429714,12.832778285998));
#2990 = CARTESIAN_POINT('',(1.592893119881,12.77673706857));
#2991 = CARTESIAN_POINT('',(1.57797751922,12.748467585929));
#2992 = CARTESIAN_POINT('',(1.562917122448,12.749144797151));
#2993 = CARTESIAN_POINT('',(1.54801827251,12.77873271868));
#2994 = CARTESIAN_POINT('',(1.533576020309,12.835964884583));
#2995 = CARTESIAN_POINT('',(1.519876379439,12.918276987686));
#2996 = CARTESIAN_POINT('',(1.507158933331,13.022155930199));
#2997 = CARTESIAN_POINT('',(1.49570956127,13.141845169465));
#2998 = CARTESIAN_POINT('',(1.485376179655,13.275323935474));
#2999 = CARTESIAN_POINT('',(1.47611557716,13.420682644642));
#3000 = CARTESIAN_POINT('',(1.467916020669,13.575780590771));
#3001 = CARTESIAN_POINT('',(1.460753626078,13.738897377005));
#3002 = CARTESIAN_POINT('',(1.454606019162,13.908509064205));
#3003 = CARTESIAN_POINT('',(1.449450343097,14.083305607843));
#3004 = CARTESIAN_POINT('',(1.44526524731,14.262149138872));
#3005 = CARTESIAN_POINT('',(1.442031582435,14.444051365524));
#3006 = CARTESIAN_POINT('',(1.439733551536,14.628150974442));
#3007 = CARTESIAN_POINT('',(1.438358844229,14.813683253173));
#3008 = CARTESIAN_POINT('',(1.438054362048,14.937885518426));
#3009 = CARTESIAN_POINT('',(1.438053896427,15.));
#3010 = ( GEOMETRIC_REPRESENTATION_CONTEXT(2) 
PARAMETRIC_REPRESENTATION_CONTEXT() REPRESENTATION_CONTEXT('2D SPACE',''
  ) );
#3011 = PCURVE('',#3012,#3017);
#3012 = CYLINDRICAL_SURFACE('',#3013,2.25);
#3013 = AXIS2_PLACEMENT_3D('',#3014,#3015,#3016);
#3014 = CARTESIAN_POINT('',(0.,17.,17.5));
#3015 = DIRECTION('',(0.,-1.,0.));
#3016 = DIRECTION('',(1.,0.,0.));
#3017 = DEFINITIONAL_REPRESENTATION('',(#3018),#3088);
#3018 = B_SPLINE_CURVE_WITH_KNOTS('',3,(#3019,#3020,#3021,#3022,#3023,
    #3024,#3025,#3026,#3027,#3028,#3029,#3030,#3031,#3032,#3033,#3034,
    #3035,#3036,#3037,#3038,#3039,#3040,#3041,#3042,#3043,#3044,#3045,
    #3046,#3047,#3048,#3049,#3050,#3051,#3052,#3053,#3054,#3055,#3056,
    #3057,#3058,#3059,#3060,#3061,#3062,#3063,#3064,#3065,#3066,#3067,
    #3068,#3069,#3070,#3071,#3072,#3073,#3074,#3075,#3076,#3077,#3078,
    #3079,#3080,#3081,#3082,#3083,#3084,#3085,#3086,#3087),
  .UNSPECIFIED.,.F.,.F.,(4,1,1,1,1,1,1,1,1,1,1,1,1,1,1,1,1,1,1,1,1,1,1,1
    ,1,1,1,1,1,1,1,1,1,1,1,1,1,1,1,1,1,1,1,1,1,1,1,1,1,1,1,1,1,1,1,1,1,1
    ,1,1,1,1,1,1,1,1,4),(0.,1.515151515152E-02,3.030303030303E-02,
    4.545454545455E-02,6.060606060606E-02,7.575757575758E-02,
    9.090909090909E-02,0.106060606061,0.121212121212,0.136363636364,
    0.151515151515,0.166666666667,0.181818181818,0.19696969697,
    0.212121212121,0.227272727273,0.242424242424,0.257575757576,
    0.272727272727,0.287878787879,0.30303030303,0.318181818182,
    0.333333333333,0.348484848485,0.363636363636,0.378787878788,
    0.393939393939,0.409090909091,0.424242424242,0.439393939394,
    0.454545454545,0.469696969697,0.484848484848,0.5,0.515151515152,
    0.530303030303,0.545454545455,0.560606060606,0.575757575758,
    0.590909090909,0.606060606061,0.621212121212,0.636363636364,
    0.651515151515,0.666666666667,0.681818181818,0.69696969697,
    0.712121212121,0.727272727273,0.742424242424,0.757575757576,
    0.772727272727,0.787878787879,0.80303030303,0.818181818182,
    0.833333333333,0.848484848485,0.863636363636,0.878787878788,
    0.893939393939,0.909090909091,0.924242424242,0.939393939394,
    0.954545454545,0.969696969697,0.984848484848,1.),
  .QUASI_UNIFORM_KNOTS.);
#3019 = CARTESIAN_POINT('',(0.,0.149554902021));
#3020 = CARTESIAN_POINT('',(2.728404651982E-02,0.14955729996));
#3021 = CARTESIAN_POINT('',(8.18282943661E-02,0.148882089469));
#3022 = CARTESIAN_POINT('',(0.16384766073,0.145879832681));
#3023 = CARTESIAN_POINT('',(0.246347845945,0.140926699081));
#3024 = CARTESIAN_POINT('',(0.329595144979,0.134103301262));
#3025 = CARTESIAN_POINT('',(0.413854183386,0.12552292077));
#3026 = CARTESIAN_POINT('',(0.499389010021,0.115340639716));
#3027 = CARTESIAN_POINT('',(0.58647524039,0.103757045375));
#3028 = CARTESIAN_POINT('',(0.675378235897,9.102874336205E-02));
#3029 = CARTESIAN_POINT('',(0.766458588793,7.745911115505E-02));
#3030 = CARTESIAN_POINT('',(0.859806655431,6.346176536713E-02));
#3031 = CARTESIAN_POINT('',(0.956641060834,4.935185345974E-02));
#3032 = CARTESIAN_POINT('',(1.058795847635,3.5494492404E-02));
#3033 = CARTESIAN_POINT('',(1.164439583092,2.288450281062E-02));
#3034 = CARTESIAN_POINT('',(1.272878876517,1.233792806163E-02));
#3035 = CARTESIAN_POINT('',(1.383308084038,4.600237703561E-03));
#3036 = CARTESIAN_POINT('',(1.495069494329,2.310039869281E-04));
#3037 = CARTESIAN_POINT('',(1.60759733293,-4.279656539902E-04));
#3038 = CARTESIAN_POINT('',(1.720150062503,2.690507472653E-03));
#3039 = CARTESIAN_POINT('',(1.832724195606,9.449328429478E-03));
#3040 = CARTESIAN_POINT('',(1.942384799417,1.921550604556E-02));
#3041 = CARTESIAN_POINT('',(2.048271338041,3.115870495002E-02));
#3042 = CARTESIAN_POINT('',(2.151022666464,4.460303173376E-02));
#3043 = CARTESIAN_POINT('',(2.250802719224,5.887193534097E-02));
#3044 = CARTESIAN_POINT('',(2.347844490606,7.335467394481E-02));
#3045 = CARTESIAN_POINT('',(2.442308854719,8.750556841731E-02));
#3046 = CARTESIAN_POINT('',(2.534346626451,0.10085864577));
#3047 = CARTESIAN_POINT('',(2.624022134024,0.113021165465));
#3048 = CARTESIAN_POINT('',(2.711581636275,0.123714580142));
#3049 = CARTESIAN_POINT('',(2.797885888416,0.132789775063));
#3050 = CARTESIAN_POINT('',(2.883090264602,0.140054208315));
#3051 = CARTESIAN_POINT('',(2.967503087827,0.145382105756));
#3052 = CARTESIAN_POINT('',(3.051376906114,0.148681418245));
#3053 = CARTESIAN_POINT('',(3.134970378289,0.149898538996));
#3054 = CARTESIAN_POINT('',(3.218536784948,0.149014247329));
#3055 = CARTESIAN_POINT('',(3.302333340895,0.146043133839));
#3056 = CARTESIAN_POINT('',(3.38661998584,0.141034193952));
#3057 = CARTESIAN_POINT('',(3.471679964636,0.13406976035));
#3058 = CARTESIAN_POINT('',(3.557765628171,0.125276578728));
#3059 = CARTESIAN_POINT('',(3.645517282308,0.114775616241));
#3060 = CARTESIAN_POINT('',(3.735090300853,0.102788044441));
#3061 = CARTESIAN_POINT('',(3.826697772795,8.960206796457E-02));
#3062 = CARTESIAN_POINT('',(3.920552483411,7.557969258228E-02));
#3063 = CARTESIAN_POINT('',(4.016892191941,6.115847571596E-02));
#3064 = CARTESIAN_POINT('',(4.115968455304,4.685297960632E-02));
#3065 = CARTESIAN_POINT('',(4.218104326548,3.324831065968E-02));
#3066 = CARTESIAN_POINT('',(4.323520640553,2.100595674296E-02));
#3067 = CARTESIAN_POINT('',(4.433030829111,1.080315790817E-02));
#3068 = CARTESIAN_POINT('',(4.545016621175,3.534159493307E-03));
#3069 = CARTESIAN_POINT('',(4.658219728047,-2.023608686242E-04));
#3070 = CARTESIAN_POINT('',(4.771829414326,-1.123301517142E-04));
#3071 = CARTESIAN_POINT('',(4.884972012861,3.79624151521E-03));
#3072 = CARTESIAN_POINT('',(4.996796456443,1.121054938545E-02));
#3073 = CARTESIAN_POINT('',(5.106319941439,2.153732079658E-02));
#3074 = CARTESIAN_POINT('',(5.212632424938,3.399800143594E-02));
#3075 = CARTESIAN_POINT('',(5.313876592261,4.756793594792E-02));
#3076 = CARTESIAN_POINT('',(5.411615906118,6.171290481356E-02));
#3077 = CARTESIAN_POINT('',(5.506532529241,7.592662372242E-02));
#3078 = CARTESIAN_POINT('',(5.59891234409,8.972211140594E-02));
#3079 = CARTESIAN_POINT('',(5.689103592698,0.102701946178));
#3080 = CARTESIAN_POINT('',(5.777405529837,0.114533254752));
#3081 = CARTESIAN_POINT('',(5.864107313904,0.124946870805));
#3082 = CARTESIAN_POINT('',(5.949485175481,0.133729479964));
#3083 = CARTESIAN_POINT('',(6.033809724615,0.140717274226));
#3084 = CARTESIAN_POINT('',(6.117350373788,0.145790843066));
#3085 = CARTESIAN_POINT('',(6.200378533285,0.148865913995));
#3086 = CARTESIAN_POINT('',(6.255577510428,0.149557449843));
#3087 = CARTESIAN_POINT('',(6.28318530718,0.149554902021));
#3088 = ( GEOMETRIC_REPRESENTATION_CONTEXT(2) 
PARAMETRIC_REPRESENTATION_CONTEXT() REPRESENTATION_CONTEXT('2D SPACE',''
  ) );
#3089 = FACE_BOUND('',#3090,.T.);
#3090 = EDGE_LOOP('',(#3091,#3122,#3148,#3177));
#3091 = ORIENTED_EDGE('',*,*,#3092,.F.);
#3092 = EDGE_CURVE('',#3093,#3095,#3097,.T.);
#3093 = VERTEX_POINT('',#3094);
#3094 = CARTESIAN_POINT('',(-4.804709245286,16.306893299101,8.5));
#3095 = VERTEX_POINT('',#3096);
#3096 = CARTESIAN_POINT('',(-5.79727442117,15.98097648098,8.5));
#3097 = SURFACE_CURVE('',#3098,(#3103,#3110),.PCURVE_S1.);
#3098 = CIRCLE('',#3099,17.);
#3099 = AXIS2_PLACEMENT_3D('',#3100,#3101,#3102);
#3100 = CARTESIAN_POINT('',(0.,0.,8.5));
#3101 = DIRECTION('',(0.,0.,1.));
#3102 = DIRECTION('',(1.,0.,-0.));
#3103 = PCURVE('',#2009,#3104);
#3104 = DEFINITIONAL_REPRESENTATION('',(#3105),#3109);
#3105 = LINE('',#3106,#3107);
#3106 = CARTESIAN_POINT('',(0.,6.));
#3107 = VECTOR('',#3108,1.);
#3108 = DIRECTION('',(1.,0.));
#3109 = ( GEOMETRIC_REPRESENTATION_CONTEXT(2) 
PARAMETRIC_REPRESENTATION_CONTEXT() REPRESENTATION_CONTEXT('2D SPACE',''
  ) );
#3110 = PCURVE('',#3111,#3116);
#3111 = PLANE('',#3112);
#3112 = AXIS2_PLACEMENT_3D('',#3113,#3114,#3115);
#3113 = CARTESIAN_POINT('',(-2.943271105153,13.648484129598,8.5));
#3114 = DIRECTION('',(0.,0.,1.));
#3115 = DIRECTION('',(-0.573576436351,0.819152044289,0.));
#3116 = DEFINITIONAL_REPRESENTATION('',(#3117),#3121);
#3117 = CIRCLE('',#3118,17.);
#3118 = AXIS2_PLACEMENT_2D('',#3119,#3120);
#3119 = CARTESIAN_POINT('',(-12.86837462791,5.417462345965));
#3120 = DIRECTION('',(-0.573576436351,-0.819152044289));
#3121 = ( GEOMETRIC_REPRESENTATION_CONTEXT(2) 
PARAMETRIC_REPRESENTATION_CONTEXT() REPRESENTATION_CONTEXT('2D SPACE',''
  ) );
#3122 = ORIENTED_EDGE('',*,*,#3123,.T.);
#3123 = EDGE_CURVE('',#3093,#3124,#3126,.T.);
#3124 = VERTEX_POINT('',#3125);
#3125 = CARTESIAN_POINT('',(-4.804709245286,16.306893299101,26.5));
#3126 = SURFACE_CURVE('',#3127,(#3131,#3137),.PCURVE_S1.);
#3127 = LINE('',#3128,#3129);
#3128 = CARTESIAN_POINT('',(-4.804709245286,16.306893299101,2.5));
#3129 = VECTOR('',#3130,1.);
#3130 = DIRECTION('',(0.,0.,1.));
#3131 = PCURVE('',#2009,#3132);
#3132 = DEFINITIONAL_REPRESENTATION('',(#3133),#3136);
#3133 = B_SPLINE_CURVE_WITH_KNOTS('',1,(#3134,#3135),.UNSPECIFIED.,.F.,
  .F.,(2,2),(4.2,25.8),.PIECEWISE_BEZIER_KNOTS.);
#3134 = CARTESIAN_POINT('',(1.857331071889,4.2));
#3135 = CARTESIAN_POINT('',(1.857331071889,25.8));
#3136 = ( GEOMETRIC_REPRESENTATION_CONTEXT(2) 
PARAMETRIC_REPRESENTATION_CONTEXT() REPRESENTATION_CONTEXT('2D SPACE',''
  ) );
#3137 = PCURVE('',#3138,#3143);
#3138 = PLANE('',#3139);
#3139 = AXIS2_PLACEMENT_3D('',#3140,#3141,#3142);
#3140 = CARTESIAN_POINT('',(-2.943271105153,13.648484129598,8.5));
#3141 = DIRECTION('',(-0.819152044289,-0.573576436351,0.));
#3142 = DIRECTION('',(0.,0.,1.));
#3143 = DEFINITIONAL_REPRESENTATION('',(#3144),#3147);
#3144 = B_SPLINE_CURVE_WITH_KNOTS('',1,(#3145,#3146),.UNSPECIFIED.,.F.,
  .F.,(2,2),(4.2,25.8),.PIECEWISE_BEZIER_KNOTS.);
#3145 = CARTESIAN_POINT('',(-1.8,3.24531836066));
#3146 = CARTESIAN_POINT('',(19.8,3.24531836066));
#3147 = ( GEOMETRIC_REPRESENTATION_CONTEXT(2) 
PARAMETRIC_REPRESENTATION_CONTEXT() REPRESENTATION_CONTEXT('2D SPACE',''
  ) );
#3148 = ORIENTED_EDGE('',*,*,#3149,.T.);
#3149 = EDGE_CURVE('',#3124,#3150,#3152,.T.);
#3150 = VERTEX_POINT('',#3151);
#3151 = CARTESIAN_POINT('',(-5.79727442117,15.98097648098,26.5));
#3152 = SURFACE_CURVE('',#3153,(#3158,#3165),.PCURVE_S1.);
#3153 = CIRCLE('',#3154,17.);
#3154 = AXIS2_PLACEMENT_3D('',#3155,#3156,#3157);
#3155 = CARTESIAN_POINT('',(0.,0.,26.5));
#3156 = DIRECTION('',(0.,0.,1.));
#3157 = DIRECTION('',(1.,0.,-0.));
#3158 = PCURVE('',#2009,#3159);
#3159 = DEFINITIONAL_REPRESENTATION('',(#3160),#3164);
#3160 = LINE('',#3161,#3162);
#3161 = CARTESIAN_POINT('',(0.,24.));
#3162 = VECTOR('',#3163,1.);
#3163 = DIRECTION('',(1.,0.));
#3164 = ( GEOMETRIC_REPRESENTATION_CONTEXT(2) 
PARAMETRIC_REPRESENTATION_CONTEXT() REPRESENTATION_CONTEXT('2D SPACE',''
  ) );
#3165 = PCURVE('',#3166,#3171);
#3166 = PLANE('',#3167);
#3167 = AXIS2_PLACEMENT_3D('',#3168,#3169,#3170);
#3168 = CARTESIAN_POINT('',(-2.943271105153,13.648484129598,26.5));
#3169 = DIRECTION('',(0.,0.,1.));
#3170 = DIRECTION('',(-0.573576436351,0.819152044289,0.));
#3171 = DEFINITIONAL_REPRESENTATION('',(#3172),#3176);
#3172 = CIRCLE('',#3173,17.);
#3173 = AXIS2_PLACEMENT_2D('',#3174,#3175);
#3174 = CARTESIAN_POINT('',(-12.86837462791,5.417462345965));
#3175 = DIRECTION('',(-0.573576436351,-0.819152044289));
#3176 = ( GEOMETRIC_REPRESENTATION_CONTEXT(2) 
PARAMETRIC_REPRESENTATION_CONTEXT() REPRESENTATION_CONTEXT('2D SPACE',''
  ) );
#3177 = ORIENTED_EDGE('',*,*,#3178,.F.);
#3178 = EDGE_CURVE('',#3095,#3150,#3179,.T.);
#3179 = SURFACE_CURVE('',#3180,(#3184,#3190),.PCURVE_S1.);
#3180 = LINE('',#3181,#3182);
#3181 = CARTESIAN_POINT('',(-5.79727442117,15.98097648098,2.5));
#3182 = VECTOR('',#3183,1.);
#3183 = DIRECTION('',(0.,0.,1.));
#3184 = PCURVE('',#2009,#3185);
#3185 = DEFINITIONAL_REPRESENTATION('',(#3186),#3189);
#3186 = B_SPLINE_CURVE_WITH_KNOTS('',1,(#3187,#3188),.UNSPECIFIED.,.F.,
  .F.,(2,2),(4.2,25.8),.PIECEWISE_BEZIER_KNOTS.);
#3187 = CARTESIAN_POINT('',(1.91879394921,4.2));
#3188 = CARTESIAN_POINT('',(1.91879394921,25.8));
#3189 = ( GEOMETRIC_REPRESENTATION_CONTEXT(2) 
PARAMETRIC_REPRESENTATION_CONTEXT() REPRESENTATION_CONTEXT('2D SPACE',''
  ) );
#3190 = PCURVE('',#3191,#3196);
#3191 = PLANE('',#3192);
#3192 = AXIS2_PLACEMENT_3D('',#3193,#3194,#3195);
#3193 = CARTESIAN_POINT('',(-3.762423149442,13.074907693246,8.5));
#3194 = DIRECTION('',(-0.819152044289,-0.573576436351,0.));
#3195 = DIRECTION('',(0.,0.,1.));
#3196 = DEFINITIONAL_REPRESENTATION('',(#3197),#3200);
#3197 = B_SPLINE_CURVE_WITH_KNOTS('',1,(#3198,#3199),.UNSPECIFIED.,.F.,
  .F.,(2,2),(4.2,25.8),.PIECEWISE_BEZIER_KNOTS.);
#3198 = CARTESIAN_POINT('',(-1.8,3.547654929258));
#3199 = CARTESIAN_POINT('',(19.8,3.547654929258));
#3200 = ( GEOMETRIC_REPRESENTATION_CONTEXT(2) 
PARAMETRIC_REPRESENTATION_CONTEXT() REPRESENTATION_CONTEXT('2D SPACE',''
  ) );
#3201 = FACE_BOUND('',#3202,.T.);
#3202 = EDGE_LOOP('',(#3203,#3234,#3260,#3289));
#3203 = ORIENTED_EDGE('',*,*,#3204,.F.);
#3204 = EDGE_CURVE('',#3205,#3207,#3209,.T.);
#3205 = VERTEX_POINT('',#3206);
#3206 = CARTESIAN_POINT('',(-12.31444691376,11.719829231181,8.5));
#3207 = VERTEX_POINT('',#3208);
#3208 = CARTESIAN_POINT('',(-13.01107516193,10.941294399226,8.5));
#3209 = SURFACE_CURVE('',#3210,(#3215,#3222),.PCURVE_S1.);
#3210 = CIRCLE('',#3211,17.);
#3211 = AXIS2_PLACEMENT_3D('',#3212,#3213,#3214);
#3212 = CARTESIAN_POINT('',(0.,0.,8.5));
#3213 = DIRECTION('',(0.,0.,1.));
#3214 = DIRECTION('',(1.,0.,-0.));
#3215 = PCURVE('',#2009,#3216);
#3216 = DEFINITIONAL_REPRESENTATION('',(#3217),#3221);
#3217 = LINE('',#3218,#3219);
#3218 = CARTESIAN_POINT('',(0.,6.));
#3219 = VECTOR('',#3220,1.);
#3220 = DIRECTION('',(1.,0.));
#3221 = ( GEOMETRIC_REPRESENTATION_CONTEXT(2) 
PARAMETRIC_REPRESENTATION_CONTEXT() REPRESENTATION_CONTEXT('2D SPACE',''
  ) );
#3222 = PCURVE('',#3223,#3228);
#3223 = PLANE('',#3224);
#3224 = AXIS2_PLACEMENT_3D('',#3225,#3226,#3227);
#3225 = CARTESIAN_POINT('',(-9.373189612086,10.348298426804,8.5));
#3226 = DIRECTION('',(0.,0.,1.));
#3227 = DIRECTION('',(-0.906307787037,0.422618261741,0.));
#3228 = DEFINITIONAL_REPRESENTATION('',(#3229),#3233);
#3229 = CIRCLE('',#3230,17.);
#3230 = AXIS2_PLACEMENT_2D('',#3231,#3232);
#3231 = CARTESIAN_POINT('',(-12.86837462791,5.417462345965));
#3232 = DIRECTION('',(-0.906307787037,-0.422618261741));
#3233 = ( GEOMETRIC_REPRESENTATION_CONTEXT(2) 
PARAMETRIC_REPRESENTATION_CONTEXT() REPRESENTATION_CONTEXT('2D SPACE',''
  ) );
#3234 = ORIENTED_EDGE('',*,*,#3235,.T.);
#3235 = EDGE_CURVE('',#3205,#3236,#3238,.T.);
#3236 = VERTEX_POINT('',#3237);
#3237 = CARTESIAN_POINT('',(-12.31444691376,11.719829231181,26.5));
#3238 = SURFACE_CURVE('',#3239,(#3243,#3249),.PCURVE_S1.);
#3239 = LINE('',#3240,#3241);
#3240 = CARTESIAN_POINT('',(-12.31444691376,11.719829231181,2.5));
#3241 = VECTOR('',#3242,1.);
#3242 = DIRECTION('',(0.,0.,1.));
#3243 = PCURVE('',#2009,#3244);
#3244 = DEFINITIONAL_REPRESENTATION('',(#3245),#3248);
#3245 = B_SPLINE_CURVE_WITH_KNOTS('',1,(#3246,#3247),.UNSPECIFIED.,.F.,
  .F.,(2,2),(4.2,25.8),.PIECEWISE_BEZIER_KNOTS.);
#3246 = CARTESIAN_POINT('',(2.380929847487,4.2));
#3247 = CARTESIAN_POINT('',(2.380929847487,25.8));
#3248 = ( GEOMETRIC_REPRESENTATION_CONTEXT(2) 
PARAMETRIC_REPRESENTATION_CONTEXT() REPRESENTATION_CONTEXT('2D SPACE',''
  ) );
#3249 = PCURVE('',#3250,#3255);
#3250 = PLANE('',#3251);
#3251 = AXIS2_PLACEMENT_3D('',#3252,#3253,#3254);
#3252 = CARTESIAN_POINT('',(-9.373189612086,10.348298426804,8.5));
#3253 = DIRECTION('',(-0.422618261741,-0.906307787037,0.));
#3254 = DIRECTION('',(0.,0.,1.));
#3255 = DEFINITIONAL_REPRESENTATION('',(#3256),#3259);
#3256 = B_SPLINE_CURVE_WITH_KNOTS('',1,(#3257,#3258),.UNSPECIFIED.,.F.,
  .F.,(2,2),(4.2,25.8),.PIECEWISE_BEZIER_KNOTS.);
#3257 = CARTESIAN_POINT('',(-1.8,3.24531836066));
#3258 = CARTESIAN_POINT('',(19.8,3.24531836066));
#3259 = ( GEOMETRIC_REPRESENTATION_CONTEXT(2) 
PARAMETRIC_REPRESENTATION_CONTEXT() REPRESENTATION_CONTEXT('2D SPACE',''
  ) );
#3260 = ORIENTED_EDGE('',*,*,#3261,.T.);
#3261 = EDGE_CURVE('',#3236,#3262,#3264,.T.);
#3262 = VERTEX_POINT('',#3263);
#3263 = CARTESIAN_POINT('',(-13.01107516193,10.941294399226,26.5));
#3264 = SURFACE_CURVE('',#3265,(#3270,#3277),.PCURVE_S1.);
#3265 = CIRCLE('',#3266,17.);
#3266 = AXIS2_PLACEMENT_3D('',#3267,#3268,#3269);
#3267 = CARTESIAN_POINT('',(0.,0.,26.5));
#3268 = DIRECTION('',(0.,0.,1.));
#3269 = DIRECTION('',(1.,0.,-0.));
#3270 = PCURVE('',#2009,#3271);
#3271 = DEFINITIONAL_REPRESENTATION('',(#3272),#3276);
#3272 = LINE('',#3273,#3274);
#3273 = CARTESIAN_POINT('',(0.,24.));
#3274 = VECTOR('',#3275,1.);
#3275 = DIRECTION('',(1.,0.));
#3276 = ( GEOMETRIC_REPRESENTATION_CONTEXT(2) 
PARAMETRIC_REPRESENTATION_CONTEXT() REPRESENTATION_CONTEXT('2D SPACE',''
  ) );
#3277 = PCURVE('',#3278,#3283);
#3278 = PLANE('',#3279);
#3279 = AXIS2_PLACEMENT_3D('',#3280,#3281,#3282);
#3280 = CARTESIAN_POINT('',(-9.373189612086,10.348298426804,26.5));
#3281 = DIRECTION('',(0.,0.,1.));
#3282 = DIRECTION('',(-0.906307787037,0.422618261741,0.));
#3283 = DEFINITIONAL_REPRESENTATION('',(#3284),#3288);
#3284 = CIRCLE('',#3285,17.);
#3285 = AXIS2_PLACEMENT_2D('',#3286,#3287);
#3286 = CARTESIAN_POINT('',(-12.86837462791,5.417462345965));
#3287 = DIRECTION('',(-0.906307787037,-0.422618261741));
#3288 = ( GEOMETRIC_REPRESENTATION_CONTEXT(2) 
PARAMETRIC_REPRESENTATION_CONTEXT() REPRESENTATION_CONTEXT('2D SPACE',''
  ) );
#3289 = ORIENTED_EDGE('',*,*,#3290,.F.);
#3290 = EDGE_CURVE('',#3207,#3262,#3291,.T.);
#3291 = SURFACE_CURVE('',#3292,(#3296,#3302),.PCURVE_S1.);
#3292 = LINE('',#3293,#3294);
#3293 = CARTESIAN_POINT('',(-13.01107516193,10.941294399226,2.5));
#3294 = VECTOR('',#3295,1.);
#3295 = DIRECTION('',(0.,0.,1.));
#3296 = PCURVE('',#2009,#3297);
#3297 = DEFINITIONAL_REPRESENTATION('',(#3298),#3301);
#3298 = B_SPLINE_CURVE_WITH_KNOTS('',1,(#3299,#3300),.UNSPECIFIED.,.F.,
  .F.,(2,2),(4.2,25.8),.PIECEWISE_BEZIER_KNOTS.);
#3299 = CARTESIAN_POINT('',(2.442392724809,4.2));
#3300 = CARTESIAN_POINT('',(2.442392724809,25.8));
#3301 = ( GEOMETRIC_REPRESENTATION_CONTEXT(2) 
PARAMETRIC_REPRESENTATION_CONTEXT() REPRESENTATION_CONTEXT('2D SPACE',''
  ) );
#3302 = PCURVE('',#3303,#3308);
#3303 = PLANE('',#3304);
#3304 = AXIS2_PLACEMENT_3D('',#3305,#3306,#3307);
#3305 = CARTESIAN_POINT('',(-9.795807873827,9.441990639767,8.5));
#3306 = DIRECTION('',(-0.422618261741,-0.906307787037,0.));
#3307 = DIRECTION('',(0.,0.,1.));
#3308 = DEFINITIONAL_REPRESENTATION('',(#3309),#3312);
#3309 = B_SPLINE_CURVE_WITH_KNOTS('',1,(#3310,#3311),.UNSPECIFIED.,.F.,
  .F.,(2,2),(4.2,25.8),.PIECEWISE_BEZIER_KNOTS.);
#3310 = CARTESIAN_POINT('',(-1.8,3.547654929258));
#3311 = CARTESIAN_POINT('',(19.8,3.547654929258));
#3312 = ( GEOMETRIC_REPRESENTATION_CONTEXT(2) 
PARAMETRIC_REPRESENTATION_CONTEXT() REPRESENTATION_CONTEXT('2D SPACE',''
  ) );
#3313 = FACE_BOUND('',#3314,.T.);
#3314 = EDGE_LOOP('',(#3315,#3346,#3372,#3401));
#3315 = ORIENTED_EDGE('',*,*,#3316,.F.);
#3316 = EDGE_CURVE('',#3317,#3319,#3321,.T.);
#3317 = VERTEX_POINT('',#3318);
#3318 = CARTESIAN_POINT('',(-16.52453847646,3.992446385335,8.5));
#3319 = VERTEX_POINT('',#3320);
#3320 = CARTESIAN_POINT('',(-16.73856882039,2.969901319048,8.5));
#3321 = SURFACE_CURVE('',#3322,(#3327,#3334),.PCURVE_S1.);
#3322 = CIRCLE('',#3323,17.);
#3323 = AXIS2_PLACEMENT_3D('',#3324,#3325,#3326);
#3324 = CARTESIAN_POINT('',(0.,0.,8.5));
#3325 = DIRECTION('',(0.,0.,1.));
#3326 = DIRECTION('',(1.,0.,-0.));
#3327 = PCURVE('',#2009,#3328);
#3328 = DEFINITIONAL_REPRESENTATION('',(#3329),#3333);
#3329 = LINE('',#3330,#3331);
#3330 = CARTESIAN_POINT('',(0.,6.));
#3331 = VECTOR('',#3332,1.);
#3332 = DIRECTION('',(1.,0.));
#3333 = ( GEOMETRIC_REPRESENTATION_CONTEXT(2) 
PARAMETRIC_REPRESENTATION_CONTEXT() REPRESENTATION_CONTEXT('2D SPACE',''
  ) );
#3334 = PCURVE('',#3335,#3340);
#3335 = PLANE('',#3336);
#3336 = AXIS2_PLACEMENT_3D('',#3337,#3338,#3339);
#3337 = CARTESIAN_POINT('',(-13.29156953195,4.275294517511,8.5));
#3338 = DIRECTION('',(0.,0.,1.));
#3339 = DIRECTION('',(-0.996194698092,-8.715574274766E-02,0.));
#3340 = DEFINITIONAL_REPRESENTATION('',(#3341),#3345);
#3341 = CIRCLE('',#3342,17.);
#3342 = AXIS2_PLACEMENT_2D('',#3343,#3344);
#3343 = CARTESIAN_POINT('',(-12.86837462791,5.417462345965));
#3344 = DIRECTION('',(-0.996194698092,8.715574274766E-02));
#3345 = ( GEOMETRIC_REPRESENTATION_CONTEXT(2) 
PARAMETRIC_REPRESENTATION_CONTEXT() REPRESENTATION_CONTEXT('2D SPACE',''
  ) );
#3346 = ORIENTED_EDGE('',*,*,#3347,.T.);
#3347 = EDGE_CURVE('',#3317,#3348,#3350,.T.);
#3348 = VERTEX_POINT('',#3349);
#3349 = CARTESIAN_POINT('',(-16.52453847646,3.992446385335,26.5));
#3350 = SURFACE_CURVE('',#3351,(#3355,#3361),.PCURVE_S1.);
#3351 = LINE('',#3352,#3353);
#3352 = CARTESIAN_POINT('',(-16.52453847646,3.992446385335,2.5));
#3353 = VECTOR('',#3354,1.);
#3354 = DIRECTION('',(0.,0.,1.));
#3355 = PCURVE('',#2009,#3356);
#3356 = DEFINITIONAL_REPRESENTATION('',(#3357),#3360);
#3357 = B_SPLINE_CURVE_WITH_KNOTS('',1,(#3358,#3359),.UNSPECIFIED.,.F.,
  .F.,(2,2),(4.2,25.8),.PIECEWISE_BEZIER_KNOTS.);
#3358 = CARTESIAN_POINT('',(2.904528623085,4.2));
#3359 = CARTESIAN_POINT('',(2.904528623085,25.8));
#3360 = ( GEOMETRIC_REPRESENTATION_CONTEXT(2) 
PARAMETRIC_REPRESENTATION_CONTEXT() REPRESENTATION_CONTEXT('2D SPACE',''
  ) );
#3361 = PCURVE('',#3362,#3367);
#3362 = PLANE('',#3363);
#3363 = AXIS2_PLACEMENT_3D('',#3364,#3365,#3366);
#3364 = CARTESIAN_POINT('',(-13.29156953195,4.275294517511,8.5));
#3365 = DIRECTION('',(8.715574274766E-02,-0.996194698092,0.));
#3366 = DIRECTION('',(0.,0.,1.));
#3367 = DEFINITIONAL_REPRESENTATION('',(#3368),#3371);
#3368 = B_SPLINE_CURVE_WITH_KNOTS('',1,(#3369,#3370),.UNSPECIFIED.,.F.,
  .F.,(2,2),(4.2,25.8),.PIECEWISE_BEZIER_KNOTS.);
#3369 = CARTESIAN_POINT('',(-1.8,3.24531836066));
#3370 = CARTESIAN_POINT('',(19.8,3.24531836066));
#3371 = ( GEOMETRIC_REPRESENTATION_CONTEXT(2) 
PARAMETRIC_REPRESENTATION_CONTEXT() REPRESENTATION_CONTEXT('2D SPACE',''
  ) );
#3372 = ORIENTED_EDGE('',*,*,#3373,.T.);
#3373 = EDGE_CURVE('',#3348,#3374,#3376,.T.);
#3374 = VERTEX_POINT('',#3375);
#3375 = CARTESIAN_POINT('',(-16.73856882039,2.969901319048,26.5));
#3376 = SURFACE_CURVE('',#3377,(#3382,#3389),.PCURVE_S1.);
#3377 = CIRCLE('',#3378,17.);
#3378 = AXIS2_PLACEMENT_3D('',#3379,#3380,#3381);
#3379 = CARTESIAN_POINT('',(0.,0.,26.5));
#3380 = DIRECTION('',(0.,0.,1.));
#3381 = DIRECTION('',(1.,0.,-0.));
#3382 = PCURVE('',#2009,#3383);
#3383 = DEFINITIONAL_REPRESENTATION('',(#3384),#3388);
#3384 = LINE('',#3385,#3386);
#3385 = CARTESIAN_POINT('',(0.,24.));
#3386 = VECTOR('',#3387,1.);
#3387 = DIRECTION('',(1.,0.));
#3388 = ( GEOMETRIC_REPRESENTATION_CONTEXT(2) 
PARAMETRIC_REPRESENTATION_CONTEXT() REPRESENTATION_CONTEXT('2D SPACE',''
  ) );
#3389 = PCURVE('',#3390,#3395);
#3390 = PLANE('',#3391);
#3391 = AXIS2_PLACEMENT_3D('',#3392,#3393,#3394);
#3392 = CARTESIAN_POINT('',(-13.29156953195,4.275294517511,26.5));
#3393 = DIRECTION('',(0.,0.,1.));
#3394 = DIRECTION('',(-0.996194698092,-8.715574274766E-02,0.));
#3395 = DEFINITIONAL_REPRESENTATION('',(#3396),#3400);
#3396 = CIRCLE('',#3397,17.);
#3397 = AXIS2_PLACEMENT_2D('',#3398,#3399);
#3398 = CARTESIAN_POINT('',(-12.86837462791,5.417462345965));
#3399 = DIRECTION('',(-0.996194698092,8.715574274766E-02));
#3400 = ( GEOMETRIC_REPRESENTATION_CONTEXT(2) 
PARAMETRIC_REPRESENTATION_CONTEXT() REPRESENTATION_CONTEXT('2D SPACE',''
  ) );
#3401 = ORIENTED_EDGE('',*,*,#3402,.F.);
#3402 = EDGE_CURVE('',#3319,#3374,#3403,.T.);
#3403 = SURFACE_CURVE('',#3404,(#3408,#3414),.PCURVE_S1.);
#3404 = LINE('',#3405,#3406);
#3405 = CARTESIAN_POINT('',(-16.73856882039,2.969901319048,2.5));
#3406 = VECTOR('',#3407,1.);
#3407 = DIRECTION('',(0.,0.,1.));
#3408 = PCURVE('',#2009,#3409);
#3409 = DEFINITIONAL_REPRESENTATION('',(#3410),#3413);
#3410 = B_SPLINE_CURVE_WITH_KNOTS('',1,(#3411,#3412),.UNSPECIFIED.,.F.,
  .F.,(2,2),(4.2,25.8),.PIECEWISE_BEZIER_KNOTS.);
#3411 = CARTESIAN_POINT('',(2.965991500407,4.2));
#3412 = CARTESIAN_POINT('',(2.965991500407,25.8));
#3413 = ( GEOMETRIC_REPRESENTATION_CONTEXT(2) 
PARAMETRIC_REPRESENTATION_CONTEXT() REPRESENTATION_CONTEXT('2D SPACE',''
  ) );
#3414 = PCURVE('',#3415,#3420);
#3415 = PLANE('',#3416);
#3416 = AXIS2_PLACEMENT_3D('',#3417,#3418,#3419);
#3417 = CARTESIAN_POINT('',(-13.2044137892,3.279099819419,8.5));
#3418 = DIRECTION('',(8.715574274766E-02,-0.996194698092,0.));
#3419 = DIRECTION('',(0.,0.,1.));
#3420 = DEFINITIONAL_REPRESENTATION('',(#3421),#3424);
#3421 = B_SPLINE_CURVE_WITH_KNOTS('',1,(#3422,#3423),.UNSPECIFIED.,.F.,
  .F.,(2,2),(4.2,25.8),.PIECEWISE_BEZIER_KNOTS.);
#3422 = CARTESIAN_POINT('',(-1.8,3.547654929258));
#3423 = CARTESIAN_POINT('',(19.8,3.547654929258));
#3424 = ( GEOMETRIC_REPRESENTATION_CONTEXT(2) 
PARAMETRIC_REPRESENTATION_CONTEXT() REPRESENTATION_CONTEXT('2D SPACE',''
  ) );
#3425 = FACE_BOUND('',#3426,.T.);
#3426 = EDGE_LOOP('',(#3427,#3458,#3484,#3513));
#3427 = ORIENTED_EDGE('',*,*,#3428,.F.);
#3428 = EDGE_CURVE('',#3429,#3431,#3433,.T.);
#3429 = VERTEX_POINT('',#3430);
#3430 = CARTESIAN_POINT('',(-16.3068932991,-4.804709245286,8.5));
#3431 = VERTEX_POINT('',#3432);
#3432 = CARTESIAN_POINT('',(-15.98097648098,-5.79727442117,8.5));
#3433 = SURFACE_CURVE('',#3434,(#3439,#3446),.PCURVE_S1.);
#3434 = CIRCLE('',#3435,17.);
#3435 = AXIS2_PLACEMENT_3D('',#3436,#3437,#3438);
#3436 = CARTESIAN_POINT('',(0.,0.,8.5));
#3437 = DIRECTION('',(0.,0.,1.));
#3438 = DIRECTION('',(1.,0.,-0.));
#3439 = PCURVE('',#2009,#3440);
#3440 = DEFINITIONAL_REPRESENTATION('',(#3441),#3445);
#3441 = LINE('',#3442,#3443);
#3442 = CARTESIAN_POINT('',(0.,6.));
#3443 = VECTOR('',#3444,1.);
#3444 = DIRECTION('',(1.,0.));
#3445 = ( GEOMETRIC_REPRESENTATION_CONTEXT(2) 
PARAMETRIC_REPRESENTATION_CONTEXT() REPRESENTATION_CONTEXT('2D SPACE',''
  ) );
#3446 = PCURVE('',#3447,#3452);
#3447 = PLANE('',#3448);
#3448 = AXIS2_PLACEMENT_3D('',#3449,#3450,#3451);
#3449 = CARTESIAN_POINT('',(-13.64848412959,-2.943271105153,8.5));
#3450 = DIRECTION('',(0.,0.,1.));
#3451 = DIRECTION('',(-0.819152044289,-0.573576436351,0.));
#3452 = DEFINITIONAL_REPRESENTATION('',(#3453),#3457);
#3453 = CIRCLE('',#3454,17.);
#3454 = AXIS2_PLACEMENT_2D('',#3455,#3456);
#3455 = CARTESIAN_POINT('',(-12.86837462791,5.417462345965));
#3456 = DIRECTION('',(-0.819152044289,0.573576436351));
#3457 = ( GEOMETRIC_REPRESENTATION_CONTEXT(2) 
PARAMETRIC_REPRESENTATION_CONTEXT() REPRESENTATION_CONTEXT('2D SPACE',''
  ) );
#3458 = ORIENTED_EDGE('',*,*,#3459,.T.);
#3459 = EDGE_CURVE('',#3429,#3460,#3462,.T.);
#3460 = VERTEX_POINT('',#3461);
#3461 = CARTESIAN_POINT('',(-16.3068932991,-4.804709245286,26.5));
#3462 = SURFACE_CURVE('',#3463,(#3467,#3473),.PCURVE_S1.);
#3463 = LINE('',#3464,#3465);
#3464 = CARTESIAN_POINT('',(-16.3068932991,-4.804709245286,2.5));
#3465 = VECTOR('',#3466,1.);
#3466 = DIRECTION('',(0.,0.,1.));
#3467 = PCURVE('',#2009,#3468);
#3468 = DEFINITIONAL_REPRESENTATION('',(#3469),#3472);
#3469 = B_SPLINE_CURVE_WITH_KNOTS('',1,(#3470,#3471),.UNSPECIFIED.,.F.,
  .F.,(2,2),(4.2,25.8),.PIECEWISE_BEZIER_KNOTS.);
#3470 = CARTESIAN_POINT('',(3.428127398683,4.2));
#3471 = CARTESIAN_POINT('',(3.428127398683,25.8));
#3472 = ( GEOMETRIC_REPRESENTATION_CONTEXT(2) 
PARAMETRIC_REPRESENTATION_CONTEXT() REPRESENTATION_CONTEXT('2D SPACE',''
  ) );
#3473 = PCURVE('',#3474,#3479);
#3474 = PLANE('',#3475);
#3475 = AXIS2_PLACEMENT_3D('',#3476,#3477,#3478);
#3476 = CARTESIAN_POINT('',(-13.64848412959,-2.943271105153,8.5));
#3477 = DIRECTION('',(0.573576436351,-0.819152044289,0.));
#3478 = DIRECTION('',(0.,0.,1.));
#3479 = DEFINITIONAL_REPRESENTATION('',(#3480),#3483);
#3480 = B_SPLINE_CURVE_WITH_KNOTS('',1,(#3481,#3482),.UNSPECIFIED.,.F.,
  .F.,(2,2),(4.2,25.8),.PIECEWISE_BEZIER_KNOTS.);
#3481 = CARTESIAN_POINT('',(-1.8,3.24531836066));
#3482 = CARTESIAN_POINT('',(19.8,3.24531836066));
#3483 = ( GEOMETRIC_REPRESENTATION_CONTEXT(2) 
PARAMETRIC_REPRESENTATION_CONTEXT() REPRESENTATION_CONTEXT('2D SPACE',''
  ) );
#3484 = ORIENTED_EDGE('',*,*,#3485,.T.);
#3485 = EDGE_CURVE('',#3460,#3486,#3488,.T.);
#3486 = VERTEX_POINT('',#3487);
#3487 = CARTESIAN_POINT('',(-15.98097648098,-5.79727442117,26.5));
#3488 = SURFACE_CURVE('',#3489,(#3494,#3501),.PCURVE_S1.);
#3489 = CIRCLE('',#3490,17.);
#3490 = AXIS2_PLACEMENT_3D('',#3491,#3492,#3493);
#3491 = CARTESIAN_POINT('',(0.,0.,26.5));
#3492 = DIRECTION('',(0.,0.,1.));
#3493 = DIRECTION('',(1.,0.,-0.));
#3494 = PCURVE('',#2009,#3495);
#3495 = DEFINITIONAL_REPRESENTATION('',(#3496),#3500);
#3496 = LINE('',#3497,#3498);
#3497 = CARTESIAN_POINT('',(0.,24.));
#3498 = VECTOR('',#3499,1.);
#3499 = DIRECTION('',(1.,0.));
#3500 = ( GEOMETRIC_REPRESENTATION_CONTEXT(2) 
PARAMETRIC_REPRESENTATION_CONTEXT() REPRESENTATION_CONTEXT('2D SPACE',''
  ) );
#3501 = PCURVE('',#3502,#3507);
#3502 = PLANE('',#3503);
#3503 = AXIS2_PLACEMENT_3D('',#3504,#3505,#3506);
#3504 = CARTESIAN_POINT('',(-13.64848412959,-2.943271105153,26.5));
#3505 = DIRECTION('',(0.,0.,1.));
#3506 = DIRECTION('',(-0.819152044289,-0.573576436351,0.));
#3507 = DEFINITIONAL_REPRESENTATION('',(#3508),#3512);
#3508 = CIRCLE('',#3509,17.);
#3509 = AXIS2_PLACEMENT_2D('',#3510,#3511);
#3510 = CARTESIAN_POINT('',(-12.86837462791,5.417462345965));
#3511 = DIRECTION('',(-0.819152044289,0.573576436351));
#3512 = ( GEOMETRIC_REPRESENTATION_CONTEXT(2) 
PARAMETRIC_REPRESENTATION_CONTEXT() REPRESENTATION_CONTEXT('2D SPACE',''
  ) );
#3513 = ORIENTED_EDGE('',*,*,#3514,.F.);
#3514 = EDGE_CURVE('',#3431,#3486,#3515,.T.);
#3515 = SURFACE_CURVE('',#3516,(#3520,#3526),.PCURVE_S1.);
#3516 = LINE('',#3517,#3518);
#3517 = CARTESIAN_POINT('',(-15.98097648098,-5.79727442117,2.5));
#3518 = VECTOR('',#3519,1.);
#3519 = DIRECTION('',(0.,0.,1.));
#3520 = PCURVE('',#2009,#3521);
#3521 = DEFINITIONAL_REPRESENTATION('',(#3522),#3525);
#3522 = B_SPLINE_CURVE_WITH_KNOTS('',1,(#3523,#3524),.UNSPECIFIED.,.F.,
  .F.,(2,2),(4.2,25.8),.PIECEWISE_BEZIER_KNOTS.);
#3523 = CARTESIAN_POINT('',(3.489590276005,4.2));
#3524 = CARTESIAN_POINT('',(3.489590276005,25.8));
#3525 = ( GEOMETRIC_REPRESENTATION_CONTEXT(2) 
PARAMETRIC_REPRESENTATION_CONTEXT() REPRESENTATION_CONTEXT('2D SPACE',''
  ) );
#3526 = PCURVE('',#3527,#3532);
#3527 = PLANE('',#3528);
#3528 = AXIS2_PLACEMENT_3D('',#3529,#3530,#3531);
#3529 = CARTESIAN_POINT('',(-13.07490769324,-3.762423149442,8.5));
#3530 = DIRECTION('',(0.573576436351,-0.819152044289,0.));
#3531 = DIRECTION('',(0.,0.,1.));
#3532 = DEFINITIONAL_REPRESENTATION('',(#3533),#3536);
#3533 = B_SPLINE_CURVE_WITH_KNOTS('',1,(#3534,#3535),.UNSPECIFIED.,.F.,
  .F.,(2,2),(4.2,25.8),.PIECEWISE_BEZIER_KNOTS.);
#3534 = CARTESIAN_POINT('',(-1.8,3.547654929258));
#3535 = CARTESIAN_POINT('',(19.8,3.547654929258));
#3536 = ( GEOMETRIC_REPRESENTATION_CONTEXT(2) 
PARAMETRIC_REPRESENTATION_CONTEXT() REPRESENTATION_CONTEXT('2D SPACE',''
  ) );
#3537 = FACE_BOUND('',#3538,.T.);
#3538 = EDGE_LOOP('',(#3539,#3570,#3596,#3625));
#3539 = ORIENTED_EDGE('',*,*,#3540,.F.);
#3540 = EDGE_CURVE('',#3541,#3543,#3545,.T.);
#3541 = VERTEX_POINT('',#3542);
#3542 = CARTESIAN_POINT('',(-11.71982923118,-12.31444691376,8.5));
#3543 = VERTEX_POINT('',#3544);
#3544 = CARTESIAN_POINT('',(-10.94129439922,-13.01107516193,8.5));
#3545 = SURFACE_CURVE('',#3546,(#3551,#3558),.PCURVE_S1.);
#3546 = CIRCLE('',#3547,17.);
#3547 = AXIS2_PLACEMENT_3D('',#3548,#3549,#3550);
#3548 = CARTESIAN_POINT('',(0.,0.,8.5));
#3549 = DIRECTION('',(0.,0.,1.));
#3550 = DIRECTION('',(1.,0.,-0.));
#3551 = PCURVE('',#2009,#3552);
#3552 = DEFINITIONAL_REPRESENTATION('',(#3553),#3557);
#3553 = LINE('',#3554,#3555);
#3554 = CARTESIAN_POINT('',(0.,6.));
#3555 = VECTOR('',#3556,1.);
#3556 = DIRECTION('',(1.,0.));
#3557 = ( GEOMETRIC_REPRESENTATION_CONTEXT(2) 
PARAMETRIC_REPRESENTATION_CONTEXT() REPRESENTATION_CONTEXT('2D SPACE',''
  ) );
#3558 = PCURVE('',#3559,#3564);
#3559 = PLANE('',#3560);
#3560 = AXIS2_PLACEMENT_3D('',#3561,#3562,#3563);
#3561 = CARTESIAN_POINT('',(-10.3482984268,-9.373189612086,8.5));
#3562 = DIRECTION('',(0.,0.,1.));
#3563 = DIRECTION('',(-0.422618261741,-0.906307787037,0.));
#3564 = DEFINITIONAL_REPRESENTATION('',(#3565),#3569);
#3565 = CIRCLE('',#3566,17.);
#3566 = AXIS2_PLACEMENT_2D('',#3567,#3568);
#3567 = CARTESIAN_POINT('',(-12.86837462791,5.417462345965));
#3568 = DIRECTION('',(-0.422618261741,0.906307787037));
#3569 = ( GEOMETRIC_REPRESENTATION_CONTEXT(2) 
PARAMETRIC_REPRESENTATION_CONTEXT() REPRESENTATION_CONTEXT('2D SPACE',''
  ) );
#3570 = ORIENTED_EDGE('',*,*,#3571,.T.);
#3571 = EDGE_CURVE('',#3541,#3572,#3574,.T.);
#3572 = VERTEX_POINT('',#3573);
#3573 = CARTESIAN_POINT('',(-11.71982923118,-12.31444691376,26.5));
#3574 = SURFACE_CURVE('',#3575,(#3579,#3585),.PCURVE_S1.);
#3575 = LINE('',#3576,#3577);
#3576 = CARTESIAN_POINT('',(-11.71982923118,-12.31444691376,2.5));
#3577 = VECTOR('',#3578,1.);
#3578 = DIRECTION('',(0.,0.,1.));
#3579 = PCURVE('',#2009,#3580);
#3580 = DEFINITIONAL_REPRESENTATION('',(#3581),#3584);
#3581 = B_SPLINE_CURVE_WITH_KNOTS('',1,(#3582,#3583),.UNSPECIFIED.,.F.,
  .F.,(2,2),(4.2,25.8),.PIECEWISE_BEZIER_KNOTS.);
#3582 = CARTESIAN_POINT('',(3.951726174282,4.2));
#3583 = CARTESIAN_POINT('',(3.951726174282,25.8));
#3584 = ( GEOMETRIC_REPRESENTATION_CONTEXT(2) 
PARAMETRIC_REPRESENTATION_CONTEXT() REPRESENTATION_CONTEXT('2D SPACE',''
  ) );
#3585 = PCURVE('',#3586,#3591);
#3586 = PLANE('',#3587);
#3587 = AXIS2_PLACEMENT_3D('',#3588,#3589,#3590);
#3588 = CARTESIAN_POINT('',(-10.3482984268,-9.373189612086,8.5));
#3589 = DIRECTION('',(0.906307787037,-0.422618261741,0.));
#3590 = DIRECTION('',(0.,0.,1.));
#3591 = DEFINITIONAL_REPRESENTATION('',(#3592),#3595);
#3592 = B_SPLINE_CURVE_WITH_KNOTS('',1,(#3593,#3594),.UNSPECIFIED.,.F.,
  .F.,(2,2),(4.2,25.8),.PIECEWISE_BEZIER_KNOTS.);
#3593 = CARTESIAN_POINT('',(-1.8,3.24531836066));
#3594 = CARTESIAN_POINT('',(19.8,3.24531836066));
#3595 = ( GEOMETRIC_REPRESENTATION_CONTEXT(2) 
PARAMETRIC_REPRESENTATION_CONTEXT() REPRESENTATION_CONTEXT('2D SPACE',''
  ) );
#3596 = ORIENTED_EDGE('',*,*,#3597,.T.);
#3597 = EDGE_CURVE('',#3572,#3598,#3600,.T.);
#3598 = VERTEX_POINT('',#3599);
#3599 = CARTESIAN_POINT('',(-10.94129439922,-13.01107516193,26.5));
#3600 = SURFACE_CURVE('',#3601,(#3606,#3613),.PCURVE_S1.);
#3601 = CIRCLE('',#3602,17.);
#3602 = AXIS2_PLACEMENT_3D('',#3603,#3604,#3605);
#3603 = CARTESIAN_POINT('',(0.,0.,26.5));
#3604 = DIRECTION('',(0.,0.,1.));
#3605 = DIRECTION('',(1.,0.,-0.));
#3606 = PCURVE('',#2009,#3607);
#3607 = DEFINITIONAL_REPRESENTATION('',(#3608),#3612);
#3608 = LINE('',#3609,#3610);
#3609 = CARTESIAN_POINT('',(0.,24.));
#3610 = VECTOR('',#3611,1.);
#3611 = DIRECTION('',(1.,0.));
#3612 = ( GEOMETRIC_REPRESENTATION_CONTEXT(2) 
PARAMETRIC_REPRESENTATION_CONTEXT() REPRESENTATION_CONTEXT('2D SPACE',''
  ) );
#3613 = PCURVE('',#3614,#3619);
#3614 = PLANE('',#3615);
#3615 = AXIS2_PLACEMENT_3D('',#3616,#3617,#3618);
#3616 = CARTESIAN_POINT('',(-10.3482984268,-9.373189612086,26.5));
#3617 = DIRECTION('',(0.,0.,1.));
#3618 = DIRECTION('',(-0.422618261741,-0.906307787037,0.));
#3619 = DEFINITIONAL_REPRESENTATION('',(#3620),#3624);
#3620 = CIRCLE('',#3621,17.);
#3621 = AXIS2_PLACEMENT_2D('',#3622,#3623);
#3622 = CARTESIAN_POINT('',(-12.86837462791,5.417462345965));
#3623 = DIRECTION('',(-0.422618261741,0.906307787037));
#3624 = ( GEOMETRIC_REPRESENTATION_CONTEXT(2) 
PARAMETRIC_REPRESENTATION_CONTEXT() REPRESENTATION_CONTEXT('2D SPACE',''
  ) );
#3625 = ORIENTED_EDGE('',*,*,#3626,.F.);
#3626 = EDGE_CURVE('',#3543,#3598,#3627,.T.);
#3627 = SURFACE_CURVE('',#3628,(#3632,#3638),.PCURVE_S1.);
#3628 = LINE('',#3629,#3630);
#3629 = CARTESIAN_POINT('',(-10.94129439922,-13.01107516193,2.5));
#3630 = VECTOR('',#3631,1.);
#3631 = DIRECTION('',(0.,0.,1.));
#3632 = PCURVE('',#2009,#3633);
#3633 = DEFINITIONAL_REPRESENTATION('',(#3634),#3637);
#3634 = B_SPLINE_CURVE_WITH_KNOTS('',1,(#3635,#3636),.UNSPECIFIED.,.F.,
  .F.,(2,2),(4.2,25.8),.PIECEWISE_BEZIER_KNOTS.);
#3635 = CARTESIAN_POINT('',(4.013189051604,4.2));
#3636 = CARTESIAN_POINT('',(4.013189051604,25.8));
#3637 = ( GEOMETRIC_REPRESENTATION_CONTEXT(2) 
PARAMETRIC_REPRESENTATION_CONTEXT() REPRESENTATION_CONTEXT('2D SPACE',''
  ) );
#3638 = PCURVE('',#3639,#3644);
#3639 = PLANE('',#3640);
#3640 = AXIS2_PLACEMENT_3D('',#3641,#3642,#3643);
#3641 = CARTESIAN_POINT('',(-9.441990639767,-9.795807873827,8.5));
#3642 = DIRECTION('',(0.906307787037,-0.422618261741,0.));
#3643 = DIRECTION('',(0.,0.,1.));
#3644 = DEFINITIONAL_REPRESENTATION('',(#3645),#3648);
#3645 = B_SPLINE_CURVE_WITH_KNOTS('',1,(#3646,#3647),.UNSPECIFIED.,.F.,
  .F.,(2,2),(4.2,25.8),.PIECEWISE_BEZIER_KNOTS.);
#3646 = CARTESIAN_POINT('',(-1.8,3.547654929258));
#3647 = CARTESIAN_POINT('',(19.8,3.547654929258));
#3648 = ( GEOMETRIC_REPRESENTATION_CONTEXT(2) 
PARAMETRIC_REPRESENTATION_CONTEXT() REPRESENTATION_CONTEXT('2D SPACE',''
  ) );
#3649 = FACE_BOUND('',#3650,.T.);
#3650 = EDGE_LOOP('',(#3651,#3682,#3708,#3737));
#3651 = ORIENTED_EDGE('',*,*,#3652,.F.);
#3652 = EDGE_CURVE('',#3653,#3655,#3657,.T.);
#3653 = VERTEX_POINT('',#3654);
#3654 = CARTESIAN_POINT('',(-3.992446385335,-16.52453847646,8.5));
#3655 = VERTEX_POINT('',#3656);
#3656 = CARTESIAN_POINT('',(-2.969901319048,-16.73856882039,8.5));
#3657 = SURFACE_CURVE('',#3658,(#3663,#3670),.PCURVE_S1.);
#3658 = CIRCLE('',#3659,17.);
#3659 = AXIS2_PLACEMENT_3D('',#3660,#3661,#3662);
#3660 = CARTESIAN_POINT('',(0.,0.,8.5));
#3661 = DIRECTION('',(0.,0.,1.));
#3662 = DIRECTION('',(1.,0.,-0.));
#3663 = PCURVE('',#2009,#3664);
#3664 = DEFINITIONAL_REPRESENTATION('',(#3665),#3669);
#3665 = LINE('',#3666,#3667);
#3666 = CARTESIAN_POINT('',(0.,6.));
#3667 = VECTOR('',#3668,1.);
#3668 = DIRECTION('',(1.,0.));
#3669 = ( GEOMETRIC_REPRESENTATION_CONTEXT(2) 
PARAMETRIC_REPRESENTATION_CONTEXT() REPRESENTATION_CONTEXT('2D SPACE',''
  ) );
#3670 = PCURVE('',#3671,#3676);
#3671 = PLANE('',#3672);
#3672 = AXIS2_PLACEMENT_3D('',#3673,#3674,#3675);
#3673 = CARTESIAN_POINT('',(-4.275294517511,-13.29156953195,8.5));
#3674 = DIRECTION('',(0.,0.,1.));
#3675 = DIRECTION('',(8.715574274766E-02,-0.996194698092,0.));
#3676 = DEFINITIONAL_REPRESENTATION('',(#3677),#3681);
#3677 = CIRCLE('',#3678,17.);
#3678 = AXIS2_PLACEMENT_2D('',#3679,#3680);
#3679 = CARTESIAN_POINT('',(-12.86837462791,5.417462345965));
#3680 = DIRECTION('',(8.715574274766E-02,0.996194698092));
#3681 = ( GEOMETRIC_REPRESENTATION_CONTEXT(2) 
PARAMETRIC_REPRESENTATION_CONTEXT() REPRESENTATION_CONTEXT('2D SPACE',''
  ) );
#3682 = ORIENTED_EDGE('',*,*,#3683,.T.);
#3683 = EDGE_CURVE('',#3653,#3684,#3686,.T.);
#3684 = VERTEX_POINT('',#3685);
#3685 = CARTESIAN_POINT('',(-3.992446385335,-16.52453847646,26.5));
#3686 = SURFACE_CURVE('',#3687,(#3691,#3697),.PCURVE_S1.);
#3687 = LINE('',#3688,#3689);
#3688 = CARTESIAN_POINT('',(-3.992446385335,-16.52453847646,2.5));
#3689 = VECTOR('',#3690,1.);
#3690 = DIRECTION('',(0.,0.,1.));
#3691 = PCURVE('',#2009,#3692);
#3692 = DEFINITIONAL_REPRESENTATION('',(#3693),#3696);
#3693 = B_SPLINE_CURVE_WITH_KNOTS('',1,(#3694,#3695),.UNSPECIFIED.,.F.,
  .F.,(2,2),(4.2,25.8),.PIECEWISE_BEZIER_KNOTS.);
#3694 = CARTESIAN_POINT('',(4.47532494988,4.2));
#3695 = CARTESIAN_POINT('',(4.47532494988,25.8));
#3696 = ( GEOMETRIC_REPRESENTATION_CONTEXT(2) 
PARAMETRIC_REPRESENTATION_CONTEXT() REPRESENTATION_CONTEXT('2D SPACE',''
  ) );
#3697 = PCURVE('',#3698,#3703);
#3698 = PLANE('',#3699);
#3699 = AXIS2_PLACEMENT_3D('',#3700,#3701,#3702);
#3700 = CARTESIAN_POINT('',(-4.275294517511,-13.29156953195,8.5));
#3701 = DIRECTION('',(0.996194698092,8.715574274766E-02,0.));
#3702 = DIRECTION('',(0.,0.,1.));
#3703 = DEFINITIONAL_REPRESENTATION('',(#3704),#3707);
#3704 = B_SPLINE_CURVE_WITH_KNOTS('',1,(#3705,#3706),.UNSPECIFIED.,.F.,
  .F.,(2,2),(4.2,25.8),.PIECEWISE_BEZIER_KNOTS.);
#3705 = CARTESIAN_POINT('',(-1.8,3.24531836066));
#3706 = CARTESIAN_POINT('',(19.8,3.24531836066));
#3707 = ( GEOMETRIC_REPRESENTATION_CONTEXT(2) 
PARAMETRIC_REPRESENTATION_CONTEXT() REPRESENTATION_CONTEXT('2D SPACE',''
  ) );
#3708 = ORIENTED_EDGE('',*,*,#3709,.T.);
#3709 = EDGE_CURVE('',#3684,#3710,#3712,.T.);
#3710 = VERTEX_POINT('',#3711);
#3711 = CARTESIAN_POINT('',(-2.969901319048,-16.73856882039,26.5));
#3712 = SURFACE_CURVE('',#3713,(#3718,#3725),.PCURVE_S1.);
#3713 = CIRCLE('',#3714,17.);
#3714 = AXIS2_PLACEMENT_3D('',#3715,#3716,#3717);
#3715 = CARTESIAN_POINT('',(0.,0.,26.5));
#3716 = DIRECTION('',(0.,0.,1.));
#3717 = DIRECTION('',(1.,0.,-0.));
#3718 = PCURVE('',#2009,#3719);
#3719 = DEFINITIONAL_REPRESENTATION('',(#3720),#3724);
#3720 = LINE('',#3721,#3722);
#3721 = CARTESIAN_POINT('',(0.,24.));
#3722 = VECTOR('',#3723,1.);
#3723 = DIRECTION('',(1.,0.));
#3724 = ( GEOMETRIC_REPRESENTATION_CONTEXT(2) 
PARAMETRIC_REPRESENTATION_CONTEXT() REPRESENTATION_CONTEXT('2D SPACE',''
  ) );
#3725 = PCURVE('',#3726,#3731);
#3726 = PLANE('',#3727);
#3727 = AXIS2_PLACEMENT_3D('',#3728,#3729,#3730);
#3728 = CARTESIAN_POINT('',(-4.275294517511,-13.29156953195,26.5));
#3729 = DIRECTION('',(0.,0.,1.));
#3730 = DIRECTION('',(8.715574274766E-02,-0.996194698092,0.));
#3731 = DEFINITIONAL_REPRESENTATION('',(#3732),#3736);
#3732 = CIRCLE('',#3733,17.);
#3733 = AXIS2_PLACEMENT_2D('',#3734,#3735);
#3734 = CARTESIAN_POINT('',(-12.86837462791,5.417462345965));
#3735 = DIRECTION('',(8.715574274766E-02,0.996194698092));
#3736 = ( GEOMETRIC_REPRESENTATION_CONTEXT(2) 
PARAMETRIC_REPRESENTATION_CONTEXT() REPRESENTATION_CONTEXT('2D SPACE',''
  ) );
#3737 = ORIENTED_EDGE('',*,*,#3738,.F.);
#3738 = EDGE_CURVE('',#3655,#3710,#3739,.T.);
#3739 = SURFACE_CURVE('',#3740,(#3744,#3750),.PCURVE_S1.);
#3740 = LINE('',#3741,#3742);
#3741 = CARTESIAN_POINT('',(-2.969901319048,-16.73856882039,2.5));
#3742 = VECTOR('',#3743,1.);
#3743 = DIRECTION('',(0.,0.,1.));
#3744 = PCURVE('',#2009,#3745);
#3745 = DEFINITIONAL_REPRESENTATION('',(#3746),#3749);
#3746 = B_SPLINE_CURVE_WITH_KNOTS('',1,(#3747,#3748),.UNSPECIFIED.,.F.,
  .F.,(2,2),(4.2,25.8),.PIECEWISE_BEZIER_KNOTS.);
#3747 = CARTESIAN_POINT('',(4.536787827202,4.2));
#3748 = CARTESIAN_POINT('',(4.536787827202,25.8));
#3749 = ( GEOMETRIC_REPRESENTATION_CONTEXT(2) 
PARAMETRIC_REPRESENTATION_CONTEXT() REPRESENTATION_CONTEXT('2D SPACE',''
  ) );
#3750 = PCURVE('',#3751,#3756);
#3751 = PLANE('',#3752);
#3752 = AXIS2_PLACEMENT_3D('',#3753,#3754,#3755);
#3753 = CARTESIAN_POINT('',(-3.279099819419,-13.2044137892,8.5));
#3754 = DIRECTION('',(0.996194698092,8.715574274766E-02,0.));
#3755 = DIRECTION('',(0.,0.,1.));
#3756 = DEFINITIONAL_REPRESENTATION('',(#3757),#3760);
#3757 = B_SPLINE_CURVE_WITH_KNOTS('',1,(#3758,#3759),.UNSPECIFIED.,.F.,
  .F.,(2,2),(4.2,25.8),.PIECEWISE_BEZIER_KNOTS.);
#3758 = CARTESIAN_POINT('',(-1.8,3.547654929258));
#3759 = CARTESIAN_POINT('',(19.8,3.547654929258));
#3760 = ( GEOMETRIC_REPRESENTATION_CONTEXT(2) 
PARAMETRIC_REPRESENTATION_CONTEXT() REPRESENTATION_CONTEXT('2D SPACE',''
  ) );
#3761 = FACE_BOUND('',#3762,.T.);
#3762 = EDGE_LOOP('',(#3763,#3794,#3820,#3849));
#3763 = ORIENTED_EDGE('',*,*,#3764,.F.);
#3764 = EDGE_CURVE('',#3765,#3767,#3769,.T.);
#3765 = VERTEX_POINT('',#3766);
#3766 = CARTESIAN_POINT('',(4.804709245286,-16.3068932991,8.5));
#3767 = VERTEX_POINT('',#3768);
#3768 = CARTESIAN_POINT('',(5.79727442117,-15.98097648098,8.5));
#3769 = SURFACE_CURVE('',#3770,(#3775,#3782),.PCURVE_S1.);
#3770 = CIRCLE('',#3771,17.);
#3771 = AXIS2_PLACEMENT_3D('',#3772,#3773,#3774);
#3772 = CARTESIAN_POINT('',(0.,0.,8.5));
#3773 = DIRECTION('',(0.,0.,1.));
#3774 = DIRECTION('',(1.,0.,-0.));
#3775 = PCURVE('',#2009,#3776);
#3776 = DEFINITIONAL_REPRESENTATION('',(#3777),#3781);
#3777 = LINE('',#3778,#3779);
#3778 = CARTESIAN_POINT('',(0.,6.));
#3779 = VECTOR('',#3780,1.);
#3780 = DIRECTION('',(1.,0.));
#3781 = ( GEOMETRIC_REPRESENTATION_CONTEXT(2) 
PARAMETRIC_REPRESENTATION_CONTEXT() REPRESENTATION_CONTEXT('2D SPACE',''
  ) );
#3782 = PCURVE('',#3783,#3788);
#3783 = PLANE('',#3784);
#3784 = AXIS2_PLACEMENT_3D('',#3785,#3786,#3787);
#3785 = CARTESIAN_POINT('',(2.943271105153,-13.64848412959,8.5));
#3786 = DIRECTION('',(0.,0.,1.));
#3787 = DIRECTION('',(0.573576436351,-0.819152044289,0.));
#3788 = DEFINITIONAL_REPRESENTATION('',(#3789),#3793);
#3789 = CIRCLE('',#3790,17.);
#3790 = AXIS2_PLACEMENT_2D('',#3791,#3792);
#3791 = CARTESIAN_POINT('',(-12.86837462791,5.417462345965));
#3792 = DIRECTION('',(0.573576436351,0.819152044289));
#3793 = ( GEOMETRIC_REPRESENTATION_CONTEXT(2) 
PARAMETRIC_REPRESENTATION_CONTEXT() REPRESENTATION_CONTEXT('2D SPACE',''
  ) );
#3794 = ORIENTED_EDGE('',*,*,#3795,.T.);
#3795 = EDGE_CURVE('',#3765,#3796,#3798,.T.);
#3796 = VERTEX_POINT('',#3797);
#3797 = CARTESIAN_POINT('',(4.804709245286,-16.3068932991,26.5));
#3798 = SURFACE_CURVE('',#3799,(#3803,#3809),.PCURVE_S1.);
#3799 = LINE('',#3800,#3801);
#3800 = CARTESIAN_POINT('',(4.804709245286,-16.3068932991,2.5));
#3801 = VECTOR('',#3802,1.);
#3802 = DIRECTION('',(0.,0.,1.));
#3803 = PCURVE('',#2009,#3804);
#3804 = DEFINITIONAL_REPRESENTATION('',(#3805),#3808);
#3805 = B_SPLINE_CURVE_WITH_KNOTS('',1,(#3806,#3807),.UNSPECIFIED.,.F.,
  .F.,(2,2),(4.2,25.8),.PIECEWISE_BEZIER_KNOTS.);
#3806 = CARTESIAN_POINT('',(4.998923725478,4.2));
#3807 = CARTESIAN_POINT('',(4.998923725478,25.8));
#3808 = ( GEOMETRIC_REPRESENTATION_CONTEXT(2) 
PARAMETRIC_REPRESENTATION_CONTEXT() REPRESENTATION_CONTEXT('2D SPACE',''
  ) );
#3809 = PCURVE('',#3810,#3815);
#3810 = PLANE('',#3811);
#3811 = AXIS2_PLACEMENT_3D('',#3812,#3813,#3814);
#3812 = CARTESIAN_POINT('',(2.943271105153,-13.64848412959,8.5));
#3813 = DIRECTION('',(0.819152044289,0.573576436351,0.));
#3814 = DIRECTION('',(0.,0.,1.));
#3815 = DEFINITIONAL_REPRESENTATION('',(#3816),#3819);
#3816 = B_SPLINE_CURVE_WITH_KNOTS('',1,(#3817,#3818),.UNSPECIFIED.,.F.,
  .F.,(2,2),(4.2,25.8),.PIECEWISE_BEZIER_KNOTS.);
#3817 = CARTESIAN_POINT('',(-1.8,3.24531836066));
#3818 = CARTESIAN_POINT('',(19.8,3.24531836066));
#3819 = ( GEOMETRIC_REPRESENTATION_CONTEXT(2) 
PARAMETRIC_REPRESENTATION_CONTEXT() REPRESENTATION_CONTEXT('2D SPACE',''
  ) );
#3820 = ORIENTED_EDGE('',*,*,#3821,.T.);
#3821 = EDGE_CURVE('',#3796,#3822,#3824,.T.);
#3822 = VERTEX_POINT('',#3823);
#3823 = CARTESIAN_POINT('',(5.79727442117,-15.98097648098,26.5));
#3824 = SURFACE_CURVE('',#3825,(#3830,#3837),.PCURVE_S1.);
#3825 = CIRCLE('',#3826,17.);
#3826 = AXIS2_PLACEMENT_3D('',#3827,#3828,#3829);
#3827 = CARTESIAN_POINT('',(0.,0.,26.5));
#3828 = DIRECTION('',(0.,0.,1.));
#3829 = DIRECTION('',(1.,0.,-0.));
#3830 = PCURVE('',#2009,#3831);
#3831 = DEFINITIONAL_REPRESENTATION('',(#3832),#3836);
#3832 = LINE('',#3833,#3834);
#3833 = CARTESIAN_POINT('',(0.,24.));
#3834 = VECTOR('',#3835,1.);
#3835 = DIRECTION('',(1.,0.));
#3836 = ( GEOMETRIC_REPRESENTATION_CONTEXT(2) 
PARAMETRIC_REPRESENTATION_CONTEXT() REPRESENTATION_CONTEXT('2D SPACE',''
  ) );
#3837 = PCURVE('',#3838,#3843);
#3838 = PLANE('',#3839);
#3839 = AXIS2_PLACEMENT_3D('',#3840,#3841,#3842);
#3840 = CARTESIAN_POINT('',(2.943271105153,-13.64848412959,26.5));
#3841 = DIRECTION('',(0.,0.,1.));
#3842 = DIRECTION('',(0.573576436351,-0.819152044289,0.));
#3843 = DEFINITIONAL_REPRESENTATION('',(#3844),#3848);
#3844 = CIRCLE('',#3845,17.);
#3845 = AXIS2_PLACEMENT_2D('',#3846,#3847);
#3846 = CARTESIAN_POINT('',(-12.86837462791,5.417462345965));
#3847 = DIRECTION('',(0.573576436351,0.819152044289));
#3848 = ( GEOMETRIC_REPRESENTATION_CONTEXT(2) 
PARAMETRIC_REPRESENTATION_CONTEXT() REPRESENTATION_CONTEXT('2D SPACE',''
  ) );
#3849 = ORIENTED_EDGE('',*,*,#3850,.F.);
#3850 = EDGE_CURVE('',#3767,#3822,#3851,.T.);
#3851 = SURFACE_CURVE('',#3852,(#3856,#3862),.PCURVE_S1.);
#3852 = LINE('',#3853,#3854);
#3853 = CARTESIAN_POINT('',(5.79727442117,-15.98097648098,2.5));
#3854 = VECTOR('',#3855,1.);
#3855 = DIRECTION('',(0.,0.,1.));
#3856 = PCURVE('',#2009,#3857);
#3857 = DEFINITIONAL_REPRESENTATION('',(#3858),#3861);
#3858 = B_SPLINE_CURVE_WITH_KNOTS('',1,(#3859,#3860),.UNSPECIFIED.,.F.,
  .F.,(2,2),(4.2,25.8),.PIECEWISE_BEZIER_KNOTS.);
#3859 = CARTESIAN_POINT('',(5.0603866028,4.2));
#3860 = CARTESIAN_POINT('',(5.0603866028,25.8));
#3861 = ( GEOMETRIC_REPRESENTATION_CONTEXT(2) 
PARAMETRIC_REPRESENTATION_CONTEXT() REPRESENTATION_CONTEXT('2D SPACE',''
  ) );
#3862 = PCURVE('',#3863,#3868);
#3863 = PLANE('',#3864);
#3864 = AXIS2_PLACEMENT_3D('',#3865,#3866,#3867);
#3865 = CARTESIAN_POINT('',(3.762423149442,-13.07490769324,8.5));
#3866 = DIRECTION('',(0.819152044289,0.573576436351,0.));
#3867 = DIRECTION('',(0.,0.,1.));
#3868 = DEFINITIONAL_REPRESENTATION('',(#3869),#3872);
#3869 = B_SPLINE_CURVE_WITH_KNOTS('',1,(#3870,#3871),.UNSPECIFIED.,.F.,
  .F.,(2,2),(4.2,25.8),.PIECEWISE_BEZIER_KNOTS.);
#3870 = CARTESIAN_POINT('',(-1.8,3.547654929258));
#3871 = CARTESIAN_POINT('',(19.8,3.547654929258));
#3872 = ( GEOMETRIC_REPRESENTATION_CONTEXT(2) 
PARAMETRIC_REPRESENTATION_CONTEXT() REPRESENTATION_CONTEXT('2D SPACE',''
  ) );
#3873 = FACE_BOUND('',#3874,.T.);
#3874 = EDGE_LOOP('',(#3875,#3906,#3932,#3961));
#3875 = ORIENTED_EDGE('',*,*,#3876,.F.);
#3876 = EDGE_CURVE('',#3877,#3879,#3881,.T.);
#3877 = VERTEX_POINT('',#3878);
#3878 = CARTESIAN_POINT('',(12.314446913766,-11.71982923118,8.5));
#3879 = VERTEX_POINT('',#3880);
#3880 = CARTESIAN_POINT('',(13.011075161933,-10.94129439922,8.5));
#3881 = SURFACE_CURVE('',#3882,(#3887,#3894),.PCURVE_S1.);
#3882 = CIRCLE('',#3883,17.);
#3883 = AXIS2_PLACEMENT_3D('',#3884,#3885,#3886);
#3884 = CARTESIAN_POINT('',(0.,0.,8.5));
#3885 = DIRECTION('',(0.,0.,1.));
#3886 = DIRECTION('',(1.,0.,-0.));
#3887 = PCURVE('',#2009,#3888);
#3888 = DEFINITIONAL_REPRESENTATION('',(#3889),#3893);
#3889 = LINE('',#3890,#3891);
#3890 = CARTESIAN_POINT('',(0.,6.));
#3891 = VECTOR('',#3892,1.);
#3892 = DIRECTION('',(1.,0.));
#3893 = ( GEOMETRIC_REPRESENTATION_CONTEXT(2) 
PARAMETRIC_REPRESENTATION_CONTEXT() REPRESENTATION_CONTEXT('2D SPACE',''
  ) );
#3894 = PCURVE('',#3895,#3900);
#3895 = PLANE('',#3896);
#3896 = AXIS2_PLACEMENT_3D('',#3897,#3898,#3899);
#3897 = CARTESIAN_POINT('',(9.373189612086,-10.3482984268,8.5));
#3898 = DIRECTION('',(0.,0.,1.));
#3899 = DIRECTION('',(0.906307787037,-0.422618261741,0.));
#3900 = DEFINITIONAL_REPRESENTATION('',(#3901),#3905);
#3901 = CIRCLE('',#3902,17.);
#3902 = AXIS2_PLACEMENT_2D('',#3903,#3904);
#3903 = CARTESIAN_POINT('',(-12.86837462791,5.417462345965));
#3904 = DIRECTION('',(0.906307787037,0.422618261741));
#3905 = ( GEOMETRIC_REPRESENTATION_CONTEXT(2) 
PARAMETRIC_REPRESENTATION_CONTEXT() REPRESENTATION_CONTEXT('2D SPACE',''
  ) );
#3906 = ORIENTED_EDGE('',*,*,#3907,.T.);
#3907 = EDGE_CURVE('',#3877,#3908,#3910,.T.);
#3908 = VERTEX_POINT('',#3909);
#3909 = CARTESIAN_POINT('',(12.314446913766,-11.71982923118,26.5));
#3910 = SURFACE_CURVE('',#3911,(#3915,#3921),.PCURVE_S1.);
#3911 = LINE('',#3912,#3913);
#3912 = CARTESIAN_POINT('',(12.314446913766,-11.71982923118,2.5));
#3913 = VECTOR('',#3914,1.);
#3914 = DIRECTION('',(0.,0.,1.));
#3915 = PCURVE('',#2009,#3916);
#3916 = DEFINITIONAL_REPRESENTATION('',(#3917),#3920);
#3917 = B_SPLINE_CURVE_WITH_KNOTS('',1,(#3918,#3919),.UNSPECIFIED.,.F.,
  .F.,(2,2),(4.2,25.8),.PIECEWISE_BEZIER_KNOTS.);
#3918 = CARTESIAN_POINT('',(5.522522501077,4.2));
#3919 = CARTESIAN_POINT('',(5.522522501077,25.8));
#3920 = ( GEOMETRIC_REPRESENTATION_CONTEXT(2) 
PARAMETRIC_REPRESENTATION_CONTEXT() REPRESENTATION_CONTEXT('2D SPACE',''
  ) );
#3921 = PCURVE('',#3922,#3927);
#3922 = PLANE('',#3923);
#3923 = AXIS2_PLACEMENT_3D('',#3924,#3925,#3926);
#3924 = CARTESIAN_POINT('',(9.373189612086,-10.3482984268,8.5));
#3925 = DIRECTION('',(0.422618261741,0.906307787037,0.));
#3926 = DIRECTION('',(0.,0.,1.));
#3927 = DEFINITIONAL_REPRESENTATION('',(#3928),#3931);
#3928 = B_SPLINE_CURVE_WITH_KNOTS('',1,(#3929,#3930),.UNSPECIFIED.,.F.,
  .F.,(2,2),(4.2,25.8),.PIECEWISE_BEZIER_KNOTS.);
#3929 = CARTESIAN_POINT('',(-1.8,3.24531836066));
#3930 = CARTESIAN_POINT('',(19.8,3.24531836066));
#3931 = ( GEOMETRIC_REPRESENTATION_CONTEXT(2) 
PARAMETRIC_REPRESENTATION_CONTEXT() REPRESENTATION_CONTEXT('2D SPACE',''
  ) );
#3932 = ORIENTED_EDGE('',*,*,#3933,.T.);
#3933 = EDGE_CURVE('',#3908,#3934,#3936,.T.);
#3934 = VERTEX_POINT('',#3935);
#3935 = CARTESIAN_POINT('',(13.011075161933,-10.94129439922,26.5));
#3936 = SURFACE_CURVE('',#3937,(#3942,#3949),.PCURVE_S1.);
#3937 = CIRCLE('',#3938,17.);
#3938 = AXIS2_PLACEMENT_3D('',#3939,#3940,#3941);
#3939 = CARTESIAN_POINT('',(0.,0.,26.5));
#3940 = DIRECTION('',(0.,0.,1.));
#3941 = DIRECTION('',(1.,0.,-0.));
#3942 = PCURVE('',#2009,#3943);
#3943 = DEFINITIONAL_REPRESENTATION('',(#3944),#3948);
#3944 = LINE('',#3945,#3946);
#3945 = CARTESIAN_POINT('',(0.,24.));
#3946 = VECTOR('',#3947,1.);
#3947 = DIRECTION('',(1.,0.));
#3948 = ( GEOMETRIC_REPRESENTATION_CONTEXT(2) 
PARAMETRIC_REPRESENTATION_CONTEXT() REPRESENTATION_CONTEXT('2D SPACE',''
  ) );
#3949 = PCURVE('',#3950,#3955);
#3950 = PLANE('',#3951);
#3951 = AXIS2_PLACEMENT_3D('',#3952,#3953,#3954);
#3952 = CARTESIAN_POINT('',(9.373189612086,-10.3482984268,26.5));
#3953 = DIRECTION('',(0.,0.,1.));
#3954 = DIRECTION('',(0.906307787037,-0.422618261741,0.));
#3955 = DEFINITIONAL_REPRESENTATION('',(#3956),#3960);
#3956 = CIRCLE('',#3957,17.);
#3957 = AXIS2_PLACEMENT_2D('',#3958,#3959);
#3958 = CARTESIAN_POINT('',(-12.86837462791,5.417462345965));
#3959 = DIRECTION('',(0.906307787037,0.422618261741));
#3960 = ( GEOMETRIC_REPRESENTATION_CONTEXT(2) 
PARAMETRIC_REPRESENTATION_CONTEXT() REPRESENTATION_CONTEXT('2D SPACE',''
  ) );
#3961 = ORIENTED_EDGE('',*,*,#3962,.F.);
#3962 = EDGE_CURVE('',#3879,#3934,#3963,.T.);
#3963 = SURFACE_CURVE('',#3964,(#3968,#3974),.PCURVE_S1.);
#3964 = LINE('',#3965,#3966);
#3965 = CARTESIAN_POINT('',(13.011075161933,-10.94129439922,2.5));
#3966 = VECTOR('',#3967,1.);
#3967 = DIRECTION('',(0.,0.,1.));
#3968 = PCURVE('',#2009,#3969);
#3969 = DEFINITIONAL_REPRESENTATION('',(#3970),#3973);
#3970 = B_SPLINE_CURVE_WITH_KNOTS('',1,(#3971,#3972),.UNSPECIFIED.,.F.,
  .F.,(2,2),(4.2,25.8),.PIECEWISE_BEZIER_KNOTS.);
#3971 = CARTESIAN_POINT('',(5.583985378398,4.2));
#3972 = CARTESIAN_POINT('',(5.583985378398,25.8));
#3973 = ( GEOMETRIC_REPRESENTATION_CONTEXT(2) 
PARAMETRIC_REPRESENTATION_CONTEXT() REPRESENTATION_CONTEXT('2D SPACE',''
  ) );
#3974 = PCURVE('',#3975,#3980);
#3975 = PLANE('',#3976);
#3976 = AXIS2_PLACEMENT_3D('',#3977,#3978,#3979);
#3977 = CARTESIAN_POINT('',(9.795807873827,-9.441990639767,8.5));
#3978 = DIRECTION('',(0.422618261741,0.906307787037,0.));
#3979 = DIRECTION('',(0.,0.,1.));
#3980 = DEFINITIONAL_REPRESENTATION('',(#3981),#3984);
#3981 = B_SPLINE_CURVE_WITH_KNOTS('',1,(#3982,#3983),.UNSPECIFIED.,.F.,
  .F.,(2,2),(4.2,25.8),.PIECEWISE_BEZIER_KNOTS.);
#3982 = CARTESIAN_POINT('',(-1.8,3.547654929258));
#3983 = CARTESIAN_POINT('',(19.8,3.547654929258));
#3984 = ( GEOMETRIC_REPRESENTATION_CONTEXT(2) 
PARAMETRIC_REPRESENTATION_CONTEXT() REPRESENTATION_CONTEXT('2D SPACE',''
  ) );
#3985 = FACE_BOUND('',#3986,.T.);
#3986 = EDGE_LOOP('',(#3987,#3988,#3989,#3990));
#3987 = ORIENTED_EDGE('',*,*,#2107,.F.);
#3988 = ORIENTED_EDGE('',*,*,#1994,.T.);
#3989 = ORIENTED_EDGE('',*,*,#2226,.T.);
#3990 = ORIENTED_EDGE('',*,*,#3991,.F.);
#3991 = EDGE_CURVE('',#2078,#2204,#3992,.T.);
#3992 = SURFACE_CURVE('',#3993,(#3997,#4003),.PCURVE_S1.);
#3993 = LINE('',#3994,#3995);
#3994 = CARTESIAN_POINT('',(16.738568820396,-2.969901319048,2.5));
#3995 = VECTOR('',#3996,1.);
#3996 = DIRECTION('',(0.,0.,1.));
#3997 = PCURVE('',#2009,#3998);
#3998 = DEFINITIONAL_REPRESENTATION('',(#3999),#4002);
#3999 = B_SPLINE_CURVE_WITH_KNOTS('',1,(#4000,#4001),.UNSPECIFIED.,.F.,
  .F.,(2,2),(4.2,25.8),.PIECEWISE_BEZIER_KNOTS.);
#4000 = CARTESIAN_POINT('',(6.107584153997,4.2));
#4001 = CARTESIAN_POINT('',(6.107584153997,25.8));
#4002 = ( GEOMETRIC_REPRESENTATION_CONTEXT(2) 
PARAMETRIC_REPRESENTATION_CONTEXT() REPRESENTATION_CONTEXT('2D SPACE',''
  ) );
#4003 = PCURVE('',#2095,#4004);
#4004 = DEFINITIONAL_REPRESENTATION('',(#4005),#4008);
#4005 = B_SPLINE_CURVE_WITH_KNOTS('',1,(#4006,#4007),.UNSPECIFIED.,.F.,
  .F.,(2,2),(4.2,25.8),.PIECEWISE_BEZIER_KNOTS.);
#4006 = CARTESIAN_POINT('',(-1.8,3.547654929258));
#4007 = CARTESIAN_POINT('',(19.8,3.547654929258));
#4008 = ( GEOMETRIC_REPRESENTATION_CONTEXT(2) 
PARAMETRIC_REPRESENTATION_CONTEXT() REPRESENTATION_CONTEXT('2D SPACE',''
  ) );
#4009 = ADVANCED_FACE('',(#4010),#2095,.T.);
#4010 = FACE_BOUND('',#4011,.T.);
#4011 = EDGE_LOOP('',(#4012,#4013,#4014,#4015));
#4012 = ORIENTED_EDGE('',*,*,#2077,.F.);
#4013 = ORIENTED_EDGE('',*,*,#3991,.T.);
#4014 = ORIENTED_EDGE('',*,*,#2203,.T.);
#4015 = ORIENTED_EDGE('',*,*,#2156,.F.);
#4016 = ADVANCED_FACE('',(#4017),#2532,.T.);
#4017 = FACE_BOUND('',#4018,.T.);
#4018 = EDGE_LOOP('',(#4019));
#4019 = ORIENTED_EDGE('',*,*,#2517,.T.);
#4020 = ADVANCED_FACE('',(#4021,#4285,#4355),#2340,.F.);
#4021 = FACE_BOUND('',#4022,.F.);
#4022 = EDGE_LOOP('',(#4023,#4104,#4125,#4126,#4127,#4128,#4211,#4237,
    #4266));
#4023 = ORIENTED_EDGE('',*,*,#4024,.T.);
#4024 = EDGE_CURVE('',#4025,#4027,#4029,.T.);
#4025 = VERTEX_POINT('',#4026);
#4026 = CARTESIAN_POINT('',(6.703543838896,-2.015564437075,18.5));
#4027 = VERTEX_POINT('',#4028);
#4028 = CARTESIAN_POINT('',(7.,-1.132798289211E-15,15.25));
#4029 = SURFACE_CURVE('',#4030,(#4051,#4075),.PCURVE_S1.);
#4030 = B_SPLINE_CURVE_WITH_KNOTS('',7,(#4031,#4032,#4033,#4034,#4035,
    #4036,#4037,#4038,#4039,#4040,#4041,#4042,#4043,#4044,#4045,#4046,
    #4047,#4048,#4049,#4050),.UNSPECIFIED.,.F.,.F.,(8,6,6,8),(0.,
    0.243091233043,0.690264077038,1.),.UNSPECIFIED.);
#4031 = CARTESIAN_POINT('',(6.703543928401,-2.015564139391,18.5000006));
#4032 = CARTESIAN_POINT('',(6.683615373599,-2.081844313729,
    18.366408737608));
#4033 = CARTESIAN_POINT('',(6.666206665861,-2.136971502365,
    18.229350275561));
#4034 = CARTESIAN_POINT('',(6.651760784365,-2.181115662818,
    18.089640655062));
#4035 = CARTESIAN_POINT('',(6.640606568092,-2.214413207785,
    17.947992698275));
#4036 = CARTESIAN_POINT('',(6.632963008662,-2.236959552773,
    17.805048205028));
#4037 = CARTESIAN_POINT('',(6.628943543169,-2.248801663735,
    17.661409549514));
#4038 = CARTESIAN_POINT('',(6.627855447412,-2.25200732189,
    17.253260868994));
#4039 = CARTESIAN_POINT('',(6.639457057341,-2.217824563968,
    16.989454543271));
#4040 = CARTESIAN_POINT('',(6.663278425826,-2.147798288137,
    16.729413430634));
#4041 = CARTESIAN_POINT('',(6.698205694991,-2.041248443975,
    16.47645919806));
#4042 = CARTESIAN_POINT('',(6.742037870433,-1.896868262573,
    16.234908630886));
#4043 = CARTESIAN_POINT('',(6.791101085648,-1.712871550149,
    16.010543617679));
#4044 = CARTESIAN_POINT('',(6.873919475181,-1.332160129468,
    15.674901350881));
#4045 = CARTESIAN_POINT('',(6.908521790025,-1.153162691128,
    15.546911102699));
#4046 = CARTESIAN_POINT('',(6.941317834071,-0.952275936189,
    15.435242510879));
#4047 = CARTESIAN_POINT('',(6.969259521253,-0.732275421702,
    15.345642201019));
#4048 = CARTESIAN_POINT('',(6.989484310475,-0.497026585516,
    15.282714230393));
#4049 = CARTESIAN_POINT('',(7.,-0.251181638139,15.25));
#4050 = CARTESIAN_POINT('',(7.,-1.33226762955E-15,15.25));
#4051 = PCURVE('',#2340,#4052);
#4052 = DEFINITIONAL_REPRESENTATION('',(#4053),#4074);
#4053 = B_SPLINE_CURVE_WITH_KNOTS('',7,(#4054,#4055,#4056,#4057,#4058,
    #4059,#4060,#4061,#4062,#4063,#4064,#4065,#4066,#4067,#4068,#4069,
    #4070,#4071,#4072,#4073),.UNSPECIFIED.,.F.,.F.,(8,6,6,8),(0.,
    0.243091233043,0.690264077038,1.),.UNSPECIFIED.);
#4054 = CARTESIAN_POINT('',(4.25183469102,3.703543928401));
#4055 = CARTESIAN_POINT('',(4.318114825589,3.683615373599));
#4056 = CARTESIAN_POINT('',(4.383572409248,3.666206665861));
#4057 = CARTESIAN_POINT('',(4.448390559821,3.651760784365));
#4058 = CARTESIAN_POINT('',(4.512736986588,3.640606568092));
#4059 = CARTESIAN_POINT('',(4.576770805051,3.632963008662));
#4060 = CARTESIAN_POINT('',(4.640649351694,3.628943543169));
#4061 = CARTESIAN_POINT('',(4.822054360216,3.627855447412));
#4062 = CARTESIAN_POINT('',(4.939178350451,3.639457057341));
#4063 = CARTESIAN_POINT('',(5.057156688131,3.663278425826));
#4064 = CARTESIAN_POINT('',(5.177074849423,3.698205694991));
#4065 = CARTESIAN_POINT('',(5.300066401205,3.742037870433));
#4066 = CARTESIAN_POINT('',(5.427352893694,3.791101085648));
#4067 = CARTESIAN_POINT('',(5.652926255705,3.873919475181));
#4068 = CARTESIAN_POINT('',(5.750219416566,3.908521790025));
#4069 = CARTESIAN_POINT('',(5.851296927468,3.941317834071));
#4070 = CARTESIAN_POINT('',(5.955456763286,3.969259521253));
#4071 = CARTESIAN_POINT('',(6.062284704327,3.989484310475));
#4072 = CARTESIAN_POINT('',(6.171549023562,4.));
#4073 = CARTESIAN_POINT('',(6.28318530718,4.));
#4074 = ( GEOMETRIC_REPRESENTATION_CONTEXT(2) 
PARAMETRIC_REPRESENTATION_CONTEXT() REPRESENTATION_CONTEXT('2D SPACE',''
  ) );
#4075 = PCURVE('',#4076,#4081);
#4076 = CYLINDRICAL_SURFACE('',#4077,7.);
#4077 = AXIS2_PLACEMENT_3D('',#4078,#4079,#4080);
#4078 = CARTESIAN_POINT('',(0.,0.,-13.5));
#4079 = DIRECTION('',(0.,0.,1.));
#4080 = DIRECTION('',(1.,0.,-0.));
#4081 = DEFINITIONAL_REPRESENTATION('',(#4082),#4103);
#4082 = B_SPLINE_CURVE_WITH_KNOTS('',7,(#4083,#4084,#4085,#4086,#4087,
    #4088,#4089,#4090,#4091,#4092,#4093,#4094,#4095,#4096,#4097,#4098,
    #4099,#4100,#4101,#4102),.UNSPECIFIED.,.F.,.F.,(8,6,6,8),(0.,
    0.243091233043,0.690264077038,1.),.UNSPECIFIED.);
#4083 = CARTESIAN_POINT('',(5.991112635716,32.0000006));
#4084 = CARTESIAN_POINT('',(5.981225302233,31.866408737608));
#4085 = CARTESIAN_POINT('',(5.972967354205,31.729350275561));
#4086 = CARTESIAN_POINT('',(5.966332463209,31.589640655062));
#4087 = CARTESIAN_POINT('',(5.961315909318,31.447992698275));
#4088 = CARTESIAN_POINT('',(5.957914811935,31.305048205028));
#4089 = CARTESIAN_POINT('',(5.956128360629,31.161409549514));
#4090 = CARTESIAN_POINT('',(5.955644747599,30.753260868994));
#4091 = CARTESIAN_POINT('',(5.960801593201,30.489454543271));
#4092 = CARTESIAN_POINT('',(5.971368317256,30.229413430634));
#4093 = CARTESIAN_POINT('',(5.98738576699,29.97645919806));
#4094 = CARTESIAN_POINT('',(6.00892929544,29.734908630886));
#4095 = CARTESIAN_POINT('',(6.036103708302,29.510543617679));
#4096 = CARTESIAN_POINT('',(6.091763034946,29.174901350881));
#4097 = CARTESIAN_POINT('',(6.117800437495,29.046911102699));
#4098 = CARTESIAN_POINT('',(6.14685807784,28.935242510879));
#4099 = CARTESIAN_POINT('',(6.178499229051,28.845642201019));
#4100 = CARTESIAN_POINT('',(6.212181471588,28.782714230393));
#4101 = CARTESIAN_POINT('',(6.247302216017,28.75));
#4102 = CARTESIAN_POINT('',(6.28318530718,28.75));
#4103 = ( GEOMETRIC_REPRESENTATION_CONTEXT(2) 
PARAMETRIC_REPRESENTATION_CONTEXT() REPRESENTATION_CONTEXT('2D SPACE',''
  ) );
#4104 = ORIENTED_EDGE('',*,*,#4105,.T.);
#4105 = EDGE_CURVE('',#4027,#2279,#4106,.T.);
#4106 = SEAM_CURVE('',#4107,(#4111,#4118),.PCURVE_S1.);
#4107 = LINE('',#4108,#4109);
#4108 = CARTESIAN_POINT('',(3.,-5.510910596163E-16,15.25));
#4109 = VECTOR('',#4110,1.);
#4110 = DIRECTION('',(1.,0.,0.));
#4111 = PCURVE('',#2340,#4112);
#4112 = DEFINITIONAL_REPRESENTATION('',(#4113),#4117);
#4113 = LINE('',#4114,#4115);
#4114 = CARTESIAN_POINT('',(0.,-0.));
#4115 = VECTOR('',#4116,1.);
#4116 = DIRECTION('',(0.,1.));
#4117 = ( GEOMETRIC_REPRESENTATION_CONTEXT(2) 
PARAMETRIC_REPRESENTATION_CONTEXT() REPRESENTATION_CONTEXT('2D SPACE',''
  ) );
#4118 = PCURVE('',#2340,#4119);
#4119 = DEFINITIONAL_REPRESENTATION('',(#4120),#4124);
#4120 = LINE('',#4121,#4122);
#4121 = CARTESIAN_POINT('',(6.28318530718,-0.));
#4122 = VECTOR('',#4123,1.);
#4123 = DIRECTION('',(0.,1.));
#4124 = ( GEOMETRIC_REPRESENTATION_CONTEXT(2) 
PARAMETRIC_REPRESENTATION_CONTEXT() REPRESENTATION_CONTEXT('2D SPACE',''
  ) );
#4125 = ORIENTED_EDGE('',*,*,#2426,.F.);
#4126 = ORIENTED_EDGE('',*,*,#2278,.F.);
#4127 = ORIENTED_EDGE('',*,*,#4105,.F.);
#4128 = ORIENTED_EDGE('',*,*,#4129,.T.);
#4129 = EDGE_CURVE('',#4027,#4130,#4132,.T.);
#4130 = VERTEX_POINT('',#4131);
#4131 = CARTESIAN_POINT('',(6.703543838896,2.015564437075,18.5));
#4132 = SURFACE_CURVE('',#4133,(#4157,#4184),.PCURVE_S1.);
#4133 = B_SPLINE_CURVE_WITH_KNOTS('',8,(#4134,#4135,#4136,#4137,#4138,
    #4139,#4140,#4141,#4142,#4143,#4144,#4145,#4146,#4147,#4148,#4149,
    #4150,#4151,#4152,#4153,#4154,#4155,#4156),.UNSPECIFIED.,.F.,.F.,(9,
    7,7,9),(0.,0.400413901043,0.755958374897,1.),.UNSPECIFIED.);
#4134 = CARTESIAN_POINT('',(7.,-2.755455298082E-16,15.25));
#4135 = CARTESIAN_POINT('',(7.,0.287604176981,15.25));
#4136 = CARTESIAN_POINT('',(6.986495341883,0.565301237218,
    15.292014520153));
#4137 = CARTESIAN_POINT('',(6.961113994999,0.827208456053,
    15.370978547948));
#4138 = CARTESIAN_POINT('',(6.926807780634,1.068752154018,
    15.481648931032));
#4139 = CARTESIAN_POINT('',(6.887162011642,1.286381744395,
    15.618374498322));
#4140 = CARTESIAN_POINT('',(6.845939529,1.47763492237,15.775036622446));
#4141 = CARTESIAN_POINT('',(6.806315396364,1.641338122171,15.94497065243
    ));
#4142 = CARTESIAN_POINT('',(6.738639917533,1.899062374877,
    16.277226756961));
#4143 = CARTESIAN_POINT('',(6.709016823205,2.001777958425,
    16.442060196508));
#4144 = CARTESIAN_POINT('',(6.682850393382,2.08643612741,16.613408682438
    ));
#4145 = CARTESIAN_POINT('',(6.661099481011,2.153446546294,
    16.789620606466));
#4146 = CARTESIAN_POINT('',(6.644456725383,2.203143018958,
    16.969316305465));
#4147 = CARTESIAN_POINT('',(6.633372445987,2.235752461474,
    17.151290374817));
#4148 = CARTESIAN_POINT('',(6.628071850445,2.251369773087,
    17.334434434722));
#4149 = CARTESIAN_POINT('',(6.628895645426,2.248942776124,
    17.643442931621));
#4150 = CARTESIAN_POINT('',(6.631958179367,2.239919987996,
    17.769139381656));
#4151 = CARTESIAN_POINT('',(6.637740284582,2.222867940939,17.89438899968
    ));
#4152 = CARTESIAN_POINT('',(6.646183689225,2.197764377303,
    18.018816433172));
#4153 = CARTESIAN_POINT('',(6.65717791259,2.164561811075,18.142030706427
    ));
#4154 = CARTESIAN_POINT('',(6.670558663841,2.123190257792,
    18.263613322463));
#4155 = CARTESIAN_POINT('',(6.686106240745,2.073559964444,
    18.383106364925));
#4156 = CARTESIAN_POINT('',(6.703543928401,2.015564139391,18.5000006));
#4157 = PCURVE('',#2340,#4158);
#4158 = DEFINITIONAL_REPRESENTATION('',(#4159),#4183);
#4159 = B_SPLINE_CURVE_WITH_KNOTS('',8,(#4160,#4161,#4162,#4163,#4164,
    #4165,#4166,#4167,#4168,#4169,#4170,#4171,#4172,#4173,#4174,#4175,
    #4176,#4177,#4178,#4179,#4180,#4181,#4182),.UNSPECIFIED.,.F.,.F.,(9,
    7,7,9),(0.,0.400413901043,0.755958374897,1.),.UNSPECIFIED.);
#4160 = CARTESIAN_POINT('',(0.,4.));
#4161 = CARTESIAN_POINT('',(0.127824078658,4.));
#4162 = CARTESIAN_POINT('',(0.251245140497,3.986495341883));
#4163 = CARTESIAN_POINT('',(0.370829949992,3.961113994999));
#4164 = CARTESIAN_POINT('',(0.48681229687,3.926807780635));
#4165 = CARTESIAN_POINT('',(0.59920959164,3.887162011642));
#4166 = CARTESIAN_POINT('',(0.70780147626,3.845939529));
#4167 = CARTESIAN_POINT('',(0.812072304712,3.806315396364));
#4168 = CARTESIAN_POINT('',(0.99895889972,3.738639917533));
#4169 = CARTESIAN_POINT('',(1.084825191285,3.709016823205));
#4170 = CARTESIAN_POINT('',(1.169095103594,3.682850393382));
#4171 = CARTESIAN_POINT('',(1.252135144791,3.661099481011));
#4172 = CARTESIAN_POINT('',(1.334284582282,3.644456725383));
#4173 = CARTESIAN_POINT('',(1.415868912061,3.633372445987));
#4174 = CARTESIAN_POINT('',(1.497209200025,3.628071850445));
#4175 = CARTESIAN_POINT('',(1.634550545689,3.628895645426));
#4176 = CARTESIAN_POINT('',(1.690445231276,3.631958179367));
#4177 = CARTESIAN_POINT('',(1.746435856067,3.637740284582));
#4178 = CARTESIAN_POINT('',(1.802621439319,3.646183689225));
#4179 = CARTESIAN_POINT('',(1.85910108904,3.65717791259));
#4180 = CARTESIAN_POINT('',(1.915976562361,3.670558663841));
#4181 = CARTESIAN_POINT('',(1.973354825904,3.686106240745));
#4182 = CARTESIAN_POINT('',(2.03135061616,3.703543928401));
#4183 = ( GEOMETRIC_REPRESENTATION_CONTEXT(2) 
PARAMETRIC_REPRESENTATION_CONTEXT() REPRESENTATION_CONTEXT('2D SPACE',''
  ) );
#4184 = PCURVE('',#4076,#4185);
#4185 = DEFINITIONAL_REPRESENTATION('',(#4186),#4210);
#4186 = B_SPLINE_CURVE_WITH_KNOTS('',8,(#4187,#4188,#4189,#4190,#4191,
    #4192,#4193,#4194,#4195,#4196,#4197,#4198,#4199,#4200,#4201,#4202,
    #4203,#4204,#4205,#4206,#4207,#4208,#4209),.UNSPECIFIED.,.F.,.F.,(9,
    7,7,9),(0.,0.400413901043,0.755958374897,1.),.UNSPECIFIED.);
#4187 = CARTESIAN_POINT('',(0.,28.75));
#4188 = CARTESIAN_POINT('',(4.108631099726E-02,28.75));
#4189 = CARTESIAN_POINT('',(8.075730969955E-02,28.792014520153));
#4190 = CARTESIAN_POINT('',(0.118278376036,28.870978547948));
#4191 = CARTESIAN_POINT('',(0.153070894516,28.981648931032));
#4192 = CARTESIAN_POINT('',(0.184637478508,29.118374498322));
#4193 = CARTESIAN_POINT('',(0.212571664749,29.275036622446));
#4194 = CARTESIAN_POINT('',(0.236628661207,29.44497065243));
#4195 = CARTESIAN_POINT('',(0.27469459779,29.777226756961));
#4196 = CARTESIAN_POINT('',(0.289961906361,29.942060196508));
#4197 = CARTESIAN_POINT('',(0.302617494127,30.113408682438));
#4198 = CARTESIAN_POINT('',(0.312681118249,30.289620606466));
#4199 = CARTESIAN_POINT('',(0.320168072581,30.469316305465));
#4200 = CARTESIAN_POINT('',(0.325088332211,30.651290374817));
#4201 = CARTESIAN_POINT('',(0.327444377488,30.834434434722));
#4202 = CARTESIAN_POINT('',(0.327078235093,31.143442931621));
#4203 = CARTESIAN_POINT('',(0.325717094928,31.269139381656));
#4204 = CARTESIAN_POINT('',(0.323144788157,31.39438899968));
#4205 = CARTESIAN_POINT('',(0.319361112089,31.518816433172));
#4206 = CARTESIAN_POINT('',(0.314364790056,31.642030706427));
#4207 = CARTESIAN_POINT('',(0.308153547589,31.763613322463));
#4208 = CARTESIAN_POINT('',(0.300724188583,31.883106364925));
#4209 = CARTESIAN_POINT('',(0.292072671464,32.0000006));
#4210 = ( GEOMETRIC_REPRESENTATION_CONTEXT(2) 
PARAMETRIC_REPRESENTATION_CONTEXT() REPRESENTATION_CONTEXT('2D SPACE',''
  ) );
#4211 = ORIENTED_EDGE('',*,*,#4212,.F.);
#4212 = EDGE_CURVE('',#4213,#4130,#4215,.T.);
#4213 = VERTEX_POINT('',#4214);
#4214 = CARTESIAN_POINT('',(3.,2.015564437075,18.5));
#4215 = SURFACE_CURVE('',#4216,(#4220,#4226),.PCURVE_S1.);
#4216 = LINE('',#4217,#4218);
#4217 = CARTESIAN_POINT('',(3.,2.015564437075,18.5));
#4218 = VECTOR('',#4219,1.);
#4219 = DIRECTION('',(1.,0.,0.));
#4220 = PCURVE('',#2340,#4221);
#4221 = DEFINITIONAL_REPRESENTATION('',(#4222),#4225);
#4222 = B_SPLINE_CURVE_WITH_KNOTS('',1,(#4223,#4224),.UNSPECIFIED.,.F.,
  .F.,(2,2),(-5.999999999062E-07,5.4),.PIECEWISE_BEZIER_KNOTS.);
#4223 = CARTESIAN_POINT('',(2.031350318476,-5.999999999062E-07));
#4224 = CARTESIAN_POINT('',(2.031350318476,5.4));
#4225 = ( GEOMETRIC_REPRESENTATION_CONTEXT(2) 
PARAMETRIC_REPRESENTATION_CONTEXT() REPRESENTATION_CONTEXT('2D SPACE',''
  ) );
#4226 = PCURVE('',#4227,#4232);
#4227 = PLANE('',#4228);
#4228 = AXIS2_PLACEMENT_3D('',#4229,#4230,#4231);
#4229 = CARTESIAN_POINT('',(0.,0.,18.5));
#4230 = DIRECTION('',(0.,0.,1.));
#4231 = DIRECTION('',(1.,0.,-0.));
#4232 = DEFINITIONAL_REPRESENTATION('',(#4233),#4236);
#4233 = B_SPLINE_CURVE_WITH_KNOTS('',1,(#4234,#4235),.UNSPECIFIED.,.F.,
  .F.,(2,2),(-5.999999999062E-07,5.4),.PIECEWISE_BEZIER_KNOTS.);
#4234 = CARTESIAN_POINT('',(2.9999994,2.015564437075));
#4235 = CARTESIAN_POINT('',(8.4,2.015564437075));
#4236 = ( GEOMETRIC_REPRESENTATION_CONTEXT(2) 
PARAMETRIC_REPRESENTATION_CONTEXT() REPRESENTATION_CONTEXT('2D SPACE',''
  ) );
#4237 = ORIENTED_EDGE('',*,*,#4238,.T.);
#4238 = EDGE_CURVE('',#4213,#4239,#4241,.T.);
#4239 = VERTEX_POINT('',#4240);
#4240 = CARTESIAN_POINT('',(3.,-2.015564437075,18.5));
#4241 = SURFACE_CURVE('',#4242,(#4247,#4254),.PCURVE_S1.);
#4242 = CIRCLE('',#4243,2.25);
#4243 = AXIS2_PLACEMENT_3D('',#4244,#4245,#4246);
#4244 = CARTESIAN_POINT('',(3.,0.,17.5));
#4245 = DIRECTION('',(1.,-0.,0.));
#4246 = DIRECTION('',(0.,0.,-1.));
#4247 = PCURVE('',#2340,#4248);
#4248 = DEFINITIONAL_REPRESENTATION('',(#4249),#4253);
#4249 = LINE('',#4250,#4251);
#4250 = CARTESIAN_POINT('',(0.,0.));
#4251 = VECTOR('',#4252,1.);
#4252 = DIRECTION('',(1.,0.));
#4253 = ( GEOMETRIC_REPRESENTATION_CONTEXT(2) 
PARAMETRIC_REPRESENTATION_CONTEXT() REPRESENTATION_CONTEXT('2D SPACE',''
  ) );
#4254 = PCURVE('',#4255,#4260);
#4255 = PLANE('',#4256);
#4256 = AXIS2_PLACEMENT_3D('',#4257,#4258,#4259);
#4257 = CARTESIAN_POINT('',(3.,0.,17.5));
#4258 = DIRECTION('',(1.,0.,0.));
#4259 = DIRECTION('',(0.,0.,-1.));
#4260 = DEFINITIONAL_REPRESENTATION('',(#4261),#4265);
#4261 = CIRCLE('',#4262,2.25);
#4262 = AXIS2_PLACEMENT_2D('',#4263,#4264);
#4263 = CARTESIAN_POINT('',(0.,0.));
#4264 = DIRECTION('',(1.,0.));
#4265 = ( GEOMETRIC_REPRESENTATION_CONTEXT(2) 
PARAMETRIC_REPRESENTATION_CONTEXT() REPRESENTATION_CONTEXT('2D SPACE',''
  ) );
#4266 = ORIENTED_EDGE('',*,*,#4267,.T.);
#4267 = EDGE_CURVE('',#4239,#4025,#4268,.T.);
#4268 = SURFACE_CURVE('',#4269,(#4273,#4279),.PCURVE_S1.);
#4269 = LINE('',#4270,#4271);
#4270 = CARTESIAN_POINT('',(3.,-2.015564437075,18.5));
#4271 = VECTOR('',#4272,1.);
#4272 = DIRECTION('',(1.,0.,0.));
#4273 = PCURVE('',#2340,#4274);
#4274 = DEFINITIONAL_REPRESENTATION('',(#4275),#4278);
#4275 = B_SPLINE_CURVE_WITH_KNOTS('',1,(#4276,#4277),.UNSPECIFIED.,.F.,
  .F.,(2,2),(-5.999999999062E-07,5.4),.PIECEWISE_BEZIER_KNOTS.);
#4276 = CARTESIAN_POINT('',(4.251834988703,-5.999999999062E-07));
#4277 = CARTESIAN_POINT('',(4.251834988703,5.4));
#4278 = ( GEOMETRIC_REPRESENTATION_CONTEXT(2) 
PARAMETRIC_REPRESENTATION_CONTEXT() REPRESENTATION_CONTEXT('2D SPACE',''
  ) );
#4279 = PCURVE('',#4227,#4280);
#4280 = DEFINITIONAL_REPRESENTATION('',(#4281),#4284);
#4281 = B_SPLINE_CURVE_WITH_KNOTS('',1,(#4282,#4283),.UNSPECIFIED.,.F.,
  .F.,(2,2),(-5.999999999062E-07,5.4),.PIECEWISE_BEZIER_KNOTS.);
#4282 = CARTESIAN_POINT('',(2.9999994,-2.015564437075));
#4283 = CARTESIAN_POINT('',(8.4,-2.015564437075));
#4284 = ( GEOMETRIC_REPRESENTATION_CONTEXT(2) 
PARAMETRIC_REPRESENTATION_CONTEXT() REPRESENTATION_CONTEXT('2D SPACE',''
  ) );
#4285 = FACE_BOUND('',#4286,.F.);
#4286 = EDGE_LOOP('',(#4287,#4322));
#4287 = ORIENTED_EDGE('',*,*,#4288,.F.);
#4288 = EDGE_CURVE('',#4289,#4291,#4293,.T.);
#4289 = VERTEX_POINT('',#4290);
#4290 = CARTESIAN_POINT('',(8.344709581222,-2.046539030917,
    18.434974863262));
#4291 = VERTEX_POINT('',#4292);
#4292 = CARTESIAN_POINT('',(8.344709581222,-2.046539030917,
    16.565025136738));
#4293 = SURFACE_CURVE('',#4294,(#4299,#4310),.PCURVE_S1.);
#4294 = ELLIPSE('',#4295,2.598076211353,2.25);
#4295 = AXIS2_PLACEMENT_3D('',#4296,#4297,#4298);
#4296 = CARTESIAN_POINT('',(9.526279441629,0.,17.5));
#4297 = DIRECTION('',(0.866025403784,-0.5,0.));
#4298 = DIRECTION('',(0.5,0.866025403784,0.));
#4299 = PCURVE('',#2340,#4300);
#4300 = DEFINITIONAL_REPRESENTATION('',(#4301),#4309);
#4301 = B_SPLINE_CURVE_WITH_KNOTS('',6,(#4302,#4303,#4304,#4305,#4306,
    #4307,#4308),.UNSPECIFIED.,.F.,.F.,(7,7),(2.61273674309,
    3.670448564089),.PIECEWISE_BEZIER_KNOTS.);
#4302 = CARTESIAN_POINT('',(4.183533069885,5.404709581222));
#4303 = CARTESIAN_POINT('',(4.359818373385,5.289167904842));
#4304 = CARTESIAN_POINT('',(4.536103676885,5.215451703698));
#4305 = CARTESIAN_POINT('',(4.712388980385,5.190023035546));
#4306 = CARTESIAN_POINT('',(4.888674283884,5.215451703698));
#4307 = CARTESIAN_POINT('',(5.064959587384,5.289167904842));
#4308 = CARTESIAN_POINT('',(5.241244890884,5.404709581222));
#4309 = ( GEOMETRIC_REPRESENTATION_CONTEXT(2) 
PARAMETRIC_REPRESENTATION_CONTEXT() REPRESENTATION_CONTEXT('2D SPACE',''
  ) );
#4310 = PCURVE('',#4311,#4316);
#4311 = PLANE('',#4312);
#4312 = AXIS2_PLACEMENT_3D('',#4313,#4314,#4315);
#4313 = CARTESIAN_POINT('',(7.744709581222,-3.085769515459,8.5));
#4314 = DIRECTION('',(0.866025403784,-0.5,0.));
#4315 = DIRECTION('',(0.,0.,1.));
#4316 = DEFINITIONAL_REPRESENTATION('',(#4317),#4321);
#4317 = ELLIPSE('',#4318,2.598076211353,2.25);
#4318 = AXIS2_PLACEMENT_2D('',#4319,#4320);
#4319 = CARTESIAN_POINT('',(9.,-3.563139720814));
#4320 = DIRECTION('',(0.,-1.));
#4321 = ( GEOMETRIC_REPRESENTATION_CONTEXT(2) 
PARAMETRIC_REPRESENTATION_CONTEXT() REPRESENTATION_CONTEXT('2D SPACE',''
  ) );
#4322 = ORIENTED_EDGE('',*,*,#4323,.T.);
#4323 = EDGE_CURVE('',#4289,#4291,#4324,.T.);
#4324 = SURFACE_CURVE('',#4325,(#4330,#4343),.PCURVE_S1.);
#4325 = ELLIPSE('',#4326,4.5,2.25);
#4326 = AXIS2_PLACEMENT_3D('',#4327,#4328,#4329);
#4327 = CARTESIAN_POINT('',(4.8,0.,17.5));
#4328 = DIRECTION('',(0.5,0.866025403784,0.));
#4329 = DIRECTION('',(0.866025403784,-0.5,0.));
#4330 = PCURVE('',#2340,#4331);
#4331 = DEFINITIONAL_REPRESENTATION('',(#4332),#4342);
#4332 = B_SPLINE_CURVE_WITH_KNOTS('',8,(#4333,#4334,#4335,#4336,#4337,
    #4338,#4339,#4340,#4341),.UNSPECIFIED.,.F.,.F.,(9,9),(5.549790525474
    ,7.016580088885),.PIECEWISE_BEZIER_KNOTS.);
#4333 = CARTESIAN_POINT('',(3.978994198679,4.695190528383));
#4334 = CARTESIAN_POINT('',(4.162342894105,5.173494242096));
#4335 = CARTESIAN_POINT('',(4.345691589533,5.540567243126));
#4336 = CARTESIAN_POINT('',(4.529040284942,5.771908102721));
#4337 = CARTESIAN_POINT('',(4.712388980392,5.850992900432));
#4338 = CARTESIAN_POINT('',(4.895737675786,5.77190810271));
#4339 = CARTESIAN_POINT('',(5.079086371239,5.540567243129));
#4340 = CARTESIAN_POINT('',(5.262435066664,5.173494242096));
#4341 = CARTESIAN_POINT('',(5.44578376209,4.695190528383));
#4342 = ( GEOMETRIC_REPRESENTATION_CONTEXT(2) 
PARAMETRIC_REPRESENTATION_CONTEXT() REPRESENTATION_CONTEXT('2D SPACE',''
  ) );
#4343 = PCURVE('',#4344,#4349);
#4344 = PLANE('',#4345);
#4345 = AXIS2_PLACEMENT_3D('',#4346,#4347,#4348);
#4346 = CARTESIAN_POINT('',(8.344709581222,-2.046539030917,8.5));
#4347 = DIRECTION('',(0.5,0.866025403784,0.));
#4348 = DIRECTION('',(0.,0.,1.));
#4349 = DEFINITIONAL_REPRESENTATION('',(#4350),#4354);
#4350 = ELLIPSE('',#4351,4.5,2.25);
#4351 = AXIS2_PLACEMENT_2D('',#4352,#4353);
#4352 = CARTESIAN_POINT('',(9.,-4.093078061835));
#4353 = DIRECTION('',(0.,1.));
#4354 = ( GEOMETRIC_REPRESENTATION_CONTEXT(2) 
PARAMETRIC_REPRESENTATION_CONTEXT() REPRESENTATION_CONTEXT('2D SPACE',''
  ) );
#4355 = FACE_BOUND('',#4356,.F.);
#4356 = EDGE_LOOP('',(#4357,#4388,#4414,#4443));
#4357 = ORIENTED_EDGE('',*,*,#4358,.F.);
#4358 = EDGE_CURVE('',#4359,#4361,#4363,.T.);
#4359 = VERTEX_POINT('',#4360);
#4360 = CARTESIAN_POINT('',(8.25,1.2,15.596713368933));
#4361 = VERTEX_POINT('',#4362);
#4362 = CARTESIAN_POINT('',(8.25,1.2,19.403286631067));
#4363 = SURFACE_CURVE('',#4364,(#4369,#4376),.PCURVE_S1.);
#4364 = CIRCLE('',#4365,2.25);
#4365 = AXIS2_PLACEMENT_3D('',#4366,#4367,#4368);
#4366 = CARTESIAN_POINT('',(8.25,0.,17.5));
#4367 = DIRECTION('',(1.,0.,0.));
#4368 = DIRECTION('',(0.,0.,-1.));
#4369 = PCURVE('',#2340,#4370);
#4370 = DEFINITIONAL_REPRESENTATION('',(#4371),#4375);
#4371 = LINE('',#4372,#4373);
#4372 = CARTESIAN_POINT('',(0.,5.25));
#4373 = VECTOR('',#4374,1.);
#4374 = DIRECTION('',(1.,0.));
#4375 = ( GEOMETRIC_REPRESENTATION_CONTEXT(2) 
PARAMETRIC_REPRESENTATION_CONTEXT() REPRESENTATION_CONTEXT('2D SPACE',''
  ) );
#4376 = PCURVE('',#4377,#4382);
#4377 = PLANE('',#4378);
#4378 = AXIS2_PLACEMENT_3D('',#4379,#4380,#4381);
#4379 = CARTESIAN_POINT('',(8.25,1.2,8.5));
#4380 = DIRECTION('',(1.,0.,0.));
#4381 = DIRECTION('',(0.,0.,1.));
#4382 = DEFINITIONAL_REPRESENTATION('',(#4383),#4387);
#4383 = CIRCLE('',#4384,2.25);
#4384 = AXIS2_PLACEMENT_2D('',#4385,#4386);
#4385 = CARTESIAN_POINT('',(9.,1.2));
#4386 = DIRECTION('',(-1.,0.));
#4387 = ( GEOMETRIC_REPRESENTATION_CONTEXT(2) 
PARAMETRIC_REPRESENTATION_CONTEXT() REPRESENTATION_CONTEXT('2D SPACE',''
  ) );
#4388 = ORIENTED_EDGE('',*,*,#4389,.T.);
#4389 = EDGE_CURVE('',#4359,#4390,#4392,.T.);
#4390 = VERTEX_POINT('',#4391);
#4391 = CARTESIAN_POINT('',(15.75,1.2,15.596713368933));
#4392 = SURFACE_CURVE('',#4393,(#4397,#4403),.PCURVE_S1.);
#4393 = LINE('',#4394,#4395);
#4394 = CARTESIAN_POINT('',(3.,1.2,15.596713368933));
#4395 = VECTOR('',#4396,1.);
#4396 = DIRECTION('',(1.,0.,0.));
#4397 = PCURVE('',#2340,#4398);
#4398 = DEFINITIONAL_REPRESENTATION('',(#4399),#4402);
#4399 = B_SPLINE_CURVE_WITH_KNOTS('',1,(#4400,#4401),.UNSPECIFIED.,.F.,
  .F.,(2,2),(4.5,13.5),.PIECEWISE_BEZIER_KNOTS.);
#4400 = CARTESIAN_POINT('',(0.562536244544,4.5));
#4401 = CARTESIAN_POINT('',(0.562536244544,13.5));
#4402 = ( GEOMETRIC_REPRESENTATION_CONTEXT(2) 
PARAMETRIC_REPRESENTATION_CONTEXT() REPRESENTATION_CONTEXT('2D SPACE',''
  ) );
#4403 = PCURVE('',#4404,#4409);
#4404 = PLANE('',#4405);
#4405 = AXIS2_PLACEMENT_3D('',#4406,#4407,#4408);
#4406 = CARTESIAN_POINT('',(8.25,1.2,8.5));
#4407 = DIRECTION('',(0.,1.,0.));
#4408 = DIRECTION('',(0.,0.,1.));
#4409 = DEFINITIONAL_REPRESENTATION('',(#4410),#4413);
#4410 = B_SPLINE_CURVE_WITH_KNOTS('',1,(#4411,#4412),.UNSPECIFIED.,.F.,
  .F.,(2,2),(4.5,13.5),.PIECEWISE_BEZIER_KNOTS.);
#4411 = CARTESIAN_POINT('',(7.096713368933,-0.75));
#4412 = CARTESIAN_POINT('',(7.096713368933,8.25));
#4413 = ( GEOMETRIC_REPRESENTATION_CONTEXT(2) 
PARAMETRIC_REPRESENTATION_CONTEXT() REPRESENTATION_CONTEXT('2D SPACE',''
  ) );
#4414 = ORIENTED_EDGE('',*,*,#4415,.T.);
#4415 = EDGE_CURVE('',#4390,#4416,#4418,.T.);
#4416 = VERTEX_POINT('',#4417);
#4417 = CARTESIAN_POINT('',(15.75,1.2,19.403286631067));
#4418 = SURFACE_CURVE('',#4419,(#4424,#4431),.PCURVE_S1.);
#4419 = CIRCLE('',#4420,2.25);
#4420 = AXIS2_PLACEMENT_3D('',#4421,#4422,#4423);
#4421 = CARTESIAN_POINT('',(15.75,0.,17.5));
#4422 = DIRECTION('',(1.,0.,0.));
#4423 = DIRECTION('',(0.,0.,-1.));
#4424 = PCURVE('',#2340,#4425);
#4425 = DEFINITIONAL_REPRESENTATION('',(#4426),#4430);
#4426 = LINE('',#4427,#4428);
#4427 = CARTESIAN_POINT('',(0.,12.75));
#4428 = VECTOR('',#4429,1.);
#4429 = DIRECTION('',(1.,0.));
#4430 = ( GEOMETRIC_REPRESENTATION_CONTEXT(2) 
PARAMETRIC_REPRESENTATION_CONTEXT() REPRESENTATION_CONTEXT('2D SPACE',''
  ) );
#4431 = PCURVE('',#4432,#4437);
#4432 = PLANE('',#4433);
#4433 = AXIS2_PLACEMENT_3D('',#4434,#4435,#4436);
#4434 = CARTESIAN_POINT('',(15.75,1.2,8.5));
#4435 = DIRECTION('',(1.,0.,0.));
#4436 = DIRECTION('',(0.,0.,1.));
#4437 = DEFINITIONAL_REPRESENTATION('',(#4438),#4442);
#4438 = CIRCLE('',#4439,2.25);
#4439 = AXIS2_PLACEMENT_2D('',#4440,#4441);
#4440 = CARTESIAN_POINT('',(9.,1.2));
#4441 = DIRECTION('',(-1.,0.));
#4442 = ( GEOMETRIC_REPRESENTATION_CONTEXT(2) 
PARAMETRIC_REPRESENTATION_CONTEXT() REPRESENTATION_CONTEXT('2D SPACE',''
  ) );
#4443 = ORIENTED_EDGE('',*,*,#4444,.F.);
#4444 = EDGE_CURVE('',#4361,#4416,#4445,.T.);
#4445 = SURFACE_CURVE('',#4446,(#4450,#4456),.PCURVE_S1.);
#4446 = LINE('',#4447,#4448);
#4447 = CARTESIAN_POINT('',(3.,1.2,19.403286631067));
#4448 = VECTOR('',#4449,1.);
#4449 = DIRECTION('',(1.,0.,0.));
#4450 = PCURVE('',#2340,#4451);
#4451 = DEFINITIONAL_REPRESENTATION('',(#4452),#4455);
#4452 = B_SPLINE_CURVE_WITH_KNOTS('',1,(#4453,#4454),.UNSPECIFIED.,.F.,
  .F.,(2,2),(4.5,13.5),.PIECEWISE_BEZIER_KNOTS.);
#4453 = CARTESIAN_POINT('',(2.579056409046,4.5));
#4454 = CARTESIAN_POINT('',(2.579056409046,13.5));
#4455 = ( GEOMETRIC_REPRESENTATION_CONTEXT(2) 
PARAMETRIC_REPRESENTATION_CONTEXT() REPRESENTATION_CONTEXT('2D SPACE',''
  ) );
#4456 = PCURVE('',#4404,#4457);
#4457 = DEFINITIONAL_REPRESENTATION('',(#4458),#4461);
#4458 = B_SPLINE_CURVE_WITH_KNOTS('',1,(#4459,#4460),.UNSPECIFIED.,.F.,
  .F.,(2,2),(4.5,13.5),.PIECEWISE_BEZIER_KNOTS.);
#4459 = CARTESIAN_POINT('',(10.903286631067,-0.75));
#4460 = CARTESIAN_POINT('',(10.903286631067,8.25));
#4461 = ( GEOMETRIC_REPRESENTATION_CONTEXT(2) 
PARAMETRIC_REPRESENTATION_CONTEXT() REPRESENTATION_CONTEXT('2D SPACE',''
  ) );
#4462 = ADVANCED_FACE('',(#4463,#4466),#2413,.F.);
#4463 = FACE_BOUND('',#4464,.F.);
#4464 = EDGE_LOOP('',(#4465));
#4465 = ORIENTED_EDGE('',*,*,#2398,.T.);
#4466 = FACE_BOUND('',#4467,.F.);
#4467 = EDGE_LOOP('',(#4468));
#4468 = ORIENTED_EDGE('',*,*,#4469,.F.);
#4469 = EDGE_CURVE('',#4470,#4470,#4472,.T.);
#4470 = VERTEX_POINT('',#4471);
#4471 = CARTESIAN_POINT('',(7.,-1.714505518806E-15,2.5));
#4472 = SURFACE_CURVE('',#4473,(#4478,#4485),.PCURVE_S1.);
#4473 = CIRCLE('',#4474,7.);
#4474 = AXIS2_PLACEMENT_3D('',#4475,#4476,#4477);
#4475 = CARTESIAN_POINT('',(0.,0.,2.5));
#4476 = DIRECTION('',(0.,0.,1.));
#4477 = DIRECTION('',(1.,0.,-0.));
#4478 = PCURVE('',#2413,#4479);
#4479 = DEFINITIONAL_REPRESENTATION('',(#4480),#4484);
#4480 = CIRCLE('',#4481,7.);
#4481 = AXIS2_PLACEMENT_2D('',#4482,#4483);
#4482 = CARTESIAN_POINT('',(0.,0.));
#4483 = DIRECTION('',(1.,0.));
#4484 = ( GEOMETRIC_REPRESENTATION_CONTEXT(2) 
PARAMETRIC_REPRESENTATION_CONTEXT() REPRESENTATION_CONTEXT('2D SPACE',''
  ) );
#4485 = PCURVE('',#4076,#4486);
#4486 = DEFINITIONAL_REPRESENTATION('',(#4487),#4491);
#4487 = LINE('',#4488,#4489);
#4488 = CARTESIAN_POINT('',(0.,16.));
#4489 = VECTOR('',#4490,1.);
#4490 = DIRECTION('',(1.,0.));
#4491 = ( GEOMETRIC_REPRESENTATION_CONTEXT(2) 
PARAMETRIC_REPRESENTATION_CONTEXT() REPRESENTATION_CONTEXT('2D SPACE',''
  ) );
#4492 = ADVANCED_FACE('',(#4493),#2565,.F.);
#4493 = FACE_BOUND('',#4494,.F.);
#4494 = EDGE_LOOP('',(#4495,#4518,#4519,#4542));
#4495 = ORIENTED_EDGE('',*,*,#4496,.F.);
#4496 = EDGE_CURVE('',#2549,#4497,#4499,.T.);
#4497 = VERTEX_POINT('',#4498);
#4498 = CARTESIAN_POINT('',(16.351515870402,6.056728894847,8.5));
#4499 = SURFACE_CURVE('',#4500,(#4504,#4511),.PCURVE_S1.);
#4500 = LINE('',#4501,#4502);
#4501 = CARTESIAN_POINT('',(13.074907693246,3.762423149442,8.5));
#4502 = VECTOR('',#4503,1.);
#4503 = DIRECTION('',(0.819152044289,0.573576436351,0.));
#4504 = PCURVE('',#2565,#4505);
#4505 = DEFINITIONAL_REPRESENTATION('',(#4506),#4510);
#4506 = LINE('',#4507,#4508);
#4507 = CARTESIAN_POINT('',(0.,1.));
#4508 = VECTOR('',#4509,1.);
#4509 = DIRECTION('',(1.,0.));
#4510 = ( GEOMETRIC_REPRESENTATION_CONTEXT(2) 
PARAMETRIC_REPRESENTATION_CONTEXT() REPRESENTATION_CONTEXT('2D SPACE',''
  ) );
#4511 = PCURVE('',#2645,#4512);
#4512 = DEFINITIONAL_REPRESENTATION('',(#4513),#4517);
#4513 = LINE('',#4514,#4515);
#4514 = CARTESIAN_POINT('',(0.,0.));
#4515 = VECTOR('',#4516,1.);
#4516 = DIRECTION('',(0.,1.));
#4517 = ( GEOMETRIC_REPRESENTATION_CONTEXT(2) 
PARAMETRIC_REPRESENTATION_CONTEXT() REPRESENTATION_CONTEXT('2D SPACE',''
  ) );
#4518 = ORIENTED_EDGE('',*,*,#2546,.F.);
#4519 = ORIENTED_EDGE('',*,*,#4520,.T.);
#4520 = EDGE_CURVE('',#2547,#4521,#4523,.T.);
#4521 = VERTEX_POINT('',#4522);
#4522 = CARTESIAN_POINT('',(16.925092306754,5.237576850558,8.5));
#4523 = SURFACE_CURVE('',#4524,(#4528,#4535),.PCURVE_S1.);
#4524 = LINE('',#4525,#4526);
#4525 = CARTESIAN_POINT('',(13.648484129598,2.943271105153,8.5));
#4526 = VECTOR('',#4527,1.);
#4527 = DIRECTION('',(0.819152044289,0.573576436351,0.));
#4528 = PCURVE('',#2565,#4529);
#4529 = DEFINITIONAL_REPRESENTATION('',(#4530),#4534);
#4530 = LINE('',#4531,#4532);
#4531 = CARTESIAN_POINT('',(0.,0.));
#4532 = VECTOR('',#4533,1.);
#4533 = DIRECTION('',(1.,0.));
#4534 = ( GEOMETRIC_REPRESENTATION_CONTEXT(2) 
PARAMETRIC_REPRESENTATION_CONTEXT() REPRESENTATION_CONTEXT('2D SPACE',''
  ) );
#4535 = PCURVE('',#2592,#4536);
#4536 = DEFINITIONAL_REPRESENTATION('',(#4537),#4541);
#4537 = LINE('',#4538,#4539);
#4538 = CARTESIAN_POINT('',(0.,0.));
#4539 = VECTOR('',#4540,1.);
#4540 = DIRECTION('',(0.,1.));
#4541 = ( GEOMETRIC_REPRESENTATION_CONTEXT(2) 
PARAMETRIC_REPRESENTATION_CONTEXT() REPRESENTATION_CONTEXT('2D SPACE',''
  ) );
#4542 = ORIENTED_EDGE('',*,*,#4543,.T.);
#4543 = EDGE_CURVE('',#4521,#4497,#4544,.T.);
#4544 = SURFACE_CURVE('',#4545,(#4549,#4556),.PCURVE_S1.);
#4545 = LINE('',#4546,#4547);
#4546 = CARTESIAN_POINT('',(16.925092306754,5.237576850558,8.5));
#4547 = VECTOR('',#4548,1.);
#4548 = DIRECTION('',(-0.573576436351,0.819152044289,0.));
#4549 = PCURVE('',#2565,#4550);
#4550 = DEFINITIONAL_REPRESENTATION('',(#4551),#4555);
#4551 = LINE('',#4552,#4553);
#4552 = CARTESIAN_POINT('',(4.,0.));
#4553 = VECTOR('',#4554,1.);
#4554 = DIRECTION('',(0.,1.));
#4555 = ( GEOMETRIC_REPRESENTATION_CONTEXT(2) 
PARAMETRIC_REPRESENTATION_CONTEXT() REPRESENTATION_CONTEXT('2D SPACE',''
  ) );
#4556 = PCURVE('',#4557,#4562);
#4557 = PLANE('',#4558);
#4558 = AXIS2_PLACEMENT_3D('',#4559,#4560,#4561);
#4559 = CARTESIAN_POINT('',(16.925092306754,5.237576850558,8.5));
#4560 = DIRECTION('',(0.819152044289,0.573576436351,0.));
#4561 = DIRECTION('',(0.,0.,1.));
#4562 = DEFINITIONAL_REPRESENTATION('',(#4563),#4567);
#4563 = LINE('',#4564,#4565);
#4564 = CARTESIAN_POINT('',(0.,0.));
#4565 = VECTOR('',#4566,1.);
#4566 = DIRECTION('',(0.,-1.));
#4567 = ( GEOMETRIC_REPRESENTATION_CONTEXT(2) 
PARAMETRIC_REPRESENTATION_CONTEXT() REPRESENTATION_CONTEXT('2D SPACE',''
  ) );
#4568 = ADVANCED_FACE('',(#4569),#2592,.F.);
#4569 = FACE_BOUND('',#4570,.F.);
#4570 = EDGE_LOOP('',(#4571,#4572,#4573,#4596));
#4571 = ORIENTED_EDGE('',*,*,#4520,.F.);
#4572 = ORIENTED_EDGE('',*,*,#2577,.T.);
#4573 = ORIENTED_EDGE('',*,*,#4574,.T.);
#4574 = EDGE_CURVE('',#2578,#4575,#4577,.T.);
#4575 = VERTEX_POINT('',#4576);
#4576 = CARTESIAN_POINT('',(16.925092306754,5.237576850558,26.5));
#4577 = SURFACE_CURVE('',#4578,(#4582,#4589),.PCURVE_S1.);
#4578 = LINE('',#4579,#4580);
#4579 = CARTESIAN_POINT('',(13.648484129598,2.943271105153,26.5));
#4580 = VECTOR('',#4581,1.);
#4581 = DIRECTION('',(0.819152044289,0.573576436351,0.));
#4582 = PCURVE('',#2592,#4583);
#4583 = DEFINITIONAL_REPRESENTATION('',(#4584),#4588);
#4584 = LINE('',#4585,#4586);
#4585 = CARTESIAN_POINT('',(18.,0.));
#4586 = VECTOR('',#4587,1.);
#4587 = DIRECTION('',(0.,1.));
#4588 = ( GEOMETRIC_REPRESENTATION_CONTEXT(2) 
PARAMETRIC_REPRESENTATION_CONTEXT() REPRESENTATION_CONTEXT('2D SPACE',''
  ) );
#4589 = PCURVE('',#2620,#4590);
#4590 = DEFINITIONAL_REPRESENTATION('',(#4591),#4595);
#4591 = LINE('',#4592,#4593);
#4592 = CARTESIAN_POINT('',(0.,0.));
#4593 = VECTOR('',#4594,1.);
#4594 = DIRECTION('',(1.,0.));
#4595 = ( GEOMETRIC_REPRESENTATION_CONTEXT(2) 
PARAMETRIC_REPRESENTATION_CONTEXT() REPRESENTATION_CONTEXT('2D SPACE',''
  ) );
#4596 = ORIENTED_EDGE('',*,*,#4597,.F.);
#4597 = EDGE_CURVE('',#4521,#4575,#4598,.T.);
#4598 = SURFACE_CURVE('',#4599,(#4603,#4610),.PCURVE_S1.);
#4599 = LINE('',#4600,#4601);
#4600 = CARTESIAN_POINT('',(16.925092306754,5.237576850558,8.5));
#4601 = VECTOR('',#4602,1.);
#4602 = DIRECTION('',(0.,0.,1.));
#4603 = PCURVE('',#2592,#4604);
#4604 = DEFINITIONAL_REPRESENTATION('',(#4605),#4609);
#4605 = LINE('',#4606,#4607);
#4606 = CARTESIAN_POINT('',(0.,4.));
#4607 = VECTOR('',#4608,1.);
#4608 = DIRECTION('',(1.,0.));
#4609 = ( GEOMETRIC_REPRESENTATION_CONTEXT(2) 
PARAMETRIC_REPRESENTATION_CONTEXT() REPRESENTATION_CONTEXT('2D SPACE',''
  ) );
#4610 = PCURVE('',#4557,#4611);
#4611 = DEFINITIONAL_REPRESENTATION('',(#4612),#4616);
#4612 = LINE('',#4613,#4614);
#4613 = CARTESIAN_POINT('',(0.,0.));
#4614 = VECTOR('',#4615,1.);
#4615 = DIRECTION('',(1.,0.));
#4616 = ( GEOMETRIC_REPRESENTATION_CONTEXT(2) 
PARAMETRIC_REPRESENTATION_CONTEXT() REPRESENTATION_CONTEXT('2D SPACE',''
  ) );
#4617 = ADVANCED_FACE('',(#4618),#2645,.T.);
#4618 = FACE_BOUND('',#4619,.T.);
#4619 = EDGE_LOOP('',(#4620,#4621,#4622,#4645));
#4620 = ORIENTED_EDGE('',*,*,#4496,.F.);
#4621 = ORIENTED_EDGE('',*,*,#2632,.T.);
#4622 = ORIENTED_EDGE('',*,*,#4623,.T.);
#4623 = EDGE_CURVE('',#2604,#4624,#4626,.T.);
#4624 = VERTEX_POINT('',#4625);
#4625 = CARTESIAN_POINT('',(16.351515870402,6.056728894847,26.5));
#4626 = SURFACE_CURVE('',#4627,(#4631,#4638),.PCURVE_S1.);
#4627 = LINE('',#4628,#4629);
#4628 = CARTESIAN_POINT('',(13.074907693246,3.762423149442,26.5));
#4629 = VECTOR('',#4630,1.);
#4630 = DIRECTION('',(0.819152044289,0.573576436351,0.));
#4631 = PCURVE('',#2645,#4632);
#4632 = DEFINITIONAL_REPRESENTATION('',(#4633),#4637);
#4633 = LINE('',#4634,#4635);
#4634 = CARTESIAN_POINT('',(18.,0.));
#4635 = VECTOR('',#4636,1.);
#4636 = DIRECTION('',(0.,1.));
#4637 = ( GEOMETRIC_REPRESENTATION_CONTEXT(2) 
PARAMETRIC_REPRESENTATION_CONTEXT() REPRESENTATION_CONTEXT('2D SPACE',''
  ) );
#4638 = PCURVE('',#2620,#4639);
#4639 = DEFINITIONAL_REPRESENTATION('',(#4640),#4644);
#4640 = LINE('',#4641,#4642);
#4641 = CARTESIAN_POINT('',(0.,1.));
#4642 = VECTOR('',#4643,1.);
#4643 = DIRECTION('',(1.,0.));
#4644 = ( GEOMETRIC_REPRESENTATION_CONTEXT(2) 
PARAMETRIC_REPRESENTATION_CONTEXT() REPRESENTATION_CONTEXT('2D SPACE',''
  ) );
#4645 = ORIENTED_EDGE('',*,*,#4646,.F.);
#4646 = EDGE_CURVE('',#4497,#4624,#4647,.T.);
#4647 = SURFACE_CURVE('',#4648,(#4652,#4659),.PCURVE_S1.);
#4648 = LINE('',#4649,#4650);
#4649 = CARTESIAN_POINT('',(16.351515870402,6.056728894847,8.5));
#4650 = VECTOR('',#4651,1.);
#4651 = DIRECTION('',(0.,0.,1.));
#4652 = PCURVE('',#2645,#4653);
#4653 = DEFINITIONAL_REPRESENTATION('',(#4654),#4658);
#4654 = LINE('',#4655,#4656);
#4655 = CARTESIAN_POINT('',(0.,4.));
#4656 = VECTOR('',#4657,1.);
#4657 = DIRECTION('',(1.,0.));
#4658 = ( GEOMETRIC_REPRESENTATION_CONTEXT(2) 
PARAMETRIC_REPRESENTATION_CONTEXT() REPRESENTATION_CONTEXT('2D SPACE',''
  ) );
#4659 = PCURVE('',#4557,#4660);
#4660 = DEFINITIONAL_REPRESENTATION('',(#4661),#4665);
#4661 = LINE('',#4662,#4663);
#4662 = CARTESIAN_POINT('',(0.,-1.));
#4663 = VECTOR('',#4664,1.);
#4664 = DIRECTION('',(1.,0.));
#4665 = ( GEOMETRIC_REPRESENTATION_CONTEXT(2) 
PARAMETRIC_REPRESENTATION_CONTEXT() REPRESENTATION_CONTEXT('2D SPACE',''
  ) );
#4666 = ADVANCED_FACE('',(#4667),#2620,.T.);
#4667 = FACE_BOUND('',#4668,.T.);
#4668 = EDGE_LOOP('',(#4669,#4670,#4671,#4672));
#4669 = ORIENTED_EDGE('',*,*,#4623,.F.);
#4670 = ORIENTED_EDGE('',*,*,#2603,.F.);
#4671 = ORIENTED_EDGE('',*,*,#4574,.T.);
#4672 = ORIENTED_EDGE('',*,*,#4673,.T.);
#4673 = EDGE_CURVE('',#4575,#4624,#4674,.T.);
#4674 = SURFACE_CURVE('',#4675,(#4679,#4686),.PCURVE_S1.);
#4675 = LINE('',#4676,#4677);
#4676 = CARTESIAN_POINT('',(16.925092306754,5.237576850558,26.5));
#4677 = VECTOR('',#4678,1.);
#4678 = DIRECTION('',(-0.573576436351,0.819152044289,0.));
#4679 = PCURVE('',#2620,#4680);
#4680 = DEFINITIONAL_REPRESENTATION('',(#4681),#4685);
#4681 = LINE('',#4682,#4683);
#4682 = CARTESIAN_POINT('',(4.,0.));
#4683 = VECTOR('',#4684,1.);
#4684 = DIRECTION('',(0.,1.));
#4685 = ( GEOMETRIC_REPRESENTATION_CONTEXT(2) 
PARAMETRIC_REPRESENTATION_CONTEXT() REPRESENTATION_CONTEXT('2D SPACE',''
  ) );
#4686 = PCURVE('',#4557,#4687);
#4687 = DEFINITIONAL_REPRESENTATION('',(#4688),#4692);
#4688 = LINE('',#4689,#4690);
#4689 = CARTESIAN_POINT('',(18.,0.));
#4690 = VECTOR('',#4691,1.);
#4691 = DIRECTION('',(0.,-1.));
#4692 = ( GEOMETRIC_REPRESENTATION_CONTEXT(2) 
PARAMETRIC_REPRESENTATION_CONTEXT() REPRESENTATION_CONTEXT('2D SPACE',''
  ) );
#4693 = ADVANCED_FACE('',(#4694),#2677,.F.);
#4694 = FACE_BOUND('',#4695,.F.);
#4695 = EDGE_LOOP('',(#4696,#4719,#4720,#4743));
#4696 = ORIENTED_EDGE('',*,*,#4697,.F.);
#4697 = EDGE_CURVE('',#2661,#4698,#4700,.T.);
#4698 = VERTEX_POINT('',#4699);
#4699 = CARTESIAN_POINT('',(11.13246368673,13.421039021974,8.5));
#4700 = SURFACE_CURVE('',#4701,(#4705,#4712),.PCURVE_S1.);
#4701 = LINE('',#4702,#4703);
#4702 = CARTESIAN_POINT('',(9.441990639767,9.795807873827,8.5));
#4703 = VECTOR('',#4704,1.);
#4704 = DIRECTION('',(0.422618261741,0.906307787037,0.));
#4705 = PCURVE('',#2677,#4706);
#4706 = DEFINITIONAL_REPRESENTATION('',(#4707),#4711);
#4707 = LINE('',#4708,#4709);
#4708 = CARTESIAN_POINT('',(0.,1.));
#4709 = VECTOR('',#4710,1.);
#4710 = DIRECTION('',(1.,0.));
#4711 = ( GEOMETRIC_REPRESENTATION_CONTEXT(2) 
PARAMETRIC_REPRESENTATION_CONTEXT() REPRESENTATION_CONTEXT('2D SPACE',''
  ) );
#4712 = PCURVE('',#2757,#4713);
#4713 = DEFINITIONAL_REPRESENTATION('',(#4714),#4718);
#4714 = LINE('',#4715,#4716);
#4715 = CARTESIAN_POINT('',(0.,0.));
#4716 = VECTOR('',#4717,1.);
#4717 = DIRECTION('',(0.,1.));
#4718 = ( GEOMETRIC_REPRESENTATION_CONTEXT(2) 
PARAMETRIC_REPRESENTATION_CONTEXT() REPRESENTATION_CONTEXT('2D SPACE',''
  ) );
#4719 = ORIENTED_EDGE('',*,*,#2658,.F.);
#4720 = ORIENTED_EDGE('',*,*,#4721,.T.);
#4721 = EDGE_CURVE('',#2659,#4722,#4724,.T.);
#4722 = VERTEX_POINT('',#4723);
#4723 = CARTESIAN_POINT('',(12.038771473766,12.998420760233,8.5));
#4724 = SURFACE_CURVE('',#4725,(#4729,#4736),.PCURVE_S1.);
#4725 = LINE('',#4726,#4727);
#4726 = CARTESIAN_POINT('',(10.348298426804,9.373189612086,8.5));
#4727 = VECTOR('',#4728,1.);
#4728 = DIRECTION('',(0.422618261741,0.906307787037,0.));
#4729 = PCURVE('',#2677,#4730);
#4730 = DEFINITIONAL_REPRESENTATION('',(#4731),#4735);
#4731 = LINE('',#4732,#4733);
#4732 = CARTESIAN_POINT('',(0.,0.));
#4733 = VECTOR('',#4734,1.);
#4734 = DIRECTION('',(1.,0.));
#4735 = ( GEOMETRIC_REPRESENTATION_CONTEXT(2) 
PARAMETRIC_REPRESENTATION_CONTEXT() REPRESENTATION_CONTEXT('2D SPACE',''
  ) );
#4736 = PCURVE('',#2704,#4737);
#4737 = DEFINITIONAL_REPRESENTATION('',(#4738),#4742);
#4738 = LINE('',#4739,#4740);
#4739 = CARTESIAN_POINT('',(0.,0.));
#4740 = VECTOR('',#4741,1.);
#4741 = DIRECTION('',(0.,1.));
#4742 = ( GEOMETRIC_REPRESENTATION_CONTEXT(2) 
PARAMETRIC_REPRESENTATION_CONTEXT() REPRESENTATION_CONTEXT('2D SPACE',''
  ) );
#4743 = ORIENTED_EDGE('',*,*,#4744,.T.);
#4744 = EDGE_CURVE('',#4722,#4698,#4745,.T.);
#4745 = SURFACE_CURVE('',#4746,(#4750,#4757),.PCURVE_S1.);
#4746 = LINE('',#4747,#4748);
#4747 = CARTESIAN_POINT('',(12.038771473766,12.998420760233,8.5));
#4748 = VECTOR('',#4749,1.);
#4749 = DIRECTION('',(-0.906307787037,0.422618261741,0.));
#4750 = PCURVE('',#2677,#4751);
#4751 = DEFINITIONAL_REPRESENTATION('',(#4752),#4756);
#4752 = LINE('',#4753,#4754);
#4753 = CARTESIAN_POINT('',(4.,0.));
#4754 = VECTOR('',#4755,1.);
#4755 = DIRECTION('',(0.,1.));
#4756 = ( GEOMETRIC_REPRESENTATION_CONTEXT(2) 
PARAMETRIC_REPRESENTATION_CONTEXT() REPRESENTATION_CONTEXT('2D SPACE',''
  ) );
#4757 = PCURVE('',#4758,#4763);
#4758 = PLANE('',#4759);
#4759 = AXIS2_PLACEMENT_3D('',#4760,#4761,#4762);
#4760 = CARTESIAN_POINT('',(12.038771473766,12.998420760233,8.5));
#4761 = DIRECTION('',(0.422618261741,0.906307787037,0.));
#4762 = DIRECTION('',(0.,0.,1.));
#4763 = DEFINITIONAL_REPRESENTATION('',(#4764),#4768);
#4764 = LINE('',#4765,#4766);
#4765 = CARTESIAN_POINT('',(0.,0.));
#4766 = VECTOR('',#4767,1.);
#4767 = DIRECTION('',(0.,-1.));
#4768 = ( GEOMETRIC_REPRESENTATION_CONTEXT(2) 
PARAMETRIC_REPRESENTATION_CONTEXT() REPRESENTATION_CONTEXT('2D SPACE',''
  ) );
#4769 = ADVANCED_FACE('',(#4770),#2704,.F.);
#4770 = FACE_BOUND('',#4771,.F.);
#4771 = EDGE_LOOP('',(#4772,#4773,#4774,#4797));
#4772 = ORIENTED_EDGE('',*,*,#4721,.F.);
#4773 = ORIENTED_EDGE('',*,*,#2689,.T.);
#4774 = ORIENTED_EDGE('',*,*,#4775,.T.);
#4775 = EDGE_CURVE('',#2690,#4776,#4778,.T.);
#4776 = VERTEX_POINT('',#4777);
#4777 = CARTESIAN_POINT('',(12.038771473766,12.998420760233,26.5));
#4778 = SURFACE_CURVE('',#4779,(#4783,#4790),.PCURVE_S1.);
#4779 = LINE('',#4780,#4781);
#4780 = CARTESIAN_POINT('',(10.348298426804,9.373189612086,26.5));
#4781 = VECTOR('',#4782,1.);
#4782 = DIRECTION('',(0.422618261741,0.906307787037,0.));
#4783 = PCURVE('',#2704,#4784);
#4784 = DEFINITIONAL_REPRESENTATION('',(#4785),#4789);
#4785 = LINE('',#4786,#4787);
#4786 = CARTESIAN_POINT('',(18.,0.));
#4787 = VECTOR('',#4788,1.);
#4788 = DIRECTION('',(0.,1.));
#4789 = ( GEOMETRIC_REPRESENTATION_CONTEXT(2) 
PARAMETRIC_REPRESENTATION_CONTEXT() REPRESENTATION_CONTEXT('2D SPACE',''
  ) );
#4790 = PCURVE('',#2732,#4791);
#4791 = DEFINITIONAL_REPRESENTATION('',(#4792),#4796);
#4792 = LINE('',#4793,#4794);
#4793 = CARTESIAN_POINT('',(0.,0.));
#4794 = VECTOR('',#4795,1.);
#4795 = DIRECTION('',(1.,0.));
#4796 = ( GEOMETRIC_REPRESENTATION_CONTEXT(2) 
PARAMETRIC_REPRESENTATION_CONTEXT() REPRESENTATION_CONTEXT('2D SPACE',''
  ) );
#4797 = ORIENTED_EDGE('',*,*,#4798,.F.);
#4798 = EDGE_CURVE('',#4722,#4776,#4799,.T.);
#4799 = SURFACE_CURVE('',#4800,(#4804,#4811),.PCURVE_S1.);
#4800 = LINE('',#4801,#4802);
#4801 = CARTESIAN_POINT('',(12.038771473766,12.998420760233,8.5));
#4802 = VECTOR('',#4803,1.);
#4803 = DIRECTION('',(0.,0.,1.));
#4804 = PCURVE('',#2704,#4805);
#4805 = DEFINITIONAL_REPRESENTATION('',(#4806),#4810);
#4806 = LINE('',#4807,#4808);
#4807 = CARTESIAN_POINT('',(0.,4.));
#4808 = VECTOR('',#4809,1.);
#4809 = DIRECTION('',(1.,0.));
#4810 = ( GEOMETRIC_REPRESENTATION_CONTEXT(2) 
PARAMETRIC_REPRESENTATION_CONTEXT() REPRESENTATION_CONTEXT('2D SPACE',''
  ) );
#4811 = PCURVE('',#4758,#4812);
#4812 = DEFINITIONAL_REPRESENTATION('',(#4813),#4817);
#4813 = LINE('',#4814,#4815);
#4814 = CARTESIAN_POINT('',(0.,0.));
#4815 = VECTOR('',#4816,1.);
#4816 = DIRECTION('',(1.,0.));
#4817 = ( GEOMETRIC_REPRESENTATION_CONTEXT(2) 
PARAMETRIC_REPRESENTATION_CONTEXT() REPRESENTATION_CONTEXT('2D SPACE',''
  ) );
#4818 = ADVANCED_FACE('',(#4819),#2757,.T.);
#4819 = FACE_BOUND('',#4820,.T.);
#4820 = EDGE_LOOP('',(#4821,#4822,#4823,#4846));
#4821 = ORIENTED_EDGE('',*,*,#4697,.F.);
#4822 = ORIENTED_EDGE('',*,*,#2744,.T.);
#4823 = ORIENTED_EDGE('',*,*,#4824,.T.);
#4824 = EDGE_CURVE('',#2716,#4825,#4827,.T.);
#4825 = VERTEX_POINT('',#4826);
#4826 = CARTESIAN_POINT('',(11.13246368673,13.421039021974,26.5));
#4827 = SURFACE_CURVE('',#4828,(#4832,#4839),.PCURVE_S1.);
#4828 = LINE('',#4829,#4830);
#4829 = CARTESIAN_POINT('',(9.441990639767,9.795807873827,26.5));
#4830 = VECTOR('',#4831,1.);
#4831 = DIRECTION('',(0.422618261741,0.906307787037,0.));
#4832 = PCURVE('',#2757,#4833);
#4833 = DEFINITIONAL_REPRESENTATION('',(#4834),#4838);
#4834 = LINE('',#4835,#4836);
#4835 = CARTESIAN_POINT('',(18.,0.));
#4836 = VECTOR('',#4837,1.);
#4837 = DIRECTION('',(0.,1.));
#4838 = ( GEOMETRIC_REPRESENTATION_CONTEXT(2) 
PARAMETRIC_REPRESENTATION_CONTEXT() REPRESENTATION_CONTEXT('2D SPACE',''
  ) );
#4839 = PCURVE('',#2732,#4840);
#4840 = DEFINITIONAL_REPRESENTATION('',(#4841),#4845);
#4841 = LINE('',#4842,#4843);
#4842 = CARTESIAN_POINT('',(0.,1.));
#4843 = VECTOR('',#4844,1.);
#4844 = DIRECTION('',(1.,0.));
#4845 = ( GEOMETRIC_REPRESENTATION_CONTEXT(2) 
PARAMETRIC_REPRESENTATION_CONTEXT() REPRESENTATION_CONTEXT('2D SPACE',''
  ) );
#4846 = ORIENTED_EDGE('',*,*,#4847,.F.);
#4847 = EDGE_CURVE('',#4698,#4825,#4848,.T.);
#4848 = SURFACE_CURVE('',#4849,(#4853,#4860),.PCURVE_S1.);
#4849 = LINE('',#4850,#4851);
#4850 = CARTESIAN_POINT('',(11.13246368673,13.421039021974,8.5));
#4851 = VECTOR('',#4852,1.);
#4852 = DIRECTION('',(0.,0.,1.));
#4853 = PCURVE('',#2757,#4854);
#4854 = DEFINITIONAL_REPRESENTATION('',(#4855),#4859);
#4855 = LINE('',#4856,#4857);
#4856 = CARTESIAN_POINT('',(0.,4.));
#4857 = VECTOR('',#4858,1.);
#4858 = DIRECTION('',(1.,0.));
#4859 = ( GEOMETRIC_REPRESENTATION_CONTEXT(2) 
PARAMETRIC_REPRESENTATION_CONTEXT() REPRESENTATION_CONTEXT('2D SPACE',''
  ) );
#4860 = PCURVE('',#4758,#4861);
#4861 = DEFINITIONAL_REPRESENTATION('',(#4862),#4866);
#4862 = LINE('',#4863,#4864);
#4863 = CARTESIAN_POINT('',(0.,-1.));
#4864 = VECTOR('',#4865,1.);
#4865 = DIRECTION('',(1.,0.));
#4866 = ( GEOMETRIC_REPRESENTATION_CONTEXT(2) 
PARAMETRIC_REPRESENTATION_CONTEXT() REPRESENTATION_CONTEXT('2D SPACE',''
  ) );
#4867 = ADVANCED_FACE('',(#4868),#2732,.T.);
#4868 = FACE_BOUND('',#4869,.T.);
#4869 = EDGE_LOOP('',(#4870,#4871,#4872,#4873));
#4870 = ORIENTED_EDGE('',*,*,#4824,.F.);
#4871 = ORIENTED_EDGE('',*,*,#2715,.F.);
#4872 = ORIENTED_EDGE('',*,*,#4775,.T.);
#4873 = ORIENTED_EDGE('',*,*,#4874,.T.);
#4874 = EDGE_CURVE('',#4776,#4825,#4875,.T.);
#4875 = SURFACE_CURVE('',#4876,(#4880,#4887),.PCURVE_S1.);
#4876 = LINE('',#4877,#4878);
#4877 = CARTESIAN_POINT('',(12.038771473766,12.998420760233,26.5));
#4878 = VECTOR('',#4879,1.);
#4879 = DIRECTION('',(-0.906307787037,0.422618261741,0.));
#4880 = PCURVE('',#2732,#4881);
#4881 = DEFINITIONAL_REPRESENTATION('',(#4882),#4886);
#4882 = LINE('',#4883,#4884);
#4883 = CARTESIAN_POINT('',(4.,0.));
#4884 = VECTOR('',#4885,1.);
#4885 = DIRECTION('',(0.,1.));
#4886 = ( GEOMETRIC_REPRESENTATION_CONTEXT(2) 
PARAMETRIC_REPRESENTATION_CONTEXT() REPRESENTATION_CONTEXT('2D SPACE',''
  ) );
#4887 = PCURVE('',#4758,#4888);
#4888 = DEFINITIONAL_REPRESENTATION('',(#4889),#4893);
#4889 = LINE('',#4890,#4891);
#4890 = CARTESIAN_POINT('',(18.,0.));
#4891 = VECTOR('',#4892,1.);
#4892 = DIRECTION('',(0.,-1.));
#4893 = ( GEOMETRIC_REPRESENTATION_CONTEXT(2) 
PARAMETRIC_REPRESENTATION_CONTEXT() REPRESENTATION_CONTEXT('2D SPACE',''
  ) );
#4894 = ADVANCED_FACE('',(#4895),#2789,.F.);
#4895 = FACE_BOUND('',#4896,.F.);
#4896 = EDGE_LOOP('',(#4897,#4920,#4921,#4944));
#4897 = ORIENTED_EDGE('',*,*,#4898,.F.);
#4898 = EDGE_CURVE('',#2773,#4899,#4901,.T.);
#4899 = VERTEX_POINT('',#4900);
#4900 = CARTESIAN_POINT('',(2.930476848429,17.189192581576,8.5));
#4901 = SURFACE_CURVE('',#4902,(#4906,#4913),.PCURVE_S1.);
#4902 = LINE('',#4903,#4904);
#4903 = CARTESIAN_POINT('',(3.279099819419,13.204413789209,8.5));
#4904 = VECTOR('',#4905,1.);
#4905 = DIRECTION('',(-8.715574274766E-02,0.996194698092,0.));
#4906 = PCURVE('',#2789,#4907);
#4907 = DEFINITIONAL_REPRESENTATION('',(#4908),#4912);
#4908 = LINE('',#4909,#4910);
#4909 = CARTESIAN_POINT('',(0.,1.));
#4910 = VECTOR('',#4911,1.);
#4911 = DIRECTION('',(1.,0.));
#4912 = ( GEOMETRIC_REPRESENTATION_CONTEXT(2) 
PARAMETRIC_REPRESENTATION_CONTEXT() REPRESENTATION_CONTEXT('2D SPACE',''
  ) );
#4913 = PCURVE('',#2869,#4914);
#4914 = DEFINITIONAL_REPRESENTATION('',(#4915),#4919);
#4915 = LINE('',#4916,#4917);
#4916 = CARTESIAN_POINT('',(0.,0.));
#4917 = VECTOR('',#4918,1.);
#4918 = DIRECTION('',(0.,1.));
#4919 = ( GEOMETRIC_REPRESENTATION_CONTEXT(2) 
PARAMETRIC_REPRESENTATION_CONTEXT() REPRESENTATION_CONTEXT('2D SPACE',''
  ) );
#4920 = ORIENTED_EDGE('',*,*,#2770,.F.);
#4921 = ORIENTED_EDGE('',*,*,#4922,.T.);
#4922 = EDGE_CURVE('',#2771,#4923,#4925,.T.);
#4923 = VERTEX_POINT('',#4924);
#4924 = CARTESIAN_POINT('',(3.926671546521,17.276348324324,8.5));
#4925 = SURFACE_CURVE('',#4926,(#4930,#4937),.PCURVE_S1.);
#4926 = LINE('',#4927,#4928);
#4927 = CARTESIAN_POINT('',(4.275294517511,13.291569531957,8.5));
#4928 = VECTOR('',#4929,1.);
#4929 = DIRECTION('',(-8.715574274766E-02,0.996194698092,0.));
#4930 = PCURVE('',#2789,#4931);
#4931 = DEFINITIONAL_REPRESENTATION('',(#4932),#4936);
#4932 = LINE('',#4933,#4934);
#4933 = CARTESIAN_POINT('',(0.,0.));
#4934 = VECTOR('',#4935,1.);
#4935 = DIRECTION('',(1.,0.));
#4936 = ( GEOMETRIC_REPRESENTATION_CONTEXT(2) 
PARAMETRIC_REPRESENTATION_CONTEXT() REPRESENTATION_CONTEXT('2D SPACE',''
  ) );
#4937 = PCURVE('',#2816,#4938);
#4938 = DEFINITIONAL_REPRESENTATION('',(#4939),#4943);
#4939 = LINE('',#4940,#4941);
#4940 = CARTESIAN_POINT('',(0.,0.));
#4941 = VECTOR('',#4942,1.);
#4942 = DIRECTION('',(0.,1.));
#4943 = ( GEOMETRIC_REPRESENTATION_CONTEXT(2) 
PARAMETRIC_REPRESENTATION_CONTEXT() REPRESENTATION_CONTEXT('2D SPACE',''
  ) );
#4944 = ORIENTED_EDGE('',*,*,#4945,.T.);
#4945 = EDGE_CURVE('',#4923,#4899,#4946,.T.);
#4946 = SURFACE_CURVE('',#4947,(#4951,#4958),.PCURVE_S1.);
#4947 = LINE('',#4948,#4949);
#4948 = CARTESIAN_POINT('',(3.926671546521,17.276348324324,8.5));
#4949 = VECTOR('',#4950,1.);
#4950 = DIRECTION('',(-0.996194698092,-8.715574274766E-02,0.));
#4951 = PCURVE('',#2789,#4952);
#4952 = DEFINITIONAL_REPRESENTATION('',(#4953),#4957);
#4953 = LINE('',#4954,#4955);
#4954 = CARTESIAN_POINT('',(4.,0.));
#4955 = VECTOR('',#4956,1.);
#4956 = DIRECTION('',(0.,1.));
#4957 = ( GEOMETRIC_REPRESENTATION_CONTEXT(2) 
PARAMETRIC_REPRESENTATION_CONTEXT() REPRESENTATION_CONTEXT('2D SPACE',''
  ) );
#4958 = PCURVE('',#4959,#4964);
#4959 = PLANE('',#4960);
#4960 = AXIS2_PLACEMENT_3D('',#4961,#4962,#4963);
#4961 = CARTESIAN_POINT('',(3.926671546521,17.276348324324,8.5));
#4962 = DIRECTION('',(-8.715574274766E-02,0.996194698092,0.));
#4963 = DIRECTION('',(0.,0.,1.));
#4964 = DEFINITIONAL_REPRESENTATION('',(#4965),#4969);
#4965 = LINE('',#4966,#4967);
#4966 = CARTESIAN_POINT('',(0.,0.));
#4967 = VECTOR('',#4968,1.);
#4968 = DIRECTION('',(0.,-1.));
#4969 = ( GEOMETRIC_REPRESENTATION_CONTEXT(2) 
PARAMETRIC_REPRESENTATION_CONTEXT() REPRESENTATION_CONTEXT('2D SPACE',''
  ) );
#4970 = ADVANCED_FACE('',(#4971),#2816,.F.);
#4971 = FACE_BOUND('',#4972,.F.);
#4972 = EDGE_LOOP('',(#4973,#4974,#4975,#4998));
#4973 = ORIENTED_EDGE('',*,*,#4922,.F.);
#4974 = ORIENTED_EDGE('',*,*,#2801,.T.);
#4975 = ORIENTED_EDGE('',*,*,#4976,.T.);
#4976 = EDGE_CURVE('',#2802,#4977,#4979,.T.);
#4977 = VERTEX_POINT('',#4978);
#4978 = CARTESIAN_POINT('',(3.926671546521,17.276348324324,26.5));
#4979 = SURFACE_CURVE('',#4980,(#4984,#4991),.PCURVE_S1.);
#4980 = LINE('',#4981,#4982);
#4981 = CARTESIAN_POINT('',(4.275294517511,13.291569531957,26.5));
#4982 = VECTOR('',#4983,1.);
#4983 = DIRECTION('',(-8.715574274766E-02,0.996194698092,0.));
#4984 = PCURVE('',#2816,#4985);
#4985 = DEFINITIONAL_REPRESENTATION('',(#4986),#4990);
#4986 = LINE('',#4987,#4988);
#4987 = CARTESIAN_POINT('',(18.,0.));
#4988 = VECTOR('',#4989,1.);
#4989 = DIRECTION('',(0.,1.));
#4990 = ( GEOMETRIC_REPRESENTATION_CONTEXT(2) 
PARAMETRIC_REPRESENTATION_CONTEXT() REPRESENTATION_CONTEXT('2D SPACE',''
  ) );
#4991 = PCURVE('',#2844,#4992);
#4992 = DEFINITIONAL_REPRESENTATION('',(#4993),#4997);
#4993 = LINE('',#4994,#4995);
#4994 = CARTESIAN_POINT('',(0.,0.));
#4995 = VECTOR('',#4996,1.);
#4996 = DIRECTION('',(1.,0.));
#4997 = ( GEOMETRIC_REPRESENTATION_CONTEXT(2) 
PARAMETRIC_REPRESENTATION_CONTEXT() REPRESENTATION_CONTEXT('2D SPACE',''
  ) );
#4998 = ORIENTED_EDGE('',*,*,#4999,.F.);
#4999 = EDGE_CURVE('',#4923,#4977,#5000,.T.);
#5000 = SURFACE_CURVE('',#5001,(#5005,#5012),.PCURVE_S1.);
#5001 = LINE('',#5002,#5003);
#5002 = CARTESIAN_POINT('',(3.926671546521,17.276348324324,8.5));
#5003 = VECTOR('',#5004,1.);
#5004 = DIRECTION('',(0.,0.,1.));
#5005 = PCURVE('',#2816,#5006);
#5006 = DEFINITIONAL_REPRESENTATION('',(#5007),#5011);
#5007 = LINE('',#5008,#5009);
#5008 = CARTESIAN_POINT('',(0.,4.));
#5009 = VECTOR('',#5010,1.);
#5010 = DIRECTION('',(1.,0.));
#5011 = ( GEOMETRIC_REPRESENTATION_CONTEXT(2) 
PARAMETRIC_REPRESENTATION_CONTEXT() REPRESENTATION_CONTEXT('2D SPACE',''
  ) );
#5012 = PCURVE('',#4959,#5013);
#5013 = DEFINITIONAL_REPRESENTATION('',(#5014),#5018);
#5014 = LINE('',#5015,#5016);
#5015 = CARTESIAN_POINT('',(0.,0.));
#5016 = VECTOR('',#5017,1.);
#5017 = DIRECTION('',(1.,0.));
#5018 = ( GEOMETRIC_REPRESENTATION_CONTEXT(2) 
PARAMETRIC_REPRESENTATION_CONTEXT() REPRESENTATION_CONTEXT('2D SPACE',''
  ) );
#5019 = ADVANCED_FACE('',(#5020),#2869,.T.);
#5020 = FACE_BOUND('',#5021,.T.);
#5021 = EDGE_LOOP('',(#5022,#5023,#5024,#5047));
#5022 = ORIENTED_EDGE('',*,*,#4898,.F.);
#5023 = ORIENTED_EDGE('',*,*,#2856,.T.);
#5024 = ORIENTED_EDGE('',*,*,#5025,.T.);
#5025 = EDGE_CURVE('',#2828,#5026,#5028,.T.);
#5026 = VERTEX_POINT('',#5027);
#5027 = CARTESIAN_POINT('',(2.930476848429,17.189192581576,26.5));
#5028 = SURFACE_CURVE('',#5029,(#5033,#5040),.PCURVE_S1.);
#5029 = LINE('',#5030,#5031);
#5030 = CARTESIAN_POINT('',(3.279099819419,13.204413789209,26.5));
#5031 = VECTOR('',#5032,1.);
#5032 = DIRECTION('',(-8.715574274766E-02,0.996194698092,0.));
#5033 = PCURVE('',#2869,#5034);
#5034 = DEFINITIONAL_REPRESENTATION('',(#5035),#5039);
#5035 = LINE('',#5036,#5037);
#5036 = CARTESIAN_POINT('',(18.,0.));
#5037 = VECTOR('',#5038,1.);
#5038 = DIRECTION('',(0.,1.));
#5039 = ( GEOMETRIC_REPRESENTATION_CONTEXT(2) 
PARAMETRIC_REPRESENTATION_CONTEXT() REPRESENTATION_CONTEXT('2D SPACE',''
  ) );
#5040 = PCURVE('',#2844,#5041);
#5041 = DEFINITIONAL_REPRESENTATION('',(#5042),#5046);
#5042 = LINE('',#5043,#5044);
#5043 = CARTESIAN_POINT('',(0.,1.));
#5044 = VECTOR('',#5045,1.);
#5045 = DIRECTION('',(1.,0.));
#5046 = ( GEOMETRIC_REPRESENTATION_CONTEXT(2) 
PARAMETRIC_REPRESENTATION_CONTEXT() REPRESENTATION_CONTEXT('2D SPACE',''
  ) );
#5047 = ORIENTED_EDGE('',*,*,#5048,.F.);
#5048 = EDGE_CURVE('',#4899,#5026,#5049,.T.);
#5049 = SURFACE_CURVE('',#5050,(#5054,#5061),.PCURVE_S1.);
#5050 = LINE('',#5051,#5052);
#5051 = CARTESIAN_POINT('',(2.930476848429,17.189192581576,8.5));
#5052 = VECTOR('',#5053,1.);
#5053 = DIRECTION('',(0.,0.,1.));
#5054 = PCURVE('',#2869,#5055);
#5055 = DEFINITIONAL_REPRESENTATION('',(#5056),#5060);
#5056 = LINE('',#5057,#5058);
#5057 = CARTESIAN_POINT('',(0.,4.));
#5058 = VECTOR('',#5059,1.);
#5059 = DIRECTION('',(1.,0.));
#5060 = ( GEOMETRIC_REPRESENTATION_CONTEXT(2) 
PARAMETRIC_REPRESENTATION_CONTEXT() REPRESENTATION_CONTEXT('2D SPACE',''
  ) );
#5061 = PCURVE('',#4959,#5062);
#5062 = DEFINITIONAL_REPRESENTATION('',(#5063),#5067);
#5063 = LINE('',#5064,#5065);
#5064 = CARTESIAN_POINT('',(0.,-1.));
#5065 = VECTOR('',#5066,1.);
#5066 = DIRECTION('',(1.,0.));
#5067 = ( GEOMETRIC_REPRESENTATION_CONTEXT(2) 
PARAMETRIC_REPRESENTATION_CONTEXT() REPRESENTATION_CONTEXT('2D SPACE',''
  ) );
#5068 = ADVANCED_FACE('',(#5069),#2844,.T.);
#5069 = FACE_BOUND('',#5070,.T.);
#5070 = EDGE_LOOP('',(#5071,#5072,#5073,#5074));
#5071 = ORIENTED_EDGE('',*,*,#5025,.F.);
#5072 = ORIENTED_EDGE('',*,*,#2827,.F.);
#5073 = ORIENTED_EDGE('',*,*,#4976,.T.);
#5074 = ORIENTED_EDGE('',*,*,#5075,.T.);
#5075 = EDGE_CURVE('',#4977,#5026,#5076,.T.);
#5076 = SURFACE_CURVE('',#5077,(#5081,#5088),.PCURVE_S1.);
#5077 = LINE('',#5078,#5079);
#5078 = CARTESIAN_POINT('',(3.926671546521,17.276348324324,26.5));
#5079 = VECTOR('',#5080,1.);
#5080 = DIRECTION('',(-0.996194698092,-8.715574274766E-02,0.));
#5081 = PCURVE('',#2844,#5082);
#5082 = DEFINITIONAL_REPRESENTATION('',(#5083),#5087);
#5083 = LINE('',#5084,#5085);
#5084 = CARTESIAN_POINT('',(4.,0.));
#5085 = VECTOR('',#5086,1.);
#5086 = DIRECTION('',(0.,1.));
#5087 = ( GEOMETRIC_REPRESENTATION_CONTEXT(2) 
PARAMETRIC_REPRESENTATION_CONTEXT() REPRESENTATION_CONTEXT('2D SPACE',''
  ) );
#5088 = PCURVE('',#4959,#5089);
#5089 = DEFINITIONAL_REPRESENTATION('',(#5090),#5094);
#5090 = LINE('',#5091,#5092);
#5091 = CARTESIAN_POINT('',(18.,0.));
#5092 = VECTOR('',#5093,1.);
#5093 = DIRECTION('',(0.,-1.));
#5094 = ( GEOMETRIC_REPRESENTATION_CONTEXT(2) 
PARAMETRIC_REPRESENTATION_CONTEXT() REPRESENTATION_CONTEXT('2D SPACE',''
  ) );
#5095 = ADVANCED_FACE('',(#5096,#5491),#3012,.F.);
#5096 = FACE_BOUND('',#5097,.F.);
#5097 = EDGE_LOOP('',(#5098,#5129,#5150,#5182,#5205,#5237,#5270,#5291,
    #5292,#5293,#5321,#5346,#5347,#5472));
#5098 = ORIENTED_EDGE('',*,*,#5099,.F.);
#5099 = EDGE_CURVE('',#5100,#5102,#5104,.T.);
#5100 = VERTEX_POINT('',#5101);
#5101 = CARTESIAN_POINT('',(2.015564437075,3.,18.5));
#5102 = VERTEX_POINT('',#5103);
#5103 = CARTESIAN_POINT('',(-2.015564437075,3.,18.5));
#5104 = SURFACE_CURVE('',#5105,(#5110,#5117),.PCURVE_S1.);
#5105 = CIRCLE('',#5106,2.25);
#5106 = AXIS2_PLACEMENT_3D('',#5107,#5108,#5109);
#5107 = CARTESIAN_POINT('',(0.,3.,17.5));
#5108 = DIRECTION('',(0.,-1.,0.));
#5109 = DIRECTION('',(1.,0.,0.));
#5110 = PCURVE('',#3012,#5111);
#5111 = DEFINITIONAL_REPRESENTATION('',(#5112),#5116);
#5112 = LINE('',#5113,#5114);
#5113 = CARTESIAN_POINT('',(0.,14.));
#5114 = VECTOR('',#5115,1.);
#5115 = DIRECTION('',(1.,0.));
#5116 = ( GEOMETRIC_REPRESENTATION_CONTEXT(2) 
PARAMETRIC_REPRESENTATION_CONTEXT() REPRESENTATION_CONTEXT('2D SPACE',''
  ) );
#5117 = PCURVE('',#5118,#5123);
#5118 = PLANE('',#5119);
#5119 = AXIS2_PLACEMENT_3D('',#5120,#5121,#5122);
#5120 = CARTESIAN_POINT('',(0.,3.,17.5));
#5121 = DIRECTION('',(0.,-1.,0.));
#5122 = DIRECTION('',(1.,0.,0.));
#5123 = DEFINITIONAL_REPRESENTATION('',(#5124),#5128);
#5124 = CIRCLE('',#5125,2.25);
#5125 = AXIS2_PLACEMENT_2D('',#5126,#5127);
#5126 = CARTESIAN_POINT('',(0.,0.));
#5127 = DIRECTION('',(1.,0.));
#5128 = ( GEOMETRIC_REPRESENTATION_CONTEXT(2) 
PARAMETRIC_REPRESENTATION_CONTEXT() REPRESENTATION_CONTEXT('2D SPACE',''
  ) );
#5129 = ORIENTED_EDGE('',*,*,#5130,.F.);
#5130 = EDGE_CURVE('',#5131,#5100,#5133,.T.);
#5131 = VERTEX_POINT('',#5132);
#5132 = CARTESIAN_POINT('',(2.015564437075,6.703543838896,18.5));
#5133 = SURFACE_CURVE('',#5134,(#5138,#5144),.PCURVE_S1.);
#5134 = LINE('',#5135,#5136);
#5135 = CARTESIAN_POINT('',(2.015564437075,17.,18.5));
#5136 = VECTOR('',#5137,1.);
#5137 = DIRECTION('',(0.,-1.,0.));
#5138 = PCURVE('',#3012,#5139);
#5139 = DEFINITIONAL_REPRESENTATION('',(#5140),#5143);
#5140 = B_SPLINE_CURVE_WITH_KNOTS('',1,(#5141,#5142),.UNSPECIFIED.,.F.,
  .F.,(2,2),(8.6,14.0000006),.PIECEWISE_BEZIER_KNOTS.);
#5141 = CARTESIAN_POINT('',(0.460553991681,8.6));
#5142 = CARTESIAN_POINT('',(0.460553991681,14.0000006));
#5143 = ( GEOMETRIC_REPRESENTATION_CONTEXT(2) 
PARAMETRIC_REPRESENTATION_CONTEXT() REPRESENTATION_CONTEXT('2D SPACE',''
  ) );
#5144 = PCURVE('',#4227,#5145);
#5145 = DEFINITIONAL_REPRESENTATION('',(#5146),#5149);
#5146 = B_SPLINE_CURVE_WITH_KNOTS('',1,(#5147,#5148),.UNSPECIFIED.,.F.,
  .F.,(2,2),(8.6,14.0000006),.PIECEWISE_BEZIER_KNOTS.);
#5147 = CARTESIAN_POINT('',(2.015564437075,8.4));
#5148 = CARTESIAN_POINT('',(2.015564437075,2.9999994));
#5149 = ( GEOMETRIC_REPRESENTATION_CONTEXT(2) 
PARAMETRIC_REPRESENTATION_CONTEXT() REPRESENTATION_CONTEXT('2D SPACE',''
  ) );
#5150 = ORIENTED_EDGE('',*,*,#5151,.F.);
#5151 = EDGE_CURVE('',#5152,#5131,#5154,.T.);
#5152 = VERTEX_POINT('',#5153);
#5153 = CARTESIAN_POINT('',(2.25,6.628536791781,17.5));
#5154 = SURFACE_CURVE('',#5155,(#5162,#5172),.PCURVE_S1.);
#5155 = B_SPLINE_CURVE_WITH_KNOTS('',5,(#5156,#5157,#5158,#5159,#5160,
    #5161),.UNSPECIFIED.,.F.,.F.,(6,6),(0.,1.),
  .PIECEWISE_BEZIER_KNOTS.);
#5156 = CARTESIAN_POINT('',(2.25,6.628536791781,17.5));
#5157 = CARTESIAN_POINT('',(2.25,6.628536791781,17.704774789791));
#5158 = CARTESIAN_POINT('',(2.226704021433,6.636444776032,
    17.909451251524));
#5159 = CARTESIAN_POINT('',(2.18015727861,6.652243019229,18.111834430136
    ));
#5160 = CARTESIAN_POINT('',(2.109986732402,6.675153752331,
    18.309685921767));
#5161 = CARTESIAN_POINT('',(2.015564139391,6.703543928401,18.5000006));
#5162 = PCURVE('',#3012,#5163);
#5163 = DEFINITIONAL_REPRESENTATION('',(#5164),#5171);
#5164 = B_SPLINE_CURVE_WITH_KNOTS('',5,(#5165,#5166,#5167,#5168,#5169,
    #5170),.UNSPECIFIED.,.F.,.F.,(6,6),(0.,1.),
  .PIECEWISE_BEZIER_KNOTS.);
#5165 = CARTESIAN_POINT('',(0.,10.371463208219));
#5166 = CARTESIAN_POINT('',(9.101101768502E-02,10.371463208219));
#5167 = CARTESIAN_POINT('',(0.181977803765,10.363555223968));
#5168 = CARTESIAN_POINT('',(0.27349831568,10.347756980771));
#5169 = CARTESIAN_POINT('',(0.366131753007,10.324846247669));
#5170 = CARTESIAN_POINT('',(0.460554289365,10.296456071599));
#5171 = ( GEOMETRIC_REPRESENTATION_CONTEXT(2) 
PARAMETRIC_REPRESENTATION_CONTEXT() REPRESENTATION_CONTEXT('2D SPACE',''
  ) );
#5172 = PCURVE('',#4076,#5173);
#5173 = DEFINITIONAL_REPRESENTATION('',(#5174),#5181);
#5174 = B_SPLINE_CURVE_WITH_KNOTS('',5,(#5175,#5176,#5177,#5178,#5179,
    #5180),.UNSPECIFIED.,.F.,.F.,(6,6),(0.,1.),
  .PIECEWISE_BEZIER_KNOTS.);
#5175 = CARTESIAN_POINT('',(1.243558596436,31.));
#5176 = CARTESIAN_POINT('',(1.243558596436,31.204774789791));
#5177 = CARTESIAN_POINT('',(1.24707293909,31.409451251524));
#5178 = CARTESIAN_POINT('',(1.254095783969,31.611834430136));
#5179 = CARTESIAN_POINT('',(1.264638181435,31.809685921767));
#5180 = CARTESIAN_POINT('',(1.278723655331,32.0000006));
#5181 = ( GEOMETRIC_REPRESENTATION_CONTEXT(2) 
PARAMETRIC_REPRESENTATION_CONTEXT() REPRESENTATION_CONTEXT('2D SPACE',''
  ) );
#5182 = ORIENTED_EDGE('',*,*,#5183,.F.);
#5183 = EDGE_CURVE('',#5184,#5152,#5186,.T.);
#5184 = VERTEX_POINT('',#5185);
#5185 = CARTESIAN_POINT('',(2.25,8.227241335952,17.5));
#5186 = SEAM_CURVE('',#5187,(#5191,#5198),.PCURVE_S1.);
#5187 = LINE('',#5188,#5189);
#5188 = CARTESIAN_POINT('',(2.25,17.,17.5));
#5189 = VECTOR('',#5190,1.);
#5190 = DIRECTION('',(0.,-1.,0.));
#5191 = PCURVE('',#3012,#5192);
#5192 = DEFINITIONAL_REPRESENTATION('',(#5193),#5197);
#5193 = LINE('',#5194,#5195);
#5194 = CARTESIAN_POINT('',(6.28318530718,-0.));
#5195 = VECTOR('',#5196,1.);
#5196 = DIRECTION('',(0.,1.));
#5197 = ( GEOMETRIC_REPRESENTATION_CONTEXT(2) 
PARAMETRIC_REPRESENTATION_CONTEXT() REPRESENTATION_CONTEXT('2D SPACE',''
  ) );
#5198 = PCURVE('',#3012,#5199);
#5199 = DEFINITIONAL_REPRESENTATION('',(#5200),#5204);
#5200 = LINE('',#5201,#5202);
#5201 = CARTESIAN_POINT('',(0.,-0.));
#5202 = VECTOR('',#5203,1.);
#5203 = DIRECTION('',(0.,1.));
#5204 = ( GEOMETRIC_REPRESENTATION_CONTEXT(2) 
PARAMETRIC_REPRESENTATION_CONTEXT() REPRESENTATION_CONTEXT('2D SPACE',''
  ) );
#5205 = ORIENTED_EDGE('',*,*,#5206,.F.);
#5206 = EDGE_CURVE('',#5207,#5184,#5209,.T.);
#5207 = VERTEX_POINT('',#5208);
#5208 = CARTESIAN_POINT('',(2.046539030917,8.344709581222,
    18.434974863262));
#5209 = SURFACE_CURVE('',#5210,(#5215,#5225),.PCURVE_S1.);
#5210 = ELLIPSE('',#5211,2.598076211353,2.25);
#5211 = AXIS2_PLACEMENT_3D('',#5212,#5213,#5214);
#5212 = CARTESIAN_POINT('',(0.,9.526279441629,17.5));
#5213 = DIRECTION('',(0.5,0.866025403784,0.));
#5214 = DIRECTION('',(0.866025403784,-0.5,0.));
#5215 = PCURVE('',#3012,#5216);
#5216 = DEFINITIONAL_REPRESENTATION('',(#5217),#5224);
#5217 = B_SPLINE_CURVE_WITH_KNOTS('',5,(#5218,#5219,#5220,#5221,#5222,
    #5223),.UNSPECIFIED.,.F.,.F.,(6,6),(5.75432939668,6.28318530718),
  .PIECEWISE_BEZIER_KNOTS.);
#5218 = CARTESIAN_POINT('',(0.5288559105,8.595290418778));
#5219 = CARTESIAN_POINT('',(0.4230847284,8.664615424606));
#5220 = CARTESIAN_POINT('',(0.3173135463,8.718256740865));
#5221 = CARTESIAN_POINT('',(0.2115423642,8.754593195842));
#5222 = CARTESIAN_POINT('',(0.1057711821,8.772758664048));
#5223 = CARTESIAN_POINT('',(0.,8.772758664048));
#5224 = ( GEOMETRIC_REPRESENTATION_CONTEXT(2) 
PARAMETRIC_REPRESENTATION_CONTEXT() REPRESENTATION_CONTEXT('2D SPACE',''
  ) );
#5225 = PCURVE('',#5226,#5231);
#5226 = PLANE('',#5227);
#5227 = AXIS2_PLACEMENT_3D('',#5228,#5229,#5230);
#5228 = CARTESIAN_POINT('',(3.085769515459,7.744709581222,8.5));
#5229 = DIRECTION('',(0.5,0.866025403784,0.));
#5230 = DIRECTION('',(0.,0.,1.));
#5231 = DEFINITIONAL_REPRESENTATION('',(#5232),#5236);
#5232 = ELLIPSE('',#5233,2.598076211353,2.25);
#5233 = AXIS2_PLACEMENT_2D('',#5234,#5235);
#5234 = CARTESIAN_POINT('',(9.,-3.563139720814));
#5235 = DIRECTION('',(0.,1.));
#5236 = ( GEOMETRIC_REPRESENTATION_CONTEXT(2) 
PARAMETRIC_REPRESENTATION_CONTEXT() REPRESENTATION_CONTEXT('2D SPACE',''
  ) );
#5237 = ORIENTED_EDGE('',*,*,#5238,.T.);
#5238 = EDGE_CURVE('',#5207,#5239,#5241,.T.);
#5239 = VERTEX_POINT('',#5240);
#5240 = CARTESIAN_POINT('',(2.25,8.69711431703,17.5));
#5241 = SURFACE_CURVE('',#5242,(#5247,#5258),.PCURVE_S1.);
#5242 = ELLIPSE('',#5243,4.5,2.25);
#5243 = AXIS2_PLACEMENT_3D('',#5244,#5245,#5246);
#5244 = CARTESIAN_POINT('',(0.,4.8,17.5));
#5245 = DIRECTION('',(-0.866025403784,0.5,0.));
#5246 = DIRECTION('',(-0.5,-0.866025403784,0.));
#5247 = PCURVE('',#3012,#5248);
#5248 = DEFINITIONAL_REPRESENTATION('',(#5249),#5257);
#5249 = B_SPLINE_CURVE_WITH_KNOTS('',6,(#5250,#5251,#5252,#5253,#5254,
    #5255,#5256),.UNSPECIFIED.,.F.,.F.,(7,7),(2.408197871884,
    3.14159265359),.PIECEWISE_BEZIER_KNOTS.);
#5250 = CARTESIAN_POINT('',(0.733394781706,9.304809471617));
#5251 = CARTESIAN_POINT('',(0.611162318088,8.985940329141));
#5252 = CARTESIAN_POINT('',(0.48892985447,8.718979053646));
#5253 = CARTESIAN_POINT('',(0.366697390853,8.512499624657));
#5254 = CARTESIAN_POINT('',(0.244464927235,8.372756607091));
#5255 = CARTESIAN_POINT('',(0.122232463618,8.30288568297));
#5256 = CARTESIAN_POINT('',(0.,8.30288568297));
#5257 = ( GEOMETRIC_REPRESENTATION_CONTEXT(2) 
PARAMETRIC_REPRESENTATION_CONTEXT() REPRESENTATION_CONTEXT('2D SPACE',''
  ) );
#5258 = PCURVE('',#5259,#5264);
#5259 = PLANE('',#5260);
#5260 = AXIS2_PLACEMENT_3D('',#5261,#5262,#5263);
#5261 = CARTESIAN_POINT('',(2.046539030917,8.344709581222,8.5));
#5262 = DIRECTION('',(-0.866025403784,0.5,0.));
#5263 = DIRECTION('',(0.,0.,1.));
#5264 = DEFINITIONAL_REPRESENTATION('',(#5265),#5269);
#5265 = ELLIPSE('',#5266,4.5,2.25);
#5266 = AXIS2_PLACEMENT_2D('',#5267,#5268);
#5267 = CARTESIAN_POINT('',(9.,-4.093078061835));
#5268 = DIRECTION('',(0.,-1.));
#5269 = ( GEOMETRIC_REPRESENTATION_CONTEXT(2) 
PARAMETRIC_REPRESENTATION_CONTEXT() REPRESENTATION_CONTEXT('2D SPACE',''
  ) );
#5270 = ORIENTED_EDGE('',*,*,#5271,.F.);
#5271 = EDGE_CURVE('',#2883,#5239,#5272,.T.);
#5272 = SEAM_CURVE('',#5273,(#5277,#5284),.PCURVE_S1.);
#5273 = LINE('',#5274,#5275);
#5274 = CARTESIAN_POINT('',(2.25,17.,17.5));
#5275 = VECTOR('',#5276,1.);
#5276 = DIRECTION('',(0.,-1.,0.));
#5277 = PCURVE('',#3012,#5278);
#5278 = DEFINITIONAL_REPRESENTATION('',(#5279),#5283);
#5279 = LINE('',#5280,#5281);
#5280 = CARTESIAN_POINT('',(6.28318530718,-0.));
#5281 = VECTOR('',#5282,1.);
#5282 = DIRECTION('',(0.,1.));
#5283 = ( GEOMETRIC_REPRESENTATION_CONTEXT(2) 
PARAMETRIC_REPRESENTATION_CONTEXT() REPRESENTATION_CONTEXT('2D SPACE',''
  ) );
#5284 = PCURVE('',#3012,#5285);
#5285 = DEFINITIONAL_REPRESENTATION('',(#5286),#5290);
#5286 = LINE('',#5287,#5288);
#5287 = CARTESIAN_POINT('',(0.,-0.));
#5288 = VECTOR('',#5289,1.);
#5289 = DIRECTION('',(0.,1.));
#5290 = ( GEOMETRIC_REPRESENTATION_CONTEXT(2) 
PARAMETRIC_REPRESENTATION_CONTEXT() REPRESENTATION_CONTEXT('2D SPACE',''
  ) );
#5291 = ORIENTED_EDGE('',*,*,#2882,.T.);
#5292 = ORIENTED_EDGE('',*,*,#5271,.T.);
#5293 = ORIENTED_EDGE('',*,*,#5294,.T.);
#5294 = EDGE_CURVE('',#5239,#5295,#5297,.T.);
#5295 = VERTEX_POINT('',#5296);
#5296 = CARTESIAN_POINT('',(2.046539030917,8.344709581222,
    16.565025136738));
#5297 = SURFACE_CURVE('',#5298,(#5303,#5314),.PCURVE_S1.);
#5298 = ELLIPSE('',#5299,4.5,2.25);
#5299 = AXIS2_PLACEMENT_3D('',#5300,#5301,#5302);
#5300 = CARTESIAN_POINT('',(0.,4.8,17.5));
#5301 = DIRECTION('',(-0.866025403784,0.5,0.));
#5302 = DIRECTION('',(-0.5,-0.866025403784,0.));
#5303 = PCURVE('',#3012,#5304);
#5304 = DEFINITIONAL_REPRESENTATION('',(#5305),#5313);
#5305 = B_SPLINE_CURVE_WITH_KNOTS('',6,(#5306,#5307,#5308,#5309,#5310,
    #5311,#5312),.UNSPECIFIED.,.F.,.F.,(7,7),(3.14159265359,
    3.874987435295),.PIECEWISE_BEZIER_KNOTS.);
#5306 = CARTESIAN_POINT('',(6.28318530718,8.30288568297));
#5307 = CARTESIAN_POINT('',(6.160952843562,8.30288568297));
#5308 = CARTESIAN_POINT('',(6.038720379944,8.372756607091));
#5309 = CARTESIAN_POINT('',(5.916487916327,8.512499624658));
#5310 = CARTESIAN_POINT('',(5.794255452709,8.718979053646));
#5311 = CARTESIAN_POINT('',(5.672022989092,8.985940329141));
#5312 = CARTESIAN_POINT('',(5.549790525474,9.304809471617));
#5313 = ( GEOMETRIC_REPRESENTATION_CONTEXT(2) 
PARAMETRIC_REPRESENTATION_CONTEXT() REPRESENTATION_CONTEXT('2D SPACE',''
  ) );
#5314 = PCURVE('',#5259,#5315);
#5315 = DEFINITIONAL_REPRESENTATION('',(#5316),#5320);
#5316 = ELLIPSE('',#5317,4.5,2.25);
#5317 = AXIS2_PLACEMENT_2D('',#5318,#5319);
#5318 = CARTESIAN_POINT('',(9.,-4.093078061835));
#5319 = DIRECTION('',(0.,-1.));
#5320 = ( GEOMETRIC_REPRESENTATION_CONTEXT(2) 
PARAMETRIC_REPRESENTATION_CONTEXT() REPRESENTATION_CONTEXT('2D SPACE',''
  ) );
#5321 = ORIENTED_EDGE('',*,*,#5322,.F.);
#5322 = EDGE_CURVE('',#5184,#5295,#5323,.T.);
#5323 = SURFACE_CURVE('',#5324,(#5329,#5339),.PCURVE_S1.);
#5324 = ELLIPSE('',#5325,2.598076211353,2.25);
#5325 = AXIS2_PLACEMENT_3D('',#5326,#5327,#5328);
#5326 = CARTESIAN_POINT('',(0.,9.526279441629,17.5));
#5327 = DIRECTION('',(0.5,0.866025403784,0.));
#5328 = DIRECTION('',(0.866025403784,-0.5,0.));
#5329 = PCURVE('',#3012,#5330);
#5330 = DEFINITIONAL_REPRESENTATION('',(#5331),#5338);
#5331 = B_SPLINE_CURVE_WITH_KNOTS('',5,(#5332,#5333,#5334,#5335,#5336,
    #5337),.UNSPECIFIED.,.F.,.F.,(6,6),(0.,0.5288559105),
  .PIECEWISE_BEZIER_KNOTS.);
#5332 = CARTESIAN_POINT('',(6.28318530718,8.772758664048));
#5333 = CARTESIAN_POINT('',(6.17741412508,8.772758664048));
#5334 = CARTESIAN_POINT('',(6.07164294298,8.754593195842));
#5335 = CARTESIAN_POINT('',(5.96587176088,8.718256740865));
#5336 = CARTESIAN_POINT('',(5.86010057878,8.664615424606));
#5337 = CARTESIAN_POINT('',(5.75432939668,8.595290418778));
#5338 = ( GEOMETRIC_REPRESENTATION_CONTEXT(2) 
PARAMETRIC_REPRESENTATION_CONTEXT() REPRESENTATION_CONTEXT('2D SPACE',''
  ) );
#5339 = PCURVE('',#5226,#5340);
#5340 = DEFINITIONAL_REPRESENTATION('',(#5341),#5345);
#5341 = ELLIPSE('',#5342,2.598076211353,2.25);
#5342 = AXIS2_PLACEMENT_2D('',#5343,#5344);
#5343 = CARTESIAN_POINT('',(9.,-3.563139720814));
#5344 = DIRECTION('',(0.,1.));
#5345 = ( GEOMETRIC_REPRESENTATION_CONTEXT(2) 
PARAMETRIC_REPRESENTATION_CONTEXT() REPRESENTATION_CONTEXT('2D SPACE',''
  ) );
#5346 = ORIENTED_EDGE('',*,*,#5183,.T.);
#5347 = ORIENTED_EDGE('',*,*,#5348,.F.);
#5348 = EDGE_CURVE('',#5349,#5152,#5351,.T.);
#5349 = VERTEX_POINT('',#5350);
#5350 = CARTESIAN_POINT('',(-2.015564437075,6.703543838896,18.5));
#5351 = SURFACE_CURVE('',#5352,(#5390,#5431),.PCURVE_S1.);
#5352 = B_SPLINE_CURVE_WITH_KNOTS('',8,(#5353,#5354,#5355,#5356,#5357,
    #5358,#5359,#5360,#5361,#5362,#5363,#5364,#5365,#5366,#5367,#5368,
    #5369,#5370,#5371,#5372,#5373,#5374,#5375,#5376,#5377,#5378,#5379,
    #5380,#5381,#5382,#5383,#5384,#5385,#5386,#5387,#5388,#5389),
  .UNSPECIFIED.,.F.,.F.,(9,7,7,7,7,9),(0.,0.150713422917,0.418538317604,
    0.663212137686,0.831634557418,1.),.UNSPECIFIED.);
#5353 = CARTESIAN_POINT('',(-2.015564139391,6.703543928401,18.5000006));
#5354 = CARTESIAN_POINT('',(-2.073559964444,6.686106240745,
    18.383106364925));
#5355 = CARTESIAN_POINT('',(-2.123190257792,6.670558663841,
    18.263613322463));
#5356 = CARTESIAN_POINT('',(-2.164561811075,6.65717791259,
    18.142030706427));
#5357 = CARTESIAN_POINT('',(-2.197764377303,6.646183689225,
    18.018816433172));
#5358 = CARTESIAN_POINT('',(-2.222867940939,6.637740284582,
    17.89438899968));
#5359 = CARTESIAN_POINT('',(-2.239919987996,6.631958179367,
    17.769139381656));
#5360 = CARTESIAN_POINT('',(-2.248942776124,6.628895645426,
    17.643442931621));
#5361 = CARTESIAN_POINT('',(-2.251686022894,6.627964505851,
    17.29416908654));
#5362 = CARTESIAN_POINT('',(-2.228063913794,6.635981944085,
    17.071046261047));
#5363 = CARTESIAN_POINT('',(-2.179274891987,6.65257123534,
    16.850097413006));
#5364 = CARTESIAN_POINT('',(-2.105084242677,6.677234773379,
    16.633221533151));
#5365 = CARTESIAN_POINT('',(-2.004923430813,6.709005722877,
    16.422608826877));
#5366 = CARTESIAN_POINT('',(-1.877983584238,6.746365397645,
    16.220958876266));
#5367 = CARTESIAN_POINT('',(-1.723349283177,6.787142668773,
    16.031780113113));
#5368 = CARTESIAN_POINT('',(-1.372941637673,6.866180949915,
    15.702725431468));
#5369 = CARTESIAN_POINT('',(-1.174101038264,6.906109013472,
    15.55269628623));
#5370 = CARTESIAN_POINT('',(-0.945781054816,6.944626667115,
    15.421856097851));
#5371 = CARTESIAN_POINT('',(-0.692624754953,6.97716673433,
    15.319463672492));
#5372 = CARTESIAN_POINT('',(-0.421293229187,6.999359157921,
    15.252138200113));
#5373 = CARTESIAN_POINT('',(-0.139572221916,7.008517484422,
    15.224055170843));
#5374 = CARTESIAN_POINT('',(0.144164612622,7.004032526059,
    15.236928537227));
#5375 = CARTESIAN_POINT('',(0.612587440302,6.975768243221,
    15.326284970559));
#5376 = CARTESIAN_POINT('',(0.799924745049,6.958476814947,
    15.381567991639));
#5377 = CARTESIAN_POINT('',(0.981468656978,6.935908857853,
    15.455275882481));
#5378 = CARTESIAN_POINT('',(1.155139828325,6.908891522926,
    15.546697097991));
#5379 = CARTESIAN_POINT('',(1.31895412909,6.878560967289,15.65484595245)
  );
#5380 = CARTESIAN_POINT('',(1.471057485434,6.846292564514,
    15.778469062557));
#5381 = CARTESIAN_POINT('',(1.609772206012,6.813588129705,
    15.916047695642));
#5382 = CARTESIAN_POINT('',(1.857495477113,6.750262902189,
    16.215493690767));
#5383 = CARTESIAN_POINT('',(1.966684512483,6.71959774938,16.377559044237
    ));
#5384 = CARTESIAN_POINT('',(2.059643274381,6.691416722249,
    16.550184733485));
#5385 = CARTESIAN_POINT('',(2.135173362613,6.667166376364,
    16.731386719887));
#5386 = CARTESIAN_POINT('',(2.192412060488,6.64808431395,16.919087027032
    ));
#5387 = CARTESIAN_POINT('',(2.230789501458,6.635057689274,
    17.111173395266));
#5388 = CARTESIAN_POINT('',(2.25,6.628536791781,17.305525825764));
#5389 = CARTESIAN_POINT('',(2.25,6.628536791781,17.5));
#5390 = PCURVE('',#3012,#5391);
#5391 = DEFINITIONAL_REPRESENTATION('',(#5392),#5430);
#5392 = B_SPLINE_CURVE_WITH_KNOTS('',8,(#5393,#5394,#5395,#5396,#5397,
    #5398,#5399,#5400,#5401,#5402,#5403,#5404,#5405,#5406,#5407,#5408,
    #5409,#5410,#5411,#5412,#5413,#5414,#5415,#5416,#5417,#5418,#5419,
    #5420,#5421,#5422,#5423,#5424,#5425,#5426,#5427,#5428,#5429),
  .UNSPECIFIED.,.F.,.F.,(9,7,7,7,7,9),(0.,0.150713422917,0.418538317604,
    0.663212137686,0.831634557418,1.),.UNSPECIFIED.);
#5393 = CARTESIAN_POINT('',(2.681038364225,10.296456071599));
#5394 = CARTESIAN_POINT('',(2.739034154481,10.313893759255));
#5395 = CARTESIAN_POINT('',(2.796412418024,10.329441336159));
#5396 = CARTESIAN_POINT('',(2.853287891344,10.34282208741));
#5397 = CARTESIAN_POINT('',(2.909767541066,10.353816310775));
#5398 = CARTESIAN_POINT('',(2.965953124318,10.362259715418));
#5399 = CARTESIAN_POINT('',(3.021943749109,10.368041820633));
#5400 = CARTESIAN_POINT('',(3.077838434696,10.371104354574));
#5401 = CARTESIAN_POINT('',(3.233076042625,10.372035494149));
#5402 = CARTESIAN_POINT('',(3.332155923215,10.364018055915));
#5403 = CARTESIAN_POINT('',(3.431676837148,10.34742876466));
#5404 = CARTESIAN_POINT('',(3.532251893371,10.322765226621));
#5405 = CARTESIAN_POINT('',(3.634508852117,10.290994277123));
#5406 = CARTESIAN_POINT('',(3.739105529334,10.253634602355));
#5407 = CARTESIAN_POINT('',(3.846761460372,10.212857331227));
#5408 = CARTESIAN_POINT('',(4.060401287214,10.133819050085));
#5409 = CARTESIAN_POINT('',(4.170468425069,10.093890986528));
#5410 = CARTESIAN_POINT('',(4.285863467246,10.055373332885));
#5411 = CARTESIAN_POINT('',(4.404966029632,10.02283326567));
#5412 = CARTESIAN_POINT('',(4.526743452057,10.000640842079));
#5413 = CARTESIAN_POINT('',(4.650408873649,9.991482515578));
#5414 = CARTESIAN_POINT('',(4.775352875284,9.995967473941));
#5415 = CARTESIAN_POINT('',(4.987294874184,10.024231756779));
#5416 = CARTESIAN_POINT('',(5.073684864875,10.041523185053));
#5417 = CARTESIAN_POINT('',(5.160064126649,10.064091142147));
#5418 = CARTESIAN_POINT('',(5.246444922679,10.091108477074));
#5419 = CARTESIAN_POINT('',(5.332837939354,10.121439032711));
#5420 = CARTESIAN_POINT('',(5.419246279962,10.153707435486));
#5421 = CARTESIAN_POINT('',(5.505657677038,10.186411870295));
#5422 = CARTESIAN_POINT('',(5.678382948398,10.249737097811));
#5423 = CARTESIAN_POINT('',(5.764815510388,10.28040225062));
#5424 = CARTESIAN_POINT('',(5.851247383208,10.308583277751));
#5425 = CARTESIAN_POINT('',(5.937648902467,10.332833623636));
#5426 = CARTESIAN_POINT('',(6.024017839844,10.35191568605));
#5427 = CARTESIAN_POINT('',(6.110373468243,10.364942310726));
#5428 = CARTESIAN_POINT('',(6.196752340853,10.371463208219));
#5429 = CARTESIAN_POINT('',(6.28318530718,10.371463208219));
#5430 = ( GEOMETRIC_REPRESENTATION_CONTEXT(2) 
PARAMETRIC_REPRESENTATION_CONTEXT() REPRESENTATION_CONTEXT('2D SPACE',''
  ) );
#5431 = PCURVE('',#4076,#5432);
#5432 = DEFINITIONAL_REPRESENTATION('',(#5433),#5471);
#5433 = B_SPLINE_CURVE_WITH_KNOTS('',8,(#5434,#5435,#5436,#5437,#5438,
    #5439,#5440,#5441,#5442,#5443,#5444,#5445,#5446,#5447,#5448,#5449,
    #5450,#5451,#5452,#5453,#5454,#5455,#5456,#5457,#5458,#5459,#5460,
    #5461,#5462,#5463,#5464,#5465,#5466,#5467,#5468,#5469,#5470),
  .UNSPECIFIED.,.F.,.F.,(9,7,7,7,7,9),(0.,0.150713422917,0.418538317604,
    0.663212137686,0.831634557418,1.),.UNSPECIFIED.);
#5434 = CARTESIAN_POINT('',(1.862868998259,32.0000006));
#5435 = CARTESIAN_POINT('',(1.871520515378,31.883106364925));
#5436 = CARTESIAN_POINT('',(1.878949874384,31.763613322463));
#5437 = CARTESIAN_POINT('',(1.885161116851,31.642030706427));
#5438 = CARTESIAN_POINT('',(1.890157438884,31.518816433172));
#5439 = CARTESIAN_POINT('',(1.893941114952,31.39438899968));
#5440 = CARTESIAN_POINT('',(1.896513421723,31.269139381656));
#5441 = CARTESIAN_POINT('',(1.897874561887,31.143442931621));
#5442 = CARTESIAN_POINT('',(1.898288414463,30.79416908654));
#5443 = CARTESIAN_POINT('',(1.894724756712,30.571046261047));
#5444 = CARTESIAN_POINT('',(1.887363001842,30.350097413006));
#5445 = CARTESIAN_POINT('',(1.876194277767,30.133221533151));
#5446 = CARTESIAN_POINT('',(1.861186162542,29.922608826877));
#5447 = CARTESIAN_POINT('',(1.842292588424,29.720958876266));
#5448 = CARTESIAN_POINT('',(1.819461599847,29.531780113113));
#5449 = CARTESIAN_POINT('',(1.768145737655,29.202725431468));
#5450 = CARTESIAN_POINT('',(1.739181048828,29.05269628623));
#5451 = CARTESIAN_POINT('',(1.706129992042,28.921856097851));
#5452 = CARTESIAN_POINT('',(1.669727164584,28.819463672492));
#5453 = CARTESIAN_POINT('',(1.630925425701,28.752138200113));
#5454 = CARTESIAN_POINT('',(1.590735787349,28.724055170843));
#5455 = CARTESIAN_POINT('',(1.550236993572,28.736928537227));
#5456 = CARTESIAN_POINT('',(1.48319773989,28.826284970559));
#5457 = CARTESIAN_POINT('',(1.456335015005,28.881567991639));
#5458 = CARTESIAN_POINT('',(1.430222120983,28.955275882481));
#5459 = CARTESIAN_POINT('',(1.405135559388,29.046697097991));
#5460 = CARTESIAN_POINT('',(1.381352665841,29.15484595245));
#5461 = CARTESIAN_POINT('',(1.35914969789,29.278469062557));
#5462 = CARTESIAN_POINT('',(1.338793526524,29.416047695642));
#5463 = CARTESIAN_POINT('',(1.302266515695,29.715493690767));
#5464 = CARTESIAN_POINT('',(1.28606908961,29.877559044237));
#5465 = CARTESIAN_POINT('',(1.272196629687,30.050184733485));
#5466 = CARTESIAN_POINT('',(1.260865766996,30.231386719887));
#5467 = CARTESIAN_POINT('',(1.252246442212,30.419087027032));
#5468 = CARTESIAN_POINT('',(1.246456757031,30.611173395266));
#5469 = CARTESIAN_POINT('',(1.243558596436,30.805525825764));
#5470 = CARTESIAN_POINT('',(1.243558596436,31.));
#5471 = ( GEOMETRIC_REPRESENTATION_CONTEXT(2) 
PARAMETRIC_REPRESENTATION_CONTEXT() REPRESENTATION_CONTEXT('2D SPACE',''
  ) );
#5472 = ORIENTED_EDGE('',*,*,#5473,.T.);
#5473 = EDGE_CURVE('',#5349,#5102,#5474,.T.);
#5474 = SURFACE_CURVE('',#5475,(#5479,#5485),.PCURVE_S1.);
#5475 = LINE('',#5476,#5477);
#5476 = CARTESIAN_POINT('',(-2.015564437075,17.,18.5));
#5477 = VECTOR('',#5478,1.);
#5478 = DIRECTION('',(0.,-1.,0.));
#5479 = PCURVE('',#3012,#5480);
#5480 = DEFINITIONAL_REPRESENTATION('',(#5481),#5484);
#5481 = B_SPLINE_CURVE_WITH_KNOTS('',1,(#5482,#5483),.UNSPECIFIED.,.F.,
  .F.,(2,2),(8.6,14.0000006),.PIECEWISE_BEZIER_KNOTS.);
#5482 = CARTESIAN_POINT('',(2.681038661908,8.6));
#5483 = CARTESIAN_POINT('',(2.681038661908,14.0000006));
#5484 = ( GEOMETRIC_REPRESENTATION_CONTEXT(2) 
PARAMETRIC_REPRESENTATION_CONTEXT() REPRESENTATION_CONTEXT('2D SPACE',''
  ) );
#5485 = PCURVE('',#4227,#5486);
#5486 = DEFINITIONAL_REPRESENTATION('',(#5487),#5490);
#5487 = B_SPLINE_CURVE_WITH_KNOTS('',1,(#5488,#5489),.UNSPECIFIED.,.F.,
  .F.,(2,2),(8.6,14.0000006),.PIECEWISE_BEZIER_KNOTS.);
#5488 = CARTESIAN_POINT('',(-2.015564437075,8.4));
#5489 = CARTESIAN_POINT('',(-2.015564437075,2.9999994));
#5490 = ( GEOMETRIC_REPRESENTATION_CONTEXT(2) 
PARAMETRIC_REPRESENTATION_CONTEXT() REPRESENTATION_CONTEXT('2D SPACE',''
  ) );
#5491 = FACE_BOUND('',#5492,.F.);
#5492 = EDGE_LOOP('',(#5493,#5521,#5554,#5575));
#5493 = ORIENTED_EDGE('',*,*,#5494,.T.);
#5494 = EDGE_CURVE('',#5495,#5497,#5499,.T.);
#5495 = VERTEX_POINT('',#5496);
#5496 = CARTESIAN_POINT('',(-1.2,15.75,19.403286631067));
#5497 = VERTEX_POINT('',#5498);
#5498 = CARTESIAN_POINT('',(-1.2,8.25,19.403286631067));
#5499 = SURFACE_CURVE('',#5500,(#5504,#5510),.PCURVE_S1.);
#5500 = LINE('',#5501,#5502);
#5501 = CARTESIAN_POINT('',(-1.2,17.,19.403286631067));
#5502 = VECTOR('',#5503,1.);
#5503 = DIRECTION('',(0.,-1.,0.));
#5504 = PCURVE('',#3012,#5505);
#5505 = DEFINITIONAL_REPRESENTATION('',(#5506),#5509);
#5506 = B_SPLINE_CURVE_WITH_KNOTS('',1,(#5507,#5508),.UNSPECIFIED.,.F.,
  .F.,(2,2),(0.5,9.5),.PIECEWISE_BEZIER_KNOTS.);
#5507 = CARTESIAN_POINT('',(2.133332571339,0.5));
#5508 = CARTESIAN_POINT('',(2.133332571339,9.5));
#5509 = ( GEOMETRIC_REPRESENTATION_CONTEXT(2) 
PARAMETRIC_REPRESENTATION_CONTEXT() REPRESENTATION_CONTEXT('2D SPACE',''
  ) );
#5510 = PCURVE('',#5511,#5516);
#5511 = PLANE('',#5512);
#5512 = AXIS2_PLACEMENT_3D('',#5513,#5514,#5515);
#5513 = CARTESIAN_POINT('',(-1.2,8.25,8.5));
#5514 = DIRECTION('',(-1.,0.,0.));
#5515 = DIRECTION('',(0.,0.,1.));
#5516 = DEFINITIONAL_REPRESENTATION('',(#5517),#5520);
#5517 = B_SPLINE_CURVE_WITH_KNOTS('',1,(#5518,#5519),.UNSPECIFIED.,.F.,
  .F.,(2,2),(0.5,9.5),.PIECEWISE_BEZIER_KNOTS.);
#5518 = CARTESIAN_POINT('',(10.903286631067,8.25));
#5519 = CARTESIAN_POINT('',(10.903286631067,-0.75));
#5520 = ( GEOMETRIC_REPRESENTATION_CONTEXT(2) 
PARAMETRIC_REPRESENTATION_CONTEXT() REPRESENTATION_CONTEXT('2D SPACE',''
  ) );
#5521 = ORIENTED_EDGE('',*,*,#5522,.T.);
#5522 = EDGE_CURVE('',#5497,#5523,#5525,.T.);
#5523 = VERTEX_POINT('',#5524);
#5524 = CARTESIAN_POINT('',(-1.2,8.25,15.596713368933));
#5525 = SURFACE_CURVE('',#5526,(#5531,#5538),.PCURVE_S1.);
#5526 = CIRCLE('',#5527,2.25);
#5527 = AXIS2_PLACEMENT_3D('',#5528,#5529,#5530);
#5528 = CARTESIAN_POINT('',(0.,8.25,17.5));
#5529 = DIRECTION('',(0.,-1.,0.));
#5530 = DIRECTION('',(1.,0.,0.));
#5531 = PCURVE('',#3012,#5532);
#5532 = DEFINITIONAL_REPRESENTATION('',(#5533),#5537);
#5533 = LINE('',#5534,#5535);
#5534 = CARTESIAN_POINT('',(0.,8.75));
#5535 = VECTOR('',#5536,1.);
#5536 = DIRECTION('',(1.,0.));
#5537 = ( GEOMETRIC_REPRESENTATION_CONTEXT(2) 
PARAMETRIC_REPRESENTATION_CONTEXT() REPRESENTATION_CONTEXT('2D SPACE',''
  ) );
#5538 = PCURVE('',#5539,#5544);
#5539 = PLANE('',#5540);
#5540 = AXIS2_PLACEMENT_3D('',#5541,#5542,#5543);
#5541 = CARTESIAN_POINT('',(-1.2,8.25,8.5));
#5542 = DIRECTION('',(0.,1.,0.));
#5543 = DIRECTION('',(0.,0.,1.));
#5544 = DEFINITIONAL_REPRESENTATION('',(#5545),#5553);
#5545 = ( BOUNDED_CURVE() B_SPLINE_CURVE(2,(#5546,#5547,#5548,#5549,
#5550,#5551,#5552),.UNSPECIFIED.,.T.,.F.) B_SPLINE_CURVE_WITH_KNOTS((1,2
    ,2,2,2,1),(-2.094395102393,0.,2.094395102393,4.188790204786,
6.28318530718,8.377580409573),.UNSPECIFIED.) CURVE() 
GEOMETRIC_REPRESENTATION_ITEM() RATIONAL_B_SPLINE_CURVE((1.,0.5,1.,0.5,
1.,0.5,1.)) REPRESENTATION_ITEM('') );
#5546 = CARTESIAN_POINT('',(9.,3.45));
#5547 = CARTESIAN_POINT('',(12.89711431703,3.45));
#5548 = CARTESIAN_POINT('',(10.948557158515,7.5E-02));
#5549 = CARTESIAN_POINT('',(9.,-3.3));
#5550 = CARTESIAN_POINT('',(7.051442841485,7.5E-02));
#5551 = CARTESIAN_POINT('',(5.10288568297,3.45));
#5552 = CARTESIAN_POINT('',(9.,3.45));
#5553 = ( GEOMETRIC_REPRESENTATION_CONTEXT(2) 
PARAMETRIC_REPRESENTATION_CONTEXT() REPRESENTATION_CONTEXT('2D SPACE',''
  ) );
#5554 = ORIENTED_EDGE('',*,*,#5555,.F.);
#5555 = EDGE_CURVE('',#5556,#5523,#5558,.T.);
#5556 = VERTEX_POINT('',#5557);
#5557 = CARTESIAN_POINT('',(-1.2,15.75,15.596713368933));
#5558 = SURFACE_CURVE('',#5559,(#5563,#5569),.PCURVE_S1.);
#5559 = LINE('',#5560,#5561);
#5560 = CARTESIAN_POINT('',(-1.2,17.,15.596713368933));
#5561 = VECTOR('',#5562,1.);
#5562 = DIRECTION('',(0.,-1.,0.));
#5563 = PCURVE('',#3012,#5564);
#5564 = DEFINITIONAL_REPRESENTATION('',(#5565),#5568);
#5565 = B_SPLINE_CURVE_WITH_KNOTS('',1,(#5566,#5567),.UNSPECIFIED.,.F.,
  .F.,(2,2),(0.5,9.5),.PIECEWISE_BEZIER_KNOTS.);
#5566 = CARTESIAN_POINT('',(4.149852735841,0.5));
#5567 = CARTESIAN_POINT('',(4.149852735841,9.5));
#5568 = ( GEOMETRIC_REPRESENTATION_CONTEXT(2) 
PARAMETRIC_REPRESENTATION_CONTEXT() REPRESENTATION_CONTEXT('2D SPACE',''
  ) );
#5569 = PCURVE('',#5511,#5570);
#5570 = DEFINITIONAL_REPRESENTATION('',(#5571),#5574);
#5571 = B_SPLINE_CURVE_WITH_KNOTS('',1,(#5572,#5573),.UNSPECIFIED.,.F.,
  .F.,(2,2),(0.5,9.5),.PIECEWISE_BEZIER_KNOTS.);
#5572 = CARTESIAN_POINT('',(7.096713368933,8.25));
#5573 = CARTESIAN_POINT('',(7.096713368933,-0.75));
#5574 = ( GEOMETRIC_REPRESENTATION_CONTEXT(2) 
PARAMETRIC_REPRESENTATION_CONTEXT() REPRESENTATION_CONTEXT('2D SPACE',''
  ) );
#5575 = ORIENTED_EDGE('',*,*,#5576,.F.);
#5576 = EDGE_CURVE('',#5495,#5556,#5577,.T.);
#5577 = SURFACE_CURVE('',#5578,(#5583,#5590),.PCURVE_S1.);
#5578 = CIRCLE('',#5579,2.25);
#5579 = AXIS2_PLACEMENT_3D('',#5580,#5581,#5582);
#5580 = CARTESIAN_POINT('',(0.,15.75,17.5));
#5581 = DIRECTION('',(0.,-1.,0.));
#5582 = DIRECTION('',(1.,0.,0.));
#5583 = PCURVE('',#3012,#5584);
#5584 = DEFINITIONAL_REPRESENTATION('',(#5585),#5589);
#5585 = LINE('',#5586,#5587);
#5586 = CARTESIAN_POINT('',(0.,1.25));
#5587 = VECTOR('',#5588,1.);
#5588 = DIRECTION('',(1.,0.));
#5589 = ( GEOMETRIC_REPRESENTATION_CONTEXT(2) 
PARAMETRIC_REPRESENTATION_CONTEXT() REPRESENTATION_CONTEXT('2D SPACE',''
  ) );
#5590 = PCURVE('',#5591,#5596);
#5591 = PLANE('',#5592);
#5592 = AXIS2_PLACEMENT_3D('',#5593,#5594,#5595);
#5593 = CARTESIAN_POINT('',(-1.2,15.75,8.5));
#5594 = DIRECTION('',(0.,1.,0.));
#5595 = DIRECTION('',(0.,0.,1.));
#5596 = DEFINITIONAL_REPRESENTATION('',(#5597),#5605);
#5597 = ( BOUNDED_CURVE() B_SPLINE_CURVE(2,(#5598,#5599,#5600,#5601,
#5602,#5603,#5604),.UNSPECIFIED.,.T.,.F.) B_SPLINE_CURVE_WITH_KNOTS((1,2
    ,2,2,2,1),(-2.094395102393,0.,2.094395102393,4.188790204786,
6.28318530718,8.377580409573),.UNSPECIFIED.) CURVE() 
GEOMETRIC_REPRESENTATION_ITEM() RATIONAL_B_SPLINE_CURVE((1.,0.5,1.,0.5,
1.,0.5,1.)) REPRESENTATION_ITEM('') );
#5598 = CARTESIAN_POINT('',(9.,3.45));
#5599 = CARTESIAN_POINT('',(12.89711431703,3.45));
#5600 = CARTESIAN_POINT('',(10.948557158515,7.5E-02));
#5601 = CARTESIAN_POINT('',(9.,-3.3));
#5602 = CARTESIAN_POINT('',(7.051442841485,7.5E-02));
#5603 = CARTESIAN_POINT('',(5.10288568297,3.45));
#5604 = CARTESIAN_POINT('',(9.,3.45));
#5605 = ( GEOMETRIC_REPRESENTATION_CONTEXT(2) 
PARAMETRIC_REPRESENTATION_CONTEXT() REPRESENTATION_CONTEXT('2D SPACE',''
  ) );
#5606 = ADVANCED_FACE('',(#5607),#3111,.F.);
#5607 = FACE_BOUND('',#5608,.F.);
#5608 = EDGE_LOOP('',(#5609,#5632,#5633,#5656));
#5609 = ORIENTED_EDGE('',*,*,#5610,.F.);
#5610 = EDGE_CURVE('',#3095,#5611,#5613,.T.);
#5611 = VERTEX_POINT('',#5612);
#5612 = CARTESIAN_POINT('',(-6.056728894847,16.351515870402,8.5));
#5613 = SURFACE_CURVE('',#5614,(#5618,#5625),.PCURVE_S1.);
#5614 = LINE('',#5615,#5616);
#5615 = CARTESIAN_POINT('',(-3.762423149442,13.074907693246,8.5));
#5616 = VECTOR('',#5617,1.);
#5617 = DIRECTION('',(-0.573576436351,0.819152044289,0.));
#5618 = PCURVE('',#3111,#5619);
#5619 = DEFINITIONAL_REPRESENTATION('',(#5620),#5624);
#5620 = LINE('',#5621,#5622);
#5621 = CARTESIAN_POINT('',(0.,1.));
#5622 = VECTOR('',#5623,1.);
#5623 = DIRECTION('',(1.,0.));
#5624 = ( GEOMETRIC_REPRESENTATION_CONTEXT(2) 
PARAMETRIC_REPRESENTATION_CONTEXT() REPRESENTATION_CONTEXT('2D SPACE',''
  ) );
#5625 = PCURVE('',#3191,#5626);
#5626 = DEFINITIONAL_REPRESENTATION('',(#5627),#5631);
#5627 = LINE('',#5628,#5629);
#5628 = CARTESIAN_POINT('',(0.,0.));
#5629 = VECTOR('',#5630,1.);
#5630 = DIRECTION('',(0.,1.));
#5631 = ( GEOMETRIC_REPRESENTATION_CONTEXT(2) 
PARAMETRIC_REPRESENTATION_CONTEXT() REPRESENTATION_CONTEXT('2D SPACE',''
  ) );
#5632 = ORIENTED_EDGE('',*,*,#3092,.F.);
#5633 = ORIENTED_EDGE('',*,*,#5634,.T.);
#5634 = EDGE_CURVE('',#3093,#5635,#5637,.T.);
#5635 = VERTEX_POINT('',#5636);
#5636 = CARTESIAN_POINT('',(-5.237576850558,16.925092306754,8.5));
#5637 = SURFACE_CURVE('',#5638,(#5642,#5649),.PCURVE_S1.);
#5638 = LINE('',#5639,#5640);
#5639 = CARTESIAN_POINT('',(-2.943271105153,13.648484129598,8.5));
#5640 = VECTOR('',#5641,1.);
#5641 = DIRECTION('',(-0.573576436351,0.819152044289,0.));
#5642 = PCURVE('',#3111,#5643);
#5643 = DEFINITIONAL_REPRESENTATION('',(#5644),#5648);
#5644 = LINE('',#5645,#5646);
#5645 = CARTESIAN_POINT('',(0.,0.));
#5646 = VECTOR('',#5647,1.);
#5647 = DIRECTION('',(1.,0.));
#5648 = ( GEOMETRIC_REPRESENTATION_CONTEXT(2) 
PARAMETRIC_REPRESENTATION_CONTEXT() REPRESENTATION_CONTEXT('2D SPACE',''
  ) );
#5649 = PCURVE('',#3138,#5650);
#5650 = DEFINITIONAL_REPRESENTATION('',(#5651),#5655);
#5651 = LINE('',#5652,#5653);
#5652 = CARTESIAN_POINT('',(0.,0.));
#5653 = VECTOR('',#5654,1.);
#5654 = DIRECTION('',(0.,1.));
#5655 = ( GEOMETRIC_REPRESENTATION_CONTEXT(2) 
PARAMETRIC_REPRESENTATION_CONTEXT() REPRESENTATION_CONTEXT('2D SPACE',''
  ) );
#5656 = ORIENTED_EDGE('',*,*,#5657,.T.);
#5657 = EDGE_CURVE('',#5635,#5611,#5658,.T.);
#5658 = SURFACE_CURVE('',#5659,(#5663,#5670),.PCURVE_S1.);
#5659 = LINE('',#5660,#5661);
#5660 = CARTESIAN_POINT('',(-5.237576850558,16.925092306754,8.5));
#5661 = VECTOR('',#5662,1.);
#5662 = DIRECTION('',(-0.819152044289,-0.573576436351,0.));
#5663 = PCURVE('',#3111,#5664);
#5664 = DEFINITIONAL_REPRESENTATION('',(#5665),#5669);
#5665 = LINE('',#5666,#5667);
#5666 = CARTESIAN_POINT('',(4.,0.));
#5667 = VECTOR('',#5668,1.);
#5668 = DIRECTION('',(0.,1.));
#5669 = ( GEOMETRIC_REPRESENTATION_CONTEXT(2) 
PARAMETRIC_REPRESENTATION_CONTEXT() REPRESENTATION_CONTEXT('2D SPACE',''
  ) );
#5670 = PCURVE('',#5671,#5676);
#5671 = PLANE('',#5672);
#5672 = AXIS2_PLACEMENT_3D('',#5673,#5674,#5675);
#5673 = CARTESIAN_POINT('',(-5.237576850558,16.925092306754,8.5));
#5674 = DIRECTION('',(-0.573576436351,0.819152044289,0.));
#5675 = DIRECTION('',(0.,0.,1.));
#5676 = DEFINITIONAL_REPRESENTATION('',(#5677),#5681);
#5677 = LINE('',#5678,#5679);
#5678 = CARTESIAN_POINT('',(0.,0.));
#5679 = VECTOR('',#5680,1.);
#5680 = DIRECTION('',(0.,-1.));
#5681 = ( GEOMETRIC_REPRESENTATION_CONTEXT(2) 
PARAMETRIC_REPRESENTATION_CONTEXT() REPRESENTATION_CONTEXT('2D SPACE',''
  ) );
#5682 = ADVANCED_FACE('',(#5683),#3138,.F.);
#5683 = FACE_BOUND('',#5684,.F.);
#5684 = EDGE_LOOP('',(#5685,#5686,#5687,#5710));
#5685 = ORIENTED_EDGE('',*,*,#5634,.F.);
#5686 = ORIENTED_EDGE('',*,*,#3123,.T.);
#5687 = ORIENTED_EDGE('',*,*,#5688,.T.);
#5688 = EDGE_CURVE('',#3124,#5689,#5691,.T.);
#5689 = VERTEX_POINT('',#5690);
#5690 = CARTESIAN_POINT('',(-5.237576850558,16.925092306754,26.5));
#5691 = SURFACE_CURVE('',#5692,(#5696,#5703),.PCURVE_S1.);
#5692 = LINE('',#5693,#5694);
#5693 = CARTESIAN_POINT('',(-2.943271105153,13.648484129598,26.5));
#5694 = VECTOR('',#5695,1.);
#5695 = DIRECTION('',(-0.573576436351,0.819152044289,0.));
#5696 = PCURVE('',#3138,#5697);
#5697 = DEFINITIONAL_REPRESENTATION('',(#5698),#5702);
#5698 = LINE('',#5699,#5700);
#5699 = CARTESIAN_POINT('',(18.,0.));
#5700 = VECTOR('',#5701,1.);
#5701 = DIRECTION('',(0.,1.));
#5702 = ( GEOMETRIC_REPRESENTATION_CONTEXT(2) 
PARAMETRIC_REPRESENTATION_CONTEXT() REPRESENTATION_CONTEXT('2D SPACE',''
  ) );
#5703 = PCURVE('',#3166,#5704);
#5704 = DEFINITIONAL_REPRESENTATION('',(#5705),#5709);
#5705 = LINE('',#5706,#5707);
#5706 = CARTESIAN_POINT('',(0.,0.));
#5707 = VECTOR('',#5708,1.);
#5708 = DIRECTION('',(1.,0.));
#5709 = ( GEOMETRIC_REPRESENTATION_CONTEXT(2) 
PARAMETRIC_REPRESENTATION_CONTEXT() REPRESENTATION_CONTEXT('2D SPACE',''
  ) );
#5710 = ORIENTED_EDGE('',*,*,#5711,.F.);
#5711 = EDGE_CURVE('',#5635,#5689,#5712,.T.);
#5712 = SURFACE_CURVE('',#5713,(#5717,#5724),.PCURVE_S1.);
#5713 = LINE('',#5714,#5715);
#5714 = CARTESIAN_POINT('',(-5.237576850558,16.925092306754,8.5));
#5715 = VECTOR('',#5716,1.);
#5716 = DIRECTION('',(0.,0.,1.));
#5717 = PCURVE('',#3138,#5718);
#5718 = DEFINITIONAL_REPRESENTATION('',(#5719),#5723);
#5719 = LINE('',#5720,#5721);
#5720 = CARTESIAN_POINT('',(0.,4.));
#5721 = VECTOR('',#5722,1.);
#5722 = DIRECTION('',(1.,0.));
#5723 = ( GEOMETRIC_REPRESENTATION_CONTEXT(2) 
PARAMETRIC_REPRESENTATION_CONTEXT() REPRESENTATION_CONTEXT('2D SPACE',''
  ) );
#5724 = PCURVE('',#5671,#5725);
#5725 = DEFINITIONAL_REPRESENTATION('',(#5726),#5730);
#5726 = LINE('',#5727,#5728);
#5727 = CARTESIAN_POINT('',(0.,0.));
#5728 = VECTOR('',#5729,1.);
#5729 = DIRECTION('',(1.,0.));
#5730 = ( GEOMETRIC_REPRESENTATION_CONTEXT(2) 
PARAMETRIC_REPRESENTATION_CONTEXT() REPRESENTATION_CONTEXT('2D SPACE',''
  ) );
#5731 = ADVANCED_FACE('',(#5732),#3191,.T.);
#5732 = FACE_BOUND('',#5733,.T.);
#5733 = EDGE_LOOP('',(#5734,#5735,#5736,#5759));
#5734 = ORIENTED_EDGE('',*,*,#5610,.F.);
#5735 = ORIENTED_EDGE('',*,*,#3178,.T.);
#5736 = ORIENTED_EDGE('',*,*,#5737,.T.);
#5737 = EDGE_CURVE('',#3150,#5738,#5740,.T.);
#5738 = VERTEX_POINT('',#5739);
#5739 = CARTESIAN_POINT('',(-6.056728894847,16.351515870402,26.5));
#5740 = SURFACE_CURVE('',#5741,(#5745,#5752),.PCURVE_S1.);
#5741 = LINE('',#5742,#5743);
#5742 = CARTESIAN_POINT('',(-3.762423149442,13.074907693246,26.5));
#5743 = VECTOR('',#5744,1.);
#5744 = DIRECTION('',(-0.573576436351,0.819152044289,0.));
#5745 = PCURVE('',#3191,#5746);
#5746 = DEFINITIONAL_REPRESENTATION('',(#5747),#5751);
#5747 = LINE('',#5748,#5749);
#5748 = CARTESIAN_POINT('',(18.,0.));
#5749 = VECTOR('',#5750,1.);
#5750 = DIRECTION('',(0.,1.));
#5751 = ( GEOMETRIC_REPRESENTATION_CONTEXT(2) 
PARAMETRIC_REPRESENTATION_CONTEXT() REPRESENTATION_CONTEXT('2D SPACE',''
  ) );
#5752 = PCURVE('',#3166,#5753);
#5753 = DEFINITIONAL_REPRESENTATION('',(#5754),#5758);
#5754 = LINE('',#5755,#5756);
#5755 = CARTESIAN_POINT('',(0.,1.));
#5756 = VECTOR('',#5757,1.);
#5757 = DIRECTION('',(1.,0.));
#5758 = ( GEOMETRIC_REPRESENTATION_CONTEXT(2) 
PARAMETRIC_REPRESENTATION_CONTEXT() REPRESENTATION_CONTEXT('2D SPACE',''
  ) );
#5759 = ORIENTED_EDGE('',*,*,#5760,.F.);
#5760 = EDGE_CURVE('',#5611,#5738,#5761,.T.);
#5761 = SURFACE_CURVE('',#5762,(#5766,#5773),.PCURVE_S1.);
#5762 = LINE('',#5763,#5764);
#5763 = CARTESIAN_POINT('',(-6.056728894847,16.351515870402,8.5));
#5764 = VECTOR('',#5765,1.);
#5765 = DIRECTION('',(0.,0.,1.));
#5766 = PCURVE('',#3191,#5767);
#5767 = DEFINITIONAL_REPRESENTATION('',(#5768),#5772);
#5768 = LINE('',#5769,#5770);
#5769 = CARTESIAN_POINT('',(0.,4.));
#5770 = VECTOR('',#5771,1.);
#5771 = DIRECTION('',(1.,0.));
#5772 = ( GEOMETRIC_REPRESENTATION_CONTEXT(2) 
PARAMETRIC_REPRESENTATION_CONTEXT() REPRESENTATION_CONTEXT('2D SPACE',''
  ) );
#5773 = PCURVE('',#5671,#5774);
#5774 = DEFINITIONAL_REPRESENTATION('',(#5775),#5779);
#5775 = LINE('',#5776,#5777);
#5776 = CARTESIAN_POINT('',(0.,-1.));
#5777 = VECTOR('',#5778,1.);
#5778 = DIRECTION('',(1.,0.));
#5779 = ( GEOMETRIC_REPRESENTATION_CONTEXT(2) 
PARAMETRIC_REPRESENTATION_CONTEXT() REPRESENTATION_CONTEXT('2D SPACE',''
  ) );
#5780 = ADVANCED_FACE('',(#5781),#3166,.T.);
#5781 = FACE_BOUND('',#5782,.T.);
#5782 = EDGE_LOOP('',(#5783,#5784,#5785,#5786));
#5783 = ORIENTED_EDGE('',*,*,#5737,.F.);
#5784 = ORIENTED_EDGE('',*,*,#3149,.F.);
#5785 = ORIENTED_EDGE('',*,*,#5688,.T.);
#5786 = ORIENTED_EDGE('',*,*,#5787,.T.);
#5787 = EDGE_CURVE('',#5689,#5738,#5788,.T.);
#5788 = SURFACE_CURVE('',#5789,(#5793,#5800),.PCURVE_S1.);
#5789 = LINE('',#5790,#5791);
#5790 = CARTESIAN_POINT('',(-5.237576850558,16.925092306754,26.5));
#5791 = VECTOR('',#5792,1.);
#5792 = DIRECTION('',(-0.819152044289,-0.573576436351,0.));
#5793 = PCURVE('',#3166,#5794);
#5794 = DEFINITIONAL_REPRESENTATION('',(#5795),#5799);
#5795 = LINE('',#5796,#5797);
#5796 = CARTESIAN_POINT('',(4.,0.));
#5797 = VECTOR('',#5798,1.);
#5798 = DIRECTION('',(0.,1.));
#5799 = ( GEOMETRIC_REPRESENTATION_CONTEXT(2) 
PARAMETRIC_REPRESENTATION_CONTEXT() REPRESENTATION_CONTEXT('2D SPACE',''
  ) );
#5800 = PCURVE('',#5671,#5801);
#5801 = DEFINITIONAL_REPRESENTATION('',(#5802),#5806);
#5802 = LINE('',#5803,#5804);
#5803 = CARTESIAN_POINT('',(18.,0.));
#5804 = VECTOR('',#5805,1.);
#5805 = DIRECTION('',(0.,-1.));
#5806 = ( GEOMETRIC_REPRESENTATION_CONTEXT(2) 
PARAMETRIC_REPRESENTATION_CONTEXT() REPRESENTATION_CONTEXT('2D SPACE',''
  ) );
#5807 = ADVANCED_FACE('',(#5808),#3223,.F.);
#5808 = FACE_BOUND('',#5809,.F.);
#5809 = EDGE_LOOP('',(#5810,#5833,#5834,#5857));
#5810 = ORIENTED_EDGE('',*,*,#5811,.F.);
#5811 = EDGE_CURVE('',#3207,#5812,#5814,.T.);
#5812 = VERTEX_POINT('',#5813);
#5813 = CARTESIAN_POINT('',(-13.42103902197,11.13246368673,8.5));
#5814 = SURFACE_CURVE('',#5815,(#5819,#5826),.PCURVE_S1.);
#5815 = LINE('',#5816,#5817);
#5816 = CARTESIAN_POINT('',(-9.795807873827,9.441990639767,8.5));
#5817 = VECTOR('',#5818,1.);
#5818 = DIRECTION('',(-0.906307787037,0.422618261741,0.));
#5819 = PCURVE('',#3223,#5820);
#5820 = DEFINITIONAL_REPRESENTATION('',(#5821),#5825);
#5821 = LINE('',#5822,#5823);
#5822 = CARTESIAN_POINT('',(0.,1.));
#5823 = VECTOR('',#5824,1.);
#5824 = DIRECTION('',(1.,0.));
#5825 = ( GEOMETRIC_REPRESENTATION_CONTEXT(2) 
PARAMETRIC_REPRESENTATION_CONTEXT() REPRESENTATION_CONTEXT('2D SPACE',''
  ) );
#5826 = PCURVE('',#3303,#5827);
#5827 = DEFINITIONAL_REPRESENTATION('',(#5828),#5832);
#5828 = LINE('',#5829,#5830);
#5829 = CARTESIAN_POINT('',(0.,0.));
#5830 = VECTOR('',#5831,1.);
#5831 = DIRECTION('',(0.,1.));
#5832 = ( GEOMETRIC_REPRESENTATION_CONTEXT(2) 
PARAMETRIC_REPRESENTATION_CONTEXT() REPRESENTATION_CONTEXT('2D SPACE',''
  ) );
#5833 = ORIENTED_EDGE('',*,*,#3204,.F.);
#5834 = ORIENTED_EDGE('',*,*,#5835,.T.);
#5835 = EDGE_CURVE('',#3205,#5836,#5838,.T.);
#5836 = VERTEX_POINT('',#5837);
#5837 = CARTESIAN_POINT('',(-12.99842076023,12.038771473766,8.5));
#5838 = SURFACE_CURVE('',#5839,(#5843,#5850),.PCURVE_S1.);
#5839 = LINE('',#5840,#5841);
#5840 = CARTESIAN_POINT('',(-9.373189612086,10.348298426804,8.5));
#5841 = VECTOR('',#5842,1.);
#5842 = DIRECTION('',(-0.906307787037,0.422618261741,0.));
#5843 = PCURVE('',#3223,#5844);
#5844 = DEFINITIONAL_REPRESENTATION('',(#5845),#5849);
#5845 = LINE('',#5846,#5847);
#5846 = CARTESIAN_POINT('',(0.,0.));
#5847 = VECTOR('',#5848,1.);
#5848 = DIRECTION('',(1.,0.));
#5849 = ( GEOMETRIC_REPRESENTATION_CONTEXT(2) 
PARAMETRIC_REPRESENTATION_CONTEXT() REPRESENTATION_CONTEXT('2D SPACE',''
  ) );
#5850 = PCURVE('',#3250,#5851);
#5851 = DEFINITIONAL_REPRESENTATION('',(#5852),#5856);
#5852 = LINE('',#5853,#5854);
#5853 = CARTESIAN_POINT('',(0.,0.));
#5854 = VECTOR('',#5855,1.);
#5855 = DIRECTION('',(0.,1.));
#5856 = ( GEOMETRIC_REPRESENTATION_CONTEXT(2) 
PARAMETRIC_REPRESENTATION_CONTEXT() REPRESENTATION_CONTEXT('2D SPACE',''
  ) );
#5857 = ORIENTED_EDGE('',*,*,#5858,.T.);
#5858 = EDGE_CURVE('',#5836,#5812,#5859,.T.);
#5859 = SURFACE_CURVE('',#5860,(#5864,#5871),.PCURVE_S1.);
#5860 = LINE('',#5861,#5862);
#5861 = CARTESIAN_POINT('',(-12.99842076023,12.038771473766,8.5));
#5862 = VECTOR('',#5863,1.);
#5863 = DIRECTION('',(-0.422618261741,-0.906307787037,0.));
#5864 = PCURVE('',#3223,#5865);
#5865 = DEFINITIONAL_REPRESENTATION('',(#5866),#5870);
#5866 = LINE('',#5867,#5868);
#5867 = CARTESIAN_POINT('',(4.,0.));
#5868 = VECTOR('',#5869,1.);
#5869 = DIRECTION('',(0.,1.));
#5870 = ( GEOMETRIC_REPRESENTATION_CONTEXT(2) 
PARAMETRIC_REPRESENTATION_CONTEXT() REPRESENTATION_CONTEXT('2D SPACE',''
  ) );
#5871 = PCURVE('',#5872,#5877);
#5872 = PLANE('',#5873);
#5873 = AXIS2_PLACEMENT_3D('',#5874,#5875,#5876);
#5874 = CARTESIAN_POINT('',(-12.99842076023,12.038771473766,8.5));
#5875 = DIRECTION('',(-0.906307787037,0.422618261741,0.));
#5876 = DIRECTION('',(0.,0.,1.));
#5877 = DEFINITIONAL_REPRESENTATION('',(#5878),#5882);
#5878 = LINE('',#5879,#5880);
#5879 = CARTESIAN_POINT('',(0.,0.));
#5880 = VECTOR('',#5881,1.);
#5881 = DIRECTION('',(0.,-1.));
#5882 = ( GEOMETRIC_REPRESENTATION_CONTEXT(2) 
PARAMETRIC_REPRESENTATION_CONTEXT() REPRESENTATION_CONTEXT('2D SPACE',''
  ) );
#5883 = ADVANCED_FACE('',(#5884),#3250,.F.);
#5884 = FACE_BOUND('',#5885,.F.);
#5885 = EDGE_LOOP('',(#5886,#5887,#5888,#5911));
#5886 = ORIENTED_EDGE('',*,*,#5835,.F.);
#5887 = ORIENTED_EDGE('',*,*,#3235,.T.);
#5888 = ORIENTED_EDGE('',*,*,#5889,.T.);
#5889 = EDGE_CURVE('',#3236,#5890,#5892,.T.);
#5890 = VERTEX_POINT('',#5891);
#5891 = CARTESIAN_POINT('',(-12.99842076023,12.038771473766,26.5));
#5892 = SURFACE_CURVE('',#5893,(#5897,#5904),.PCURVE_S1.);
#5893 = LINE('',#5894,#5895);
#5894 = CARTESIAN_POINT('',(-9.373189612086,10.348298426804,26.5));
#5895 = VECTOR('',#5896,1.);
#5896 = DIRECTION('',(-0.906307787037,0.422618261741,0.));
#5897 = PCURVE('',#3250,#5898);
#5898 = DEFINITIONAL_REPRESENTATION('',(#5899),#5903);
#5899 = LINE('',#5900,#5901);
#5900 = CARTESIAN_POINT('',(18.,0.));
#5901 = VECTOR('',#5902,1.);
#5902 = DIRECTION('',(0.,1.));
#5903 = ( GEOMETRIC_REPRESENTATION_CONTEXT(2) 
PARAMETRIC_REPRESENTATION_CONTEXT() REPRESENTATION_CONTEXT('2D SPACE',''
  ) );
#5904 = PCURVE('',#3278,#5905);
#5905 = DEFINITIONAL_REPRESENTATION('',(#5906),#5910);
#5906 = LINE('',#5907,#5908);
#5907 = CARTESIAN_POINT('',(0.,0.));
#5908 = VECTOR('',#5909,1.);
#5909 = DIRECTION('',(1.,0.));
#5910 = ( GEOMETRIC_REPRESENTATION_CONTEXT(2) 
PARAMETRIC_REPRESENTATION_CONTEXT() REPRESENTATION_CONTEXT('2D SPACE',''
  ) );
#5911 = ORIENTED_EDGE('',*,*,#5912,.F.);
#5912 = EDGE_CURVE('',#5836,#5890,#5913,.T.);
#5913 = SURFACE_CURVE('',#5914,(#5918,#5925),.PCURVE_S1.);
#5914 = LINE('',#5915,#5916);
#5915 = CARTESIAN_POINT('',(-12.99842076023,12.038771473766,8.5));
#5916 = VECTOR('',#5917,1.);
#5917 = DIRECTION('',(0.,0.,1.));
#5918 = PCURVE('',#3250,#5919);
#5919 = DEFINITIONAL_REPRESENTATION('',(#5920),#5924);
#5920 = LINE('',#5921,#5922);
#5921 = CARTESIAN_POINT('',(0.,4.));
#5922 = VECTOR('',#5923,1.);
#5923 = DIRECTION('',(1.,0.));
#5924 = ( GEOMETRIC_REPRESENTATION_CONTEXT(2) 
PARAMETRIC_REPRESENTATION_CONTEXT() REPRESENTATION_CONTEXT('2D SPACE',''
  ) );
#5925 = PCURVE('',#5872,#5926);
#5926 = DEFINITIONAL_REPRESENTATION('',(#5927),#5931);
#5927 = LINE('',#5928,#5929);
#5928 = CARTESIAN_POINT('',(0.,0.));
#5929 = VECTOR('',#5930,1.);
#5930 = DIRECTION('',(1.,0.));
#5931 = ( GEOMETRIC_REPRESENTATION_CONTEXT(2) 
PARAMETRIC_REPRESENTATION_CONTEXT() REPRESENTATION_CONTEXT('2D SPACE',''
  ) );
#5932 = ADVANCED_FACE('',(#5933),#3303,.T.);
#5933 = FACE_BOUND('',#5934,.T.);
#5934 = EDGE_LOOP('',(#5935,#5936,#5937,#5960));
#5935 = ORIENTED_EDGE('',*,*,#5811,.F.);
#5936 = ORIENTED_EDGE('',*,*,#3290,.T.);
#5937 = ORIENTED_EDGE('',*,*,#5938,.T.);
#5938 = EDGE_CURVE('',#3262,#5939,#5941,.T.);
#5939 = VERTEX_POINT('',#5940);
#5940 = CARTESIAN_POINT('',(-13.42103902197,11.13246368673,26.5));
#5941 = SURFACE_CURVE('',#5942,(#5946,#5953),.PCURVE_S1.);
#5942 = LINE('',#5943,#5944);
#5943 = CARTESIAN_POINT('',(-9.795807873827,9.441990639767,26.5));
#5944 = VECTOR('',#5945,1.);
#5945 = DIRECTION('',(-0.906307787037,0.422618261741,0.));
#5946 = PCURVE('',#3303,#5947);
#5947 = DEFINITIONAL_REPRESENTATION('',(#5948),#5952);
#5948 = LINE('',#5949,#5950);
#5949 = CARTESIAN_POINT('',(18.,0.));
#5950 = VECTOR('',#5951,1.);
#5951 = DIRECTION('',(0.,1.));
#5952 = ( GEOMETRIC_REPRESENTATION_CONTEXT(2) 
PARAMETRIC_REPRESENTATION_CONTEXT() REPRESENTATION_CONTEXT('2D SPACE',''
  ) );
#5953 = PCURVE('',#3278,#5954);
#5954 = DEFINITIONAL_REPRESENTATION('',(#5955),#5959);
#5955 = LINE('',#5956,#5957);
#5956 = CARTESIAN_POINT('',(0.,1.));
#5957 = VECTOR('',#5958,1.);
#5958 = DIRECTION('',(1.,0.));
#5959 = ( GEOMETRIC_REPRESENTATION_CONTEXT(2) 
PARAMETRIC_REPRESENTATION_CONTEXT() REPRESENTATION_CONTEXT('2D SPACE',''
  ) );
#5960 = ORIENTED_EDGE('',*,*,#5961,.F.);
#5961 = EDGE_CURVE('',#5812,#5939,#5962,.T.);
#5962 = SURFACE_CURVE('',#5963,(#5967,#5974),.PCURVE_S1.);
#5963 = LINE('',#5964,#5965);
#5964 = CARTESIAN_POINT('',(-13.42103902197,11.13246368673,8.5));
#5965 = VECTOR('',#5966,1.);
#5966 = DIRECTION('',(0.,0.,1.));
#5967 = PCURVE('',#3303,#5968);
#5968 = DEFINITIONAL_REPRESENTATION('',(#5969),#5973);
#5969 = LINE('',#5970,#5971);
#5970 = CARTESIAN_POINT('',(0.,4.));
#5971 = VECTOR('',#5972,1.);
#5972 = DIRECTION('',(1.,0.));
#5973 = ( GEOMETRIC_REPRESENTATION_CONTEXT(2) 
PARAMETRIC_REPRESENTATION_CONTEXT() REPRESENTATION_CONTEXT('2D SPACE',''
  ) );
#5974 = PCURVE('',#5872,#5975);
#5975 = DEFINITIONAL_REPRESENTATION('',(#5976),#5980);
#5976 = LINE('',#5977,#5978);
#5977 = CARTESIAN_POINT('',(0.,-1.));
#5978 = VECTOR('',#5979,1.);
#5979 = DIRECTION('',(1.,0.));
#5980 = ( GEOMETRIC_REPRESENTATION_CONTEXT(2) 
PARAMETRIC_REPRESENTATION_CONTEXT() REPRESENTATION_CONTEXT('2D SPACE',''
  ) );
#5981 = ADVANCED_FACE('',(#5982),#3278,.T.);
#5982 = FACE_BOUND('',#5983,.T.);
#5983 = EDGE_LOOP('',(#5984,#5985,#5986,#5987));
#5984 = ORIENTED_EDGE('',*,*,#5938,.F.);
#5985 = ORIENTED_EDGE('',*,*,#3261,.F.);
#5986 = ORIENTED_EDGE('',*,*,#5889,.T.);
#5987 = ORIENTED_EDGE('',*,*,#5988,.T.);
#5988 = EDGE_CURVE('',#5890,#5939,#5989,.T.);
#5989 = SURFACE_CURVE('',#5990,(#5994,#6001),.PCURVE_S1.);
#5990 = LINE('',#5991,#5992);
#5991 = CARTESIAN_POINT('',(-12.99842076023,12.038771473766,26.5));
#5992 = VECTOR('',#5993,1.);
#5993 = DIRECTION('',(-0.422618261741,-0.906307787037,0.));
#5994 = PCURVE('',#3278,#5995);
#5995 = DEFINITIONAL_REPRESENTATION('',(#5996),#6000);
#5996 = LINE('',#5997,#5998);
#5997 = CARTESIAN_POINT('',(4.,0.));
#5998 = VECTOR('',#5999,1.);
#5999 = DIRECTION('',(0.,1.));
#6000 = ( GEOMETRIC_REPRESENTATION_CONTEXT(2) 
PARAMETRIC_REPRESENTATION_CONTEXT() REPRESENTATION_CONTEXT('2D SPACE',''
  ) );
#6001 = PCURVE('',#5872,#6002);
#6002 = DEFINITIONAL_REPRESENTATION('',(#6003),#6007);
#6003 = LINE('',#6004,#6005);
#6004 = CARTESIAN_POINT('',(18.,0.));
#6005 = VECTOR('',#6006,1.);
#6006 = DIRECTION('',(0.,-1.));
#6007 = ( GEOMETRIC_REPRESENTATION_CONTEXT(2) 
PARAMETRIC_REPRESENTATION_CONTEXT() REPRESENTATION_CONTEXT('2D SPACE',''
  ) );
#6008 = ADVANCED_FACE('',(#6009),#3335,.F.);
#6009 = FACE_BOUND('',#6010,.F.);
#6010 = EDGE_LOOP('',(#6011,#6034,#6035,#6058));
#6011 = ORIENTED_EDGE('',*,*,#6012,.F.);
#6012 = EDGE_CURVE('',#3319,#6013,#6015,.T.);
#6013 = VERTEX_POINT('',#6014);
#6014 = CARTESIAN_POINT('',(-17.18919258157,2.930476848429,8.5));
#6015 = SURFACE_CURVE('',#6016,(#6020,#6027),.PCURVE_S1.);
#6016 = LINE('',#6017,#6018);
#6017 = CARTESIAN_POINT('',(-13.2044137892,3.279099819419,8.5));
#6018 = VECTOR('',#6019,1.);
#6019 = DIRECTION('',(-0.996194698092,-8.715574274766E-02,0.));
#6020 = PCURVE('',#3335,#6021);
#6021 = DEFINITIONAL_REPRESENTATION('',(#6022),#6026);
#6022 = LINE('',#6023,#6024);
#6023 = CARTESIAN_POINT('',(0.,1.));
#6024 = VECTOR('',#6025,1.);
#6025 = DIRECTION('',(1.,0.));
#6026 = ( GEOMETRIC_REPRESENTATION_CONTEXT(2) 
PARAMETRIC_REPRESENTATION_CONTEXT() REPRESENTATION_CONTEXT('2D SPACE',''
  ) );
#6027 = PCURVE('',#3415,#6028);
#6028 = DEFINITIONAL_REPRESENTATION('',(#6029),#6033);
#6029 = LINE('',#6030,#6031);
#6030 = CARTESIAN_POINT('',(0.,0.));
#6031 = VECTOR('',#6032,1.);
#6032 = DIRECTION('',(0.,1.));
#6033 = ( GEOMETRIC_REPRESENTATION_CONTEXT(2) 
PARAMETRIC_REPRESENTATION_CONTEXT() REPRESENTATION_CONTEXT('2D SPACE',''
  ) );
#6034 = ORIENTED_EDGE('',*,*,#3316,.F.);
#6035 = ORIENTED_EDGE('',*,*,#6036,.T.);
#6036 = EDGE_CURVE('',#3317,#6037,#6039,.T.);
#6037 = VERTEX_POINT('',#6038);
#6038 = CARTESIAN_POINT('',(-17.27634832432,3.926671546521,8.5));
#6039 = SURFACE_CURVE('',#6040,(#6044,#6051),.PCURVE_S1.);
#6040 = LINE('',#6041,#6042);
#6041 = CARTESIAN_POINT('',(-13.29156953195,4.275294517511,8.5));
#6042 = VECTOR('',#6043,1.);
#6043 = DIRECTION('',(-0.996194698092,-8.715574274766E-02,0.));
#6044 = PCURVE('',#3335,#6045);
#6045 = DEFINITIONAL_REPRESENTATION('',(#6046),#6050);
#6046 = LINE('',#6047,#6048);
#6047 = CARTESIAN_POINT('',(0.,0.));
#6048 = VECTOR('',#6049,1.);
#6049 = DIRECTION('',(1.,0.));
#6050 = ( GEOMETRIC_REPRESENTATION_CONTEXT(2) 
PARAMETRIC_REPRESENTATION_CONTEXT() REPRESENTATION_CONTEXT('2D SPACE',''
  ) );
#6051 = PCURVE('',#3362,#6052);
#6052 = DEFINITIONAL_REPRESENTATION('',(#6053),#6057);
#6053 = LINE('',#6054,#6055);
#6054 = CARTESIAN_POINT('',(0.,0.));
#6055 = VECTOR('',#6056,1.);
#6056 = DIRECTION('',(0.,1.));
#6057 = ( GEOMETRIC_REPRESENTATION_CONTEXT(2) 
PARAMETRIC_REPRESENTATION_CONTEXT() REPRESENTATION_CONTEXT('2D SPACE',''
  ) );
#6058 = ORIENTED_EDGE('',*,*,#6059,.T.);
#6059 = EDGE_CURVE('',#6037,#6013,#6060,.T.);
#6060 = SURFACE_CURVE('',#6061,(#6065,#6072),.PCURVE_S1.);
#6061 = LINE('',#6062,#6063);
#6062 = CARTESIAN_POINT('',(-17.27634832432,3.926671546521,8.5));
#6063 = VECTOR('',#6064,1.);
#6064 = DIRECTION('',(8.715574274766E-02,-0.996194698092,0.));
#6065 = PCURVE('',#3335,#6066);
#6066 = DEFINITIONAL_REPRESENTATION('',(#6067),#6071);
#6067 = LINE('',#6068,#6069);
#6068 = CARTESIAN_POINT('',(4.,0.));
#6069 = VECTOR('',#6070,1.);
#6070 = DIRECTION('',(0.,1.));
#6071 = ( GEOMETRIC_REPRESENTATION_CONTEXT(2) 
PARAMETRIC_REPRESENTATION_CONTEXT() REPRESENTATION_CONTEXT('2D SPACE',''
  ) );
#6072 = PCURVE('',#6073,#6078);
#6073 = PLANE('',#6074);
#6074 = AXIS2_PLACEMENT_3D('',#6075,#6076,#6077);
#6075 = CARTESIAN_POINT('',(-17.27634832432,3.926671546521,8.5));
#6076 = DIRECTION('',(-0.996194698092,-8.715574274766E-02,0.));
#6077 = DIRECTION('',(0.,0.,1.));
#6078 = DEFINITIONAL_REPRESENTATION('',(#6079),#6083);
#6079 = LINE('',#6080,#6081);
#6080 = CARTESIAN_POINT('',(0.,0.));
#6081 = VECTOR('',#6082,1.);
#6082 = DIRECTION('',(0.,-1.));
#6083 = ( GEOMETRIC_REPRESENTATION_CONTEXT(2) 
PARAMETRIC_REPRESENTATION_CONTEXT() REPRESENTATION_CONTEXT('2D SPACE',''
  ) );
#6084 = ADVANCED_FACE('',(#6085),#3362,.F.);
#6085 = FACE_BOUND('',#6086,.F.);
#6086 = EDGE_LOOP('',(#6087,#6088,#6089,#6112));
#6087 = ORIENTED_EDGE('',*,*,#6036,.F.);
#6088 = ORIENTED_EDGE('',*,*,#3347,.T.);
#6089 = ORIENTED_EDGE('',*,*,#6090,.T.);
#6090 = EDGE_CURVE('',#3348,#6091,#6093,.T.);
#6091 = VERTEX_POINT('',#6092);
#6092 = CARTESIAN_POINT('',(-17.27634832432,3.926671546521,26.5));
#6093 = SURFACE_CURVE('',#6094,(#6098,#6105),.PCURVE_S1.);
#6094 = LINE('',#6095,#6096);
#6095 = CARTESIAN_POINT('',(-13.29156953195,4.275294517511,26.5));
#6096 = VECTOR('',#6097,1.);
#6097 = DIRECTION('',(-0.996194698092,-8.715574274766E-02,0.));
#6098 = PCURVE('',#3362,#6099);
#6099 = DEFINITIONAL_REPRESENTATION('',(#6100),#6104);
#6100 = LINE('',#6101,#6102);
#6101 = CARTESIAN_POINT('',(18.,0.));
#6102 = VECTOR('',#6103,1.);
#6103 = DIRECTION('',(0.,1.));
#6104 = ( GEOMETRIC_REPRESENTATION_CONTEXT(2) 
PARAMETRIC_REPRESENTATION_CONTEXT() REPRESENTATION_CONTEXT('2D SPACE',''
  ) );
#6105 = PCURVE('',#3390,#6106);
#6106 = DEFINITIONAL_REPRESENTATION('',(#6107),#6111);
#6107 = LINE('',#6108,#6109);
#6108 = CARTESIAN_POINT('',(0.,0.));
#6109 = VECTOR('',#6110,1.);
#6110 = DIRECTION('',(1.,0.));
#6111 = ( GEOMETRIC_REPRESENTATION_CONTEXT(2) 
PARAMETRIC_REPRESENTATION_CONTEXT() REPRESENTATION_CONTEXT('2D SPACE',''
  ) );
#6112 = ORIENTED_EDGE('',*,*,#6113,.F.);
#6113 = EDGE_CURVE('',#6037,#6091,#6114,.T.);
#6114 = SURFACE_CURVE('',#6115,(#6119,#6126),.PCURVE_S1.);
#6115 = LINE('',#6116,#6117);
#6116 = CARTESIAN_POINT('',(-17.27634832432,3.926671546521,8.5));
#6117 = VECTOR('',#6118,1.);
#6118 = DIRECTION('',(0.,0.,1.));
#6119 = PCURVE('',#3362,#6120);
#6120 = DEFINITIONAL_REPRESENTATION('',(#6121),#6125);
#6121 = LINE('',#6122,#6123);
#6122 = CARTESIAN_POINT('',(0.,4.));
#6123 = VECTOR('',#6124,1.);
#6124 = DIRECTION('',(1.,0.));
#6125 = ( GEOMETRIC_REPRESENTATION_CONTEXT(2) 
PARAMETRIC_REPRESENTATION_CONTEXT() REPRESENTATION_CONTEXT('2D SPACE',''
  ) );
#6126 = PCURVE('',#6073,#6127);
#6127 = DEFINITIONAL_REPRESENTATION('',(#6128),#6132);
#6128 = LINE('',#6129,#6130);
#6129 = CARTESIAN_POINT('',(0.,0.));
#6130 = VECTOR('',#6131,1.);
#6131 = DIRECTION('',(1.,0.));
#6132 = ( GEOMETRIC_REPRESENTATION_CONTEXT(2) 
PARAMETRIC_REPRESENTATION_CONTEXT() REPRESENTATION_CONTEXT('2D SPACE',''
  ) );
#6133 = ADVANCED_FACE('',(#6134),#3415,.T.);
#6134 = FACE_BOUND('',#6135,.T.);
#6135 = EDGE_LOOP('',(#6136,#6137,#6138,#6161));
#6136 = ORIENTED_EDGE('',*,*,#6012,.F.);
#6137 = ORIENTED_EDGE('',*,*,#3402,.T.);
#6138 = ORIENTED_EDGE('',*,*,#6139,.T.);
#6139 = EDGE_CURVE('',#3374,#6140,#6142,.T.);
#6140 = VERTEX_POINT('',#6141);
#6141 = CARTESIAN_POINT('',(-17.18919258157,2.930476848429,26.5));
#6142 = SURFACE_CURVE('',#6143,(#6147,#6154),.PCURVE_S1.);
#6143 = LINE('',#6144,#6145);
#6144 = CARTESIAN_POINT('',(-13.2044137892,3.279099819419,26.5));
#6145 = VECTOR('',#6146,1.);
#6146 = DIRECTION('',(-0.996194698092,-8.715574274766E-02,0.));
#6147 = PCURVE('',#3415,#6148);
#6148 = DEFINITIONAL_REPRESENTATION('',(#6149),#6153);
#6149 = LINE('',#6150,#6151);
#6150 = CARTESIAN_POINT('',(18.,0.));
#6151 = VECTOR('',#6152,1.);
#6152 = DIRECTION('',(0.,1.));
#6153 = ( GEOMETRIC_REPRESENTATION_CONTEXT(2) 
PARAMETRIC_REPRESENTATION_CONTEXT() REPRESENTATION_CONTEXT('2D SPACE',''
  ) );
#6154 = PCURVE('',#3390,#6155);
#6155 = DEFINITIONAL_REPRESENTATION('',(#6156),#6160);
#6156 = LINE('',#6157,#6158);
#6157 = CARTESIAN_POINT('',(0.,1.));
#6158 = VECTOR('',#6159,1.);
#6159 = DIRECTION('',(1.,0.));
#6160 = ( GEOMETRIC_REPRESENTATION_CONTEXT(2) 
PARAMETRIC_REPRESENTATION_CONTEXT() REPRESENTATION_CONTEXT('2D SPACE',''
  ) );
#6161 = ORIENTED_EDGE('',*,*,#6162,.F.);
#6162 = EDGE_CURVE('',#6013,#6140,#6163,.T.);
#6163 = SURFACE_CURVE('',#6164,(#6168,#6175),.PCURVE_S1.);
#6164 = LINE('',#6165,#6166);
#6165 = CARTESIAN_POINT('',(-17.18919258157,2.930476848429,8.5));
#6166 = VECTOR('',#6167,1.);
#6167 = DIRECTION('',(0.,0.,1.));
#6168 = PCURVE('',#3415,#6169);
#6169 = DEFINITIONAL_REPRESENTATION('',(#6170),#6174);
#6170 = LINE('',#6171,#6172);
#6171 = CARTESIAN_POINT('',(0.,4.));
#6172 = VECTOR('',#6173,1.);
#6173 = DIRECTION('',(1.,0.));
#6174 = ( GEOMETRIC_REPRESENTATION_CONTEXT(2) 
PARAMETRIC_REPRESENTATION_CONTEXT() REPRESENTATION_CONTEXT('2D SPACE',''
  ) );
#6175 = PCURVE('',#6073,#6176);
#6176 = DEFINITIONAL_REPRESENTATION('',(#6177),#6181);
#6177 = LINE('',#6178,#6179);
#6178 = CARTESIAN_POINT('',(0.,-1.));
#6179 = VECTOR('',#6180,1.);
#6180 = DIRECTION('',(1.,0.));
#6181 = ( GEOMETRIC_REPRESENTATION_CONTEXT(2) 
PARAMETRIC_REPRESENTATION_CONTEXT() REPRESENTATION_CONTEXT('2D SPACE',''
  ) );
#6182 = ADVANCED_FACE('',(#6183),#3390,.T.);
#6183 = FACE_BOUND('',#6184,.T.);
#6184 = EDGE_LOOP('',(#6185,#6186,#6187,#6188));
#6185 = ORIENTED_EDGE('',*,*,#6139,.F.);
#6186 = ORIENTED_EDGE('',*,*,#3373,.F.);
#6187 = ORIENTED_EDGE('',*,*,#6090,.T.);
#6188 = ORIENTED_EDGE('',*,*,#6189,.T.);
#6189 = EDGE_CURVE('',#6091,#6140,#6190,.T.);
#6190 = SURFACE_CURVE('',#6191,(#6195,#6202),.PCURVE_S1.);
#6191 = LINE('',#6192,#6193);
#6192 = CARTESIAN_POINT('',(-17.27634832432,3.926671546521,26.5));
#6193 = VECTOR('',#6194,1.);
#6194 = DIRECTION('',(8.715574274766E-02,-0.996194698092,0.));
#6195 = PCURVE('',#3390,#6196);
#6196 = DEFINITIONAL_REPRESENTATION('',(#6197),#6201);
#6197 = LINE('',#6198,#6199);
#6198 = CARTESIAN_POINT('',(4.,0.));
#6199 = VECTOR('',#6200,1.);
#6200 = DIRECTION('',(0.,1.));
#6201 = ( GEOMETRIC_REPRESENTATION_CONTEXT(2) 
PARAMETRIC_REPRESENTATION_CONTEXT() REPRESENTATION_CONTEXT('2D SPACE',''
  ) );
#6202 = PCURVE('',#6073,#6203);
#6203 = DEFINITIONAL_REPRESENTATION('',(#6204),#6208);
#6204 = LINE('',#6205,#6206);
#6205 = CARTESIAN_POINT('',(18.,0.));
#6206 = VECTOR('',#6207,1.);
#6207 = DIRECTION('',(0.,-1.));
#6208 = ( GEOMETRIC_REPRESENTATION_CONTEXT(2) 
PARAMETRIC_REPRESENTATION_CONTEXT() REPRESENTATION_CONTEXT('2D SPACE',''
  ) );
#6209 = ADVANCED_FACE('',(#6210),#3447,.F.);
#6210 = FACE_BOUND('',#6211,.F.);
#6211 = EDGE_LOOP('',(#6212,#6235,#6236,#6259));
#6212 = ORIENTED_EDGE('',*,*,#6213,.F.);
#6213 = EDGE_CURVE('',#3431,#6214,#6216,.T.);
#6214 = VERTEX_POINT('',#6215);
#6215 = CARTESIAN_POINT('',(-16.3515158704,-6.056728894847,8.5));
#6216 = SURFACE_CURVE('',#6217,(#6221,#6228),.PCURVE_S1.);
#6217 = LINE('',#6218,#6219);
#6218 = CARTESIAN_POINT('',(-13.07490769324,-3.762423149442,8.5));
#6219 = VECTOR('',#6220,1.);
#6220 = DIRECTION('',(-0.819152044289,-0.573576436351,0.));
#6221 = PCURVE('',#3447,#6222);
#6222 = DEFINITIONAL_REPRESENTATION('',(#6223),#6227);
#6223 = LINE('',#6224,#6225);
#6224 = CARTESIAN_POINT('',(0.,1.));
#6225 = VECTOR('',#6226,1.);
#6226 = DIRECTION('',(1.,0.));
#6227 = ( GEOMETRIC_REPRESENTATION_CONTEXT(2) 
PARAMETRIC_REPRESENTATION_CONTEXT() REPRESENTATION_CONTEXT('2D SPACE',''
  ) );
#6228 = PCURVE('',#3527,#6229);
#6229 = DEFINITIONAL_REPRESENTATION('',(#6230),#6234);
#6230 = LINE('',#6231,#6232);
#6231 = CARTESIAN_POINT('',(0.,0.));
#6232 = VECTOR('',#6233,1.);
#6233 = DIRECTION('',(0.,1.));
#6234 = ( GEOMETRIC_REPRESENTATION_CONTEXT(2) 
PARAMETRIC_REPRESENTATION_CONTEXT() REPRESENTATION_CONTEXT('2D SPACE',''
  ) );
#6235 = ORIENTED_EDGE('',*,*,#3428,.F.);
#6236 = ORIENTED_EDGE('',*,*,#6237,.T.);
#6237 = EDGE_CURVE('',#3429,#6238,#6240,.T.);
#6238 = VERTEX_POINT('',#6239);
#6239 = CARTESIAN_POINT('',(-16.92509230675,-5.237576850558,8.5));
#6240 = SURFACE_CURVE('',#6241,(#6245,#6252),.PCURVE_S1.);
#6241 = LINE('',#6242,#6243);
#6242 = CARTESIAN_POINT('',(-13.64848412959,-2.943271105153,8.5));
#6243 = VECTOR('',#6244,1.);
#6244 = DIRECTION('',(-0.819152044289,-0.573576436351,0.));
#6245 = PCURVE('',#3447,#6246);
#6246 = DEFINITIONAL_REPRESENTATION('',(#6247),#6251);
#6247 = LINE('',#6248,#6249);
#6248 = CARTESIAN_POINT('',(0.,0.));
#6249 = VECTOR('',#6250,1.);
#6250 = DIRECTION('',(1.,0.));
#6251 = ( GEOMETRIC_REPRESENTATION_CONTEXT(2) 
PARAMETRIC_REPRESENTATION_CONTEXT() REPRESENTATION_CONTEXT('2D SPACE',''
  ) );
#6252 = PCURVE('',#3474,#6253);
#6253 = DEFINITIONAL_REPRESENTATION('',(#6254),#6258);
#6254 = LINE('',#6255,#6256);
#6255 = CARTESIAN_POINT('',(0.,0.));
#6256 = VECTOR('',#6257,1.);
#6257 = DIRECTION('',(0.,1.));
#6258 = ( GEOMETRIC_REPRESENTATION_CONTEXT(2) 
PARAMETRIC_REPRESENTATION_CONTEXT() REPRESENTATION_CONTEXT('2D SPACE',''
  ) );
#6259 = ORIENTED_EDGE('',*,*,#6260,.T.);
#6260 = EDGE_CURVE('',#6238,#6214,#6261,.T.);
#6261 = SURFACE_CURVE('',#6262,(#6266,#6273),.PCURVE_S1.);
#6262 = LINE('',#6263,#6264);
#6263 = CARTESIAN_POINT('',(-16.92509230675,-5.237576850558,8.5));
#6264 = VECTOR('',#6265,1.);
#6265 = DIRECTION('',(0.573576436351,-0.819152044289,0.));
#6266 = PCURVE('',#3447,#6267);
#6267 = DEFINITIONAL_REPRESENTATION('',(#6268),#6272);
#6268 = LINE('',#6269,#6270);
#6269 = CARTESIAN_POINT('',(4.,0.));
#6270 = VECTOR('',#6271,1.);
#6271 = DIRECTION('',(0.,1.));
#6272 = ( GEOMETRIC_REPRESENTATION_CONTEXT(2) 
PARAMETRIC_REPRESENTATION_CONTEXT() REPRESENTATION_CONTEXT('2D SPACE',''
  ) );
#6273 = PCURVE('',#6274,#6279);
#6274 = PLANE('',#6275);
#6275 = AXIS2_PLACEMENT_3D('',#6276,#6277,#6278);
#6276 = CARTESIAN_POINT('',(-16.92509230675,-5.237576850558,8.5));
#6277 = DIRECTION('',(-0.819152044289,-0.573576436351,0.));
#6278 = DIRECTION('',(0.,0.,1.));
#6279 = DEFINITIONAL_REPRESENTATION('',(#6280),#6284);
#6280 = LINE('',#6281,#6282);
#6281 = CARTESIAN_POINT('',(0.,0.));
#6282 = VECTOR('',#6283,1.);
#6283 = DIRECTION('',(0.,-1.));
#6284 = ( GEOMETRIC_REPRESENTATION_CONTEXT(2) 
PARAMETRIC_REPRESENTATION_CONTEXT() REPRESENTATION_CONTEXT('2D SPACE',''
  ) );
#6285 = ADVANCED_FACE('',(#6286),#3474,.F.);
#6286 = FACE_BOUND('',#6287,.F.);
#6287 = EDGE_LOOP('',(#6288,#6289,#6290,#6313));
#6288 = ORIENTED_EDGE('',*,*,#6237,.F.);
#6289 = ORIENTED_EDGE('',*,*,#3459,.T.);
#6290 = ORIENTED_EDGE('',*,*,#6291,.T.);
#6291 = EDGE_CURVE('',#3460,#6292,#6294,.T.);
#6292 = VERTEX_POINT('',#6293);
#6293 = CARTESIAN_POINT('',(-16.92509230675,-5.237576850558,26.5));
#6294 = SURFACE_CURVE('',#6295,(#6299,#6306),.PCURVE_S1.);
#6295 = LINE('',#6296,#6297);
#6296 = CARTESIAN_POINT('',(-13.64848412959,-2.943271105153,26.5));
#6297 = VECTOR('',#6298,1.);
#6298 = DIRECTION('',(-0.819152044289,-0.573576436351,0.));
#6299 = PCURVE('',#3474,#6300);
#6300 = DEFINITIONAL_REPRESENTATION('',(#6301),#6305);
#6301 = LINE('',#6302,#6303);
#6302 = CARTESIAN_POINT('',(18.,0.));
#6303 = VECTOR('',#6304,1.);
#6304 = DIRECTION('',(0.,1.));
#6305 = ( GEOMETRIC_REPRESENTATION_CONTEXT(2) 
PARAMETRIC_REPRESENTATION_CONTEXT() REPRESENTATION_CONTEXT('2D SPACE',''
  ) );
#6306 = PCURVE('',#3502,#6307);
#6307 = DEFINITIONAL_REPRESENTATION('',(#6308),#6312);
#6308 = LINE('',#6309,#6310);
#6309 = CARTESIAN_POINT('',(0.,0.));
#6310 = VECTOR('',#6311,1.);
#6311 = DIRECTION('',(1.,0.));
#6312 = ( GEOMETRIC_REPRESENTATION_CONTEXT(2) 
PARAMETRIC_REPRESENTATION_CONTEXT() REPRESENTATION_CONTEXT('2D SPACE',''
  ) );
#6313 = ORIENTED_EDGE('',*,*,#6314,.F.);
#6314 = EDGE_CURVE('',#6238,#6292,#6315,.T.);
#6315 = SURFACE_CURVE('',#6316,(#6320,#6327),.PCURVE_S1.);
#6316 = LINE('',#6317,#6318);
#6317 = CARTESIAN_POINT('',(-16.92509230675,-5.237576850558,8.5));
#6318 = VECTOR('',#6319,1.);
#6319 = DIRECTION('',(0.,0.,1.));
#6320 = PCURVE('',#3474,#6321);
#6321 = DEFINITIONAL_REPRESENTATION('',(#6322),#6326);
#6322 = LINE('',#6323,#6324);
#6323 = CARTESIAN_POINT('',(0.,4.));
#6324 = VECTOR('',#6325,1.);
#6325 = DIRECTION('',(1.,0.));
#6326 = ( GEOMETRIC_REPRESENTATION_CONTEXT(2) 
PARAMETRIC_REPRESENTATION_CONTEXT() REPRESENTATION_CONTEXT('2D SPACE',''
  ) );
#6327 = PCURVE('',#6274,#6328);
#6328 = DEFINITIONAL_REPRESENTATION('',(#6329),#6333);
#6329 = LINE('',#6330,#6331);
#6330 = CARTESIAN_POINT('',(0.,0.));
#6331 = VECTOR('',#6332,1.);
#6332 = DIRECTION('',(1.,0.));
#6333 = ( GEOMETRIC_REPRESENTATION_CONTEXT(2) 
PARAMETRIC_REPRESENTATION_CONTEXT() REPRESENTATION_CONTEXT('2D SPACE',''
  ) );
#6334 = ADVANCED_FACE('',(#6335),#3527,.T.);
#6335 = FACE_BOUND('',#6336,.T.);
#6336 = EDGE_LOOP('',(#6337,#6338,#6339,#6362));
#6337 = ORIENTED_EDGE('',*,*,#6213,.F.);
#6338 = ORIENTED_EDGE('',*,*,#3514,.T.);
#6339 = ORIENTED_EDGE('',*,*,#6340,.T.);
#6340 = EDGE_CURVE('',#3486,#6341,#6343,.T.);
#6341 = VERTEX_POINT('',#6342);
#6342 = CARTESIAN_POINT('',(-16.3515158704,-6.056728894847,26.5));
#6343 = SURFACE_CURVE('',#6344,(#6348,#6355),.PCURVE_S1.);
#6344 = LINE('',#6345,#6346);
#6345 = CARTESIAN_POINT('',(-13.07490769324,-3.762423149442,26.5));
#6346 = VECTOR('',#6347,1.);
#6347 = DIRECTION('',(-0.819152044289,-0.573576436351,0.));
#6348 = PCURVE('',#3527,#6349);
#6349 = DEFINITIONAL_REPRESENTATION('',(#6350),#6354);
#6350 = LINE('',#6351,#6352);
#6351 = CARTESIAN_POINT('',(18.,0.));
#6352 = VECTOR('',#6353,1.);
#6353 = DIRECTION('',(0.,1.));
#6354 = ( GEOMETRIC_REPRESENTATION_CONTEXT(2) 
PARAMETRIC_REPRESENTATION_CONTEXT() REPRESENTATION_CONTEXT('2D SPACE',''
  ) );
#6355 = PCURVE('',#3502,#6356);
#6356 = DEFINITIONAL_REPRESENTATION('',(#6357),#6361);
#6357 = LINE('',#6358,#6359);
#6358 = CARTESIAN_POINT('',(0.,1.));
#6359 = VECTOR('',#6360,1.);
#6360 = DIRECTION('',(1.,0.));
#6361 = ( GEOMETRIC_REPRESENTATION_CONTEXT(2) 
PARAMETRIC_REPRESENTATION_CONTEXT() REPRESENTATION_CONTEXT('2D SPACE',''
  ) );
#6362 = ORIENTED_EDGE('',*,*,#6363,.F.);
#6363 = EDGE_CURVE('',#6214,#6341,#6364,.T.);
#6364 = SURFACE_CURVE('',#6365,(#6369,#6376),.PCURVE_S1.);
#6365 = LINE('',#6366,#6367);
#6366 = CARTESIAN_POINT('',(-16.3515158704,-6.056728894847,8.5));
#6367 = VECTOR('',#6368,1.);
#6368 = DIRECTION('',(0.,0.,1.));
#6369 = PCURVE('',#3527,#6370);
#6370 = DEFINITIONAL_REPRESENTATION('',(#6371),#6375);
#6371 = LINE('',#6372,#6373);
#6372 = CARTESIAN_POINT('',(0.,4.));
#6373 = VECTOR('',#6374,1.);
#6374 = DIRECTION('',(1.,0.));
#6375 = ( GEOMETRIC_REPRESENTATION_CONTEXT(2) 
PARAMETRIC_REPRESENTATION_CONTEXT() REPRESENTATION_CONTEXT('2D SPACE',''
  ) );
#6376 = PCURVE('',#6274,#6377);
#6377 = DEFINITIONAL_REPRESENTATION('',(#6378),#6382);
#6378 = LINE('',#6379,#6380);
#6379 = CARTESIAN_POINT('',(0.,-1.));
#6380 = VECTOR('',#6381,1.);
#6381 = DIRECTION('',(1.,0.));
#6382 = ( GEOMETRIC_REPRESENTATION_CONTEXT(2) 
PARAMETRIC_REPRESENTATION_CONTEXT() REPRESENTATION_CONTEXT('2D SPACE',''
  ) );
#6383 = ADVANCED_FACE('',(#6384),#3502,.T.);
#6384 = FACE_BOUND('',#6385,.T.);
#6385 = EDGE_LOOP('',(#6386,#6387,#6388,#6389));
#6386 = ORIENTED_EDGE('',*,*,#6340,.F.);
#6387 = ORIENTED_EDGE('',*,*,#3485,.F.);
#6388 = ORIENTED_EDGE('',*,*,#6291,.T.);
#6389 = ORIENTED_EDGE('',*,*,#6390,.T.);
#6390 = EDGE_CURVE('',#6292,#6341,#6391,.T.);
#6391 = SURFACE_CURVE('',#6392,(#6396,#6403),.PCURVE_S1.);
#6392 = LINE('',#6393,#6394);
#6393 = CARTESIAN_POINT('',(-16.92509230675,-5.237576850558,26.5));
#6394 = VECTOR('',#6395,1.);
#6395 = DIRECTION('',(0.573576436351,-0.819152044289,0.));
#6396 = PCURVE('',#3502,#6397);
#6397 = DEFINITIONAL_REPRESENTATION('',(#6398),#6402);
#6398 = LINE('',#6399,#6400);
#6399 = CARTESIAN_POINT('',(4.,0.));
#6400 = VECTOR('',#6401,1.);
#6401 = DIRECTION('',(0.,1.));
#6402 = ( GEOMETRIC_REPRESENTATION_CONTEXT(2) 
PARAMETRIC_REPRESENTATION_CONTEXT() REPRESENTATION_CONTEXT('2D SPACE',''
  ) );
#6403 = PCURVE('',#6274,#6404);
#6404 = DEFINITIONAL_REPRESENTATION('',(#6405),#6409);
#6405 = LINE('',#6406,#6407);
#6406 = CARTESIAN_POINT('',(18.,0.));
#6407 = VECTOR('',#6408,1.);
#6408 = DIRECTION('',(0.,-1.));
#6409 = ( GEOMETRIC_REPRESENTATION_CONTEXT(2) 
PARAMETRIC_REPRESENTATION_CONTEXT() REPRESENTATION_CONTEXT('2D SPACE',''
  ) );
#6410 = ADVANCED_FACE('',(#6411),#3559,.F.);
#6411 = FACE_BOUND('',#6412,.F.);
#6412 = EDGE_LOOP('',(#6413,#6436,#6437,#6460));
#6413 = ORIENTED_EDGE('',*,*,#6414,.F.);
#6414 = EDGE_CURVE('',#3543,#6415,#6417,.T.);
#6415 = VERTEX_POINT('',#6416);
#6416 = CARTESIAN_POINT('',(-11.13246368673,-13.42103902197,8.5));
#6417 = SURFACE_CURVE('',#6418,(#6422,#6429),.PCURVE_S1.);
#6418 = LINE('',#6419,#6420);
#6419 = CARTESIAN_POINT('',(-9.441990639767,-9.795807873827,8.5));
#6420 = VECTOR('',#6421,1.);
#6421 = DIRECTION('',(-0.422618261741,-0.906307787037,0.));
#6422 = PCURVE('',#3559,#6423);
#6423 = DEFINITIONAL_REPRESENTATION('',(#6424),#6428);
#6424 = LINE('',#6425,#6426);
#6425 = CARTESIAN_POINT('',(0.,1.));
#6426 = VECTOR('',#6427,1.);
#6427 = DIRECTION('',(1.,0.));
#6428 = ( GEOMETRIC_REPRESENTATION_CONTEXT(2) 
PARAMETRIC_REPRESENTATION_CONTEXT() REPRESENTATION_CONTEXT('2D SPACE',''
  ) );
#6429 = PCURVE('',#3639,#6430);
#6430 = DEFINITIONAL_REPRESENTATION('',(#6431),#6435);
#6431 = LINE('',#6432,#6433);
#6432 = CARTESIAN_POINT('',(0.,0.));
#6433 = VECTOR('',#6434,1.);
#6434 = DIRECTION('',(0.,1.));
#6435 = ( GEOMETRIC_REPRESENTATION_CONTEXT(2) 
PARAMETRIC_REPRESENTATION_CONTEXT() REPRESENTATION_CONTEXT('2D SPACE',''
  ) );
#6436 = ORIENTED_EDGE('',*,*,#3540,.F.);
#6437 = ORIENTED_EDGE('',*,*,#6438,.T.);
#6438 = EDGE_CURVE('',#3541,#6439,#6441,.T.);
#6439 = VERTEX_POINT('',#6440);
#6440 = CARTESIAN_POINT('',(-12.03877147376,-12.99842076023,8.5));
#6441 = SURFACE_CURVE('',#6442,(#6446,#6453),.PCURVE_S1.);
#6442 = LINE('',#6443,#6444);
#6443 = CARTESIAN_POINT('',(-10.3482984268,-9.373189612086,8.5));
#6444 = VECTOR('',#6445,1.);
#6445 = DIRECTION('',(-0.422618261741,-0.906307787037,0.));
#6446 = PCURVE('',#3559,#6447);
#6447 = DEFINITIONAL_REPRESENTATION('',(#6448),#6452);
#6448 = LINE('',#6449,#6450);
#6449 = CARTESIAN_POINT('',(0.,0.));
#6450 = VECTOR('',#6451,1.);
#6451 = DIRECTION('',(1.,0.));
#6452 = ( GEOMETRIC_REPRESENTATION_CONTEXT(2) 
PARAMETRIC_REPRESENTATION_CONTEXT() REPRESENTATION_CONTEXT('2D SPACE',''
  ) );
#6453 = PCURVE('',#3586,#6454);
#6454 = DEFINITIONAL_REPRESENTATION('',(#6455),#6459);
#6455 = LINE('',#6456,#6457);
#6456 = CARTESIAN_POINT('',(0.,0.));
#6457 = VECTOR('',#6458,1.);
#6458 = DIRECTION('',(0.,1.));
#6459 = ( GEOMETRIC_REPRESENTATION_CONTEXT(2) 
PARAMETRIC_REPRESENTATION_CONTEXT() REPRESENTATION_CONTEXT('2D SPACE',''
  ) );
#6460 = ORIENTED_EDGE('',*,*,#6461,.T.);
#6461 = EDGE_CURVE('',#6439,#6415,#6462,.T.);
#6462 = SURFACE_CURVE('',#6463,(#6467,#6474),.PCURVE_S1.);
#6463 = LINE('',#6464,#6465);
#6464 = CARTESIAN_POINT('',(-12.03877147376,-12.99842076023,8.5));
#6465 = VECTOR('',#6466,1.);
#6466 = DIRECTION('',(0.906307787037,-0.422618261741,0.));
#6467 = PCURVE('',#3559,#6468);
#6468 = DEFINITIONAL_REPRESENTATION('',(#6469),#6473);
#6469 = LINE('',#6470,#6471);
#6470 = CARTESIAN_POINT('',(4.,0.));
#6471 = VECTOR('',#6472,1.);
#6472 = DIRECTION('',(0.,1.));
#6473 = ( GEOMETRIC_REPRESENTATION_CONTEXT(2) 
PARAMETRIC_REPRESENTATION_CONTEXT() REPRESENTATION_CONTEXT('2D SPACE',''
  ) );
#6474 = PCURVE('',#6475,#6480);
#6475 = PLANE('',#6476);
#6476 = AXIS2_PLACEMENT_3D('',#6477,#6478,#6479);
#6477 = CARTESIAN_POINT('',(-12.03877147376,-12.99842076023,8.5));
#6478 = DIRECTION('',(-0.422618261741,-0.906307787037,0.));
#6479 = DIRECTION('',(0.,0.,1.));
#6480 = DEFINITIONAL_REPRESENTATION('',(#6481),#6485);
#6481 = LINE('',#6482,#6483);
#6482 = CARTESIAN_POINT('',(0.,0.));
#6483 = VECTOR('',#6484,1.);
#6484 = DIRECTION('',(0.,-1.));
#6485 = ( GEOMETRIC_REPRESENTATION_CONTEXT(2) 
PARAMETRIC_REPRESENTATION_CONTEXT() REPRESENTATION_CONTEXT('2D SPACE',''
  ) );
#6486 = ADVANCED_FACE('',(#6487),#3586,.F.);
#6487 = FACE_BOUND('',#6488,.F.);
#6488 = EDGE_LOOP('',(#6489,#6490,#6491,#6514));
#6489 = ORIENTED_EDGE('',*,*,#6438,.F.);
#6490 = ORIENTED_EDGE('',*,*,#3571,.T.);
#6491 = ORIENTED_EDGE('',*,*,#6492,.T.);
#6492 = EDGE_CURVE('',#3572,#6493,#6495,.T.);
#6493 = VERTEX_POINT('',#6494);
#6494 = CARTESIAN_POINT('',(-12.03877147376,-12.99842076023,26.5));
#6495 = SURFACE_CURVE('',#6496,(#6500,#6507),.PCURVE_S1.);
#6496 = LINE('',#6497,#6498);
#6497 = CARTESIAN_POINT('',(-10.3482984268,-9.373189612086,26.5));
#6498 = VECTOR('',#6499,1.);
#6499 = DIRECTION('',(-0.422618261741,-0.906307787037,0.));
#6500 = PCURVE('',#3586,#6501);
#6501 = DEFINITIONAL_REPRESENTATION('',(#6502),#6506);
#6502 = LINE('',#6503,#6504);
#6503 = CARTESIAN_POINT('',(18.,0.));
#6504 = VECTOR('',#6505,1.);
#6505 = DIRECTION('',(0.,1.));
#6506 = ( GEOMETRIC_REPRESENTATION_CONTEXT(2) 
PARAMETRIC_REPRESENTATION_CONTEXT() REPRESENTATION_CONTEXT('2D SPACE',''
  ) );
#6507 = PCURVE('',#3614,#6508);
#6508 = DEFINITIONAL_REPRESENTATION('',(#6509),#6513);
#6509 = LINE('',#6510,#6511);
#6510 = CARTESIAN_POINT('',(0.,0.));
#6511 = VECTOR('',#6512,1.);
#6512 = DIRECTION('',(1.,0.));
#6513 = ( GEOMETRIC_REPRESENTATION_CONTEXT(2) 
PARAMETRIC_REPRESENTATION_CONTEXT() REPRESENTATION_CONTEXT('2D SPACE',''
  ) );
#6514 = ORIENTED_EDGE('',*,*,#6515,.F.);
#6515 = EDGE_CURVE('',#6439,#6493,#6516,.T.);
#6516 = SURFACE_CURVE('',#6517,(#6521,#6528),.PCURVE_S1.);
#6517 = LINE('',#6518,#6519);
#6518 = CARTESIAN_POINT('',(-12.03877147376,-12.99842076023,8.5));
#6519 = VECTOR('',#6520,1.);
#6520 = DIRECTION('',(0.,0.,1.));
#6521 = PCURVE('',#3586,#6522);
#6522 = DEFINITIONAL_REPRESENTATION('',(#6523),#6527);
#6523 = LINE('',#6524,#6525);
#6524 = CARTESIAN_POINT('',(0.,4.));
#6525 = VECTOR('',#6526,1.);
#6526 = DIRECTION('',(1.,0.));
#6527 = ( GEOMETRIC_REPRESENTATION_CONTEXT(2) 
PARAMETRIC_REPRESENTATION_CONTEXT() REPRESENTATION_CONTEXT('2D SPACE',''
  ) );
#6528 = PCURVE('',#6475,#6529);
#6529 = DEFINITIONAL_REPRESENTATION('',(#6530),#6534);
#6530 = LINE('',#6531,#6532);
#6531 = CARTESIAN_POINT('',(0.,0.));
#6532 = VECTOR('',#6533,1.);
#6533 = DIRECTION('',(1.,0.));
#6534 = ( GEOMETRIC_REPRESENTATION_CONTEXT(2) 
PARAMETRIC_REPRESENTATION_CONTEXT() REPRESENTATION_CONTEXT('2D SPACE',''
  ) );
#6535 = ADVANCED_FACE('',(#6536),#3639,.T.);
#6536 = FACE_BOUND('',#6537,.T.);
#6537 = EDGE_LOOP('',(#6538,#6539,#6540,#6563));
#6538 = ORIENTED_EDGE('',*,*,#6414,.F.);
#6539 = ORIENTED_EDGE('',*,*,#3626,.T.);
#6540 = ORIENTED_EDGE('',*,*,#6541,.T.);
#6541 = EDGE_CURVE('',#3598,#6542,#6544,.T.);
#6542 = VERTEX_POINT('',#6543);
#6543 = CARTESIAN_POINT('',(-11.13246368673,-13.42103902197,26.5));
#6544 = SURFACE_CURVE('',#6545,(#6549,#6556),.PCURVE_S1.);
#6545 = LINE('',#6546,#6547);
#6546 = CARTESIAN_POINT('',(-9.441990639767,-9.795807873827,26.5));
#6547 = VECTOR('',#6548,1.);
#6548 = DIRECTION('',(-0.422618261741,-0.906307787037,0.));
#6549 = PCURVE('',#3639,#6550);
#6550 = DEFINITIONAL_REPRESENTATION('',(#6551),#6555);
#6551 = LINE('',#6552,#6553);
#6552 = CARTESIAN_POINT('',(18.,0.));
#6553 = VECTOR('',#6554,1.);
#6554 = DIRECTION('',(0.,1.));
#6555 = ( GEOMETRIC_REPRESENTATION_CONTEXT(2) 
PARAMETRIC_REPRESENTATION_CONTEXT() REPRESENTATION_CONTEXT('2D SPACE',''
  ) );
#6556 = PCURVE('',#3614,#6557);
#6557 = DEFINITIONAL_REPRESENTATION('',(#6558),#6562);
#6558 = LINE('',#6559,#6560);
#6559 = CARTESIAN_POINT('',(0.,1.));
#6560 = VECTOR('',#6561,1.);
#6561 = DIRECTION('',(1.,0.));
#6562 = ( GEOMETRIC_REPRESENTATION_CONTEXT(2) 
PARAMETRIC_REPRESENTATION_CONTEXT() REPRESENTATION_CONTEXT('2D SPACE',''
  ) );
#6563 = ORIENTED_EDGE('',*,*,#6564,.F.);
#6564 = EDGE_CURVE('',#6415,#6542,#6565,.T.);
#6565 = SURFACE_CURVE('',#6566,(#6570,#6577),.PCURVE_S1.);
#6566 = LINE('',#6567,#6568);
#6567 = CARTESIAN_POINT('',(-11.13246368673,-13.42103902197,8.5));
#6568 = VECTOR('',#6569,1.);
#6569 = DIRECTION('',(0.,0.,1.));
#6570 = PCURVE('',#3639,#6571);
#6571 = DEFINITIONAL_REPRESENTATION('',(#6572),#6576);
#6572 = LINE('',#6573,#6574);
#6573 = CARTESIAN_POINT('',(0.,4.));
#6574 = VECTOR('',#6575,1.);
#6575 = DIRECTION('',(1.,0.));
#6576 = ( GEOMETRIC_REPRESENTATION_CONTEXT(2) 
PARAMETRIC_REPRESENTATION_CONTEXT() REPRESENTATION_CONTEXT('2D SPACE',''
  ) );
#6577 = PCURVE('',#6475,#6578);
#6578 = DEFINITIONAL_REPRESENTATION('',(#6579),#6583);
#6579 = LINE('',#6580,#6581);
#6580 = CARTESIAN_POINT('',(0.,-1.));
#6581 = VECTOR('',#6582,1.);
#6582 = DIRECTION('',(1.,0.));
#6583 = ( GEOMETRIC_REPRESENTATION_CONTEXT(2) 
PARAMETRIC_REPRESENTATION_CONTEXT() REPRESENTATION_CONTEXT('2D SPACE',''
  ) );
#6584 = ADVANCED_FACE('',(#6585),#3614,.T.);
#6585 = FACE_BOUND('',#6586,.T.);
#6586 = EDGE_LOOP('',(#6587,#6588,#6589,#6590));
#6587 = ORIENTED_EDGE('',*,*,#6541,.F.);
#6588 = ORIENTED_EDGE('',*,*,#3597,.F.);
#6589 = ORIENTED_EDGE('',*,*,#6492,.T.);
#6590 = ORIENTED_EDGE('',*,*,#6591,.T.);
#6591 = EDGE_CURVE('',#6493,#6542,#6592,.T.);
#6592 = SURFACE_CURVE('',#6593,(#6597,#6604),.PCURVE_S1.);
#6593 = LINE('',#6594,#6595);
#6594 = CARTESIAN_POINT('',(-12.03877147376,-12.99842076023,26.5));
#6595 = VECTOR('',#6596,1.);
#6596 = DIRECTION('',(0.906307787037,-0.422618261741,0.));
#6597 = PCURVE('',#3614,#6598);
#6598 = DEFINITIONAL_REPRESENTATION('',(#6599),#6603);
#6599 = LINE('',#6600,#6601);
#6600 = CARTESIAN_POINT('',(4.,0.));
#6601 = VECTOR('',#6602,1.);
#6602 = DIRECTION('',(0.,1.));
#6603 = ( GEOMETRIC_REPRESENTATION_CONTEXT(2) 
PARAMETRIC_REPRESENTATION_CONTEXT() REPRESENTATION_CONTEXT('2D SPACE',''
  ) );
#6604 = PCURVE('',#6475,#6605);
#6605 = DEFINITIONAL_REPRESENTATION('',(#6606),#6610);
#6606 = LINE('',#6607,#6608);
#6607 = CARTESIAN_POINT('',(18.,0.));
#6608 = VECTOR('',#6609,1.);
#6609 = DIRECTION('',(0.,-1.));
#6610 = ( GEOMETRIC_REPRESENTATION_CONTEXT(2) 
PARAMETRIC_REPRESENTATION_CONTEXT() REPRESENTATION_CONTEXT('2D SPACE',''
  ) );
#6611 = ADVANCED_FACE('',(#6612),#3671,.F.);
#6612 = FACE_BOUND('',#6613,.F.);
#6613 = EDGE_LOOP('',(#6614,#6637,#6638,#6661));
#6614 = ORIENTED_EDGE('',*,*,#6615,.F.);
#6615 = EDGE_CURVE('',#3655,#6616,#6618,.T.);
#6616 = VERTEX_POINT('',#6617);
#6617 = CARTESIAN_POINT('',(-2.930476848429,-17.18919258157,8.5));
#6618 = SURFACE_CURVE('',#6619,(#6623,#6630),.PCURVE_S1.);
#6619 = LINE('',#6620,#6621);
#6620 = CARTESIAN_POINT('',(-3.279099819419,-13.2044137892,8.5));
#6621 = VECTOR('',#6622,1.);
#6622 = DIRECTION('',(8.715574274766E-02,-0.996194698092,0.));
#6623 = PCURVE('',#3671,#6624);
#6624 = DEFINITIONAL_REPRESENTATION('',(#6625),#6629);
#6625 = LINE('',#6626,#6627);
#6626 = CARTESIAN_POINT('',(0.,1.));
#6627 = VECTOR('',#6628,1.);
#6628 = DIRECTION('',(1.,0.));
#6629 = ( GEOMETRIC_REPRESENTATION_CONTEXT(2) 
PARAMETRIC_REPRESENTATION_CONTEXT() REPRESENTATION_CONTEXT('2D SPACE',''
  ) );
#6630 = PCURVE('',#3751,#6631);
#6631 = DEFINITIONAL_REPRESENTATION('',(#6632),#6636);
#6632 = LINE('',#6633,#6634);
#6633 = CARTESIAN_POINT('',(0.,0.));
#6634 = VECTOR('',#6635,1.);
#6635 = DIRECTION('',(0.,1.));
#6636 = ( GEOMETRIC_REPRESENTATION_CONTEXT(2) 
PARAMETRIC_REPRESENTATION_CONTEXT() REPRESENTATION_CONTEXT('2D SPACE',''
  ) );
#6637 = ORIENTED_EDGE('',*,*,#3652,.F.);
#6638 = ORIENTED_EDGE('',*,*,#6639,.T.);
#6639 = EDGE_CURVE('',#3653,#6640,#6642,.T.);
#6640 = VERTEX_POINT('',#6641);
#6641 = CARTESIAN_POINT('',(-3.926671546521,-17.27634832432,8.5));
#6642 = SURFACE_CURVE('',#6643,(#6647,#6654),.PCURVE_S1.);
#6643 = LINE('',#6644,#6645);
#6644 = CARTESIAN_POINT('',(-4.275294517511,-13.29156953195,8.5));
#6645 = VECTOR('',#6646,1.);
#6646 = DIRECTION('',(8.715574274766E-02,-0.996194698092,0.));
#6647 = PCURVE('',#3671,#6648);
#6648 = DEFINITIONAL_REPRESENTATION('',(#6649),#6653);
#6649 = LINE('',#6650,#6651);
#6650 = CARTESIAN_POINT('',(0.,0.));
#6651 = VECTOR('',#6652,1.);
#6652 = DIRECTION('',(1.,0.));
#6653 = ( GEOMETRIC_REPRESENTATION_CONTEXT(2) 
PARAMETRIC_REPRESENTATION_CONTEXT() REPRESENTATION_CONTEXT('2D SPACE',''
  ) );
#6654 = PCURVE('',#3698,#6655);
#6655 = DEFINITIONAL_REPRESENTATION('',(#6656),#6660);
#6656 = LINE('',#6657,#6658);
#6657 = CARTESIAN_POINT('',(0.,0.));
#6658 = VECTOR('',#6659,1.);
#6659 = DIRECTION('',(0.,1.));
#6660 = ( GEOMETRIC_REPRESENTATION_CONTEXT(2) 
PARAMETRIC_REPRESENTATION_CONTEXT() REPRESENTATION_CONTEXT('2D SPACE',''
  ) );
#6661 = ORIENTED_EDGE('',*,*,#6662,.T.);
#6662 = EDGE_CURVE('',#6640,#6616,#6663,.T.);
#6663 = SURFACE_CURVE('',#6664,(#6668,#6675),.PCURVE_S1.);
#6664 = LINE('',#6665,#6666);
#6665 = CARTESIAN_POINT('',(-3.926671546521,-17.27634832432,8.5));
#6666 = VECTOR('',#6667,1.);
#6667 = DIRECTION('',(0.996194698092,8.715574274766E-02,0.));
#6668 = PCURVE('',#3671,#6669);
#6669 = DEFINITIONAL_REPRESENTATION('',(#6670),#6674);
#6670 = LINE('',#6671,#6672);
#6671 = CARTESIAN_POINT('',(4.,0.));
#6672 = VECTOR('',#6673,1.);
#6673 = DIRECTION('',(0.,1.));
#6674 = ( GEOMETRIC_REPRESENTATION_CONTEXT(2) 
PARAMETRIC_REPRESENTATION_CONTEXT() REPRESENTATION_CONTEXT('2D SPACE',''
  ) );
#6675 = PCURVE('',#6676,#6681);
#6676 = PLANE('',#6677);
#6677 = AXIS2_PLACEMENT_3D('',#6678,#6679,#6680);
#6678 = CARTESIAN_POINT('',(-3.926671546521,-17.27634832432,8.5));
#6679 = DIRECTION('',(8.715574274766E-02,-0.996194698092,0.));
#6680 = DIRECTION('',(0.,0.,1.));
#6681 = DEFINITIONAL_REPRESENTATION('',(#6682),#6686);
#6682 = LINE('',#6683,#6684);
#6683 = CARTESIAN_POINT('',(0.,0.));
#6684 = VECTOR('',#6685,1.);
#6685 = DIRECTION('',(0.,-1.));
#6686 = ( GEOMETRIC_REPRESENTATION_CONTEXT(2) 
PARAMETRIC_REPRESENTATION_CONTEXT() REPRESENTATION_CONTEXT('2D SPACE',''
  ) );
#6687 = ADVANCED_FACE('',(#6688),#3698,.F.);
#6688 = FACE_BOUND('',#6689,.F.);
#6689 = EDGE_LOOP('',(#6690,#6691,#6692,#6715));
#6690 = ORIENTED_EDGE('',*,*,#6639,.F.);
#6691 = ORIENTED_EDGE('',*,*,#3683,.T.);
#6692 = ORIENTED_EDGE('',*,*,#6693,.T.);
#6693 = EDGE_CURVE('',#3684,#6694,#6696,.T.);
#6694 = VERTEX_POINT('',#6695);
#6695 = CARTESIAN_POINT('',(-3.926671546521,-17.27634832432,26.5));
#6696 = SURFACE_CURVE('',#6697,(#6701,#6708),.PCURVE_S1.);
#6697 = LINE('',#6698,#6699);
#6698 = CARTESIAN_POINT('',(-4.275294517511,-13.29156953195,26.5));
#6699 = VECTOR('',#6700,1.);
#6700 = DIRECTION('',(8.715574274766E-02,-0.996194698092,0.));
#6701 = PCURVE('',#3698,#6702);
#6702 = DEFINITIONAL_REPRESENTATION('',(#6703),#6707);
#6703 = LINE('',#6704,#6705);
#6704 = CARTESIAN_POINT('',(18.,0.));
#6705 = VECTOR('',#6706,1.);
#6706 = DIRECTION('',(0.,1.));
#6707 = ( GEOMETRIC_REPRESENTATION_CONTEXT(2) 
PARAMETRIC_REPRESENTATION_CONTEXT() REPRESENTATION_CONTEXT('2D SPACE',''
  ) );
#6708 = PCURVE('',#3726,#6709);
#6709 = DEFINITIONAL_REPRESENTATION('',(#6710),#6714);
#6710 = LINE('',#6711,#6712);
#6711 = CARTESIAN_POINT('',(0.,0.));
#6712 = VECTOR('',#6713,1.);
#6713 = DIRECTION('',(1.,0.));
#6714 = ( GEOMETRIC_REPRESENTATION_CONTEXT(2) 
PARAMETRIC_REPRESENTATION_CONTEXT() REPRESENTATION_CONTEXT('2D SPACE',''
  ) );
#6715 = ORIENTED_EDGE('',*,*,#6716,.F.);
#6716 = EDGE_CURVE('',#6640,#6694,#6717,.T.);
#6717 = SURFACE_CURVE('',#6718,(#6722,#6729),.PCURVE_S1.);
#6718 = LINE('',#6719,#6720);
#6719 = CARTESIAN_POINT('',(-3.926671546521,-17.27634832432,8.5));
#6720 = VECTOR('',#6721,1.);
#6721 = DIRECTION('',(0.,0.,1.));
#6722 = PCURVE('',#3698,#6723);
#6723 = DEFINITIONAL_REPRESENTATION('',(#6724),#6728);
#6724 = LINE('',#6725,#6726);
#6725 = CARTESIAN_POINT('',(0.,4.));
#6726 = VECTOR('',#6727,1.);
#6727 = DIRECTION('',(1.,0.));
#6728 = ( GEOMETRIC_REPRESENTATION_CONTEXT(2) 
PARAMETRIC_REPRESENTATION_CONTEXT() REPRESENTATION_CONTEXT('2D SPACE',''
  ) );
#6729 = PCURVE('',#6676,#6730);
#6730 = DEFINITIONAL_REPRESENTATION('',(#6731),#6735);
#6731 = LINE('',#6732,#6733);
#6732 = CARTESIAN_POINT('',(0.,0.));
#6733 = VECTOR('',#6734,1.);
#6734 = DIRECTION('',(1.,0.));
#6735 = ( GEOMETRIC_REPRESENTATION_CONTEXT(2) 
PARAMETRIC_REPRESENTATION_CONTEXT() REPRESENTATION_CONTEXT('2D SPACE',''
  ) );
#6736 = ADVANCED_FACE('',(#6737),#3751,.T.);
#6737 = FACE_BOUND('',#6738,.T.);
#6738 = EDGE_LOOP('',(#6739,#6740,#6741,#6764));
#6739 = ORIENTED_EDGE('',*,*,#6615,.F.);
#6740 = ORIENTED_EDGE('',*,*,#3738,.T.);
#6741 = ORIENTED_EDGE('',*,*,#6742,.T.);
#6742 = EDGE_CURVE('',#3710,#6743,#6745,.T.);
#6743 = VERTEX_POINT('',#6744);
#6744 = CARTESIAN_POINT('',(-2.930476848429,-17.18919258157,26.5));
#6745 = SURFACE_CURVE('',#6746,(#6750,#6757),.PCURVE_S1.);
#6746 = LINE('',#6747,#6748);
#6747 = CARTESIAN_POINT('',(-3.279099819419,-13.2044137892,26.5));
#6748 = VECTOR('',#6749,1.);
#6749 = DIRECTION('',(8.715574274766E-02,-0.996194698092,0.));
#6750 = PCURVE('',#3751,#6751);
#6751 = DEFINITIONAL_REPRESENTATION('',(#6752),#6756);
#6752 = LINE('',#6753,#6754);
#6753 = CARTESIAN_POINT('',(18.,0.));
#6754 = VECTOR('',#6755,1.);
#6755 = DIRECTION('',(0.,1.));
#6756 = ( GEOMETRIC_REPRESENTATION_CONTEXT(2) 
PARAMETRIC_REPRESENTATION_CONTEXT() REPRESENTATION_CONTEXT('2D SPACE',''
  ) );
#6757 = PCURVE('',#3726,#6758);
#6758 = DEFINITIONAL_REPRESENTATION('',(#6759),#6763);
#6759 = LINE('',#6760,#6761);
#6760 = CARTESIAN_POINT('',(0.,1.));
#6761 = VECTOR('',#6762,1.);
#6762 = DIRECTION('',(1.,0.));
#6763 = ( GEOMETRIC_REPRESENTATION_CONTEXT(2) 
PARAMETRIC_REPRESENTATION_CONTEXT() REPRESENTATION_CONTEXT('2D SPACE',''
  ) );
#6764 = ORIENTED_EDGE('',*,*,#6765,.F.);
#6765 = EDGE_CURVE('',#6616,#6743,#6766,.T.);
#6766 = SURFACE_CURVE('',#6767,(#6771,#6778),.PCURVE_S1.);
#6767 = LINE('',#6768,#6769);
#6768 = CARTESIAN_POINT('',(-2.930476848429,-17.18919258157,8.5));
#6769 = VECTOR('',#6770,1.);
#6770 = DIRECTION('',(0.,0.,1.));
#6771 = PCURVE('',#3751,#6772);
#6772 = DEFINITIONAL_REPRESENTATION('',(#6773),#6777);
#6773 = LINE('',#6774,#6775);
#6774 = CARTESIAN_POINT('',(0.,4.));
#6775 = VECTOR('',#6776,1.);
#6776 = DIRECTION('',(1.,0.));
#6777 = ( GEOMETRIC_REPRESENTATION_CONTEXT(2) 
PARAMETRIC_REPRESENTATION_CONTEXT() REPRESENTATION_CONTEXT('2D SPACE',''
  ) );
#6778 = PCURVE('',#6676,#6779);
#6779 = DEFINITIONAL_REPRESENTATION('',(#6780),#6784);
#6780 = LINE('',#6781,#6782);
#6781 = CARTESIAN_POINT('',(0.,-1.));
#6782 = VECTOR('',#6783,1.);
#6783 = DIRECTION('',(1.,0.));
#6784 = ( GEOMETRIC_REPRESENTATION_CONTEXT(2) 
PARAMETRIC_REPRESENTATION_CONTEXT() REPRESENTATION_CONTEXT('2D SPACE',''
  ) );
#6785 = ADVANCED_FACE('',(#6786),#3726,.T.);
#6786 = FACE_BOUND('',#6787,.T.);
#6787 = EDGE_LOOP('',(#6788,#6789,#6790,#6791));
#6788 = ORIENTED_EDGE('',*,*,#6742,.F.);
#6789 = ORIENTED_EDGE('',*,*,#3709,.F.);
#6790 = ORIENTED_EDGE('',*,*,#6693,.T.);
#6791 = ORIENTED_EDGE('',*,*,#6792,.T.);
#6792 = EDGE_CURVE('',#6694,#6743,#6793,.T.);
#6793 = SURFACE_CURVE('',#6794,(#6798,#6805),.PCURVE_S1.);
#6794 = LINE('',#6795,#6796);
#6795 = CARTESIAN_POINT('',(-3.926671546521,-17.27634832432,26.5));
#6796 = VECTOR('',#6797,1.);
#6797 = DIRECTION('',(0.996194698092,8.715574274766E-02,0.));
#6798 = PCURVE('',#3726,#6799);
#6799 = DEFINITIONAL_REPRESENTATION('',(#6800),#6804);
#6800 = LINE('',#6801,#6802);
#6801 = CARTESIAN_POINT('',(4.,0.));
#6802 = VECTOR('',#6803,1.);
#6803 = DIRECTION('',(0.,1.));
#6804 = ( GEOMETRIC_REPRESENTATION_CONTEXT(2) 
PARAMETRIC_REPRESENTATION_CONTEXT() REPRESENTATION_CONTEXT('2D SPACE',''
  ) );
#6805 = PCURVE('',#6676,#6806);
#6806 = DEFINITIONAL_REPRESENTATION('',(#6807),#6811);
#6807 = LINE('',#6808,#6809);
#6808 = CARTESIAN_POINT('',(18.,0.));
#6809 = VECTOR('',#6810,1.);
#6810 = DIRECTION('',(0.,-1.));
#6811 = ( GEOMETRIC_REPRESENTATION_CONTEXT(2) 
PARAMETRIC_REPRESENTATION_CONTEXT() REPRESENTATION_CONTEXT('2D SPACE',''
  ) );
#6812 = ADVANCED_FACE('',(#6813),#3783,.F.);
#6813 = FACE_BOUND('',#6814,.F.);
#6814 = EDGE_LOOP('',(#6815,#6838,#6839,#6862));
#6815 = ORIENTED_EDGE('',*,*,#6816,.F.);
#6816 = EDGE_CURVE('',#3767,#6817,#6819,.T.);
#6817 = VERTEX_POINT('',#6818);
#6818 = CARTESIAN_POINT('',(6.056728894847,-16.3515158704,8.5));
#6819 = SURFACE_CURVE('',#6820,(#6824,#6831),.PCURVE_S1.);
#6820 = LINE('',#6821,#6822);
#6821 = CARTESIAN_POINT('',(3.762423149442,-13.07490769324,8.5));
#6822 = VECTOR('',#6823,1.);
#6823 = DIRECTION('',(0.573576436351,-0.819152044289,0.));
#6824 = PCURVE('',#3783,#6825);
#6825 = DEFINITIONAL_REPRESENTATION('',(#6826),#6830);
#6826 = LINE('',#6827,#6828);
#6827 = CARTESIAN_POINT('',(0.,1.));
#6828 = VECTOR('',#6829,1.);
#6829 = DIRECTION('',(1.,0.));
#6830 = ( GEOMETRIC_REPRESENTATION_CONTEXT(2) 
PARAMETRIC_REPRESENTATION_CONTEXT() REPRESENTATION_CONTEXT('2D SPACE',''
  ) );
#6831 = PCURVE('',#3863,#6832);
#6832 = DEFINITIONAL_REPRESENTATION('',(#6833),#6837);
#6833 = LINE('',#6834,#6835);
#6834 = CARTESIAN_POINT('',(0.,0.));
#6835 = VECTOR('',#6836,1.);
#6836 = DIRECTION('',(0.,1.));
#6837 = ( GEOMETRIC_REPRESENTATION_CONTEXT(2) 
PARAMETRIC_REPRESENTATION_CONTEXT() REPRESENTATION_CONTEXT('2D SPACE',''
  ) );
#6838 = ORIENTED_EDGE('',*,*,#3764,.F.);
#6839 = ORIENTED_EDGE('',*,*,#6840,.T.);
#6840 = EDGE_CURVE('',#3765,#6841,#6843,.T.);
#6841 = VERTEX_POINT('',#6842);
#6842 = CARTESIAN_POINT('',(5.237576850558,-16.92509230675,8.5));
#6843 = SURFACE_CURVE('',#6844,(#6848,#6855),.PCURVE_S1.);
#6844 = LINE('',#6845,#6846);
#6845 = CARTESIAN_POINT('',(2.943271105153,-13.64848412959,8.5));
#6846 = VECTOR('',#6847,1.);
#6847 = DIRECTION('',(0.573576436351,-0.819152044289,0.));
#6848 = PCURVE('',#3783,#6849);
#6849 = DEFINITIONAL_REPRESENTATION('',(#6850),#6854);
#6850 = LINE('',#6851,#6852);
#6851 = CARTESIAN_POINT('',(0.,0.));
#6852 = VECTOR('',#6853,1.);
#6853 = DIRECTION('',(1.,0.));
#6854 = ( GEOMETRIC_REPRESENTATION_CONTEXT(2) 
PARAMETRIC_REPRESENTATION_CONTEXT() REPRESENTATION_CONTEXT('2D SPACE',''
  ) );
#6855 = PCURVE('',#3810,#6856);
#6856 = DEFINITIONAL_REPRESENTATION('',(#6857),#6861);
#6857 = LINE('',#6858,#6859);
#6858 = CARTESIAN_POINT('',(0.,0.));
#6859 = VECTOR('',#6860,1.);
#6860 = DIRECTION('',(0.,1.));
#6861 = ( GEOMETRIC_REPRESENTATION_CONTEXT(2) 
PARAMETRIC_REPRESENTATION_CONTEXT() REPRESENTATION_CONTEXT('2D SPACE',''
  ) );
#6862 = ORIENTED_EDGE('',*,*,#6863,.T.);
#6863 = EDGE_CURVE('',#6841,#6817,#6864,.T.);
#6864 = SURFACE_CURVE('',#6865,(#6869,#6876),.PCURVE_S1.);
#6865 = LINE('',#6866,#6867);
#6866 = CARTESIAN_POINT('',(5.237576850558,-16.92509230675,8.5));
#6867 = VECTOR('',#6868,1.);
#6868 = DIRECTION('',(0.819152044289,0.573576436351,0.));
#6869 = PCURVE('',#3783,#6870);
#6870 = DEFINITIONAL_REPRESENTATION('',(#6871),#6875);
#6871 = LINE('',#6872,#6873);
#6872 = CARTESIAN_POINT('',(4.,0.));
#6873 = VECTOR('',#6874,1.);
#6874 = DIRECTION('',(0.,1.));
#6875 = ( GEOMETRIC_REPRESENTATION_CONTEXT(2) 
PARAMETRIC_REPRESENTATION_CONTEXT() REPRESENTATION_CONTEXT('2D SPACE',''
  ) );
#6876 = PCURVE('',#6877,#6882);
#6877 = PLANE('',#6878);
#6878 = AXIS2_PLACEMENT_3D('',#6879,#6880,#6881);
#6879 = CARTESIAN_POINT('',(5.237576850558,-16.92509230675,8.5));
#6880 = DIRECTION('',(0.573576436351,-0.819152044289,0.));
#6881 = DIRECTION('',(0.,0.,1.));
#6882 = DEFINITIONAL_REPRESENTATION('',(#6883),#6887);
#6883 = LINE('',#6884,#6885);
#6884 = CARTESIAN_POINT('',(0.,0.));
#6885 = VECTOR('',#6886,1.);
#6886 = DIRECTION('',(0.,-1.));
#6887 = ( GEOMETRIC_REPRESENTATION_CONTEXT(2) 
PARAMETRIC_REPRESENTATION_CONTEXT() REPRESENTATION_CONTEXT('2D SPACE',''
  ) );
#6888 = ADVANCED_FACE('',(#6889),#3810,.F.);
#6889 = FACE_BOUND('',#6890,.F.);
#6890 = EDGE_LOOP('',(#6891,#6892,#6893,#6916));
#6891 = ORIENTED_EDGE('',*,*,#6840,.F.);
#6892 = ORIENTED_EDGE('',*,*,#3795,.T.);
#6893 = ORIENTED_EDGE('',*,*,#6894,.T.);
#6894 = EDGE_CURVE('',#3796,#6895,#6897,.T.);
#6895 = VERTEX_POINT('',#6896);
#6896 = CARTESIAN_POINT('',(5.237576850558,-16.92509230675,26.5));
#6897 = SURFACE_CURVE('',#6898,(#6902,#6909),.PCURVE_S1.);
#6898 = LINE('',#6899,#6900);
#6899 = CARTESIAN_POINT('',(2.943271105153,-13.64848412959,26.5));
#6900 = VECTOR('',#6901,1.);
#6901 = DIRECTION('',(0.573576436351,-0.819152044289,0.));
#6902 = PCURVE('',#3810,#6903);
#6903 = DEFINITIONAL_REPRESENTATION('',(#6904),#6908);
#6904 = LINE('',#6905,#6906);
#6905 = CARTESIAN_POINT('',(18.,0.));
#6906 = VECTOR('',#6907,1.);
#6907 = DIRECTION('',(0.,1.));
#6908 = ( GEOMETRIC_REPRESENTATION_CONTEXT(2) 
PARAMETRIC_REPRESENTATION_CONTEXT() REPRESENTATION_CONTEXT('2D SPACE',''
  ) );
#6909 = PCURVE('',#3838,#6910);
#6910 = DEFINITIONAL_REPRESENTATION('',(#6911),#6915);
#6911 = LINE('',#6912,#6913);
#6912 = CARTESIAN_POINT('',(0.,0.));
#6913 = VECTOR('',#6914,1.);
#6914 = DIRECTION('',(1.,0.));
#6915 = ( GEOMETRIC_REPRESENTATION_CONTEXT(2) 
PARAMETRIC_REPRESENTATION_CONTEXT() REPRESENTATION_CONTEXT('2D SPACE',''
  ) );
#6916 = ORIENTED_EDGE('',*,*,#6917,.F.);
#6917 = EDGE_CURVE('',#6841,#6895,#6918,.T.);
#6918 = SURFACE_CURVE('',#6919,(#6923,#6930),.PCURVE_S1.);
#6919 = LINE('',#6920,#6921);
#6920 = CARTESIAN_POINT('',(5.237576850558,-16.92509230675,8.5));
#6921 = VECTOR('',#6922,1.);
#6922 = DIRECTION('',(0.,0.,1.));
#6923 = PCURVE('',#3810,#6924);
#6924 = DEFINITIONAL_REPRESENTATION('',(#6925),#6929);
#6925 = LINE('',#6926,#6927);
#6926 = CARTESIAN_POINT('',(0.,4.));
#6927 = VECTOR('',#6928,1.);
#6928 = DIRECTION('',(1.,0.));
#6929 = ( GEOMETRIC_REPRESENTATION_CONTEXT(2) 
PARAMETRIC_REPRESENTATION_CONTEXT() REPRESENTATION_CONTEXT('2D SPACE',''
  ) );
#6930 = PCURVE('',#6877,#6931);
#6931 = DEFINITIONAL_REPRESENTATION('',(#6932),#6936);
#6932 = LINE('',#6933,#6934);
#6933 = CARTESIAN_POINT('',(0.,0.));
#6934 = VECTOR('',#6935,1.);
#6935 = DIRECTION('',(1.,0.));
#6936 = ( GEOMETRIC_REPRESENTATION_CONTEXT(2) 
PARAMETRIC_REPRESENTATION_CONTEXT() REPRESENTATION_CONTEXT('2D SPACE',''
  ) );
#6937 = ADVANCED_FACE('',(#6938),#3863,.T.);
#6938 = FACE_BOUND('',#6939,.T.);
#6939 = EDGE_LOOP('',(#6940,#6941,#6942,#6965));
#6940 = ORIENTED_EDGE('',*,*,#6816,.F.);
#6941 = ORIENTED_EDGE('',*,*,#3850,.T.);
#6942 = ORIENTED_EDGE('',*,*,#6943,.T.);
#6943 = EDGE_CURVE('',#3822,#6944,#6946,.T.);
#6944 = VERTEX_POINT('',#6945);
#6945 = CARTESIAN_POINT('',(6.056728894847,-16.3515158704,26.5));
#6946 = SURFACE_CURVE('',#6947,(#6951,#6958),.PCURVE_S1.);
#6947 = LINE('',#6948,#6949);
#6948 = CARTESIAN_POINT('',(3.762423149442,-13.07490769324,26.5));
#6949 = VECTOR('',#6950,1.);
#6950 = DIRECTION('',(0.573576436351,-0.819152044289,0.));
#6951 = PCURVE('',#3863,#6952);
#6952 = DEFINITIONAL_REPRESENTATION('',(#6953),#6957);
#6953 = LINE('',#6954,#6955);
#6954 = CARTESIAN_POINT('',(18.,0.));
#6955 = VECTOR('',#6956,1.);
#6956 = DIRECTION('',(0.,1.));
#6957 = ( GEOMETRIC_REPRESENTATION_CONTEXT(2) 
PARAMETRIC_REPRESENTATION_CONTEXT() REPRESENTATION_CONTEXT('2D SPACE',''
  ) );
#6958 = PCURVE('',#3838,#6959);
#6959 = DEFINITIONAL_REPRESENTATION('',(#6960),#6964);
#6960 = LINE('',#6961,#6962);
#6961 = CARTESIAN_POINT('',(0.,1.));
#6962 = VECTOR('',#6963,1.);
#6963 = DIRECTION('',(1.,0.));
#6964 = ( GEOMETRIC_REPRESENTATION_CONTEXT(2) 
PARAMETRIC_REPRESENTATION_CONTEXT() REPRESENTATION_CONTEXT('2D SPACE',''
  ) );
#6965 = ORIENTED_EDGE('',*,*,#6966,.F.);
#6966 = EDGE_CURVE('',#6817,#6944,#6967,.T.);
#6967 = SURFACE_CURVE('',#6968,(#6972,#6979),.PCURVE_S1.);
#6968 = LINE('',#6969,#6970);
#6969 = CARTESIAN_POINT('',(6.056728894847,-16.3515158704,8.5));
#6970 = VECTOR('',#6971,1.);
#6971 = DIRECTION('',(0.,0.,1.));
#6972 = PCURVE('',#3863,#6973);
#6973 = DEFINITIONAL_REPRESENTATION('',(#6974),#6978);
#6974 = LINE('',#6975,#6976);
#6975 = CARTESIAN_POINT('',(0.,4.));
#6976 = VECTOR('',#6977,1.);
#6977 = DIRECTION('',(1.,0.));
#6978 = ( GEOMETRIC_REPRESENTATION_CONTEXT(2) 
PARAMETRIC_REPRESENTATION_CONTEXT() REPRESENTATION_CONTEXT('2D SPACE',''
  ) );
#6979 = PCURVE('',#6877,#6980);
#6980 = DEFINITIONAL_REPRESENTATION('',(#6981),#6985);
#6981 = LINE('',#6982,#6983);
#6982 = CARTESIAN_POINT('',(0.,-1.));
#6983 = VECTOR('',#6984,1.);
#6984 = DIRECTION('',(1.,0.));
#6985 = ( GEOMETRIC_REPRESENTATION_CONTEXT(2) 
PARAMETRIC_REPRESENTATION_CONTEXT() REPRESENTATION_CONTEXT('2D SPACE',''
  ) );
#6986 = ADVANCED_FACE('',(#6987),#3838,.T.);
#6987 = FACE_BOUND('',#6988,.T.);
#6988 = EDGE_LOOP('',(#6989,#6990,#6991,#6992));
#6989 = ORIENTED_EDGE('',*,*,#6943,.F.);
#6990 = ORIENTED_EDGE('',*,*,#3821,.F.);
#6991 = ORIENTED_EDGE('',*,*,#6894,.T.);
#6992 = ORIENTED_EDGE('',*,*,#6993,.T.);
#6993 = EDGE_CURVE('',#6895,#6944,#6994,.T.);
#6994 = SURFACE_CURVE('',#6995,(#6999,#7006),.PCURVE_S1.);
#6995 = LINE('',#6996,#6997);
#6996 = CARTESIAN_POINT('',(5.237576850558,-16.92509230675,26.5));
#6997 = VECTOR('',#6998,1.);
#6998 = DIRECTION('',(0.819152044289,0.573576436351,0.));
#6999 = PCURVE('',#3838,#7000);
#7000 = DEFINITIONAL_REPRESENTATION('',(#7001),#7005);
#7001 = LINE('',#7002,#7003);
#7002 = CARTESIAN_POINT('',(4.,0.));
#7003 = VECTOR('',#7004,1.);
#7004 = DIRECTION('',(0.,1.));
#7005 = ( GEOMETRIC_REPRESENTATION_CONTEXT(2) 
PARAMETRIC_REPRESENTATION_CONTEXT() REPRESENTATION_CONTEXT('2D SPACE',''
  ) );
#7006 = PCURVE('',#6877,#7007);
#7007 = DEFINITIONAL_REPRESENTATION('',(#7008),#7012);
#7008 = LINE('',#7009,#7010);
#7009 = CARTESIAN_POINT('',(18.,0.));
#7010 = VECTOR('',#7011,1.);
#7011 = DIRECTION('',(0.,-1.));
#7012 = ( GEOMETRIC_REPRESENTATION_CONTEXT(2) 
PARAMETRIC_REPRESENTATION_CONTEXT() REPRESENTATION_CONTEXT('2D SPACE',''
  ) );
#7013 = ADVANCED_FACE('',(#7014),#3895,.F.);
#7014 = FACE_BOUND('',#7015,.F.);
#7015 = EDGE_LOOP('',(#7016,#7039,#7040,#7063));
#7016 = ORIENTED_EDGE('',*,*,#7017,.F.);
#7017 = EDGE_CURVE('',#3879,#7018,#7020,.T.);
#7018 = VERTEX_POINT('',#7019);
#7019 = CARTESIAN_POINT('',(13.421039021974,-11.13246368673,8.5));
#7020 = SURFACE_CURVE('',#7021,(#7025,#7032),.PCURVE_S1.);
#7021 = LINE('',#7022,#7023);
#7022 = CARTESIAN_POINT('',(9.795807873827,-9.441990639767,8.5));
#7023 = VECTOR('',#7024,1.);
#7024 = DIRECTION('',(0.906307787037,-0.422618261741,0.));
#7025 = PCURVE('',#3895,#7026);
#7026 = DEFINITIONAL_REPRESENTATION('',(#7027),#7031);
#7027 = LINE('',#7028,#7029);
#7028 = CARTESIAN_POINT('',(0.,1.));
#7029 = VECTOR('',#7030,1.);
#7030 = DIRECTION('',(1.,0.));
#7031 = ( GEOMETRIC_REPRESENTATION_CONTEXT(2) 
PARAMETRIC_REPRESENTATION_CONTEXT() REPRESENTATION_CONTEXT('2D SPACE',''
  ) );
#7032 = PCURVE('',#3975,#7033);
#7033 = DEFINITIONAL_REPRESENTATION('',(#7034),#7038);
#7034 = LINE('',#7035,#7036);
#7035 = CARTESIAN_POINT('',(0.,0.));
#7036 = VECTOR('',#7037,1.);
#7037 = DIRECTION('',(0.,1.));
#7038 = ( GEOMETRIC_REPRESENTATION_CONTEXT(2) 
PARAMETRIC_REPRESENTATION_CONTEXT() REPRESENTATION_CONTEXT('2D SPACE',''
  ) );
#7039 = ORIENTED_EDGE('',*,*,#3876,.F.);
#7040 = ORIENTED_EDGE('',*,*,#7041,.T.);
#7041 = EDGE_CURVE('',#3877,#7042,#7044,.T.);
#7042 = VERTEX_POINT('',#7043);
#7043 = CARTESIAN_POINT('',(12.998420760233,-12.03877147376,8.5));
#7044 = SURFACE_CURVE('',#7045,(#7049,#7056),.PCURVE_S1.);
#7045 = LINE('',#7046,#7047);
#7046 = CARTESIAN_POINT('',(9.373189612086,-10.3482984268,8.5));
#7047 = VECTOR('',#7048,1.);
#7048 = DIRECTION('',(0.906307787037,-0.422618261741,0.));
#7049 = PCURVE('',#3895,#7050);
#7050 = DEFINITIONAL_REPRESENTATION('',(#7051),#7055);
#7051 = LINE('',#7052,#7053);
#7052 = CARTESIAN_POINT('',(0.,0.));
#7053 = VECTOR('',#7054,1.);
#7054 = DIRECTION('',(1.,0.));
#7055 = ( GEOMETRIC_REPRESENTATION_CONTEXT(2) 
PARAMETRIC_REPRESENTATION_CONTEXT() REPRESENTATION_CONTEXT('2D SPACE',''
  ) );
#7056 = PCURVE('',#3922,#7057);
#7057 = DEFINITIONAL_REPRESENTATION('',(#7058),#7062);
#7058 = LINE('',#7059,#7060);
#7059 = CARTESIAN_POINT('',(0.,0.));
#7060 = VECTOR('',#7061,1.);
#7061 = DIRECTION('',(0.,1.));
#7062 = ( GEOMETRIC_REPRESENTATION_CONTEXT(2) 
PARAMETRIC_REPRESENTATION_CONTEXT() REPRESENTATION_CONTEXT('2D SPACE',''
  ) );
#7063 = ORIENTED_EDGE('',*,*,#7064,.T.);
#7064 = EDGE_CURVE('',#7042,#7018,#7065,.T.);
#7065 = SURFACE_CURVE('',#7066,(#7070,#7077),.PCURVE_S1.);
#7066 = LINE('',#7067,#7068);
#7067 = CARTESIAN_POINT('',(12.998420760233,-12.03877147376,8.5));
#7068 = VECTOR('',#7069,1.);
#7069 = DIRECTION('',(0.422618261741,0.906307787037,0.));
#7070 = PCURVE('',#3895,#7071);
#7071 = DEFINITIONAL_REPRESENTATION('',(#7072),#7076);
#7072 = LINE('',#7073,#7074);
#7073 = CARTESIAN_POINT('',(4.,0.));
#7074 = VECTOR('',#7075,1.);
#7075 = DIRECTION('',(0.,1.));
#7076 = ( GEOMETRIC_REPRESENTATION_CONTEXT(2) 
PARAMETRIC_REPRESENTATION_CONTEXT() REPRESENTATION_CONTEXT('2D SPACE',''
  ) );
#7077 = PCURVE('',#7078,#7083);
#7078 = PLANE('',#7079);
#7079 = AXIS2_PLACEMENT_3D('',#7080,#7081,#7082);
#7080 = CARTESIAN_POINT('',(12.998420760233,-12.03877147376,8.5));
#7081 = DIRECTION('',(0.906307787037,-0.422618261741,0.));
#7082 = DIRECTION('',(0.,0.,1.));
#7083 = DEFINITIONAL_REPRESENTATION('',(#7084),#7088);
#7084 = LINE('',#7085,#7086);
#7085 = CARTESIAN_POINT('',(0.,0.));
#7086 = VECTOR('',#7087,1.);
#7087 = DIRECTION('',(0.,-1.));
#7088 = ( GEOMETRIC_REPRESENTATION_CONTEXT(2) 
PARAMETRIC_REPRESENTATION_CONTEXT() REPRESENTATION_CONTEXT('2D SPACE',''
  ) );
#7089 = ADVANCED_FACE('',(#7090),#3922,.F.);
#7090 = FACE_BOUND('',#7091,.F.);
#7091 = EDGE_LOOP('',(#7092,#7093,#7094,#7117));
#7092 = ORIENTED_EDGE('',*,*,#7041,.F.);
#7093 = ORIENTED_EDGE('',*,*,#3907,.T.);
#7094 = ORIENTED_EDGE('',*,*,#7095,.T.);
#7095 = EDGE_CURVE('',#3908,#7096,#7098,.T.);
#7096 = VERTEX_POINT('',#7097);
#7097 = CARTESIAN_POINT('',(12.998420760233,-12.03877147376,26.5));
#7098 = SURFACE_CURVE('',#7099,(#7103,#7110),.PCURVE_S1.);
#7099 = LINE('',#7100,#7101);
#7100 = CARTESIAN_POINT('',(9.373189612086,-10.3482984268,26.5));
#7101 = VECTOR('',#7102,1.);
#7102 = DIRECTION('',(0.906307787037,-0.422618261741,0.));
#7103 = PCURVE('',#3922,#7104);
#7104 = DEFINITIONAL_REPRESENTATION('',(#7105),#7109);
#7105 = LINE('',#7106,#7107);
#7106 = CARTESIAN_POINT('',(18.,0.));
#7107 = VECTOR('',#7108,1.);
#7108 = DIRECTION('',(0.,1.));
#7109 = ( GEOMETRIC_REPRESENTATION_CONTEXT(2) 
PARAMETRIC_REPRESENTATION_CONTEXT() REPRESENTATION_CONTEXT('2D SPACE',''
  ) );
#7110 = PCURVE('',#3950,#7111);
#7111 = DEFINITIONAL_REPRESENTATION('',(#7112),#7116);
#7112 = LINE('',#7113,#7114);
#7113 = CARTESIAN_POINT('',(0.,0.));
#7114 = VECTOR('',#7115,1.);
#7115 = DIRECTION('',(1.,0.));
#7116 = ( GEOMETRIC_REPRESENTATION_CONTEXT(2) 
PARAMETRIC_REPRESENTATION_CONTEXT() REPRESENTATION_CONTEXT('2D SPACE',''
  ) );
#7117 = ORIENTED_EDGE('',*,*,#7118,.F.);
#7118 = EDGE_CURVE('',#7042,#7096,#7119,.T.);
#7119 = SURFACE_CURVE('',#7120,(#7124,#7131),.PCURVE_S1.);
#7120 = LINE('',#7121,#7122);
#7121 = CARTESIAN_POINT('',(12.998420760233,-12.03877147376,8.5));
#7122 = VECTOR('',#7123,1.);
#7123 = DIRECTION('',(0.,0.,1.));
#7124 = PCURVE('',#3922,#7125);
#7125 = DEFINITIONAL_REPRESENTATION('',(#7126),#7130);
#7126 = LINE('',#7127,#7128);
#7127 = CARTESIAN_POINT('',(0.,4.));
#7128 = VECTOR('',#7129,1.);
#7129 = DIRECTION('',(1.,0.));
#7130 = ( GEOMETRIC_REPRESENTATION_CONTEXT(2) 
PARAMETRIC_REPRESENTATION_CONTEXT() REPRESENTATION_CONTEXT('2D SPACE',''
  ) );
#7131 = PCURVE('',#7078,#7132);
#7132 = DEFINITIONAL_REPRESENTATION('',(#7133),#7137);
#7133 = LINE('',#7134,#7135);
#7134 = CARTESIAN_POINT('',(0.,0.));
#7135 = VECTOR('',#7136,1.);
#7136 = DIRECTION('',(1.,0.));
#7137 = ( GEOMETRIC_REPRESENTATION_CONTEXT(2) 
PARAMETRIC_REPRESENTATION_CONTEXT() REPRESENTATION_CONTEXT('2D SPACE',''
  ) );
#7138 = ADVANCED_FACE('',(#7139),#3975,.T.);
#7139 = FACE_BOUND('',#7140,.T.);
#7140 = EDGE_LOOP('',(#7141,#7142,#7143,#7166));
#7141 = ORIENTED_EDGE('',*,*,#7017,.F.);
#7142 = ORIENTED_EDGE('',*,*,#3962,.T.);
#7143 = ORIENTED_EDGE('',*,*,#7144,.T.);
#7144 = EDGE_CURVE('',#3934,#7145,#7147,.T.);
#7145 = VERTEX_POINT('',#7146);
#7146 = CARTESIAN_POINT('',(13.421039021974,-11.13246368673,26.5));
#7147 = SURFACE_CURVE('',#7148,(#7152,#7159),.PCURVE_S1.);
#7148 = LINE('',#7149,#7150);
#7149 = CARTESIAN_POINT('',(9.795807873827,-9.441990639767,26.5));
#7150 = VECTOR('',#7151,1.);
#7151 = DIRECTION('',(0.906307787037,-0.422618261741,0.));
#7152 = PCURVE('',#3975,#7153);
#7153 = DEFINITIONAL_REPRESENTATION('',(#7154),#7158);
#7154 = LINE('',#7155,#7156);
#7155 = CARTESIAN_POINT('',(18.,0.));
#7156 = VECTOR('',#7157,1.);
#7157 = DIRECTION('',(0.,1.));
#7158 = ( GEOMETRIC_REPRESENTATION_CONTEXT(2) 
PARAMETRIC_REPRESENTATION_CONTEXT() REPRESENTATION_CONTEXT('2D SPACE',''
  ) );
#7159 = PCURVE('',#3950,#7160);
#7160 = DEFINITIONAL_REPRESENTATION('',(#7161),#7165);
#7161 = LINE('',#7162,#7163);
#7162 = CARTESIAN_POINT('',(0.,1.));
#7163 = VECTOR('',#7164,1.);
#7164 = DIRECTION('',(1.,0.));
#7165 = ( GEOMETRIC_REPRESENTATION_CONTEXT(2) 
PARAMETRIC_REPRESENTATION_CONTEXT() REPRESENTATION_CONTEXT('2D SPACE',''
  ) );
#7166 = ORIENTED_EDGE('',*,*,#7167,.F.);
#7167 = EDGE_CURVE('',#7018,#7145,#7168,.T.);
#7168 = SURFACE_CURVE('',#7169,(#7173,#7180),.PCURVE_S1.);
#7169 = LINE('',#7170,#7171);
#7170 = CARTESIAN_POINT('',(13.421039021974,-11.13246368673,8.5));
#7171 = VECTOR('',#7172,1.);
#7172 = DIRECTION('',(0.,0.,1.));
#7173 = PCURVE('',#3975,#7174);
#7174 = DEFINITIONAL_REPRESENTATION('',(#7175),#7179);
#7175 = LINE('',#7176,#7177);
#7176 = CARTESIAN_POINT('',(0.,4.));
#7177 = VECTOR('',#7178,1.);
#7178 = DIRECTION('',(1.,0.));
#7179 = ( GEOMETRIC_REPRESENTATION_CONTEXT(2) 
PARAMETRIC_REPRESENTATION_CONTEXT() REPRESENTATION_CONTEXT('2D SPACE',''
  ) );
#7180 = PCURVE('',#7078,#7181);
#7181 = DEFINITIONAL_REPRESENTATION('',(#7182),#7186);
#7182 = LINE('',#7183,#7184);
#7183 = CARTESIAN_POINT('',(0.,-1.));
#7184 = VECTOR('',#7185,1.);
#7185 = DIRECTION('',(1.,0.));
#7186 = ( GEOMETRIC_REPRESENTATION_CONTEXT(2) 
PARAMETRIC_REPRESENTATION_CONTEXT() REPRESENTATION_CONTEXT('2D SPACE',''
  ) );
#7187 = ADVANCED_FACE('',(#7188),#3950,.T.);
#7188 = FACE_BOUND('',#7189,.T.);
#7189 = EDGE_LOOP('',(#7190,#7191,#7192,#7193));
#7190 = ORIENTED_EDGE('',*,*,#7144,.F.);
#7191 = ORIENTED_EDGE('',*,*,#3933,.F.);
#7192 = ORIENTED_EDGE('',*,*,#7095,.T.);
#7193 = ORIENTED_EDGE('',*,*,#7194,.T.);
#7194 = EDGE_CURVE('',#7096,#7145,#7195,.T.);
#7195 = SURFACE_CURVE('',#7196,(#7200,#7207),.PCURVE_S1.);
#7196 = LINE('',#7197,#7198);
#7197 = CARTESIAN_POINT('',(12.998420760233,-12.03877147376,26.5));
#7198 = VECTOR('',#7199,1.);
#7199 = DIRECTION('',(0.422618261741,0.906307787037,0.));
#7200 = PCURVE('',#3950,#7201);
#7201 = DEFINITIONAL_REPRESENTATION('',(#7202),#7206);
#7202 = LINE('',#7203,#7204);
#7203 = CARTESIAN_POINT('',(4.,0.));
#7204 = VECTOR('',#7205,1.);
#7205 = DIRECTION('',(0.,1.));
#7206 = ( GEOMETRIC_REPRESENTATION_CONTEXT(2) 
PARAMETRIC_REPRESENTATION_CONTEXT() REPRESENTATION_CONTEXT('2D SPACE',''
  ) );
#7207 = PCURVE('',#7078,#7208);
#7208 = DEFINITIONAL_REPRESENTATION('',(#7209),#7213);
#7209 = LINE('',#7210,#7211);
#7210 = CARTESIAN_POINT('',(18.,0.));
#7211 = VECTOR('',#7212,1.);
#7212 = DIRECTION('',(0.,-1.));
#7213 = ( GEOMETRIC_REPRESENTATION_CONTEXT(2) 
PARAMETRIC_REPRESENTATION_CONTEXT() REPRESENTATION_CONTEXT('2D SPACE',''
  ) );
#7214 = ADVANCED_FACE('',(#7215),#4076,.F.);
#7215 = FACE_BOUND('',#7216,.F.);
#7216 = EDGE_LOOP('',(#7217,#7238,#7239,#7240,#7241,#7263,#7264,#7265,
    #7287));
#7217 = ORIENTED_EDGE('',*,*,#7218,.F.);
#7218 = EDGE_CURVE('',#4470,#4027,#7219,.T.);
#7219 = SEAM_CURVE('',#7220,(#7224,#7231),.PCURVE_S1.);
#7220 = LINE('',#7221,#7222);
#7221 = CARTESIAN_POINT('',(7.,-1.714505518806E-15,-13.5));
#7222 = VECTOR('',#7223,1.);
#7223 = DIRECTION('',(0.,0.,1.));
#7224 = PCURVE('',#4076,#7225);
#7225 = DEFINITIONAL_REPRESENTATION('',(#7226),#7230);
#7226 = LINE('',#7227,#7228);
#7227 = CARTESIAN_POINT('',(0.,-0.));
#7228 = VECTOR('',#7229,1.);
#7229 = DIRECTION('',(0.,1.));
#7230 = ( GEOMETRIC_REPRESENTATION_CONTEXT(2) 
PARAMETRIC_REPRESENTATION_CONTEXT() REPRESENTATION_CONTEXT('2D SPACE',''
  ) );
#7231 = PCURVE('',#4076,#7232);
#7232 = DEFINITIONAL_REPRESENTATION('',(#7233),#7237);
#7233 = LINE('',#7234,#7235);
#7234 = CARTESIAN_POINT('',(6.28318530718,-0.));
#7235 = VECTOR('',#7236,1.);
#7236 = DIRECTION('',(0.,1.));
#7237 = ( GEOMETRIC_REPRESENTATION_CONTEXT(2) 
PARAMETRIC_REPRESENTATION_CONTEXT() REPRESENTATION_CONTEXT('2D SPACE',''
  ) );
#7238 = ORIENTED_EDGE('',*,*,#4469,.T.);
#7239 = ORIENTED_EDGE('',*,*,#7218,.T.);
#7240 = ORIENTED_EDGE('',*,*,#4024,.F.);
#7241 = ORIENTED_EDGE('',*,*,#7242,.F.);
#7242 = EDGE_CURVE('',#5349,#4025,#7243,.T.);
#7243 = SURFACE_CURVE('',#7244,(#7249,#7256),.PCURVE_S1.);
#7244 = CIRCLE('',#7245,7.);
#7245 = AXIS2_PLACEMENT_3D('',#7246,#7247,#7248);
#7246 = CARTESIAN_POINT('',(0.,0.,18.5));
#7247 = DIRECTION('',(0.,0.,1.));
#7248 = DIRECTION('',(1.,0.,-0.));
#7249 = PCURVE('',#4076,#7250);
#7250 = DEFINITIONAL_REPRESENTATION('',(#7251),#7255);
#7251 = LINE('',#7252,#7253);
#7252 = CARTESIAN_POINT('',(0.,32.));
#7253 = VECTOR('',#7254,1.);
#7254 = DIRECTION('',(1.,0.));
#7255 = ( GEOMETRIC_REPRESENTATION_CONTEXT(2) 
PARAMETRIC_REPRESENTATION_CONTEXT() REPRESENTATION_CONTEXT('2D SPACE',''
  ) );
#7256 = PCURVE('',#4227,#7257);
#7257 = DEFINITIONAL_REPRESENTATION('',(#7258),#7262);
#7258 = CIRCLE('',#7259,7.);
#7259 = AXIS2_PLACEMENT_2D('',#7260,#7261);
#7260 = CARTESIAN_POINT('',(0.,0.));
#7261 = DIRECTION('',(1.,0.));
#7262 = ( GEOMETRIC_REPRESENTATION_CONTEXT(2) 
PARAMETRIC_REPRESENTATION_CONTEXT() REPRESENTATION_CONTEXT('2D SPACE',''
  ) );
#7263 = ORIENTED_EDGE('',*,*,#5348,.T.);
#7264 = ORIENTED_EDGE('',*,*,#5151,.T.);
#7265 = ORIENTED_EDGE('',*,*,#7266,.F.);
#7266 = EDGE_CURVE('',#4130,#5131,#7267,.T.);
#7267 = SURFACE_CURVE('',#7268,(#7273,#7280),.PCURVE_S1.);
#7268 = CIRCLE('',#7269,7.);
#7269 = AXIS2_PLACEMENT_3D('',#7270,#7271,#7272);
#7270 = CARTESIAN_POINT('',(0.,0.,18.5));
#7271 = DIRECTION('',(0.,0.,1.));
#7272 = DIRECTION('',(1.,0.,-0.));
#7273 = PCURVE('',#4076,#7274);
#7274 = DEFINITIONAL_REPRESENTATION('',(#7275),#7279);
#7275 = LINE('',#7276,#7277);
#7276 = CARTESIAN_POINT('',(0.,32.));
#7277 = VECTOR('',#7278,1.);
#7278 = DIRECTION('',(1.,0.));
#7279 = ( GEOMETRIC_REPRESENTATION_CONTEXT(2) 
PARAMETRIC_REPRESENTATION_CONTEXT() REPRESENTATION_CONTEXT('2D SPACE',''
  ) );
#7280 = PCURVE('',#4227,#7281);
#7281 = DEFINITIONAL_REPRESENTATION('',(#7282),#7286);
#7282 = CIRCLE('',#7283,7.);
#7283 = AXIS2_PLACEMENT_2D('',#7284,#7285);
#7284 = CARTESIAN_POINT('',(0.,0.));
#7285 = DIRECTION('',(1.,0.));
#7286 = ( GEOMETRIC_REPRESENTATION_CONTEXT(2) 
PARAMETRIC_REPRESENTATION_CONTEXT() REPRESENTATION_CONTEXT('2D SPACE',''
  ) );
#7287 = ORIENTED_EDGE('',*,*,#4129,.F.);
#7288 = ADVANCED_FACE('',(#7289),#4227,.F.);
#7289 = FACE_BOUND('',#7290,.F.);
#7290 = EDGE_LOOP('',(#7291,#7310,#7311,#7312,#7313,#7332,#7333,#7334));
#7291 = ORIENTED_EDGE('',*,*,#7292,.T.);
#7292 = EDGE_CURVE('',#4239,#4213,#7293,.T.);
#7293 = SURFACE_CURVE('',#7294,(#7298,#7304),.PCURVE_S1.);
#7294 = LINE('',#7295,#7296);
#7295 = CARTESIAN_POINT('',(3.,0.,18.5));
#7296 = VECTOR('',#7297,1.);
#7297 = DIRECTION('',(0.,1.,0.));
#7298 = PCURVE('',#4227,#7299);
#7299 = DEFINITIONAL_REPRESENTATION('',(#7300),#7303);
#7300 = B_SPLINE_CURVE_WITH_KNOTS('',1,(#7301,#7302),.UNSPECIFIED.,.F.,
  .F.,(2,2),(-2.25,2.25),.PIECEWISE_BEZIER_KNOTS.);
#7301 = CARTESIAN_POINT('',(3.,-2.25));
#7302 = CARTESIAN_POINT('',(3.,2.25));
#7303 = ( GEOMETRIC_REPRESENTATION_CONTEXT(2) 
PARAMETRIC_REPRESENTATION_CONTEXT() REPRESENTATION_CONTEXT('2D SPACE',''
  ) );
#7304 = PCURVE('',#4255,#7305);
#7305 = DEFINITIONAL_REPRESENTATION('',(#7306),#7309);
#7306 = B_SPLINE_CURVE_WITH_KNOTS('',1,(#7307,#7308),.UNSPECIFIED.,.F.,
  .F.,(2,2),(-2.25,2.25),.PIECEWISE_BEZIER_KNOTS.);
#7307 = CARTESIAN_POINT('',(-1.,-2.25));
#7308 = CARTESIAN_POINT('',(-1.,2.25));
#7309 = ( GEOMETRIC_REPRESENTATION_CONTEXT(2) 
PARAMETRIC_REPRESENTATION_CONTEXT() REPRESENTATION_CONTEXT('2D SPACE',''
  ) );
#7310 = ORIENTED_EDGE('',*,*,#4212,.T.);
#7311 = ORIENTED_EDGE('',*,*,#7266,.T.);
#7312 = ORIENTED_EDGE('',*,*,#5130,.T.);
#7313 = ORIENTED_EDGE('',*,*,#7314,.F.);
#7314 = EDGE_CURVE('',#5102,#5100,#7315,.T.);
#7315 = SURFACE_CURVE('',#7316,(#7320,#7326),.PCURVE_S1.);
#7316 = LINE('',#7317,#7318);
#7317 = CARTESIAN_POINT('',(0.,3.,18.5));
#7318 = VECTOR('',#7319,1.);
#7319 = DIRECTION('',(1.,0.,-0.));
#7320 = PCURVE('',#4227,#7321);
#7321 = DEFINITIONAL_REPRESENTATION('',(#7322),#7325);
#7322 = B_SPLINE_CURVE_WITH_KNOTS('',1,(#7323,#7324),.UNSPECIFIED.,.F.,
  .F.,(2,2),(-2.25,2.25),.PIECEWISE_BEZIER_KNOTS.);
#7323 = CARTESIAN_POINT('',(-2.25,3.));
#7324 = CARTESIAN_POINT('',(2.25,3.));
#7325 = ( GEOMETRIC_REPRESENTATION_CONTEXT(2) 
PARAMETRIC_REPRESENTATION_CONTEXT() REPRESENTATION_CONTEXT('2D SPACE',''
  ) );
#7326 = PCURVE('',#5118,#7327);
#7327 = DEFINITIONAL_REPRESENTATION('',(#7328),#7331);
#7328 = B_SPLINE_CURVE_WITH_KNOTS('',1,(#7329,#7330),.UNSPECIFIED.,.F.,
  .F.,(2,2),(-2.25,2.25),.PIECEWISE_BEZIER_KNOTS.);
#7329 = CARTESIAN_POINT('',(-2.25,1.));
#7330 = CARTESIAN_POINT('',(2.25,1.));
#7331 = ( GEOMETRIC_REPRESENTATION_CONTEXT(2) 
PARAMETRIC_REPRESENTATION_CONTEXT() REPRESENTATION_CONTEXT('2D SPACE',''
  ) );
#7332 = ORIENTED_EDGE('',*,*,#5473,.F.);
#7333 = ORIENTED_EDGE('',*,*,#7242,.T.);
#7334 = ORIENTED_EDGE('',*,*,#4267,.F.);
#7335 = ADVANCED_FACE('',(#7336),#4255,.T.);
#7336 = FACE_BOUND('',#7337,.T.);
#7337 = EDGE_LOOP('',(#7338,#7339));
#7338 = ORIENTED_EDGE('',*,*,#7292,.T.);
#7339 = ORIENTED_EDGE('',*,*,#4238,.T.);
#7340 = ADVANCED_FACE('',(#7341),#4311,.F.);
#7341 = FACE_BOUND('',#7342,.F.);
#7342 = EDGE_LOOP('',(#7343,#7364));
#7343 = ORIENTED_EDGE('',*,*,#7344,.T.);
#7344 = EDGE_CURVE('',#4291,#4289,#7345,.T.);
#7345 = SURFACE_CURVE('',#7346,(#7350,#7357),.PCURVE_S1.);
#7346 = LINE('',#7347,#7348);
#7347 = CARTESIAN_POINT('',(8.344709581222,-2.046539030917,8.5));
#7348 = VECTOR('',#7349,1.);
#7349 = DIRECTION('',(0.,0.,1.));
#7350 = PCURVE('',#4311,#7351);
#7351 = DEFINITIONAL_REPRESENTATION('',(#7352),#7356);
#7352 = LINE('',#7353,#7354);
#7353 = CARTESIAN_POINT('',(0.,-1.2));
#7354 = VECTOR('',#7355,1.);
#7355 = DIRECTION('',(1.,0.));
#7356 = ( GEOMETRIC_REPRESENTATION_CONTEXT(2) 
PARAMETRIC_REPRESENTATION_CONTEXT() REPRESENTATION_CONTEXT('2D SPACE',''
  ) );
#7357 = PCURVE('',#4344,#7358);
#7358 = DEFINITIONAL_REPRESENTATION('',(#7359),#7363);
#7359 = LINE('',#7360,#7361);
#7360 = CARTESIAN_POINT('',(0.,0.));
#7361 = VECTOR('',#7362,1.);
#7362 = DIRECTION('',(1.,0.));
#7363 = ( GEOMETRIC_REPRESENTATION_CONTEXT(2) 
PARAMETRIC_REPRESENTATION_CONTEXT() REPRESENTATION_CONTEXT('2D SPACE',''
  ) );
#7364 = ORIENTED_EDGE('',*,*,#4288,.T.);
#7365 = ADVANCED_FACE('',(#7366),#4344,.T.);
#7366 = FACE_BOUND('',#7367,.T.);
#7367 = EDGE_LOOP('',(#7368,#7369));
#7368 = ORIENTED_EDGE('',*,*,#4323,.T.);
#7369 = ORIENTED_EDGE('',*,*,#7344,.T.);
#7370 = ADVANCED_FACE('',(#7371),#4377,.F.);
#7371 = FACE_BOUND('',#7372,.F.);
#7372 = EDGE_LOOP('',(#7373,#7394));
#7373 = ORIENTED_EDGE('',*,*,#7374,.F.);
#7374 = EDGE_CURVE('',#4359,#4361,#7375,.T.);
#7375 = SURFACE_CURVE('',#7376,(#7380,#7387),.PCURVE_S1.);
#7376 = LINE('',#7377,#7378);
#7377 = CARTESIAN_POINT('',(8.25,1.2,8.5));
#7378 = VECTOR('',#7379,1.);
#7379 = DIRECTION('',(0.,0.,1.));
#7380 = PCURVE('',#4377,#7381);
#7381 = DEFINITIONAL_REPRESENTATION('',(#7382),#7386);
#7382 = LINE('',#7383,#7384);
#7383 = CARTESIAN_POINT('',(0.,0.));
#7384 = VECTOR('',#7385,1.);
#7385 = DIRECTION('',(1.,0.));
#7386 = ( GEOMETRIC_REPRESENTATION_CONTEXT(2) 
PARAMETRIC_REPRESENTATION_CONTEXT() REPRESENTATION_CONTEXT('2D SPACE',''
  ) );
#7387 = PCURVE('',#4404,#7388);
#7388 = DEFINITIONAL_REPRESENTATION('',(#7389),#7393);
#7389 = LINE('',#7390,#7391);
#7390 = CARTESIAN_POINT('',(0.,0.));
#7391 = VECTOR('',#7392,1.);
#7392 = DIRECTION('',(1.,0.));
#7393 = ( GEOMETRIC_REPRESENTATION_CONTEXT(2) 
PARAMETRIC_REPRESENTATION_CONTEXT() REPRESENTATION_CONTEXT('2D SPACE',''
  ) );
#7394 = ORIENTED_EDGE('',*,*,#4358,.T.);
#7395 = ADVANCED_FACE('',(#7396),#4404,.F.);
#7396 = FACE_BOUND('',#7397,.F.);
#7397 = EDGE_LOOP('',(#7398,#7419,#7420,#7421));
#7398 = ORIENTED_EDGE('',*,*,#7399,.F.);
#7399 = EDGE_CURVE('',#4390,#4416,#7400,.T.);
#7400 = SURFACE_CURVE('',#7401,(#7405,#7412),.PCURVE_S1.);
#7401 = LINE('',#7402,#7403);
#7402 = CARTESIAN_POINT('',(15.75,1.2,8.5));
#7403 = VECTOR('',#7404,1.);
#7404 = DIRECTION('',(0.,0.,1.));
#7405 = PCURVE('',#4404,#7406);
#7406 = DEFINITIONAL_REPRESENTATION('',(#7407),#7411);
#7407 = LINE('',#7408,#7409);
#7408 = CARTESIAN_POINT('',(0.,7.5));
#7409 = VECTOR('',#7410,1.);
#7410 = DIRECTION('',(1.,0.));
#7411 = ( GEOMETRIC_REPRESENTATION_CONTEXT(2) 
PARAMETRIC_REPRESENTATION_CONTEXT() REPRESENTATION_CONTEXT('2D SPACE',''
  ) );
#7412 = PCURVE('',#4432,#7413);
#7413 = DEFINITIONAL_REPRESENTATION('',(#7414),#7418);
#7414 = LINE('',#7415,#7416);
#7415 = CARTESIAN_POINT('',(0.,0.));
#7416 = VECTOR('',#7417,1.);
#7417 = DIRECTION('',(1.,0.));
#7418 = ( GEOMETRIC_REPRESENTATION_CONTEXT(2) 
PARAMETRIC_REPRESENTATION_CONTEXT() REPRESENTATION_CONTEXT('2D SPACE',''
  ) );
#7419 = ORIENTED_EDGE('',*,*,#4389,.F.);
#7420 = ORIENTED_EDGE('',*,*,#7374,.T.);
#7421 = ORIENTED_EDGE('',*,*,#4444,.T.);
#7422 = ADVANCED_FACE('',(#7423),#4432,.T.);
#7423 = FACE_BOUND('',#7424,.T.);
#7424 = EDGE_LOOP('',(#7425,#7426));
#7425 = ORIENTED_EDGE('',*,*,#7399,.F.);
#7426 = ORIENTED_EDGE('',*,*,#4415,.T.);
#7427 = ADVANCED_FACE('',(#7428),#4557,.T.);
#7428 = FACE_BOUND('',#7429,.T.);
#7429 = EDGE_LOOP('',(#7430,#7431,#7432,#7433));
#7430 = ORIENTED_EDGE('',*,*,#4597,.F.);
#7431 = ORIENTED_EDGE('',*,*,#4543,.T.);
#7432 = ORIENTED_EDGE('',*,*,#4646,.T.);
#7433 = ORIENTED_EDGE('',*,*,#4673,.F.);
#7434 = ADVANCED_FACE('',(#7435),#4758,.T.);
#7435 = FACE_BOUND('',#7436,.T.);
#7436 = EDGE_LOOP('',(#7437,#7438,#7439,#7440));
#7437 = ORIENTED_EDGE('',*,*,#4798,.F.);
#7438 = ORIENTED_EDGE('',*,*,#4744,.T.);
#7439 = ORIENTED_EDGE('',*,*,#4847,.T.);
#7440 = ORIENTED_EDGE('',*,*,#4874,.F.);
#7441 = ADVANCED_FACE('',(#7442),#4959,.T.);
#7442 = FACE_BOUND('',#7443,.T.);
#7443 = EDGE_LOOP('',(#7444,#7445,#7446,#7447));
#7444 = ORIENTED_EDGE('',*,*,#4999,.F.);
#7445 = ORIENTED_EDGE('',*,*,#4945,.T.);
#7446 = ORIENTED_EDGE('',*,*,#5048,.T.);
#7447 = ORIENTED_EDGE('',*,*,#5075,.F.);
#7448 = ADVANCED_FACE('',(#7449),#5118,.F.);
#7449 = FACE_BOUND('',#7450,.F.);
#7450 = EDGE_LOOP('',(#7451,#7452));
#7451 = ORIENTED_EDGE('',*,*,#7314,.T.);
#7452 = ORIENTED_EDGE('',*,*,#5099,.T.);
#7453 = ADVANCED_FACE('',(#7454),#5226,.F.);
#7454 = FACE_BOUND('',#7455,.F.);
#7455 = EDGE_LOOP('',(#7456,#7477,#7478));
#7456 = ORIENTED_EDGE('',*,*,#7457,.T.);
#7457 = EDGE_CURVE('',#5295,#5207,#7458,.T.);
#7458 = SURFACE_CURVE('',#7459,(#7463,#7470),.PCURVE_S1.);
#7459 = LINE('',#7460,#7461);
#7460 = CARTESIAN_POINT('',(2.046539030917,8.344709581222,8.5));
#7461 = VECTOR('',#7462,1.);
#7462 = DIRECTION('',(0.,0.,1.));
#7463 = PCURVE('',#5226,#7464);
#7464 = DEFINITIONAL_REPRESENTATION('',(#7465),#7469);
#7465 = LINE('',#7466,#7467);
#7466 = CARTESIAN_POINT('',(0.,-1.2));
#7467 = VECTOR('',#7468,1.);
#7468 = DIRECTION('',(1.,0.));
#7469 = ( GEOMETRIC_REPRESENTATION_CONTEXT(2) 
PARAMETRIC_REPRESENTATION_CONTEXT() REPRESENTATION_CONTEXT('2D SPACE',''
  ) );
#7470 = PCURVE('',#5259,#7471);
#7471 = DEFINITIONAL_REPRESENTATION('',(#7472),#7476);
#7472 = LINE('',#7473,#7474);
#7473 = CARTESIAN_POINT('',(0.,0.));
#7474 = VECTOR('',#7475,1.);
#7475 = DIRECTION('',(1.,0.));
#7476 = ( GEOMETRIC_REPRESENTATION_CONTEXT(2) 
PARAMETRIC_REPRESENTATION_CONTEXT() REPRESENTATION_CONTEXT('2D SPACE',''
  ) );
#7477 = ORIENTED_EDGE('',*,*,#5206,.T.);
#7478 = ORIENTED_EDGE('',*,*,#5322,.T.);
#7479 = ADVANCED_FACE('',(#7480),#5259,.T.);
#7480 = FACE_BOUND('',#7481,.T.);
#7481 = EDGE_LOOP('',(#7482,#7483,#7484));
#7482 = ORIENTED_EDGE('',*,*,#5294,.T.);
#7483 = ORIENTED_EDGE('',*,*,#7457,.T.);
#7484 = ORIENTED_EDGE('',*,*,#5238,.T.);
#7485 = ADVANCED_FACE('',(#7486),#5511,.F.);
#7486 = FACE_BOUND('',#7487,.F.);
#7487 = EDGE_LOOP('',(#7488,#7509,#7510,#7531));
#7488 = ORIENTED_EDGE('',*,*,#7489,.F.);
#7489 = EDGE_CURVE('',#5556,#5495,#7490,.T.);
#7490 = SURFACE_CURVE('',#7491,(#7495,#7502),.PCURVE_S1.);
#7491 = LINE('',#7492,#7493);
#7492 = CARTESIAN_POINT('',(-1.2,15.75,8.5));
#7493 = VECTOR('',#7494,1.);
#7494 = DIRECTION('',(0.,0.,1.));
#7495 = PCURVE('',#5511,#7496);
#7496 = DEFINITIONAL_REPRESENTATION('',(#7497),#7501);
#7497 = LINE('',#7498,#7499);
#7498 = CARTESIAN_POINT('',(0.,7.5));
#7499 = VECTOR('',#7500,1.);
#7500 = DIRECTION('',(1.,0.));
#7501 = ( GEOMETRIC_REPRESENTATION_CONTEXT(2) 
PARAMETRIC_REPRESENTATION_CONTEXT() REPRESENTATION_CONTEXT('2D SPACE',''
  ) );
#7502 = PCURVE('',#5591,#7503);
#7503 = DEFINITIONAL_REPRESENTATION('',(#7504),#7508);
#7504 = LINE('',#7505,#7506);
#7505 = CARTESIAN_POINT('',(0.,0.));
#7506 = VECTOR('',#7507,1.);
#7507 = DIRECTION('',(1.,0.));
#7508 = ( GEOMETRIC_REPRESENTATION_CONTEXT(2) 
PARAMETRIC_REPRESENTATION_CONTEXT() REPRESENTATION_CONTEXT('2D SPACE',''
  ) );
#7509 = ORIENTED_EDGE('',*,*,#5555,.T.);
#7510 = ORIENTED_EDGE('',*,*,#7511,.T.);
#7511 = EDGE_CURVE('',#5523,#5497,#7512,.T.);
#7512 = SURFACE_CURVE('',#7513,(#7517,#7524),.PCURVE_S1.);
#7513 = LINE('',#7514,#7515);
#7514 = CARTESIAN_POINT('',(-1.2,8.25,8.5));
#7515 = VECTOR('',#7516,1.);
#7516 = DIRECTION('',(0.,0.,1.));
#7517 = PCURVE('',#5511,#7518);
#7518 = DEFINITIONAL_REPRESENTATION('',(#7519),#7523);
#7519 = LINE('',#7520,#7521);
#7520 = CARTESIAN_POINT('',(0.,0.));
#7521 = VECTOR('',#7522,1.);
#7522 = DIRECTION('',(1.,0.));
#7523 = ( GEOMETRIC_REPRESENTATION_CONTEXT(2) 
PARAMETRIC_REPRESENTATION_CONTEXT() REPRESENTATION_CONTEXT('2D SPACE',''
  ) );
#7524 = PCURVE('',#5539,#7525);
#7525 = DEFINITIONAL_REPRESENTATION('',(#7526),#7530);
#7526 = LINE('',#7527,#7528);
#7527 = CARTESIAN_POINT('',(0.,0.));
#7528 = VECTOR('',#7529,1.);
#7529 = DIRECTION('',(1.,0.));
#7530 = ( GEOMETRIC_REPRESENTATION_CONTEXT(2) 
PARAMETRIC_REPRESENTATION_CONTEXT() REPRESENTATION_CONTEXT('2D SPACE',''
  ) );
#7531 = ORIENTED_EDGE('',*,*,#5494,.F.);
#7532 = ADVANCED_FACE('',(#7533),#5591,.T.);
#7533 = FACE_BOUND('',#7534,.T.);
#7534 = EDGE_LOOP('',(#7535,#7536));
#7535 = ORIENTED_EDGE('',*,*,#7489,.F.);
#7536 = ORIENTED_EDGE('',*,*,#5576,.F.);
#7537 = ADVANCED_FACE('',(#7538),#5539,.F.);
#7538 = FACE_BOUND('',#7539,.F.);
#7539 = EDGE_LOOP('',(#7540,#7541));
#7540 = ORIENTED_EDGE('',*,*,#7511,.F.);
#7541 = ORIENTED_EDGE('',*,*,#5522,.F.);
#7542 = ADVANCED_FACE('',(#7543),#5671,.T.);
#7543 = FACE_BOUND('',#7544,.T.);
#7544 = EDGE_LOOP('',(#7545,#7546,#7547,#7548));
#7545 = ORIENTED_EDGE('',*,*,#5711,.F.);
#7546 = ORIENTED_EDGE('',*,*,#5657,.T.);
#7547 = ORIENTED_EDGE('',*,*,#5760,.T.);
#7548 = ORIENTED_EDGE('',*,*,#5787,.F.);
#7549 = ADVANCED_FACE('',(#7550),#5872,.T.);
#7550 = FACE_BOUND('',#7551,.T.);
#7551 = EDGE_LOOP('',(#7552,#7553,#7554,#7555));
#7552 = ORIENTED_EDGE('',*,*,#5912,.F.);
#7553 = ORIENTED_EDGE('',*,*,#5858,.T.);
#7554 = ORIENTED_EDGE('',*,*,#5961,.T.);
#7555 = ORIENTED_EDGE('',*,*,#5988,.F.);
#7556 = ADVANCED_FACE('',(#7557),#6073,.T.);
#7557 = FACE_BOUND('',#7558,.T.);
#7558 = EDGE_LOOP('',(#7559,#7560,#7561,#7562));
#7559 = ORIENTED_EDGE('',*,*,#6113,.F.);
#7560 = ORIENTED_EDGE('',*,*,#6059,.T.);
#7561 = ORIENTED_EDGE('',*,*,#6162,.T.);
#7562 = ORIENTED_EDGE('',*,*,#6189,.F.);
#7563 = ADVANCED_FACE('',(#7564),#6274,.T.);
#7564 = FACE_BOUND('',#7565,.T.);
#7565 = EDGE_LOOP('',(#7566,#7567,#7568,#7569));
#7566 = ORIENTED_EDGE('',*,*,#6314,.F.);
#7567 = ORIENTED_EDGE('',*,*,#6260,.T.);
#7568 = ORIENTED_EDGE('',*,*,#6363,.T.);
#7569 = ORIENTED_EDGE('',*,*,#6390,.F.);
#7570 = ADVANCED_FACE('',(#7571),#6475,.T.);
#7571 = FACE_BOUND('',#7572,.T.);
#7572 = EDGE_LOOP('',(#7573,#7574,#7575,#7576));
#7573 = ORIENTED_EDGE('',*,*,#6515,.F.);
#7574 = ORIENTED_EDGE('',*,*,#6461,.T.);
#7575 = ORIENTED_EDGE('',*,*,#6564,.T.);
#7576 = ORIENTED_EDGE('',*,*,#6591,.F.);
#7577 = ADVANCED_FACE('',(#7578),#6676,.T.);
#7578 = FACE_BOUND('',#7579,.T.);
#7579 = EDGE_LOOP('',(#7580,#7581,#7582,#7583));
#7580 = ORIENTED_EDGE('',*,*,#6716,.F.);
#7581 = ORIENTED_EDGE('',*,*,#6662,.T.);
#7582 = ORIENTED_EDGE('',*,*,#6765,.T.);
#7583 = ORIENTED_EDGE('',*,*,#6792,.F.);
#7584 = ADVANCED_FACE('',(#7585),#6877,.T.);
#7585 = FACE_BOUND('',#7586,.T.);
#7586 = EDGE_LOOP('',(#7587,#7588,#7589,#7590));
#7587 = ORIENTED_EDGE('',*,*,#6917,.F.);
#7588 = ORIENTED_EDGE('',*,*,#6863,.T.);
#7589 = ORIENTED_EDGE('',*,*,#6966,.T.);
#7590 = ORIENTED_EDGE('',*,*,#6993,.F.);
#7591 = ADVANCED_FACE('',(#7592),#7078,.T.);
#7592 = FACE_BOUND('',#7593,.T.);
#7593 = EDGE_LOOP('',(#7594,#7595,#7596,#7597));
#7594 = ORIENTED_EDGE('',*,*,#7118,.F.);
#7595 = ORIENTED_EDGE('',*,*,#7064,.T.);
#7596 = ORIENTED_EDGE('',*,*,#7167,.T.);
#7597 = ORIENTED_EDGE('',*,*,#7194,.F.);
#7598 = ORIENTED_CLOSED_SHELL('',*,#7599,.F.);
#7599 = CLOSED_SHELL('',(#7600,#7695,#7726));
#7600 = ADVANCED_FACE('',(#7601),#7616,.F.);
#7601 = FACE_BOUND('',#7602,.F.);
#7602 = EDGE_LOOP('',(#7603,#7643,#7669));
#7603 = ORIENTED_EDGE('',*,*,#7604,.F.);
#7604 = EDGE_CURVE('',#7605,#7607,#7609,.T.);
#7605 = VERTEX_POINT('',#7606);
#7606 = CARTESIAN_POINT('',(2.4,-14.5,18.84257215821));
#7607 = VERTEX_POINT('',#7608);
#7608 = CARTESIAN_POINT('',(2.4,-13.41111111111,17.5));
#7609 = SURFACE_CURVE('',#7610,(#7615,#7627),.PCURVE_S1.);
#7610 = HYPERBOLA('',#7611,7.466666666667,2.4);
#7611 = AXIS2_PLACEMENT_3D('',#7612,#7613,#7614);
#7612 = CARTESIAN_POINT('',(2.4,-5.944444444444,17.5));
#7613 = DIRECTION('',(1.,-2.22044604925E-16,0.));
#7614 = DIRECTION('',(-2.22044604925E-16,-1.,0.));
#7615 = PCURVE('',#7616,#7621);
#7616 = PLANE('',#7617);
#7617 = AXIS2_PLACEMENT_3D('',#7618,#7619,#7620);
#7618 = CARTESIAN_POINT('',(2.4,-8.25,8.5));
#7619 = DIRECTION('',(1.,-2.22044604925E-16,0.));
#7620 = DIRECTION('',(0.,0.,1.));
#7621 = DEFINITIONAL_REPRESENTATION('',(#7622),#7626);
#7622 = ( BOUNDED_CURVE() B_SPLINE_CURVE(2,(#7623,#7624,#7625),
.UNSPECIFIED.,.F.,.F.) B_SPLINE_CURVE_WITH_KNOTS((3,3),(-0.53370492457,
0.),.PIECEWISE_BEZIER_KNOTS.) CURVE() GEOMETRIC_REPRESENTATION_ITEM() 
RATIONAL_B_SPLINE_CURVE((1.,1.035816907888,1.)) REPRESENTATION_ITEM('') 
  );
#7623 = CARTESIAN_POINT('',(10.34257215821,6.25));
#7624 = CARTESIAN_POINT('',(9.625664695088,5.161111111111));
#7625 = CARTESIAN_POINT('',(9.,5.161111111111));
#7626 = ( GEOMETRIC_REPRESENTATION_CONTEXT(2) 
PARAMETRIC_REPRESENTATION_CONTEXT() REPRESENTATION_CONTEXT('2D SPACE',''
  ) );
#7627 = PCURVE('',#7628,#7633);
#7628 = CONICAL_SURFACE('',#7629,2.75,0.310998280606);
#7629 = AXIS2_PLACEMENT_3D('',#7630,#7631,#7632);
#7630 = CARTESIAN_POINT('',(0.,-14.5,17.5));
#7631 = DIRECTION('',(-0.,-1.,-0.));
#7632 = DIRECTION('',(1.,0.,-0.));
#7633 = DEFINITIONAL_REPRESENTATION('',(#7634),#7642);
#7634 = B_SPLINE_CURVE_WITH_KNOTS('',6,(#7635,#7636,#7637,#7638,#7639,
    #7640,#7641),.UNSPECIFIED.,.F.,.F.,(7,7),(-0.53370492457,0.),
  .PIECEWISE_BEZIER_KNOTS.);
#7635 = CARTESIAN_POINT('',(-5.773150003661,6.569439918198E-15));
#7636 = CARTESIAN_POINT('',(-5.850779810871,-0.371537896814));
#7637 = CARTESIAN_POINT('',(-5.932454827229,-0.661843406909));
#7638 = CARTESIAN_POINT('',(-6.017597873686,-0.876207753267));
#7639 = CARTESIAN_POINT('',(-6.10528403676,-1.017995116179));
#7640 = CARTESIAN_POINT('',(-6.194234486418,-1.088888888889));
#7641 = CARTESIAN_POINT('',(-6.28318530718,-1.088888888889));
#7642 = ( GEOMETRIC_REPRESENTATION_CONTEXT(2) 
PARAMETRIC_REPRESENTATION_CONTEXT() REPRESENTATION_CONTEXT('2D SPACE',''
  ) );
#7643 = ORIENTED_EDGE('',*,*,#7644,.T.);
#7644 = EDGE_CURVE('',#7605,#7645,#7647,.T.);
#7645 = VERTEX_POINT('',#7646);
#7646 = CARTESIAN_POINT('',(2.4,-14.5,16.15742784179));
#7647 = SURFACE_CURVE('',#7648,(#7652,#7658),.PCURVE_S1.);
#7648 = LINE('',#7649,#7650);
#7649 = CARTESIAN_POINT('',(2.4,-14.5,13.));
#7650 = VECTOR('',#7651,1.);
#7651 = DIRECTION('',(0.,0.,-1.));
#7652 = PCURVE('',#7616,#7653);
#7653 = DEFINITIONAL_REPRESENTATION('',(#7654),#7657);
#7654 = B_SPLINE_CURVE_WITH_KNOTS('',1,(#7655,#7656),.UNSPECIFIED.,.F.,
  .F.,(2,2),(-7.25,-1.75),.PIECEWISE_BEZIER_KNOTS.);
#7655 = CARTESIAN_POINT('',(11.75,6.25));
#7656 = CARTESIAN_POINT('',(6.25,6.25));
#7657 = ( GEOMETRIC_REPRESENTATION_CONTEXT(2) 
PARAMETRIC_REPRESENTATION_CONTEXT() REPRESENTATION_CONTEXT('2D SPACE',''
  ) );
#7658 = PCURVE('',#7659,#7664);
#7659 = PLANE('',#7660);
#7660 = AXIS2_PLACEMENT_3D('',#7661,#7662,#7663);
#7661 = CARTESIAN_POINT('',(0.,-14.5,17.5));
#7662 = DIRECTION('',(0.,1.,0.));
#7663 = DIRECTION('',(1.,0.,-0.));
#7664 = DEFINITIONAL_REPRESENTATION('',(#7665),#7668);
#7665 = B_SPLINE_CURVE_WITH_KNOTS('',1,(#7666,#7667),.UNSPECIFIED.,.F.,
  .F.,(2,2),(-7.25,-1.75),.PIECEWISE_BEZIER_KNOTS.);
#7666 = CARTESIAN_POINT('',(2.4,-2.75));
#7667 = CARTESIAN_POINT('',(2.4,2.75));
#7668 = ( GEOMETRIC_REPRESENTATION_CONTEXT(2) 
PARAMETRIC_REPRESENTATION_CONTEXT() REPRESENTATION_CONTEXT('2D SPACE',''
  ) );
#7669 = ORIENTED_EDGE('',*,*,#7670,.F.);
#7670 = EDGE_CURVE('',#7607,#7645,#7671,.T.);
#7671 = SURFACE_CURVE('',#7672,(#7677,#7684),.PCURVE_S1.);
#7672 = HYPERBOLA('',#7673,7.466666666667,2.4);
#7673 = AXIS2_PLACEMENT_3D('',#7674,#7675,#7676);
#7674 = CARTESIAN_POINT('',(2.4,-5.944444444444,17.5));
#7675 = DIRECTION('',(1.,-2.22044604925E-16,0.));
#7676 = DIRECTION('',(-2.22044604925E-16,-1.,0.));
#7677 = PCURVE('',#7616,#7678);
#7678 = DEFINITIONAL_REPRESENTATION('',(#7679),#7683);
#7679 = ( BOUNDED_CURVE() B_SPLINE_CURVE(2,(#7680,#7681,#7682),
.UNSPECIFIED.,.F.,.F.) B_SPLINE_CURVE_WITH_KNOTS((3,3),(0.,0.53370492457
),.PIECEWISE_BEZIER_KNOTS.) CURVE() GEOMETRIC_REPRESENTATION_ITEM() 
RATIONAL_B_SPLINE_CURVE((1.,1.035816907888,1.)) REPRESENTATION_ITEM('') 
  );
#7680 = CARTESIAN_POINT('',(9.,5.161111111111));
#7681 = CARTESIAN_POINT('',(8.374335304912,5.161111111111));
#7682 = CARTESIAN_POINT('',(7.65742784179,6.25));
#7683 = ( GEOMETRIC_REPRESENTATION_CONTEXT(2) 
PARAMETRIC_REPRESENTATION_CONTEXT() REPRESENTATION_CONTEXT('2D SPACE',''
  ) );
#7684 = PCURVE('',#7628,#7685);
#7685 = DEFINITIONAL_REPRESENTATION('',(#7686),#7694);
#7686 = B_SPLINE_CURVE_WITH_KNOTS('',6,(#7687,#7688,#7689,#7690,#7691,
    #7692,#7693),.UNSPECIFIED.,.F.,.F.,(7,7),(0.,0.53370492457),
  .PIECEWISE_BEZIER_KNOTS.);
#7687 = CARTESIAN_POINT('',(-6.28318530718,-1.088888888889));
#7688 = CARTESIAN_POINT('',(-6.372136127941,-1.088888888889));
#7689 = CARTESIAN_POINT('',(-6.461086577599,-1.017995116179));
#7690 = CARTESIAN_POINT('',(-6.548772740673,-0.876207753267));
#7691 = CARTESIAN_POINT('',(-6.633915787131,-0.661843406909));
#7692 = CARTESIAN_POINT('',(-6.715590803488,-0.371537896814));
#7693 = CARTESIAN_POINT('',(-6.793220610698,6.698816196675E-15));
#7694 = ( GEOMETRIC_REPRESENTATION_CONTEXT(2) 
PARAMETRIC_REPRESENTATION_CONTEXT() REPRESENTATION_CONTEXT('2D SPACE',''
  ) );
#7695 = ADVANCED_FACE('',(#7696),#7628,.T.);
#7696 = FACE_BOUND('',#7697,.T.);
#7697 = EDGE_LOOP('',(#7698,#7724,#7725));
#7698 = ORIENTED_EDGE('',*,*,#7699,.F.);
#7699 = EDGE_CURVE('',#7645,#7605,#7700,.T.);
#7700 = SURFACE_CURVE('',#7701,(#7706,#7713),.PCURVE_S1.);
#7701 = CIRCLE('',#7702,2.75);
#7702 = AXIS2_PLACEMENT_3D('',#7703,#7704,#7705);
#7703 = CARTESIAN_POINT('',(0.,-14.5,17.5));
#7704 = DIRECTION('',(0.,-1.,0.));
#7705 = DIRECTION('',(0.872727272727,0.,-0.488208057531));
#7706 = PCURVE('',#7628,#7707);
#7707 = DEFINITIONAL_REPRESENTATION('',(#7708),#7712);
#7708 = LINE('',#7709,#7710);
#7709 = CARTESIAN_POINT('',(-6.793220610698,-0.));
#7710 = VECTOR('',#7711,1.);
#7711 = DIRECTION('',(1.,-0.));
#7712 = ( GEOMETRIC_REPRESENTATION_CONTEXT(2) 
PARAMETRIC_REPRESENTATION_CONTEXT() REPRESENTATION_CONTEXT('2D SPACE',''
  ) );
#7713 = PCURVE('',#7659,#7714);
#7714 = DEFINITIONAL_REPRESENTATION('',(#7715),#7723);
#7715 = ( BOUNDED_CURVE() B_SPLINE_CURVE(2,(#7716,#7717,#7718,#7719,
#7720,#7721,#7722),.UNSPECIFIED.,.T.,.F.) B_SPLINE_CURVE_WITH_KNOTS((1,2
    ,2,2,2,1),(-2.094395102393,0.,2.094395102393,4.188790204786,
6.28318530718,8.377580409573),.UNSPECIFIED.) CURVE() 
GEOMETRIC_REPRESENTATION_ITEM() RATIONAL_B_SPLINE_CURVE((1.,0.5,1.,0.5,
1.,0.5,1.)) REPRESENTATION_ITEM('') );
#7716 = CARTESIAN_POINT('',(2.4,1.34257215821));
#7717 = CARTESIAN_POINT('',(4.725403190847,-2.814349779956));
#7718 = CARTESIAN_POINT('',(-3.729840457664E-02,-2.749747048188));
#7719 = CARTESIAN_POINT('',(-4.8,-2.68514431642));
#7720 = CARTESIAN_POINT('',(-2.362701595423,1.407174889978));
#7721 = CARTESIAN_POINT('',(7.459680915328E-02,5.499494096375));
#7722 = CARTESIAN_POINT('',(2.4,1.34257215821));
#7723 = ( GEOMETRIC_REPRESENTATION_CONTEXT(2) 
PARAMETRIC_REPRESENTATION_CONTEXT() REPRESENTATION_CONTEXT('2D SPACE',''
  ) );
#7724 = ORIENTED_EDGE('',*,*,#7670,.F.);
#7725 = ORIENTED_EDGE('',*,*,#7604,.F.);
#7726 = ADVANCED_FACE('',(#7727),#7659,.F.);
#7727 = FACE_BOUND('',#7728,.F.);
#7728 = EDGE_LOOP('',(#7729,#7730));
#7729 = ORIENTED_EDGE('',*,*,#7644,.F.);
#7730 = ORIENTED_EDGE('',*,*,#7699,.F.);
#7731 = ORIENTED_CLOSED_SHELL('',*,#7732,.F.);
#7732 = CLOSED_SHELL('',(#7733,#7838,#7916,#7921));
#7733 = ADVANCED_FACE('',(#7734),#7749,.T.);
#7734 = FACE_BOUND('',#7735,.T.);
#7735 = EDGE_LOOP('',(#7736,#7781,#7807));
#7736 = ORIENTED_EDGE('',*,*,#7737,.F.);
#7737 = EDGE_CURVE('',#7738,#7740,#7742,.T.);
#7738 = VERTEX_POINT('',#7739);
#7739 = CARTESIAN_POINT('',(1.2,-14.5,19.974368606332));
#7740 = VERTEX_POINT('',#7741);
#7741 = CARTESIAN_POINT('',(1.2,-9.677777777778,17.5));
#7742 = SURFACE_CURVE('',#7743,(#7748,#7760),.PCURVE_S1.);
#7743 = HYPERBOLA('',#7744,3.733333333333,1.2);
#7744 = AXIS2_PLACEMENT_3D('',#7745,#7746,#7747);
#7745 = CARTESIAN_POINT('',(1.2,-5.944444444444,17.5));
#7746 = DIRECTION('',(1.,-2.22044604925E-16,0.));
#7747 = DIRECTION('',(-2.22044604925E-16,-1.,0.));
#7748 = PCURVE('',#7749,#7754);
#7749 = PLANE('',#7750);
#7750 = AXIS2_PLACEMENT_3D('',#7751,#7752,#7753);
#7751 = CARTESIAN_POINT('',(1.2,-8.25,8.5));
#7752 = DIRECTION('',(1.,-2.22044604925E-16,0.));
#7753 = DIRECTION('',(0.,0.,1.));
#7754 = DEFINITIONAL_REPRESENTATION('',(#7755),#7759);
#7755 = ( BOUNDED_CURVE() B_SPLINE_CURVE(2,(#7756,#7757,#7758),
.UNSPECIFIED.,.F.,.F.) B_SPLINE_CURVE_WITH_KNOTS((3,3),(-1.471012392862,
0.),.PIECEWISE_BEZIER_KNOTS.) CURVE() GEOMETRIC_REPRESENTATION_ITEM() 
RATIONAL_B_SPLINE_CURVE((1.,1.282900359862,1.)) REPRESENTATION_ITEM('') 
  );
#7756 = CARTESIAN_POINT('',(11.474368606332,6.25));
#7757 = CARTESIAN_POINT('',(9.751706918379,1.427777777778));
#7758 = CARTESIAN_POINT('',(9.,1.427777777778));
#7759 = ( GEOMETRIC_REPRESENTATION_CONTEXT(2) 
PARAMETRIC_REPRESENTATION_CONTEXT() REPRESENTATION_CONTEXT('2D SPACE',''
  ) );
#7760 = PCURVE('',#7761,#7766);
#7761 = CONICAL_SURFACE('',#7762,2.75,0.310998280606);
#7762 = AXIS2_PLACEMENT_3D('',#7763,#7764,#7765);
#7763 = CARTESIAN_POINT('',(0.,-14.5,17.5));
#7764 = DIRECTION('',(0.,-1.,0.));
#7765 = DIRECTION('',(1.,0.,-0.));
#7766 = DEFINITIONAL_REPRESENTATION('',(#7767),#7780);
#7767 = B_SPLINE_CURVE_WITH_KNOTS('',6,(#7768,#7769,#7770,#7771,#7772,
    #7773,#7774,#7775,#7776,#7777,#7778,#7779),.UNSPECIFIED.,.F.,.F.,(7,
    5,7),(-1.471012392862,-0.735506196431,0.),.UNSPECIFIED.);
#7768 = CARTESIAN_POINT('',(-5.16394223933,3.349408098337E-15));
#7769 = CARTESIAN_POINT('',(-5.21743359907,-0.943658821887));
#7770 = CARTESIAN_POINT('',(-5.278005650581,-1.733041897887));
#7771 = CARTESIAN_POINT('',(-5.346549580611,-2.393668527708));
#7772 = CARTESIAN_POINT('',(-5.423928964142,-2.944127839739));
#7773 = CARTESIAN_POINT('',(-5.510677747898,-3.398277514024));
#7774 = CARTESIAN_POINT('',(-5.701782793788,-4.133844243453));
#7775 = CARTESIAN_POINT('',(-5.806140993332,-4.415262152155));
#7776 = CARTESIAN_POINT('',(-5.918741120851,-4.620261012496));
#7777 = CARTESIAN_POINT('',(-6.038017522165,-4.754901418913));
#7778 = CARTESIAN_POINT('',(-6.160600941108,-4.822222222222));
#7779 = CARTESIAN_POINT('',(-6.28318530718,-4.822222222222));
#7780 = ( GEOMETRIC_REPRESENTATION_CONTEXT(2) 
PARAMETRIC_REPRESENTATION_CONTEXT() REPRESENTATION_CONTEXT('2D SPACE',''
  ) );
#7781 = ORIENTED_EDGE('',*,*,#7782,.T.);
#7782 = EDGE_CURVE('',#7738,#7783,#7785,.T.);
#7783 = VERTEX_POINT('',#7784);
#7784 = CARTESIAN_POINT('',(1.2,-14.5,15.025631393668));
#7785 = SURFACE_CURVE('',#7786,(#7790,#7796),.PCURVE_S1.);
#7786 = LINE('',#7787,#7788);
#7787 = CARTESIAN_POINT('',(1.2,-14.5,13.));
#7788 = VECTOR('',#7789,1.);
#7789 = DIRECTION('',(0.,0.,-1.));
#7790 = PCURVE('',#7749,#7791);
#7791 = DEFINITIONAL_REPRESENTATION('',(#7792),#7795);
#7792 = B_SPLINE_CURVE_WITH_KNOTS('',1,(#7793,#7794),.UNSPECIFIED.,.F.,
  .F.,(2,2),(-7.25,-1.75),.PIECEWISE_BEZIER_KNOTS.);
#7793 = CARTESIAN_POINT('',(11.75,6.25));
#7794 = CARTESIAN_POINT('',(6.25,6.25));
#7795 = ( GEOMETRIC_REPRESENTATION_CONTEXT(2) 
PARAMETRIC_REPRESENTATION_CONTEXT() REPRESENTATION_CONTEXT('2D SPACE',''
  ) );
#7796 = PCURVE('',#7797,#7802);
#7797 = PLANE('',#7798);
#7798 = AXIS2_PLACEMENT_3D('',#7799,#7800,#7801);
#7799 = CARTESIAN_POINT('',(0.,-14.5,17.5));
#7800 = DIRECTION('',(0.,1.,0.));
#7801 = DIRECTION('',(1.,0.,-0.));
#7802 = DEFINITIONAL_REPRESENTATION('',(#7803),#7806);
#7803 = B_SPLINE_CURVE_WITH_KNOTS('',1,(#7804,#7805),.UNSPECIFIED.,.F.,
  .F.,(2,2),(-7.25,-1.75),.PIECEWISE_BEZIER_KNOTS.);
#7804 = CARTESIAN_POINT('',(1.2,-2.75));
#7805 = CARTESIAN_POINT('',(1.2,2.75));
#7806 = ( GEOMETRIC_REPRESENTATION_CONTEXT(2) 
PARAMETRIC_REPRESENTATION_CONTEXT() REPRESENTATION_CONTEXT('2D SPACE',''
  ) );
#7807 = ORIENTED_EDGE('',*,*,#7808,.F.);
#7808 = EDGE_CURVE('',#7740,#7783,#7809,.T.);
#7809 = SURFACE_CURVE('',#7810,(#7815,#7822),.PCURVE_S1.);
#7810 = HYPERBOLA('',#7811,3.733333333333,1.2);
#7811 = AXIS2_PLACEMENT_3D('',#7812,#7813,#7814);
#7812 = CARTESIAN_POINT('',(1.2,-5.944444444444,17.5));
#7813 = DIRECTION('',(1.,-2.22044604925E-16,0.));
#7814 = DIRECTION('',(-2.22044604925E-16,-1.,0.));
#7815 = PCURVE('',#7749,#7816);
#7816 = DEFINITIONAL_REPRESENTATION('',(#7817),#7821);
#7817 = ( BOUNDED_CURVE() B_SPLINE_CURVE(2,(#7818,#7819,#7820),
.UNSPECIFIED.,.F.,.F.) B_SPLINE_CURVE_WITH_KNOTS((3,3),(0.,
1.471012392862),.PIECEWISE_BEZIER_KNOTS.) CURVE() 
GEOMETRIC_REPRESENTATION_ITEM() RATIONAL_B_SPLINE_CURVE((1.,
1.282900359862,1.)) REPRESENTATION_ITEM('') );
#7818 = CARTESIAN_POINT('',(9.,1.427777777778));
#7819 = CARTESIAN_POINT('',(8.248293081621,1.427777777778));
#7820 = CARTESIAN_POINT('',(6.525631393668,6.25));
#7821 = ( GEOMETRIC_REPRESENTATION_CONTEXT(2) 
PARAMETRIC_REPRESENTATION_CONTEXT() REPRESENTATION_CONTEXT('2D SPACE',''
  ) );
#7822 = PCURVE('',#7761,#7823);
#7823 = DEFINITIONAL_REPRESENTATION('',(#7824),#7837);
#7824 = B_SPLINE_CURVE_WITH_KNOTS('',6,(#7825,#7826,#7827,#7828,#7829,
    #7830,#7831,#7832,#7833,#7834,#7835,#7836),.UNSPECIFIED.,.F.,.F.,(7,
    5,7),(0.,0.735506196431,1.471012392862),.UNSPECIFIED.);
#7825 = CARTESIAN_POINT('',(0.,-4.822222222222));
#7826 = CARTESIAN_POINT('',(-0.122584366072,-4.822222222222));
#7827 = CARTESIAN_POINT('',(-0.245167785015,-4.754901418913));
#7828 = CARTESIAN_POINT('',(-0.364444186329,-4.620261012496));
#7829 = CARTESIAN_POINT('',(-0.477044313848,-4.415262152155));
#7830 = CARTESIAN_POINT('',(-0.581402513392,-4.133844243453));
#7831 = CARTESIAN_POINT('',(-0.772507559282,-3.398277514024));
#7832 = CARTESIAN_POINT('',(-0.859256343038,-2.944127839739));
#7833 = CARTESIAN_POINT('',(-0.936635726568,-2.393668527708));
#7834 = CARTESIAN_POINT('',(-1.005179656599,-1.733041897887));
#7835 = CARTESIAN_POINT('',(-1.065751708109,-0.943658821887));
#7836 = CARTESIAN_POINT('',(-1.11924306785,3.220031819861E-15));
#7837 = ( GEOMETRIC_REPRESENTATION_CONTEXT(2) 
PARAMETRIC_REPRESENTATION_CONTEXT() REPRESENTATION_CONTEXT('2D SPACE',''
  ) );
#7838 = ADVANCED_FACE('',(#7839),#7761,.T.);
#7839 = FACE_BOUND('',#7840,.T.);
#7840 = EDGE_LOOP('',(#7841,#7864,#7891,#7892,#7893,#7915));
#7841 = ORIENTED_EDGE('',*,*,#7842,.T.);
#7842 = EDGE_CURVE('',#7740,#7843,#7845,.T.);
#7843 = VERTEX_POINT('',#7844);
#7844 = CARTESIAN_POINT('',(0.5,-7.5,17.5));
#7845 = SEAM_CURVE('',#7846,(#7850,#7857),.PCURVE_S1.);
#7846 = LINE('',#7847,#7848);
#7847 = CARTESIAN_POINT('',(2.75,-14.5,17.5));
#7848 = VECTOR('',#7849,1.);
#7849 = DIRECTION('',(-0.306009180413,0.952028561285,-7.495063266053E-17
    ));
#7850 = PCURVE('',#7761,#7851);
#7851 = DEFINITIONAL_REPRESENTATION('',(#7852),#7856);
#7852 = LINE('',#7853,#7854);
#7853 = CARTESIAN_POINT('',(-6.28318530718,0.));
#7854 = VECTOR('',#7855,1.);
#7855 = DIRECTION('',(-0.,-1.));
#7856 = ( GEOMETRIC_REPRESENTATION_CONTEXT(2) 
PARAMETRIC_REPRESENTATION_CONTEXT() REPRESENTATION_CONTEXT('2D SPACE',''
  ) );
#7857 = PCURVE('',#7761,#7858);
#7858 = DEFINITIONAL_REPRESENTATION('',(#7859),#7863);
#7859 = LINE('',#7860,#7861);
#7860 = CARTESIAN_POINT('',(0.,-0.));
#7861 = VECTOR('',#7862,1.);
#7862 = DIRECTION('',(-0.,-1.));
#7863 = ( GEOMETRIC_REPRESENTATION_CONTEXT(2) 
PARAMETRIC_REPRESENTATION_CONTEXT() REPRESENTATION_CONTEXT('2D SPACE',''
  ) );
#7864 = ORIENTED_EDGE('',*,*,#7865,.F.);
#7865 = EDGE_CURVE('',#7843,#7843,#7866,.T.);
#7866 = SURFACE_CURVE('',#7867,(#7872,#7879),.PCURVE_S1.);
#7867 = CIRCLE('',#7868,0.5);
#7868 = AXIS2_PLACEMENT_3D('',#7869,#7870,#7871);
#7869 = CARTESIAN_POINT('',(0.,-7.5,17.5));
#7870 = DIRECTION('',(0.,1.,0.));
#7871 = DIRECTION('',(1.,0.,-0.));
#7872 = PCURVE('',#7761,#7873);
#7873 = DEFINITIONAL_REPRESENTATION('',(#7874),#7878);
#7874 = LINE('',#7875,#7876);
#7875 = CARTESIAN_POINT('',(-0.,-7.));
#7876 = VECTOR('',#7877,1.);
#7877 = DIRECTION('',(-1.,-0.));
#7878 = ( GEOMETRIC_REPRESENTATION_CONTEXT(2) 
PARAMETRIC_REPRESENTATION_CONTEXT() REPRESENTATION_CONTEXT('2D SPACE',''
  ) );
#7879 = PCURVE('',#7880,#7885);
#7880 = PLANE('',#7881);
#7881 = AXIS2_PLACEMENT_3D('',#7882,#7883,#7884);
#7882 = CARTESIAN_POINT('',(0.,-7.5,17.5));
#7883 = DIRECTION('',(0.,1.,0.));
#7884 = DIRECTION('',(1.,0.,-0.));
#7885 = DEFINITIONAL_REPRESENTATION('',(#7886),#7890);
#7886 = CIRCLE('',#7887,0.5);
#7887 = AXIS2_PLACEMENT_2D('',#7888,#7889);
#7888 = CARTESIAN_POINT('',(0.,0.));
#7889 = DIRECTION('',(1.,0.));
#7890 = ( GEOMETRIC_REPRESENTATION_CONTEXT(2) 
PARAMETRIC_REPRESENTATION_CONTEXT() REPRESENTATION_CONTEXT('2D SPACE',''
  ) );
#7891 = ORIENTED_EDGE('',*,*,#7842,.F.);
#7892 = ORIENTED_EDGE('',*,*,#7808,.T.);
#7893 = ORIENTED_EDGE('',*,*,#7894,.T.);
#7894 = EDGE_CURVE('',#7783,#7738,#7895,.T.);
#7895 = SURFACE_CURVE('',#7896,(#7901,#7908),.PCURVE_S1.);
#7896 = CIRCLE('',#7897,2.75);
#7897 = AXIS2_PLACEMENT_3D('',#7898,#7899,#7900);
#7898 = CARTESIAN_POINT('',(0.,-14.5,17.5));
#7899 = DIRECTION('',(0.,1.,0.));
#7900 = DIRECTION('',(1.,0.,-0.));
#7901 = PCURVE('',#7761,#7902);
#7902 = DEFINITIONAL_REPRESENTATION('',(#7903),#7907);
#7903 = LINE('',#7904,#7905);
#7904 = CARTESIAN_POINT('',(-0.,-0.));
#7905 = VECTOR('',#7906,1.);
#7906 = DIRECTION('',(-1.,-0.));
#7907 = ( GEOMETRIC_REPRESENTATION_CONTEXT(2) 
PARAMETRIC_REPRESENTATION_CONTEXT() REPRESENTATION_CONTEXT('2D SPACE',''
  ) );
#7908 = PCURVE('',#7797,#7909);
#7909 = DEFINITIONAL_REPRESENTATION('',(#7910),#7914);
#7910 = CIRCLE('',#7911,2.75);
#7911 = AXIS2_PLACEMENT_2D('',#7912,#7913);
#7912 = CARTESIAN_POINT('',(0.,0.));
#7913 = DIRECTION('',(1.,0.));
#7914 = ( GEOMETRIC_REPRESENTATION_CONTEXT(2) 
PARAMETRIC_REPRESENTATION_CONTEXT() REPRESENTATION_CONTEXT('2D SPACE',''
  ) );
#7915 = ORIENTED_EDGE('',*,*,#7737,.T.);
#7916 = ADVANCED_FACE('',(#7917),#7797,.F.);
#7917 = FACE_BOUND('',#7918,.F.);
#7918 = EDGE_LOOP('',(#7919,#7920));
#7919 = ORIENTED_EDGE('',*,*,#7782,.T.);
#7920 = ORIENTED_EDGE('',*,*,#7894,.T.);
#7921 = ADVANCED_FACE('',(#7922),#7880,.T.);
#7922 = FACE_BOUND('',#7923,.T.);
#7923 = EDGE_LOOP('',(#7924));
#7924 = ORIENTED_EDGE('',*,*,#7865,.T.);
#7925 = ORIENTED_CLOSED_SHELL('',*,#7926,.F.);
#7926 = CLOSED_SHELL('',(#7927,#8044,#8090,#8284,#8289,#8293,#8297,#8322
    ));
#7927 = ADVANCED_FACE('',(#7928),#7942,.T.);
#7928 = FACE_BOUND('',#7929,.T.);
#7929 = EDGE_LOOP('',(#7930,#7965,#7994,#8022));
#7930 = ORIENTED_EDGE('',*,*,#7931,.F.);
#7931 = EDGE_CURVE('',#7932,#7934,#7936,.T.);
#7932 = VERTEX_POINT('',#7933);
#7933 = CARTESIAN_POINT('',(-8.25,-1.2,15.296656500559));
#7934 = VERTEX_POINT('',#7935);
#7935 = CARTESIAN_POINT('',(-8.25,-1.2,19.703343499441));
#7936 = SURFACE_CURVE('',#7937,(#7941,#7953),.PCURVE_S1.);
#7937 = LINE('',#7938,#7939);
#7938 = CARTESIAN_POINT('',(-8.25,-1.2,8.5));
#7939 = VECTOR('',#7940,1.);
#7940 = DIRECTION('',(0.,0.,1.));
#7941 = PCURVE('',#7942,#7947);
#7942 = PLANE('',#7943);
#7943 = AXIS2_PLACEMENT_3D('',#7944,#7945,#7946);
#7944 = CARTESIAN_POINT('',(-8.25,-1.2,8.5));
#7945 = DIRECTION('',(-1.,1.224646799147E-16,0.));
#7946 = DIRECTION('',(0.,0.,1.));
#7947 = DEFINITIONAL_REPRESENTATION('',(#7948),#7952);
#7948 = LINE('',#7949,#7950);
#7949 = CARTESIAN_POINT('',(0.,0.));
#7950 = VECTOR('',#7951,1.);
#7951 = DIRECTION('',(1.,0.));
#7952 = ( GEOMETRIC_REPRESENTATION_CONTEXT(2) 
PARAMETRIC_REPRESENTATION_CONTEXT() REPRESENTATION_CONTEXT('2D SPACE',''
  ) );
#7953 = PCURVE('',#7954,#7959);
#7954 = PLANE('',#7955);
#7955 = AXIS2_PLACEMENT_3D('',#7956,#7957,#7958);
#7956 = CARTESIAN_POINT('',(-8.25,-1.2,8.5));
#7957 = DIRECTION('',(-1.224646799147E-16,-1.,0.));
#7958 = DIRECTION('',(0.,0.,1.));
#7959 = DEFINITIONAL_REPRESENTATION('',(#7960),#7964);
#7960 = LINE('',#7961,#7962);
#7961 = CARTESIAN_POINT('',(0.,0.));
#7962 = VECTOR('',#7963,1.);
#7963 = DIRECTION('',(1.,0.));
#7964 = ( GEOMETRIC_REPRESENTATION_CONTEXT(2) 
PARAMETRIC_REPRESENTATION_CONTEXT() REPRESENTATION_CONTEXT('2D SPACE',''
  ) );
#7965 = ORIENTED_EDGE('',*,*,#7966,.T.);
#7966 = EDGE_CURVE('',#7932,#7967,#7969,.T.);
#7967 = VERTEX_POINT('',#7968);
#7968 = CARTESIAN_POINT('',(-8.25,-2.4,16.768752725454));
#7969 = SURFACE_CURVE('',#7970,(#7975,#7982),.PCURVE_S1.);
#7970 = CIRCLE('',#7971,2.508928571429);
#7971 = AXIS2_PLACEMENT_3D('',#7972,#7973,#7974);
#7972 = CARTESIAN_POINT('',(-8.25,0.,17.5));
#7973 = DIRECTION('',(-1.,0.,0.));
#7974 = DIRECTION('',(0.,0.,1.));
#7975 = PCURVE('',#7942,#7976);
#7976 = DEFINITIONAL_REPRESENTATION('',(#7977),#7981);
#7977 = CIRCLE('',#7978,2.508928571429);
#7978 = AXIS2_PLACEMENT_2D('',#7979,#7980);
#7979 = CARTESIAN_POINT('',(9.,1.2));
#7980 = DIRECTION('',(1.,0.));
#7981 = ( GEOMETRIC_REPRESENTATION_CONTEXT(2) 
PARAMETRIC_REPRESENTATION_CONTEXT() REPRESENTATION_CONTEXT('2D SPACE',''
  ) );
#7982 = PCURVE('',#7983,#7988);
#7983 = CONICAL_SURFACE('',#7984,2.75,0.310998280606);
#7984 = AXIS2_PLACEMENT_3D('',#7985,#7986,#7987);
#7985 = CARTESIAN_POINT('',(-7.5,0.,17.5));
#7986 = DIRECTION('',(1.,0.,-0.));
#7987 = DIRECTION('',(0.,0.,1.));
#7988 = DEFINITIONAL_REPRESENTATION('',(#7989),#7993);
#7989 = LINE('',#7990,#7991);
#7990 = CARTESIAN_POINT('',(-0.,-0.75));
#7991 = VECTOR('',#7992,1.);
#7992 = DIRECTION('',(-1.,-0.));
#7993 = ( GEOMETRIC_REPRESENTATION_CONTEXT(2) 
PARAMETRIC_REPRESENTATION_CONTEXT() REPRESENTATION_CONTEXT('2D SPACE',''
  ) );
#7994 = ORIENTED_EDGE('',*,*,#7995,.T.);
#7995 = EDGE_CURVE('',#7967,#7996,#7998,.T.);
#7996 = VERTEX_POINT('',#7997);
#7997 = CARTESIAN_POINT('',(-8.25,-2.4,18.231247274546));
#7998 = SURFACE_CURVE('',#7999,(#8003,#8010),.PCURVE_S1.);
#7999 = LINE('',#8000,#8001);
#8000 = CARTESIAN_POINT('',(-8.25,-2.4,8.5));
#8001 = VECTOR('',#8002,1.);
#8002 = DIRECTION('',(0.,0.,1.));
#8003 = PCURVE('',#7942,#8004);
#8004 = DEFINITIONAL_REPRESENTATION('',(#8005),#8009);
#8005 = LINE('',#8006,#8007);
#8006 = CARTESIAN_POINT('',(0.,-1.2));
#8007 = VECTOR('',#8008,1.);
#8008 = DIRECTION('',(1.,0.));
#8009 = ( GEOMETRIC_REPRESENTATION_CONTEXT(2) 
PARAMETRIC_REPRESENTATION_CONTEXT() REPRESENTATION_CONTEXT('2D SPACE',''
  ) );
#8010 = PCURVE('',#8011,#8016);
#8011 = PLANE('',#8012);
#8012 = AXIS2_PLACEMENT_3D('',#8013,#8014,#8015);
#8013 = CARTESIAN_POINT('',(-8.25,-2.4,8.5));
#8014 = DIRECTION('',(-1.224646799147E-16,-1.,0.));
#8015 = DIRECTION('',(0.,0.,1.));
#8016 = DEFINITIONAL_REPRESENTATION('',(#8017),#8021);
#8017 = LINE('',#8018,#8019);
#8018 = CARTESIAN_POINT('',(0.,0.));
#8019 = VECTOR('',#8020,1.);
#8020 = DIRECTION('',(1.,0.));
#8021 = ( GEOMETRIC_REPRESENTATION_CONTEXT(2) 
PARAMETRIC_REPRESENTATION_CONTEXT() REPRESENTATION_CONTEXT('2D SPACE',''
  ) );
#8022 = ORIENTED_EDGE('',*,*,#8023,.T.);
#8023 = EDGE_CURVE('',#7996,#7934,#8024,.T.);
#8024 = SURFACE_CURVE('',#8025,(#8030,#8037),.PCURVE_S1.);
#8025 = CIRCLE('',#8026,2.508928571429);
#8026 = AXIS2_PLACEMENT_3D('',#8027,#8028,#8029);
#8027 = CARTESIAN_POINT('',(-8.25,0.,17.5));
#8028 = DIRECTION('',(-1.,0.,0.));
#8029 = DIRECTION('',(0.,0.,1.));
#8030 = PCURVE('',#7942,#8031);
#8031 = DEFINITIONAL_REPRESENTATION('',(#8032),#8036);
#8032 = CIRCLE('',#8033,2.508928571429);
#8033 = AXIS2_PLACEMENT_2D('',#8034,#8035);
#8034 = CARTESIAN_POINT('',(9.,1.2));
#8035 = DIRECTION('',(1.,0.));
#8036 = ( GEOMETRIC_REPRESENTATION_CONTEXT(2) 
PARAMETRIC_REPRESENTATION_CONTEXT() REPRESENTATION_CONTEXT('2D SPACE',''
  ) );
#8037 = PCURVE('',#7983,#8038);
#8038 = DEFINITIONAL_REPRESENTATION('',(#8039),#8043);
#8039 = LINE('',#8040,#8041);
#8040 = CARTESIAN_POINT('',(-0.,-0.75));
#8041 = VECTOR('',#8042,1.);
#8042 = DIRECTION('',(-1.,-0.));
#8043 = ( GEOMETRIC_REPRESENTATION_CONTEXT(2) 
PARAMETRIC_REPRESENTATION_CONTEXT() REPRESENTATION_CONTEXT('2D SPACE',''
  ) );
#8044 = ADVANCED_FACE('',(#8045),#7954,.T.);
#8045 = FACE_BOUND('',#8046,.T.);
#8046 = EDGE_LOOP('',(#8047,#8089));
#8047 = ORIENTED_EDGE('',*,*,#8048,.F.);
#8048 = EDGE_CURVE('',#7932,#7934,#8049,.T.);
#8049 = SURFACE_CURVE('',#8050,(#8055,#8062),.PCURVE_S1.);
#8050 = HYPERBOLA('',#8051,3.733333333333,1.2);
#8051 = AXIS2_PLACEMENT_3D('',#8052,#8053,#8054);
#8052 = CARTESIAN_POINT('',(-16.05555555555,-1.2,17.5));
#8053 = DIRECTION('',(-1.224646799147E-16,-1.,0.));
#8054 = DIRECTION('',(1.,-1.224646799147E-16,-0.));
#8055 = PCURVE('',#7954,#8056);
#8056 = DEFINITIONAL_REPRESENTATION('',(#8057),#8061);
#8057 = ( BOUNDED_CURVE() B_SPLINE_CURVE(2,(#8058,#8059,#8060),
.UNSPECIFIED.,.F.,.F.) B_SPLINE_CURVE_WITH_KNOTS((3,3),(-1.471012392862,
1.471012392862),.PIECEWISE_BEZIER_KNOTS.) CURVE() 
GEOMETRIC_REPRESENTATION_ITEM() RATIONAL_B_SPLINE_CURVE((1.,
2.291666666667,1.)) REPRESENTATION_ITEM('') );
#8058 = CARTESIAN_POINT('',(6.525631393668,-0.75));
#8059 = CARTESIAN_POINT('',(9.,6.176464646465));
#8060 = CARTESIAN_POINT('',(11.474368606332,-0.75));
#8061 = ( GEOMETRIC_REPRESENTATION_CONTEXT(2) 
PARAMETRIC_REPRESENTATION_CONTEXT() REPRESENTATION_CONTEXT('2D SPACE',''
  ) );
#8062 = PCURVE('',#7983,#8063);
#8063 = DEFINITIONAL_REPRESENTATION('',(#8064),#8088);
#8064 = B_SPLINE_CURVE_WITH_KNOTS('',8,(#8065,#8066,#8067,#8068,#8069,
    #8070,#8071,#8072,#8073,#8074,#8075,#8076,#8077,#8078,#8079,#8080,
    #8081,#8082,#8083,#8084,#8085,#8086,#8087),.UNSPECIFIED.,.F.,.F.,(9,
    7,7,9),(-1.471012392862,-0.735506196431,0.367753098215,
    1.471012392862),.UNSPECIFIED.);
#8065 = CARTESIAN_POINT('',(-3.593145912535,1.99814474536E-15));
#8066 = CARTESIAN_POINT('',(-3.63326443234,-0.707744116415));
#8067 = CARTESIAN_POINT('',(-3.67717617988,-1.33284051182));
#8068 = CARTESIAN_POINT('',(-3.725199436135,-1.884403221823));
#8069 = CARTESIAN_POINT('',(-3.777646565281,-2.370061245325));
#8070 = CARTESIAN_POINT('',(-3.834791655774,-2.796194121973));
#8071 = CARTESIAN_POINT('',(-3.896821448481,-3.168118165826));
#8072 = CARTESIAN_POINT('',(-3.963769551839,-3.490223355202));
#8073 = CARTESIAN_POINT('',(-4.142930532361,-4.179817164042));
#8074 = CARTESIAN_POINT('',(-4.261041160197,-4.489471982623));
#8075 = CARTESIAN_POINT('',(-4.389088050442,-4.707016178006));
#8076 = CARTESIAN_POINT('',(-4.525284846961,-4.840217035524));
#8077 = CARTESIAN_POINT('',(-4.666223086733,-4.893347499643));
#8078 = CARTESIAN_POINT('',(-4.806798921314,-4.867489155478));
#8079 = CARTESIAN_POINT('',(-4.943042434814,-4.760547818364));
#8080 = CARTESIAN_POINT('',(-5.201202536326,-4.373275795789));
#8081 = CARTESIAN_POINT('',(-5.32312066499,-4.092945101755));
#8082 = CARTESIAN_POINT('',(-5.435066321079,-3.720308146017));
#8083 = CARTESIAN_POINT('',(-5.535445640155,-3.246235444669));
#8084 = CARTESIAN_POINT('',(-5.624417418541,-2.657739966734));
#8085 = CARTESIAN_POINT('',(-5.702742598286,-1.937274141139));
#8086 = CARTESIAN_POINT('',(-5.771454268526,-1.061616174623));
#8087 = CARTESIAN_POINT('',(-5.831632048234,-8.567584663558E-15));
#8088 = ( GEOMETRIC_REPRESENTATION_CONTEXT(2) 
PARAMETRIC_REPRESENTATION_CONTEXT() REPRESENTATION_CONTEXT('2D SPACE',''
  ) );
#8089 = ORIENTED_EDGE('',*,*,#7931,.T.);
#8090 = ADVANCED_FACE('',(#8091,#8173,#8248),#7983,.T.);
#8091 = FACE_BOUND('',#8092,.T.);
#8092 = EDGE_LOOP('',(#8093,#8122,#8145,#8172));
#8093 = ORIENTED_EDGE('',*,*,#8094,.F.);
#8094 = EDGE_CURVE('',#8095,#8095,#8097,.T.);
#8095 = VERTEX_POINT('',#8096);
#8096 = CARTESIAN_POINT('',(-14.5,-1.224646799147E-16,18.));
#8097 = SURFACE_CURVE('',#8098,(#8103,#8110),.PCURVE_S1.);
#8098 = CIRCLE('',#8099,0.5);
#8099 = AXIS2_PLACEMENT_3D('',#8100,#8101,#8102);
#8100 = CARTESIAN_POINT('',(-14.5,0.,17.5));
#8101 = DIRECTION('',(-1.,-0.,0.));
#8102 = DIRECTION('',(0.,0.,1.));
#8103 = PCURVE('',#7983,#8104);
#8104 = DEFINITIONAL_REPRESENTATION('',(#8105),#8109);
#8105 = LINE('',#8106,#8107);
#8106 = CARTESIAN_POINT('',(-0.,-7.));
#8107 = VECTOR('',#8108,1.);
#8108 = DIRECTION('',(-1.,-0.));
#8109 = ( GEOMETRIC_REPRESENTATION_CONTEXT(2) 
PARAMETRIC_REPRESENTATION_CONTEXT() REPRESENTATION_CONTEXT('2D SPACE',''
  ) );
#8110 = PCURVE('',#8111,#8116);
#8111 = PLANE('',#8112);
#8112 = AXIS2_PLACEMENT_3D('',#8113,#8114,#8115);
#8113 = CARTESIAN_POINT('',(-14.5,0.,17.5));
#8114 = DIRECTION('',(-1.,0.,0.));
#8115 = DIRECTION('',(0.,0.,1.));
#8116 = DEFINITIONAL_REPRESENTATION('',(#8117),#8121);
#8117 = CIRCLE('',#8118,0.5);
#8118 = AXIS2_PLACEMENT_2D('',#8119,#8120);
#8119 = CARTESIAN_POINT('',(0.,0.));
#8120 = DIRECTION('',(1.,0.));
#8121 = ( GEOMETRIC_REPRESENTATION_CONTEXT(2) 
PARAMETRIC_REPRESENTATION_CONTEXT() REPRESENTATION_CONTEXT('2D SPACE',''
  ) );
#8122 = ORIENTED_EDGE('',*,*,#8123,.F.);
#8123 = EDGE_CURVE('',#8124,#8095,#8126,.T.);
#8124 = VERTEX_POINT('',#8125);
#8125 = CARTESIAN_POINT('',(-7.5,-6.73555739531E-16,20.25));
#8126 = SEAM_CURVE('',#8127,(#8131,#8138),.PCURVE_S1.);
#8127 = LINE('',#8128,#8129);
#8128 = CARTESIAN_POINT('',(-7.5,-6.73555739531E-16,20.25));
#8129 = VECTOR('',#8130,1.);
#8130 = DIRECTION('',(-0.952028561285,7.495063266053E-17,-0.306009180413
    ));
#8131 = PCURVE('',#7983,#8132);
#8132 = DEFINITIONAL_REPRESENTATION('',(#8133),#8137);
#8133 = LINE('',#8134,#8135);
#8134 = CARTESIAN_POINT('',(-6.28318530718,0.));
#8135 = VECTOR('',#8136,1.);
#8136 = DIRECTION('',(-0.,-1.));
#8137 = ( GEOMETRIC_REPRESENTATION_CONTEXT(2) 
PARAMETRIC_REPRESENTATION_CONTEXT() REPRESENTATION_CONTEXT('2D SPACE',''
  ) );
#8138 = PCURVE('',#7983,#8139);
#8139 = DEFINITIONAL_REPRESENTATION('',(#8140),#8144);
#8140 = LINE('',#8141,#8142);
#8141 = CARTESIAN_POINT('',(0.,-0.));
#8142 = VECTOR('',#8143,1.);
#8143 = DIRECTION('',(-0.,-1.));
#8144 = ( GEOMETRIC_REPRESENTATION_CONTEXT(2) 
PARAMETRIC_REPRESENTATION_CONTEXT() REPRESENTATION_CONTEXT('2D SPACE',''
  ) );
#8145 = ORIENTED_EDGE('',*,*,#8146,.T.);
#8146 = EDGE_CURVE('',#8124,#8124,#8147,.T.);
#8147 = SURFACE_CURVE('',#8148,(#8153,#8160),.PCURVE_S1.);
#8148 = CIRCLE('',#8149,2.75);
#8149 = AXIS2_PLACEMENT_3D('',#8150,#8151,#8152);
#8150 = CARTESIAN_POINT('',(-7.5,0.,17.5));
#8151 = DIRECTION('',(-1.,-0.,0.));
#8152 = DIRECTION('',(0.,0.,1.));
#8153 = PCURVE('',#7983,#8154);
#8154 = DEFINITIONAL_REPRESENTATION('',(#8155),#8159);
#8155 = LINE('',#8156,#8157);
#8156 = CARTESIAN_POINT('',(-0.,-0.));
#8157 = VECTOR('',#8158,1.);
#8158 = DIRECTION('',(-1.,-0.));
#8159 = ( GEOMETRIC_REPRESENTATION_CONTEXT(2) 
PARAMETRIC_REPRESENTATION_CONTEXT() REPRESENTATION_CONTEXT('2D SPACE',''
  ) );
#8160 = PCURVE('',#8161,#8166);
#8161 = PLANE('',#8162);
#8162 = AXIS2_PLACEMENT_3D('',#8163,#8164,#8165);
#8163 = CARTESIAN_POINT('',(-7.5,0.,17.5));
#8164 = DIRECTION('',(-1.,0.,0.));
#8165 = DIRECTION('',(0.,0.,1.));
#8166 = DEFINITIONAL_REPRESENTATION('',(#8167),#8171);
#8167 = CIRCLE('',#8168,2.75);
#8168 = AXIS2_PLACEMENT_2D('',#8169,#8170);
#8169 = CARTESIAN_POINT('',(0.,0.));
#8170 = DIRECTION('',(1.,0.));
#8171 = ( GEOMETRIC_REPRESENTATION_CONTEXT(2) 
PARAMETRIC_REPRESENTATION_CONTEXT() REPRESENTATION_CONTEXT('2D SPACE',''
  ) );
#8172 = ORIENTED_EDGE('',*,*,#8123,.T.);
#8173 = FACE_BOUND('',#8174,.T.);
#8174 = EDGE_LOOP('',(#8175,#8212));
#8175 = ORIENTED_EDGE('',*,*,#8176,.F.);
#8176 = EDGE_CURVE('',#8177,#8179,#8181,.T.);
#8177 = VERTEX_POINT('',#8178);
#8178 = CARTESIAN_POINT('',(-8.344709581222,2.046539030917,
    18.898060037496));
#8179 = VERTEX_POINT('',#8180);
#8180 = CARTESIAN_POINT('',(-8.344709581222,2.046539030917,
    16.101939962504));
#8181 = SURFACE_CURVE('',#8182,(#8187,#8200),.PCURVE_S1.);
#8182 = ELLIPSE('',#8183,2.50979970711,2.135795191375);
#8183 = AXIS2_PLACEMENT_3D('',#8184,#8185,#8186);
#8184 = CARTESIAN_POINT('',(-9.293399051832,0.403360667214,17.5));
#8185 = DIRECTION('',(-0.866025403784,0.5,0.));
#8186 = DIRECTION('',(0.5,0.866025403784,-0.));
#8187 = PCURVE('',#7983,#8188);
#8188 = DEFINITIONAL_REPRESENTATION('',(#8189),#8199);
#8189 = B_SPLINE_CURVE_WITH_KNOTS('',8,(#8190,#8191,#8192,#8193,#8194,
    #8195,#8196,#8197,#8198),.UNSPECIFIED.,.F.,.F.,(9,9),(5.49929984219,
    7.067070772169),.PIECEWISE_BEZIER_KNOTS.);
#8190 = CARTESIAN_POINT('',(-0.910707922409,-0.904709581222));
#8191 = CARTESIAN_POINT('',(-1.080907425493,-0.731077992186));
#8192 = CARTESIAN_POINT('',(-1.246692534567,-0.596452022487));
#8193 = CARTESIAN_POINT('',(-1.40948749393,-0.510992911048));
#8194 = CARTESIAN_POINT('',(-1.570796326791,-0.481665835346));
#8195 = CARTESIAN_POINT('',(-1.732105159655,-0.510992911049));
#8196 = CARTESIAN_POINT('',(-1.894900119021,-0.596452022487));
#8197 = CARTESIAN_POINT('',(-2.060685228097,-0.731077992186));
#8198 = CARTESIAN_POINT('',(-2.23088473118,-0.904709581222));
#8199 = ( GEOMETRIC_REPRESENTATION_CONTEXT(2) 
PARAMETRIC_REPRESENTATION_CONTEXT() REPRESENTATION_CONTEXT('2D SPACE',''
  ) );
#8200 = PCURVE('',#8201,#8206);
#8201 = PLANE('',#8202);
#8202 = AXIS2_PLACEMENT_3D('',#8203,#8204,#8205);
#8203 = CARTESIAN_POINT('',(-7.744709581222,3.085769515459,8.5));
#8204 = DIRECTION('',(-0.866025403784,0.5,0.));
#8205 = DIRECTION('',(0.,0.,1.));
#8206 = DEFINITIONAL_REPRESENTATION('',(#8207),#8211);
#8207 = ELLIPSE('',#8208,2.50979970711,2.135795191375);
#8208 = AXIS2_PLACEMENT_2D('',#8209,#8210);
#8209 = CARTESIAN_POINT('',(9.,-3.097378941221));
#8210 = DIRECTION('',(0.,1.));
#8211 = ( GEOMETRIC_REPRESENTATION_CONTEXT(2) 
PARAMETRIC_REPRESENTATION_CONTEXT() REPRESENTATION_CONTEXT('2D SPACE',''
  ) );
#8212 = ORIENTED_EDGE('',*,*,#8213,.T.);
#8213 = EDGE_CURVE('',#8177,#8179,#8214,.T.);
#8214 = SURFACE_CURVE('',#8215,(#8220,#8236),.PCURVE_S1.);
#8215 = ELLIPSE('',#8216,10.485767097967,4.355227169374);
#8216 = AXIS2_PLACEMENT_3D('',#8217,#8218,#8219);
#8217 = CARTESIAN_POINT('',(0.255637707948,-2.918873791609,17.5));
#8218 = DIRECTION('',(-0.5,-0.866025403784,0.));
#8219 = DIRECTION('',(0.866025403784,-0.5,-0.));
#8220 = PCURVE('',#7983,#8221);
#8221 = DEFINITIONAL_REPRESENTATION('',(#8222),#8235);
#8222 = B_SPLINE_CURVE_WITH_KNOTS('',6,(#8223,#8224,#8225,#8226,#8227,
    #8228,#8229,#8230,#8231,#8232,#8233,#8234),.UNSPECIFIED.,.F.,.F.,(7,
    5,7),(2.637371807995,3.14159265359,3.645813499184),.UNSPECIFIED.);
#8223 = CARTESIAN_POINT('',(-0.671324375437,-0.195190528383));
#8224 = CARTESIAN_POINT('',(-0.807522347413,-0.563879590454));
#8225 = CARTESIAN_POINT('',(-0.950927789928,-0.865188364896));
#8226 = CARTESIAN_POINT('',(-1.10084711919,-1.094430278047));
#8227 = CARTESIAN_POINT('',(-1.255824883072,-1.248345456613));
#8228 = CARTESIAN_POINT('',(-1.413310160258,-1.325302977058));
#8229 = CARTESIAN_POINT('',(-1.728282493332,-1.325302977058));
#8230 = CARTESIAN_POINT('',(-1.885767770518,-1.248345456613));
#8231 = CARTESIAN_POINT('',(-2.0407455344,-1.094430278047));
#8232 = CARTESIAN_POINT('',(-2.190664863662,-0.865188364896));
#8233 = CARTESIAN_POINT('',(-2.334070306177,-0.563879590454));
#8234 = CARTESIAN_POINT('',(-2.470268278153,-0.195190528383));
#8235 = ( GEOMETRIC_REPRESENTATION_CONTEXT(2) 
PARAMETRIC_REPRESENTATION_CONTEXT() REPRESENTATION_CONTEXT('2D SPACE',''
  ) );
#8236 = PCURVE('',#8237,#8242);
#8237 = PLANE('',#8238);
#8238 = AXIS2_PLACEMENT_3D('',#8239,#8240,#8241);
#8239 = CARTESIAN_POINT('',(-8.344709581222,2.046539030917,8.5));
#8240 = DIRECTION('',(-0.5,-0.866025403784,0.));
#8241 = DIRECTION('',(0.,0.,1.));
#8242 = DEFINITIONAL_REPRESENTATION('',(#8243),#8247);
#8243 = ELLIPSE('',#8244,10.485767097967,4.355227169374);
#8244 = AXIS2_PLACEMENT_2D('',#8245,#8246);
#8245 = CARTESIAN_POINT('',(9.,-9.930825645053));
#8246 = DIRECTION('',(0.,-1.));
#8247 = ( GEOMETRIC_REPRESENTATION_CONTEXT(2) 
PARAMETRIC_REPRESENTATION_CONTEXT() REPRESENTATION_CONTEXT('2D SPACE',''
  ) );
#8248 = FACE_BOUND('',#8249,.T.);
#8249 = EDGE_LOOP('',(#8250,#8251,#8252,#8253));
#8250 = ORIENTED_EDGE('',*,*,#7966,.F.);
#8251 = ORIENTED_EDGE('',*,*,#8048,.T.);
#8252 = ORIENTED_EDGE('',*,*,#8023,.F.);
#8253 = ORIENTED_EDGE('',*,*,#8254,.F.);
#8254 = EDGE_CURVE('',#7967,#7996,#8255,.T.);
#8255 = SURFACE_CURVE('',#8256,(#8261,#8277),.PCURVE_S1.);
#8256 = HYPERBOLA('',#8257,7.466666666667,2.4);
#8257 = AXIS2_PLACEMENT_3D('',#8258,#8259,#8260);
#8258 = CARTESIAN_POINT('',(-16.05555555555,-2.4,17.5));
#8259 = DIRECTION('',(-1.224646799147E-16,-1.,0.));
#8260 = DIRECTION('',(1.,-1.224646799147E-16,-0.));
#8261 = PCURVE('',#7983,#8262);
#8262 = DEFINITIONAL_REPRESENTATION('',(#8263),#8276);
#8263 = B_SPLINE_CURVE_WITH_KNOTS('',6,(#8264,#8265,#8266,#8267,#8268,
    #8269,#8270,#8271,#8272,#8273,#8274,#8275),.UNSPECIFIED.,.F.,.F.,(7,
    5,7),(-0.53370492457,-5.551115123126E-16,0.53370492457),
  .UNSPECIFIED.);
#8264 = CARTESIAN_POINT('',(-4.202353676866,-2.961279262908E-15));
#8265 = CARTESIAN_POINT('',(-4.279983484076,-0.371537896814));
#8266 = CARTESIAN_POINT('',(-4.361658500434,-0.661843406909));
#8267 = CARTESIAN_POINT('',(-4.446801546891,-0.876207753267));
#8268 = CARTESIAN_POINT('',(-4.534487709965,-1.017995116179));
#8269 = CARTESIAN_POINT('',(-4.623438159623,-1.088888888889));
#8270 = CARTESIAN_POINT('',(-4.801339801146,-1.088888888889));
#8271 = CARTESIAN_POINT('',(-4.890290250804,-1.017995116179));
#8272 = CARTESIAN_POINT('',(-4.977976413878,-0.876207753267));
#8273 = CARTESIAN_POINT('',(-5.063119460336,-0.661843406909));
#8274 = CARTESIAN_POINT('',(-5.144794476693,-0.371537896814));
#8275 = CARTESIAN_POINT('',(-5.222424283903,-6.828192475151E-15));
#8276 = ( GEOMETRIC_REPRESENTATION_CONTEXT(2) 
PARAMETRIC_REPRESENTATION_CONTEXT() REPRESENTATION_CONTEXT('2D SPACE',''
  ) );
#8277 = PCURVE('',#8011,#8278);
#8278 = DEFINITIONAL_REPRESENTATION('',(#8279),#8283);
#8279 = ( BOUNDED_CURVE() B_SPLINE_CURVE(2,(#8280,#8281,#8282),
.UNSPECIFIED.,.F.,.F.) B_SPLINE_CURVE_WITH_KNOTS((3,3),(-0.53370492457,
0.53370492457),.PIECEWISE_BEZIER_KNOTS.) CURVE() 
GEOMETRIC_REPRESENTATION_ITEM() RATIONAL_B_SPLINE_CURVE((1.,
1.145833333333,1.)) REPRESENTATION_ITEM('') );
#8280 = CARTESIAN_POINT('',(7.65742784179,-0.75));
#8281 = CARTESIAN_POINT('',(9.,1.289191919192));
#8282 = CARTESIAN_POINT('',(10.34257215821,-0.75));
#8283 = ( GEOMETRIC_REPRESENTATION_CONTEXT(2) 
PARAMETRIC_REPRESENTATION_CONTEXT() REPRESENTATION_CONTEXT('2D SPACE',''
  ) );
#8284 = ADVANCED_FACE('',(#8285),#8011,.F.);
#8285 = FACE_BOUND('',#8286,.F.);
#8286 = EDGE_LOOP('',(#8287,#8288));
#8287 = ORIENTED_EDGE('',*,*,#8254,.F.);
#8288 = ORIENTED_EDGE('',*,*,#7995,.T.);
#8289 = ADVANCED_FACE('',(#8290),#8111,.T.);
#8290 = FACE_BOUND('',#8291,.T.);
#8291 = EDGE_LOOP('',(#8292));
#8292 = ORIENTED_EDGE('',*,*,#8094,.T.);
#8293 = ADVANCED_FACE('',(#8294),#8161,.F.);
#8294 = FACE_BOUND('',#8295,.T.);
#8295 = EDGE_LOOP('',(#8296));
#8296 = ORIENTED_EDGE('',*,*,#8146,.F.);
#8297 = ADVANCED_FACE('',(#8298),#8201,.T.);
#8298 = FACE_BOUND('',#8299,.T.);
#8299 = EDGE_LOOP('',(#8300,#8321));
#8300 = ORIENTED_EDGE('',*,*,#8301,.T.);
#8301 = EDGE_CURVE('',#8179,#8177,#8302,.T.);
#8302 = SURFACE_CURVE('',#8303,(#8307,#8314),.PCURVE_S1.);
#8303 = LINE('',#8304,#8305);
#8304 = CARTESIAN_POINT('',(-8.344709581222,2.046539030917,8.5));
#8305 = VECTOR('',#8306,1.);
#8306 = DIRECTION('',(0.,0.,1.));
#8307 = PCURVE('',#8201,#8308);
#8308 = DEFINITIONAL_REPRESENTATION('',(#8309),#8313);
#8309 = LINE('',#8310,#8311);
#8310 = CARTESIAN_POINT('',(0.,-1.2));
#8311 = VECTOR('',#8312,1.);
#8312 = DIRECTION('',(1.,0.));
#8313 = ( GEOMETRIC_REPRESENTATION_CONTEXT(2) 
PARAMETRIC_REPRESENTATION_CONTEXT() REPRESENTATION_CONTEXT('2D SPACE',''
  ) );
#8314 = PCURVE('',#8237,#8315);
#8315 = DEFINITIONAL_REPRESENTATION('',(#8316),#8320);
#8316 = LINE('',#8317,#8318);
#8317 = CARTESIAN_POINT('',(0.,0.));
#8318 = VECTOR('',#8319,1.);
#8319 = DIRECTION('',(1.,0.));
#8320 = ( GEOMETRIC_REPRESENTATION_CONTEXT(2) 
PARAMETRIC_REPRESENTATION_CONTEXT() REPRESENTATION_CONTEXT('2D SPACE',''
  ) );
#8321 = ORIENTED_EDGE('',*,*,#8176,.T.);
#8322 = ADVANCED_FACE('',(#8323),#8237,.F.);
#8323 = FACE_BOUND('',#8324,.F.);
#8324 = EDGE_LOOP('',(#8325,#8326));
#8325 = ORIENTED_EDGE('',*,*,#8213,.T.);
#8326 = ORIENTED_EDGE('',*,*,#8301,.T.);
#8327 = MANIFOLD_SOLID_BREP('',#8328);
#8328 = CLOSED_SHELL('',(#8329,#8449,#8525,#8596,#8623,#8650));
#8329 = ADVANCED_FACE('',(#8330),#8344,.F.);
#8330 = FACE_BOUND('',#8331,.F.);
#8331 = EDGE_LOOP('',(#8332,#8367,#8395,#8423));
#8332 = ORIENTED_EDGE('',*,*,#8333,.F.);
#8333 = EDGE_CURVE('',#8334,#8336,#8338,.T.);
#8334 = VERTEX_POINT('',#8335);
#8335 = CARTESIAN_POINT('',(28.25,-23.5,4.6));
#8336 = VERTEX_POINT('',#8337);
#8337 = CARTESIAN_POINT('',(28.25,-23.5,5.4));
#8338 = SURFACE_CURVE('',#8339,(#8343,#8355),.PCURVE_S1.);
#8339 = LINE('',#8340,#8341);
#8340 = CARTESIAN_POINT('',(28.25,-23.5,4.6));
#8341 = VECTOR('',#8342,1.);
#8342 = DIRECTION('',(0.,0.,1.));
#8343 = PCURVE('',#8344,#8349);
#8344 = PLANE('',#8345);
#8345 = AXIS2_PLACEMENT_3D('',#8346,#8347,#8348);
#8346 = CARTESIAN_POINT('',(28.25,-23.5,4.6));
#8347 = DIRECTION('',(1.,0.,-0.));
#8348 = DIRECTION('',(0.,0.,1.));
#8349 = DEFINITIONAL_REPRESENTATION('',(#8350),#8354);
#8350 = LINE('',#8351,#8352);
#8351 = CARTESIAN_POINT('',(0.,0.));
#8352 = VECTOR('',#8353,1.);
#8353 = DIRECTION('',(1.,0.));
#8354 = ( GEOMETRIC_REPRESENTATION_CONTEXT(2) 
PARAMETRIC_REPRESENTATION_CONTEXT() REPRESENTATION_CONTEXT('2D SPACE',''
  ) );
#8355 = PCURVE('',#8356,#8361);
#8356 = PLANE('',#8357);
#8357 = AXIS2_PLACEMENT_3D('',#8358,#8359,#8360);
#8358 = CARTESIAN_POINT('',(28.25,-23.5,4.6));
#8359 = DIRECTION('',(-0.,1.,0.));
#8360 = DIRECTION('',(0.,0.,1.));
#8361 = DEFINITIONAL_REPRESENTATION('',(#8362),#8366);
#8362 = LINE('',#8363,#8364);
#8363 = CARTESIAN_POINT('',(0.,0.));
#8364 = VECTOR('',#8365,1.);
#8365 = DIRECTION('',(1.,0.));
#8366 = ( GEOMETRIC_REPRESENTATION_CONTEXT(2) 
PARAMETRIC_REPRESENTATION_CONTEXT() REPRESENTATION_CONTEXT('2D SPACE',''
  ) );
#8367 = ORIENTED_EDGE('',*,*,#8368,.T.);
#8368 = EDGE_CURVE('',#8334,#8369,#8371,.T.);
#8369 = VERTEX_POINT('',#8370);
#8370 = CARTESIAN_POINT('',(28.25,-22.5,4.6));
#8371 = SURFACE_CURVE('',#8372,(#8376,#8383),.PCURVE_S1.);
#8372 = LINE('',#8373,#8374);
#8373 = CARTESIAN_POINT('',(28.25,-23.5,4.6));
#8374 = VECTOR('',#8375,1.);
#8375 = DIRECTION('',(-0.,1.,0.));
#8376 = PCURVE('',#8344,#8377);
#8377 = DEFINITIONAL_REPRESENTATION('',(#8378),#8382);
#8378 = LINE('',#8379,#8380);
#8379 = CARTESIAN_POINT('',(0.,0.));
#8380 = VECTOR('',#8381,1.);
#8381 = DIRECTION('',(0.,-1.));
#8382 = ( GEOMETRIC_REPRESENTATION_CONTEXT(2) 
PARAMETRIC_REPRESENTATION_CONTEXT() REPRESENTATION_CONTEXT('2D SPACE',''
  ) );
#8383 = PCURVE('',#8384,#8389);
#8384 = PLANE('',#8385);
#8385 = AXIS2_PLACEMENT_3D('',#8386,#8387,#8388);
#8386 = CARTESIAN_POINT('',(28.25,-23.5,4.6));
#8387 = DIRECTION('',(0.,0.,1.));
#8388 = DIRECTION('',(1.,0.,-0.));
#8389 = DEFINITIONAL_REPRESENTATION('',(#8390),#8394);
#8390 = LINE('',#8391,#8392);
#8391 = CARTESIAN_POINT('',(0.,0.));
#8392 = VECTOR('',#8393,1.);
#8393 = DIRECTION('',(0.,1.));
#8394 = ( GEOMETRIC_REPRESENTATION_CONTEXT(2) 
PARAMETRIC_REPRESENTATION_CONTEXT() REPRESENTATION_CONTEXT('2D SPACE',''
  ) );
#8395 = ORIENTED_EDGE('',*,*,#8396,.T.);
#8396 = EDGE_CURVE('',#8369,#8397,#8399,.T.);
#8397 = VERTEX_POINT('',#8398);
#8398 = CARTESIAN_POINT('',(28.25,-22.5,5.4));
#8399 = SURFACE_CURVE('',#8400,(#8404,#8411),.PCURVE_S1.);
#8400 = LINE('',#8401,#8402);
#8401 = CARTESIAN_POINT('',(28.25,-22.5,4.6));
#8402 = VECTOR('',#8403,1.);
#8403 = DIRECTION('',(0.,0.,1.));
#8404 = PCURVE('',#8344,#8405);
#8405 = DEFINITIONAL_REPRESENTATION('',(#8406),#8410);
#8406 = LINE('',#8407,#8408);
#8407 = CARTESIAN_POINT('',(0.,-1.));
#8408 = VECTOR('',#8409,1.);
#8409 = DIRECTION('',(1.,0.));
#8410 = ( GEOMETRIC_REPRESENTATION_CONTEXT(2) 
PARAMETRIC_REPRESENTATION_CONTEXT() REPRESENTATION_CONTEXT('2D SPACE',''
  ) );
#8411 = PCURVE('',#8412,#8417);
#8412 = PLANE('',#8413);
#8413 = AXIS2_PLACEMENT_3D('',#8414,#8415,#8416);
#8414 = CARTESIAN_POINT('',(28.25,-22.5,4.6));
#8415 = DIRECTION('',(-0.,1.,0.));
#8416 = DIRECTION('',(0.,0.,1.));
#8417 = DEFINITIONAL_REPRESENTATION('',(#8418),#8422);
#8418 = LINE('',#8419,#8420);
#8419 = CARTESIAN_POINT('',(0.,0.));
#8420 = VECTOR('',#8421,1.);
#8421 = DIRECTION('',(1.,0.));
#8422 = ( GEOMETRIC_REPRESENTATION_CONTEXT(2) 
PARAMETRIC_REPRESENTATION_CONTEXT() REPRESENTATION_CONTEXT('2D SPACE',''
  ) );
#8423 = ORIENTED_EDGE('',*,*,#8424,.F.);
#8424 = EDGE_CURVE('',#8336,#8397,#8425,.T.);
#8425 = SURFACE_CURVE('',#8426,(#8430,#8437),.PCURVE_S1.);
#8426 = LINE('',#8427,#8428);
#8427 = CARTESIAN_POINT('',(28.25,-23.5,5.4));
#8428 = VECTOR('',#8429,1.);
#8429 = DIRECTION('',(-0.,1.,0.));
#8430 = PCURVE('',#8344,#8431);
#8431 = DEFINITIONAL_REPRESENTATION('',(#8432),#8436);
#8432 = LINE('',#8433,#8434);
#8433 = CARTESIAN_POINT('',(0.8,0.));
#8434 = VECTOR('',#8435,1.);
#8435 = DIRECTION('',(0.,-1.));
#8436 = ( GEOMETRIC_REPRESENTATION_CONTEXT(2) 
PARAMETRIC_REPRESENTATION_CONTEXT() REPRESENTATION_CONTEXT('2D SPACE',''
  ) );
#8437 = PCURVE('',#8438,#8443);
#8438 = PLANE('',#8439);
#8439 = AXIS2_PLACEMENT_3D('',#8440,#8441,#8442);
#8440 = CARTESIAN_POINT('',(28.25,-23.5,5.4));
#8441 = DIRECTION('',(0.,0.,1.));
#8442 = DIRECTION('',(1.,0.,-0.));
#8443 = DEFINITIONAL_REPRESENTATION('',(#8444),#8448);
#8444 = LINE('',#8445,#8446);
#8445 = CARTESIAN_POINT('',(0.,0.));
#8446 = VECTOR('',#8447,1.);
#8447 = DIRECTION('',(0.,1.));
#8448 = ( GEOMETRIC_REPRESENTATION_CONTEXT(2) 
PARAMETRIC_REPRESENTATION_CONTEXT() REPRESENTATION_CONTEXT('2D SPACE',''
  ) );
#8449 = ADVANCED_FACE('',(#8450),#8384,.F.);
#8450 = FACE_BOUND('',#8451,.F.);
#8451 = EDGE_LOOP('',(#8452,#8453,#8476,#8504));
#8452 = ORIENTED_EDGE('',*,*,#8368,.F.);
#8453 = ORIENTED_EDGE('',*,*,#8454,.T.);
#8454 = EDGE_CURVE('',#8334,#8455,#8457,.T.);
#8455 = VERTEX_POINT('',#8456);
#8456 = CARTESIAN_POINT('',(31.75,-23.5,4.6));
#8457 = SURFACE_CURVE('',#8458,(#8462,#8469),.PCURVE_S1.);
#8458 = LINE('',#8459,#8460);
#8459 = CARTESIAN_POINT('',(28.25,-23.5,4.6));
#8460 = VECTOR('',#8461,1.);
#8461 = DIRECTION('',(1.,0.,-0.));
#8462 = PCURVE('',#8384,#8463);
#8463 = DEFINITIONAL_REPRESENTATION('',(#8464),#8468);
#8464 = LINE('',#8465,#8466);
#8465 = CARTESIAN_POINT('',(0.,0.));
#8466 = VECTOR('',#8467,1.);
#8467 = DIRECTION('',(1.,0.));
#8468 = ( GEOMETRIC_REPRESENTATION_CONTEXT(2) 
PARAMETRIC_REPRESENTATION_CONTEXT() REPRESENTATION_CONTEXT('2D SPACE',''
  ) );
#8469 = PCURVE('',#8356,#8470);
#8470 = DEFINITIONAL_REPRESENTATION('',(#8471),#8475);
#8471 = LINE('',#8472,#8473);
#8472 = CARTESIAN_POINT('',(0.,0.));
#8473 = VECTOR('',#8474,1.);
#8474 = DIRECTION('',(0.,1.));
#8475 = ( GEOMETRIC_REPRESENTATION_CONTEXT(2) 
PARAMETRIC_REPRESENTATION_CONTEXT() REPRESENTATION_CONTEXT('2D SPACE',''
  ) );
#8476 = ORIENTED_EDGE('',*,*,#8477,.T.);
#8477 = EDGE_CURVE('',#8455,#8478,#8480,.T.);
#8478 = VERTEX_POINT('',#8479);
#8479 = CARTESIAN_POINT('',(31.75,-22.5,4.6));
#8480 = SURFACE_CURVE('',#8481,(#8485,#8492),.PCURVE_S1.);
#8481 = LINE('',#8482,#8483);
#8482 = CARTESIAN_POINT('',(31.75,-23.5,4.6));
#8483 = VECTOR('',#8484,1.);
#8484 = DIRECTION('',(-0.,1.,0.));
#8485 = PCURVE('',#8384,#8486);
#8486 = DEFINITIONAL_REPRESENTATION('',(#8487),#8491);
#8487 = LINE('',#8488,#8489);
#8488 = CARTESIAN_POINT('',(3.5,0.));
#8489 = VECTOR('',#8490,1.);
#8490 = DIRECTION('',(0.,1.));
#8491 = ( GEOMETRIC_REPRESENTATION_CONTEXT(2) 
PARAMETRIC_REPRESENTATION_CONTEXT() REPRESENTATION_CONTEXT('2D SPACE',''
  ) );
#8492 = PCURVE('',#8493,#8498);
#8493 = PLANE('',#8494);
#8494 = AXIS2_PLACEMENT_3D('',#8495,#8496,#8497);
#8495 = CARTESIAN_POINT('',(31.75,-23.5,4.6));
#8496 = DIRECTION('',(1.,0.,-0.));
#8497 = DIRECTION('',(0.,0.,1.));
#8498 = DEFINITIONAL_REPRESENTATION('',(#8499),#8503);
#8499 = LINE('',#8500,#8501);
#8500 = CARTESIAN_POINT('',(0.,0.));
#8501 = VECTOR('',#8502,1.);
#8502 = DIRECTION('',(0.,-1.));
#8503 = ( GEOMETRIC_REPRESENTATION_CONTEXT(2) 
PARAMETRIC_REPRESENTATION_CONTEXT() REPRESENTATION_CONTEXT('2D SPACE',''
  ) );
#8504 = ORIENTED_EDGE('',*,*,#8505,.F.);
#8505 = EDGE_CURVE('',#8369,#8478,#8506,.T.);
#8506 = SURFACE_CURVE('',#8507,(#8511,#8518),.PCURVE_S1.);
#8507 = LINE('',#8508,#8509);
#8508 = CARTESIAN_POINT('',(28.25,-22.5,4.6));
#8509 = VECTOR('',#8510,1.);
#8510 = DIRECTION('',(1.,0.,-0.));
#8511 = PCURVE('',#8384,#8512);
#8512 = DEFINITIONAL_REPRESENTATION('',(#8513),#8517);
#8513 = LINE('',#8514,#8515);
#8514 = CARTESIAN_POINT('',(0.,1.));
#8515 = VECTOR('',#8516,1.);
#8516 = DIRECTION('',(1.,0.));
#8517 = ( GEOMETRIC_REPRESENTATION_CONTEXT(2) 
PARAMETRIC_REPRESENTATION_CONTEXT() REPRESENTATION_CONTEXT('2D SPACE',''
  ) );
#8518 = PCURVE('',#8412,#8519);
#8519 = DEFINITIONAL_REPRESENTATION('',(#8520),#8524);
#8520 = LINE('',#8521,#8522);
#8521 = CARTESIAN_POINT('',(0.,0.));
#8522 = VECTOR('',#8523,1.);
#8523 = DIRECTION('',(0.,1.));
#8524 = ( GEOMETRIC_REPRESENTATION_CONTEXT(2) 
PARAMETRIC_REPRESENTATION_CONTEXT() REPRESENTATION_CONTEXT('2D SPACE',''
  ) );
#8525 = ADVANCED_FACE('',(#8526),#8493,.T.);
#8526 = FACE_BOUND('',#8527,.T.);
#8527 = EDGE_LOOP('',(#8528,#8551,#8552,#8575));
#8528 = ORIENTED_EDGE('',*,*,#8529,.F.);
#8529 = EDGE_CURVE('',#8455,#8530,#8532,.T.);
#8530 = VERTEX_POINT('',#8531);
#8531 = CARTESIAN_POINT('',(31.75,-23.5,5.4));
#8532 = SURFACE_CURVE('',#8533,(#8537,#8544),.PCURVE_S1.);
#8533 = LINE('',#8534,#8535);
#8534 = CARTESIAN_POINT('',(31.75,-23.5,4.6));
#8535 = VECTOR('',#8536,1.);
#8536 = DIRECTION('',(0.,0.,1.));
#8537 = PCURVE('',#8493,#8538);
#8538 = DEFINITIONAL_REPRESENTATION('',(#8539),#8543);
#8539 = LINE('',#8540,#8541);
#8540 = CARTESIAN_POINT('',(0.,0.));
#8541 = VECTOR('',#8542,1.);
#8542 = DIRECTION('',(1.,0.));
#8543 = ( GEOMETRIC_REPRESENTATION_CONTEXT(2) 
PARAMETRIC_REPRESENTATION_CONTEXT() REPRESENTATION_CONTEXT('2D SPACE',''
  ) );
#8544 = PCURVE('',#8356,#8545);
#8545 = DEFINITIONAL_REPRESENTATION('',(#8546),#8550);
#8546 = LINE('',#8547,#8548);
#8547 = CARTESIAN_POINT('',(0.,3.5));
#8548 = VECTOR('',#8549,1.);
#8549 = DIRECTION('',(1.,0.));
#8550 = ( GEOMETRIC_REPRESENTATION_CONTEXT(2) 
PARAMETRIC_REPRESENTATION_CONTEXT() REPRESENTATION_CONTEXT('2D SPACE',''
  ) );
#8551 = ORIENTED_EDGE('',*,*,#8477,.T.);
#8552 = ORIENTED_EDGE('',*,*,#8553,.T.);
#8553 = EDGE_CURVE('',#8478,#8554,#8556,.T.);
#8554 = VERTEX_POINT('',#8555);
#8555 = CARTESIAN_POINT('',(31.75,-22.5,5.4));
#8556 = SURFACE_CURVE('',#8557,(#8561,#8568),.PCURVE_S1.);
#8557 = LINE('',#8558,#8559);
#8558 = CARTESIAN_POINT('',(31.75,-22.5,4.6));
#8559 = VECTOR('',#8560,1.);
#8560 = DIRECTION('',(0.,0.,1.));
#8561 = PCURVE('',#8493,#8562);
#8562 = DEFINITIONAL_REPRESENTATION('',(#8563),#8567);
#8563 = LINE('',#8564,#8565);
#8564 = CARTESIAN_POINT('',(0.,-1.));
#8565 = VECTOR('',#8566,1.);
#8566 = DIRECTION('',(1.,0.));
#8567 = ( GEOMETRIC_REPRESENTATION_CONTEXT(2) 
PARAMETRIC_REPRESENTATION_CONTEXT() REPRESENTATION_CONTEXT('2D SPACE',''
  ) );
#8568 = PCURVE('',#8412,#8569);
#8569 = DEFINITIONAL_REPRESENTATION('',(#8570),#8574);
#8570 = LINE('',#8571,#8572);
#8571 = CARTESIAN_POINT('',(0.,3.5));
#8572 = VECTOR('',#8573,1.);
#8573 = DIRECTION('',(1.,0.));
#8574 = ( GEOMETRIC_REPRESENTATION_CONTEXT(2) 
PARAMETRIC_REPRESENTATION_CONTEXT() REPRESENTATION_CONTEXT('2D SPACE',''
  ) );
#8575 = ORIENTED_EDGE('',*,*,#8576,.F.);
#8576 = EDGE_CURVE('',#8530,#8554,#8577,.T.);
#8577 = SURFACE_CURVE('',#8578,(#8582,#8589),.PCURVE_S1.);
#8578 = LINE('',#8579,#8580);
#8579 = CARTESIAN_POINT('',(31.75,-23.5,5.4));
#8580 = VECTOR('',#8581,1.);
#8581 = DIRECTION('',(-0.,1.,0.));
#8582 = PCURVE('',#8493,#8583);
#8583 = DEFINITIONAL_REPRESENTATION('',(#8584),#8588);
#8584 = LINE('',#8585,#8586);
#8585 = CARTESIAN_POINT('',(0.8,0.));
#8586 = VECTOR('',#8587,1.);
#8587 = DIRECTION('',(0.,-1.));
#8588 = ( GEOMETRIC_REPRESENTATION_CONTEXT(2) 
PARAMETRIC_REPRESENTATION_CONTEXT() REPRESENTATION_CONTEXT('2D SPACE',''
  ) );
#8589 = PCURVE('',#8438,#8590);
#8590 = DEFINITIONAL_REPRESENTATION('',(#8591),#8595);
#8591 = LINE('',#8592,#8593);
#8592 = CARTESIAN_POINT('',(3.5,0.));
#8593 = VECTOR('',#8594,1.);
#8594 = DIRECTION('',(0.,1.));
#8595 = ( GEOMETRIC_REPRESENTATION_CONTEXT(2) 
PARAMETRIC_REPRESENTATION_CONTEXT() REPRESENTATION_CONTEXT('2D SPACE',''
  ) );
#8596 = ADVANCED_FACE('',(#8597),#8412,.T.);
#8597 = FACE_BOUND('',#8598,.T.);
#8598 = EDGE_LOOP('',(#8599,#8600,#8601,#8622));
#8599 = ORIENTED_EDGE('',*,*,#8505,.F.);
#8600 = ORIENTED_EDGE('',*,*,#8396,.T.);
#8601 = ORIENTED_EDGE('',*,*,#8602,.T.);
#8602 = EDGE_CURVE('',#8397,#8554,#8603,.T.);
#8603 = SURFACE_CURVE('',#8604,(#8608,#8615),.PCURVE_S1.);
#8604 = LINE('',#8605,#8606);
#8605 = CARTESIAN_POINT('',(28.25,-22.5,5.4));
#8606 = VECTOR('',#8607,1.);
#8607 = DIRECTION('',(1.,0.,-0.));
#8608 = PCURVE('',#8412,#8609);
#8609 = DEFINITIONAL_REPRESENTATION('',(#8610),#8614);
#8610 = LINE('',#8611,#8612);
#8611 = CARTESIAN_POINT('',(0.8,0.));
#8612 = VECTOR('',#8613,1.);
#8613 = DIRECTION('',(0.,1.));
#8614 = ( GEOMETRIC_REPRESENTATION_CONTEXT(2) 
PARAMETRIC_REPRESENTATION_CONTEXT() REPRESENTATION_CONTEXT('2D SPACE',''
  ) );
#8615 = PCURVE('',#8438,#8616);
#8616 = DEFINITIONAL_REPRESENTATION('',(#8617),#8621);
#8617 = LINE('',#8618,#8619);
#8618 = CARTESIAN_POINT('',(0.,1.));
#8619 = VECTOR('',#8620,1.);
#8620 = DIRECTION('',(1.,0.));
#8621 = ( GEOMETRIC_REPRESENTATION_CONTEXT(2) 
PARAMETRIC_REPRESENTATION_CONTEXT() REPRESENTATION_CONTEXT('2D SPACE',''
  ) );
#8622 = ORIENTED_EDGE('',*,*,#8553,.F.);
#8623 = ADVANCED_FACE('',(#8624),#8438,.T.);
#8624 = FACE_BOUND('',#8625,.T.);
#8625 = EDGE_LOOP('',(#8626,#8627,#8648,#8649));
#8626 = ORIENTED_EDGE('',*,*,#8424,.F.);
#8627 = ORIENTED_EDGE('',*,*,#8628,.T.);
#8628 = EDGE_CURVE('',#8336,#8530,#8629,.T.);
#8629 = SURFACE_CURVE('',#8630,(#8634,#8641),.PCURVE_S1.);
#8630 = LINE('',#8631,#8632);
#8631 = CARTESIAN_POINT('',(28.25,-23.5,5.4));
#8632 = VECTOR('',#8633,1.);
#8633 = DIRECTION('',(1.,0.,-0.));
#8634 = PCURVE('',#8438,#8635);
#8635 = DEFINITIONAL_REPRESENTATION('',(#8636),#8640);
#8636 = LINE('',#8637,#8638);
#8637 = CARTESIAN_POINT('',(0.,0.));
#8638 = VECTOR('',#8639,1.);
#8639 = DIRECTION('',(1.,0.));
#8640 = ( GEOMETRIC_REPRESENTATION_CONTEXT(2) 
PARAMETRIC_REPRESENTATION_CONTEXT() REPRESENTATION_CONTEXT('2D SPACE',''
  ) );
#8641 = PCURVE('',#8356,#8642);
#8642 = DEFINITIONAL_REPRESENTATION('',(#8643),#8647);
#8643 = LINE('',#8644,#8645);
#8644 = CARTESIAN_POINT('',(0.8,0.));
#8645 = VECTOR('',#8646,1.);
#8646 = DIRECTION('',(0.,1.));
#8647 = ( GEOMETRIC_REPRESENTATION_CONTEXT(2) 
PARAMETRIC_REPRESENTATION_CONTEXT() REPRESENTATION_CONTEXT('2D SPACE',''
  ) );
#8648 = ORIENTED_EDGE('',*,*,#8576,.T.);
#8649 = ORIENTED_EDGE('',*,*,#8602,.F.);
#8650 = ADVANCED_FACE('',(#8651),#8356,.F.);
#8651 = FACE_BOUND('',#8652,.F.);
#8652 = EDGE_LOOP('',(#8653,#8654,#8655,#8656));
#8653 = ORIENTED_EDGE('',*,*,#8454,.F.);
#8654 = ORIENTED_EDGE('',*,*,#8333,.T.);
#8655 = ORIENTED_EDGE('',*,*,#8628,.T.);
#8656 = ORIENTED_EDGE('',*,*,#8529,.F.);
#8657 = MANIFOLD_SOLID_BREP('',#8658);
#8658 = CLOSED_SHELL('',(#8659,#8777,#8853,#8927,#9003,#9079,#9153,#9229
    ,#9305,#9379,#9455,#9526,#9561,#9588));
#8659 = ADVANCED_FACE('',(#8660),#8674,.F.);
#8660 = FACE_BOUND('',#8661,.F.);
#8661 = EDGE_LOOP('',(#8662,#8697,#8725,#8753));
#8662 = ORIENTED_EDGE('',*,*,#8663,.F.);
#8663 = EDGE_CURVE('',#8664,#8666,#8668,.T.);
#8664 = VERTEX_POINT('',#8665);
#8665 = CARTESIAN_POINT('',(-30.5,21.25,5.4));
#8666 = VERTEX_POINT('',#8667);
#8667 = CARTESIAN_POINT('',(-30.5,22.5,5.4));
#8668 = SURFACE_CURVE('',#8669,(#8673,#8685),.PCURVE_S1.);
#8669 = LINE('',#8670,#8671);
#8670 = CARTESIAN_POINT('',(-30.5,21.25,5.4));
#8671 = VECTOR('',#8672,1.);
#8672 = DIRECTION('',(-0.,1.,0.));
#8673 = PCURVE('',#8674,#8679);
#8674 = PLANE('',#8675);
#8675 = AXIS2_PLACEMENT_3D('',#8676,#8677,#8678);
#8676 = CARTESIAN_POINT('',(-30.5,21.25,4.6));
#8677 = DIRECTION('',(1.,0.,-0.));
#8678 = DIRECTION('',(0.,0.,1.));
#8679 = DEFINITIONAL_REPRESENTATION('',(#8680),#8684);
#8680 = LINE('',#8681,#8682);
#8681 = CARTESIAN_POINT('',(0.8,0.));
#8682 = VECTOR('',#8683,1.);
#8683 = DIRECTION('',(0.,-1.));
#8684 = ( GEOMETRIC_REPRESENTATION_CONTEXT(2) 
PARAMETRIC_REPRESENTATION_CONTEXT() REPRESENTATION_CONTEXT('2D SPACE',''
  ) );
#8685 = PCURVE('',#8686,#8691);
#8686 = PLANE('',#8687);
#8687 = AXIS2_PLACEMENT_3D('',#8688,#8689,#8690);
#8688 = CARTESIAN_POINT('',(-30.5,21.25,5.4));
#8689 = DIRECTION('',(0.,0.,1.));
#8690 = DIRECTION('',(1.,0.,-0.));
#8691 = DEFINITIONAL_REPRESENTATION('',(#8692),#8696);
#8692 = LINE('',#8693,#8694);
#8693 = CARTESIAN_POINT('',(0.,0.));
#8694 = VECTOR('',#8695,1.);
#8695 = DIRECTION('',(0.,1.));
#8696 = ( GEOMETRIC_REPRESENTATION_CONTEXT(2) 
PARAMETRIC_REPRESENTATION_CONTEXT() REPRESENTATION_CONTEXT('2D SPACE',''
  ) );
#8697 = ORIENTED_EDGE('',*,*,#8698,.F.);
#8698 = EDGE_CURVE('',#8699,#8664,#8701,.T.);
#8699 = VERTEX_POINT('',#8700);
#8700 = CARTESIAN_POINT('',(-30.5,21.25,4.6));
#8701 = SURFACE_CURVE('',#8702,(#8706,#8713),.PCURVE_S1.);
#8702 = LINE('',#8703,#8704);
#8703 = CARTESIAN_POINT('',(-30.5,21.25,4.6));
#8704 = VECTOR('',#8705,1.);
#8705 = DIRECTION('',(0.,0.,1.));
#8706 = PCURVE('',#8674,#8707);
#8707 = DEFINITIONAL_REPRESENTATION('',(#8708),#8712);
#8708 = LINE('',#8709,#8710);
#8709 = CARTESIAN_POINT('',(0.,0.));
#8710 = VECTOR('',#8711,1.);
#8711 = DIRECTION('',(1.,0.));
#8712 = ( GEOMETRIC_REPRESENTATION_CONTEXT(2) 
PARAMETRIC_REPRESENTATION_CONTEXT() REPRESENTATION_CONTEXT('2D SPACE',''
  ) );
#8713 = PCURVE('',#8714,#8719);
#8714 = PLANE('',#8715);
#8715 = AXIS2_PLACEMENT_3D('',#8716,#8717,#8718);
#8716 = CARTESIAN_POINT('',(-30.5,21.25,4.6));
#8717 = DIRECTION('',(-0.,1.,0.));
#8718 = DIRECTION('',(0.,0.,1.));
#8719 = DEFINITIONAL_REPRESENTATION('',(#8720),#8724);
#8720 = LINE('',#8721,#8722);
#8721 = CARTESIAN_POINT('',(0.,0.));
#8722 = VECTOR('',#8723,1.);
#8723 = DIRECTION('',(1.,0.));
#8724 = ( GEOMETRIC_REPRESENTATION_CONTEXT(2) 
PARAMETRIC_REPRESENTATION_CONTEXT() REPRESENTATION_CONTEXT('2D SPACE',''
  ) );
#8725 = ORIENTED_EDGE('',*,*,#8726,.T.);
#8726 = EDGE_CURVE('',#8699,#8727,#8729,.T.);
#8727 = VERTEX_POINT('',#8728);
#8728 = CARTESIAN_POINT('',(-30.5,22.5,4.6));
#8729 = SURFACE_CURVE('',#8730,(#8734,#8741),.PCURVE_S1.);
#8730 = LINE('',#8731,#8732);
#8731 = CARTESIAN_POINT('',(-30.5,21.25,4.6));
#8732 = VECTOR('',#8733,1.);
#8733 = DIRECTION('',(-0.,1.,0.));
#8734 = PCURVE('',#8674,#8735);
#8735 = DEFINITIONAL_REPRESENTATION('',(#8736),#8740);
#8736 = LINE('',#8737,#8738);
#8737 = CARTESIAN_POINT('',(0.,0.));
#8738 = VECTOR('',#8739,1.);
#8739 = DIRECTION('',(0.,-1.));
#8740 = ( GEOMETRIC_REPRESENTATION_CONTEXT(2) 
PARAMETRIC_REPRESENTATION_CONTEXT() REPRESENTATION_CONTEXT('2D SPACE',''
  ) );
#8741 = PCURVE('',#8742,#8747);
#8742 = PLANE('',#8743);
#8743 = AXIS2_PLACEMENT_3D('',#8744,#8745,#8746);
#8744 = CARTESIAN_POINT('',(-30.5,21.25,4.6));
#8745 = DIRECTION('',(0.,0.,1.));
#8746 = DIRECTION('',(1.,0.,-0.));
#8747 = DEFINITIONAL_REPRESENTATION('',(#8748),#8752);
#8748 = LINE('',#8749,#8750);
#8749 = CARTESIAN_POINT('',(0.,0.));
#8750 = VECTOR('',#8751,1.);
#8751 = DIRECTION('',(0.,1.));
#8752 = ( GEOMETRIC_REPRESENTATION_CONTEXT(2) 
PARAMETRIC_REPRESENTATION_CONTEXT() REPRESENTATION_CONTEXT('2D SPACE',''
  ) );
#8753 = ORIENTED_EDGE('',*,*,#8754,.F.);
#8754 = EDGE_CURVE('',#8666,#8727,#8755,.T.);
#8755 = SURFACE_CURVE('',#8756,(#8760,#8766),.PCURVE_S1.);
#8756 = LINE('',#8757,#8758);
#8757 = CARTESIAN_POINT('',(-30.5,22.5,4.6));
#8758 = VECTOR('',#8759,1.);
#8759 = DIRECTION('',(-0.,0.,-1.));
#8760 = PCURVE('',#8674,#8761);
#8761 = DEFINITIONAL_REPRESENTATION('',(#8762),#8765);
#8762 = B_SPLINE_CURVE_WITH_KNOTS('',1,(#8763,#8764),.UNSPECIFIED.,.F.,
  .F.,(2,2),(-0.8,-0.),.PIECEWISE_BEZIER_KNOTS.);
#8763 = CARTESIAN_POINT('',(0.8,-1.25));
#8764 = CARTESIAN_POINT('',(0.,-1.25));
#8765 = ( GEOMETRIC_REPRESENTATION_CONTEXT(2) 
PARAMETRIC_REPRESENTATION_CONTEXT() REPRESENTATION_CONTEXT('2D SPACE',''
  ) );
#8766 = PCURVE('',#8767,#8772);
#8767 = PLANE('',#8768);
#8768 = AXIS2_PLACEMENT_3D('',#8769,#8770,#8771);
#8769 = CARTESIAN_POINT('',(-31.75,22.5,4.6));
#8770 = DIRECTION('',(-0.,1.,0.));
#8771 = DIRECTION('',(0.,0.,1.));
#8772 = DEFINITIONAL_REPRESENTATION('',(#8773),#8776);
#8773 = B_SPLINE_CURVE_WITH_KNOTS('',1,(#8774,#8775),.UNSPECIFIED.,.F.,
  .F.,(2,2),(-0.8,-0.),.PIECEWISE_BEZIER_KNOTS.);
#8774 = CARTESIAN_POINT('',(0.8,1.25));
#8775 = CARTESIAN_POINT('',(0.,1.25));
#8776 = ( GEOMETRIC_REPRESENTATION_CONTEXT(2) 
PARAMETRIC_REPRESENTATION_CONTEXT() REPRESENTATION_CONTEXT('2D SPACE',''
  ) );
#8777 = ADVANCED_FACE('',(#8778),#8714,.F.);
#8778 = FACE_BOUND('',#8779,.F.);
#8779 = EDGE_LOOP('',(#8780,#8803,#8804,#8827));
#8780 = ORIENTED_EDGE('',*,*,#8781,.F.);
#8781 = EDGE_CURVE('',#8699,#8782,#8784,.T.);
#8782 = VERTEX_POINT('',#8783);
#8783 = CARTESIAN_POINT('',(-29.5,21.25,4.6));
#8784 = SURFACE_CURVE('',#8785,(#8789,#8796),.PCURVE_S1.);
#8785 = LINE('',#8786,#8787);
#8786 = CARTESIAN_POINT('',(-30.5,21.25,4.6));
#8787 = VECTOR('',#8788,1.);
#8788 = DIRECTION('',(1.,0.,-0.));
#8789 = PCURVE('',#8714,#8790);
#8790 = DEFINITIONAL_REPRESENTATION('',(#8791),#8795);
#8791 = LINE('',#8792,#8793);
#8792 = CARTESIAN_POINT('',(0.,0.));
#8793 = VECTOR('',#8794,1.);
#8794 = DIRECTION('',(0.,1.));
#8795 = ( GEOMETRIC_REPRESENTATION_CONTEXT(2) 
PARAMETRIC_REPRESENTATION_CONTEXT() REPRESENTATION_CONTEXT('2D SPACE',''
  ) );
#8796 = PCURVE('',#8742,#8797);
#8797 = DEFINITIONAL_REPRESENTATION('',(#8798),#8802);
#8798 = LINE('',#8799,#8800);
#8799 = CARTESIAN_POINT('',(0.,0.));
#8800 = VECTOR('',#8801,1.);
#8801 = DIRECTION('',(1.,0.));
#8802 = ( GEOMETRIC_REPRESENTATION_CONTEXT(2) 
PARAMETRIC_REPRESENTATION_CONTEXT() REPRESENTATION_CONTEXT('2D SPACE',''
  ) );
#8803 = ORIENTED_EDGE('',*,*,#8698,.T.);
#8804 = ORIENTED_EDGE('',*,*,#8805,.T.);
#8805 = EDGE_CURVE('',#8664,#8806,#8808,.T.);
#8806 = VERTEX_POINT('',#8807);
#8807 = CARTESIAN_POINT('',(-29.5,21.25,5.4));
#8808 = SURFACE_CURVE('',#8809,(#8813,#8820),.PCURVE_S1.);
#8809 = LINE('',#8810,#8811);
#8810 = CARTESIAN_POINT('',(-30.5,21.25,5.4));
#8811 = VECTOR('',#8812,1.);
#8812 = DIRECTION('',(1.,0.,-0.));
#8813 = PCURVE('',#8714,#8814);
#8814 = DEFINITIONAL_REPRESENTATION('',(#8815),#8819);
#8815 = LINE('',#8816,#8817);
#8816 = CARTESIAN_POINT('',(0.8,0.));
#8817 = VECTOR('',#8818,1.);
#8818 = DIRECTION('',(0.,1.));
#8819 = ( GEOMETRIC_REPRESENTATION_CONTEXT(2) 
PARAMETRIC_REPRESENTATION_CONTEXT() REPRESENTATION_CONTEXT('2D SPACE',''
  ) );
#8820 = PCURVE('',#8686,#8821);
#8821 = DEFINITIONAL_REPRESENTATION('',(#8822),#8826);
#8822 = LINE('',#8823,#8824);
#8823 = CARTESIAN_POINT('',(0.,0.));
#8824 = VECTOR('',#8825,1.);
#8825 = DIRECTION('',(1.,0.));
#8826 = ( GEOMETRIC_REPRESENTATION_CONTEXT(2) 
PARAMETRIC_REPRESENTATION_CONTEXT() REPRESENTATION_CONTEXT('2D SPACE',''
  ) );
#8827 = ORIENTED_EDGE('',*,*,#8828,.F.);
#8828 = EDGE_CURVE('',#8782,#8806,#8829,.T.);
#8829 = SURFACE_CURVE('',#8830,(#8834,#8841),.PCURVE_S1.);
#8830 = LINE('',#8831,#8832);
#8831 = CARTESIAN_POINT('',(-29.5,21.25,4.6));
#8832 = VECTOR('',#8833,1.);
#8833 = DIRECTION('',(0.,0.,1.));
#8834 = PCURVE('',#8714,#8835);
#8835 = DEFINITIONAL_REPRESENTATION('',(#8836),#8840);
#8836 = LINE('',#8837,#8838);
#8837 = CARTESIAN_POINT('',(0.,1.));
#8838 = VECTOR('',#8839,1.);
#8839 = DIRECTION('',(1.,0.));
#8840 = ( GEOMETRIC_REPRESENTATION_CONTEXT(2) 
PARAMETRIC_REPRESENTATION_CONTEXT() REPRESENTATION_CONTEXT('2D SPACE',''
  ) );
#8841 = PCURVE('',#8842,#8847);
#8842 = PLANE('',#8843);
#8843 = AXIS2_PLACEMENT_3D('',#8844,#8845,#8846);
#8844 = CARTESIAN_POINT('',(-29.5,21.25,4.6));
#8845 = DIRECTION('',(1.,0.,-0.));
#8846 = DIRECTION('',(0.,0.,1.));
#8847 = DEFINITIONAL_REPRESENTATION('',(#8848),#8852);
#8848 = LINE('',#8849,#8850);
#8849 = CARTESIAN_POINT('',(0.,0.));
#8850 = VECTOR('',#8851,1.);
#8851 = DIRECTION('',(1.,0.));
#8852 = ( GEOMETRIC_REPRESENTATION_CONTEXT(2) 
PARAMETRIC_REPRESENTATION_CONTEXT() REPRESENTATION_CONTEXT('2D SPACE',''
  ) );
#8853 = ADVANCED_FACE('',(#8854),#8842,.T.);
#8854 = FACE_BOUND('',#8855,.T.);
#8855 = EDGE_LOOP('',(#8856,#8879,#8880,#8903));
#8856 = ORIENTED_EDGE('',*,*,#8857,.F.);
#8857 = EDGE_CURVE('',#8806,#8858,#8860,.T.);
#8858 = VERTEX_POINT('',#8859);
#8859 = CARTESIAN_POINT('',(-29.5,22.5,5.4));
#8860 = SURFACE_CURVE('',#8861,(#8865,#8872),.PCURVE_S1.);
#8861 = LINE('',#8862,#8863);
#8862 = CARTESIAN_POINT('',(-29.5,21.25,5.4));
#8863 = VECTOR('',#8864,1.);
#8864 = DIRECTION('',(-0.,1.,0.));
#8865 = PCURVE('',#8842,#8866);
#8866 = DEFINITIONAL_REPRESENTATION('',(#8867),#8871);
#8867 = LINE('',#8868,#8869);
#8868 = CARTESIAN_POINT('',(0.8,0.));
#8869 = VECTOR('',#8870,1.);
#8870 = DIRECTION('',(0.,-1.));
#8871 = ( GEOMETRIC_REPRESENTATION_CONTEXT(2) 
PARAMETRIC_REPRESENTATION_CONTEXT() REPRESENTATION_CONTEXT('2D SPACE',''
  ) );
#8872 = PCURVE('',#8686,#8873);
#8873 = DEFINITIONAL_REPRESENTATION('',(#8874),#8878);
#8874 = LINE('',#8875,#8876);
#8875 = CARTESIAN_POINT('',(1.,0.));
#8876 = VECTOR('',#8877,1.);
#8877 = DIRECTION('',(0.,1.));
#8878 = ( GEOMETRIC_REPRESENTATION_CONTEXT(2) 
PARAMETRIC_REPRESENTATION_CONTEXT() REPRESENTATION_CONTEXT('2D SPACE',''
  ) );
#8879 = ORIENTED_EDGE('',*,*,#8828,.F.);
#8880 = ORIENTED_EDGE('',*,*,#8881,.T.);
#8881 = EDGE_CURVE('',#8782,#8882,#8884,.T.);
#8882 = VERTEX_POINT('',#8883);
#8883 = CARTESIAN_POINT('',(-29.5,22.5,4.6));
#8884 = SURFACE_CURVE('',#8885,(#8889,#8896),.PCURVE_S1.);
#8885 = LINE('',#8886,#8887);
#8886 = CARTESIAN_POINT('',(-29.5,21.25,4.6));
#8887 = VECTOR('',#8888,1.);
#8888 = DIRECTION('',(-0.,1.,0.));
#8889 = PCURVE('',#8842,#8890);
#8890 = DEFINITIONAL_REPRESENTATION('',(#8891),#8895);
#8891 = LINE('',#8892,#8893);
#8892 = CARTESIAN_POINT('',(0.,0.));
#8893 = VECTOR('',#8894,1.);
#8894 = DIRECTION('',(0.,-1.));
#8895 = ( GEOMETRIC_REPRESENTATION_CONTEXT(2) 
PARAMETRIC_REPRESENTATION_CONTEXT() REPRESENTATION_CONTEXT('2D SPACE',''
  ) );
#8896 = PCURVE('',#8742,#8897);
#8897 = DEFINITIONAL_REPRESENTATION('',(#8898),#8902);
#8898 = LINE('',#8899,#8900);
#8899 = CARTESIAN_POINT('',(1.,0.));
#8900 = VECTOR('',#8901,1.);
#8901 = DIRECTION('',(0.,1.));
#8902 = ( GEOMETRIC_REPRESENTATION_CONTEXT(2) 
PARAMETRIC_REPRESENTATION_CONTEXT() REPRESENTATION_CONTEXT('2D SPACE',''
  ) );
#8903 = ORIENTED_EDGE('',*,*,#8904,.F.);
#8904 = EDGE_CURVE('',#8858,#8882,#8905,.T.);
#8905 = SURFACE_CURVE('',#8906,(#8910,#8916),.PCURVE_S1.);
#8906 = LINE('',#8907,#8908);
#8907 = CARTESIAN_POINT('',(-29.5,22.5,4.6));
#8908 = VECTOR('',#8909,1.);
#8909 = DIRECTION('',(-0.,0.,-1.));
#8910 = PCURVE('',#8842,#8911);
#8911 = DEFINITIONAL_REPRESENTATION('',(#8912),#8915);
#8912 = B_SPLINE_CURVE_WITH_KNOTS('',1,(#8913,#8914),.UNSPECIFIED.,.F.,
  .F.,(2,2),(-0.8,-0.),.PIECEWISE_BEZIER_KNOTS.);
#8913 = CARTESIAN_POINT('',(0.8,-1.25));
#8914 = CARTESIAN_POINT('',(0.,-1.25));
#8915 = ( GEOMETRIC_REPRESENTATION_CONTEXT(2) 
PARAMETRIC_REPRESENTATION_CONTEXT() REPRESENTATION_CONTEXT('2D SPACE',''
  ) );
#8916 = PCURVE('',#8917,#8922);
#8917 = PLANE('',#8918);
#8918 = AXIS2_PLACEMENT_3D('',#8919,#8920,#8921);
#8919 = CARTESIAN_POINT('',(-31.75,22.5,4.6));
#8920 = DIRECTION('',(-0.,1.,0.));
#8921 = DIRECTION('',(0.,0.,1.));
#8922 = DEFINITIONAL_REPRESENTATION('',(#8923),#8926);
#8923 = B_SPLINE_CURVE_WITH_KNOTS('',1,(#8924,#8925),.UNSPECIFIED.,.F.,
  .F.,(2,2),(-0.8,-0.),.PIECEWISE_BEZIER_KNOTS.);
#8924 = CARTESIAN_POINT('',(0.8,2.25));
#8925 = CARTESIAN_POINT('',(0.,2.25));
#8926 = ( GEOMETRIC_REPRESENTATION_CONTEXT(2) 
PARAMETRIC_REPRESENTATION_CONTEXT() REPRESENTATION_CONTEXT('2D SPACE',''
  ) );
#8927 = ADVANCED_FACE('',(#8928),#8917,.F.);
#8928 = FACE_BOUND('',#8929,.F.);
#8929 = EDGE_LOOP('',(#8930,#8953,#8954,#8977));
#8930 = ORIENTED_EDGE('',*,*,#8931,.F.);
#8931 = EDGE_CURVE('',#8882,#8932,#8934,.T.);
#8932 = VERTEX_POINT('',#8933);
#8933 = CARTESIAN_POINT('',(-28.25,22.5,4.6));
#8934 = SURFACE_CURVE('',#8935,(#8939,#8946),.PCURVE_S1.);
#8935 = LINE('',#8936,#8937);
#8936 = CARTESIAN_POINT('',(-31.75,22.5,4.6));
#8937 = VECTOR('',#8938,1.);
#8938 = DIRECTION('',(1.,0.,-0.));
#8939 = PCURVE('',#8917,#8940);
#8940 = DEFINITIONAL_REPRESENTATION('',(#8941),#8945);
#8941 = LINE('',#8942,#8943);
#8942 = CARTESIAN_POINT('',(0.,0.));
#8943 = VECTOR('',#8944,1.);
#8944 = DIRECTION('',(0.,1.));
#8945 = ( GEOMETRIC_REPRESENTATION_CONTEXT(2) 
PARAMETRIC_REPRESENTATION_CONTEXT() REPRESENTATION_CONTEXT('2D SPACE',''
  ) );
#8946 = PCURVE('',#8742,#8947);
#8947 = DEFINITIONAL_REPRESENTATION('',(#8948),#8952);
#8948 = LINE('',#8949,#8950);
#8949 = CARTESIAN_POINT('',(-1.25,1.25));
#8950 = VECTOR('',#8951,1.);
#8951 = DIRECTION('',(1.,0.));
#8952 = ( GEOMETRIC_REPRESENTATION_CONTEXT(2) 
PARAMETRIC_REPRESENTATION_CONTEXT() REPRESENTATION_CONTEXT('2D SPACE',''
  ) );
#8953 = ORIENTED_EDGE('',*,*,#8904,.F.);
#8954 = ORIENTED_EDGE('',*,*,#8955,.T.);
#8955 = EDGE_CURVE('',#8858,#8956,#8958,.T.);
#8956 = VERTEX_POINT('',#8957);
#8957 = CARTESIAN_POINT('',(-28.25,22.5,5.4));
#8958 = SURFACE_CURVE('',#8959,(#8963,#8970),.PCURVE_S1.);
#8959 = LINE('',#8960,#8961);
#8960 = CARTESIAN_POINT('',(-31.75,22.5,5.4));
#8961 = VECTOR('',#8962,1.);
#8962 = DIRECTION('',(1.,0.,-0.));
#8963 = PCURVE('',#8917,#8964);
#8964 = DEFINITIONAL_REPRESENTATION('',(#8965),#8969);
#8965 = LINE('',#8966,#8967);
#8966 = CARTESIAN_POINT('',(0.8,0.));
#8967 = VECTOR('',#8968,1.);
#8968 = DIRECTION('',(0.,1.));
#8969 = ( GEOMETRIC_REPRESENTATION_CONTEXT(2) 
PARAMETRIC_REPRESENTATION_CONTEXT() REPRESENTATION_CONTEXT('2D SPACE',''
  ) );
#8970 = PCURVE('',#8686,#8971);
#8971 = DEFINITIONAL_REPRESENTATION('',(#8972),#8976);
#8972 = LINE('',#8973,#8974);
#8973 = CARTESIAN_POINT('',(-1.25,1.25));
#8974 = VECTOR('',#8975,1.);
#8975 = DIRECTION('',(1.,0.));
#8976 = ( GEOMETRIC_REPRESENTATION_CONTEXT(2) 
PARAMETRIC_REPRESENTATION_CONTEXT() REPRESENTATION_CONTEXT('2D SPACE',''
  ) );
#8977 = ORIENTED_EDGE('',*,*,#8978,.F.);
#8978 = EDGE_CURVE('',#8932,#8956,#8979,.T.);
#8979 = SURFACE_CURVE('',#8980,(#8984,#8991),.PCURVE_S1.);
#8980 = LINE('',#8981,#8982);
#8981 = CARTESIAN_POINT('',(-28.25,22.5,4.6));
#8982 = VECTOR('',#8983,1.);
#8983 = DIRECTION('',(0.,0.,1.));
#8984 = PCURVE('',#8917,#8985);
#8985 = DEFINITIONAL_REPRESENTATION('',(#8986),#8990);
#8986 = LINE('',#8987,#8988);
#8987 = CARTESIAN_POINT('',(0.,3.5));
#8988 = VECTOR('',#8989,1.);
#8989 = DIRECTION('',(1.,0.));
#8990 = ( GEOMETRIC_REPRESENTATION_CONTEXT(2) 
PARAMETRIC_REPRESENTATION_CONTEXT() REPRESENTATION_CONTEXT('2D SPACE',''
  ) );
#8991 = PCURVE('',#8992,#8997);
#8992 = PLANE('',#8993);
#8993 = AXIS2_PLACEMENT_3D('',#8994,#8995,#8996);
#8994 = CARTESIAN_POINT('',(-28.25,22.5,4.6));
#8995 = DIRECTION('',(1.,0.,-0.));
#8996 = DIRECTION('',(0.,0.,1.));
#8997 = DEFINITIONAL_REPRESENTATION('',(#8998),#9002);
#8998 = LINE('',#8999,#9000);
#8999 = CARTESIAN_POINT('',(0.,0.));
#9000 = VECTOR('',#9001,1.);
#9001 = DIRECTION('',(1.,0.));
#9002 = ( GEOMETRIC_REPRESENTATION_CONTEXT(2) 
PARAMETRIC_REPRESENTATION_CONTEXT() REPRESENTATION_CONTEXT('2D SPACE',''
  ) );
#9003 = ADVANCED_FACE('',(#9004),#8992,.T.);
#9004 = FACE_BOUND('',#9005,.T.);
#9005 = EDGE_LOOP('',(#9006,#9007,#9030,#9058));
#9006 = ORIENTED_EDGE('',*,*,#8978,.F.);
#9007 = ORIENTED_EDGE('',*,*,#9008,.T.);
#9008 = EDGE_CURVE('',#8932,#9009,#9011,.T.);
#9009 = VERTEX_POINT('',#9010);
#9010 = CARTESIAN_POINT('',(-28.25,23.5,4.6));
#9011 = SURFACE_CURVE('',#9012,(#9016,#9023),.PCURVE_S1.);
#9012 = LINE('',#9013,#9014);
#9013 = CARTESIAN_POINT('',(-28.25,22.5,4.6));
#9014 = VECTOR('',#9015,1.);
#9015 = DIRECTION('',(-0.,1.,0.));
#9016 = PCURVE('',#8992,#9017);
#9017 = DEFINITIONAL_REPRESENTATION('',(#9018),#9022);
#9018 = LINE('',#9019,#9020);
#9019 = CARTESIAN_POINT('',(0.,0.));
#9020 = VECTOR('',#9021,1.);
#9021 = DIRECTION('',(0.,-1.));
#9022 = ( GEOMETRIC_REPRESENTATION_CONTEXT(2) 
PARAMETRIC_REPRESENTATION_CONTEXT() REPRESENTATION_CONTEXT('2D SPACE',''
  ) );
#9023 = PCURVE('',#8742,#9024);
#9024 = DEFINITIONAL_REPRESENTATION('',(#9025),#9029);
#9025 = LINE('',#9026,#9027);
#9026 = CARTESIAN_POINT('',(2.25,1.25));
#9027 = VECTOR('',#9028,1.);
#9028 = DIRECTION('',(0.,1.));
#9029 = ( GEOMETRIC_REPRESENTATION_CONTEXT(2) 
PARAMETRIC_REPRESENTATION_CONTEXT() REPRESENTATION_CONTEXT('2D SPACE',''
  ) );
#9030 = ORIENTED_EDGE('',*,*,#9031,.T.);
#9031 = EDGE_CURVE('',#9009,#9032,#9034,.T.);
#9032 = VERTEX_POINT('',#9033);
#9033 = CARTESIAN_POINT('',(-28.25,23.5,5.4));
#9034 = SURFACE_CURVE('',#9035,(#9039,#9046),.PCURVE_S1.);
#9035 = LINE('',#9036,#9037);
#9036 = CARTESIAN_POINT('',(-28.25,23.5,4.6));
#9037 = VECTOR('',#9038,1.);
#9038 = DIRECTION('',(0.,0.,1.));
#9039 = PCURVE('',#8992,#9040);
#9040 = DEFINITIONAL_REPRESENTATION('',(#9041),#9045);
#9041 = LINE('',#9042,#9043);
#9042 = CARTESIAN_POINT('',(0.,-1.));
#9043 = VECTOR('',#9044,1.);
#9044 = DIRECTION('',(1.,0.));
#9045 = ( GEOMETRIC_REPRESENTATION_CONTEXT(2) 
PARAMETRIC_REPRESENTATION_CONTEXT() REPRESENTATION_CONTEXT('2D SPACE',''
  ) );
#9046 = PCURVE('',#9047,#9052);
#9047 = PLANE('',#9048);
#9048 = AXIS2_PLACEMENT_3D('',#9049,#9050,#9051);
#9049 = CARTESIAN_POINT('',(-31.75,23.5,4.6));
#9050 = DIRECTION('',(-0.,1.,0.));
#9051 = DIRECTION('',(0.,0.,1.));
#9052 = DEFINITIONAL_REPRESENTATION('',(#9053),#9057);
#9053 = LINE('',#9054,#9055);
#9054 = CARTESIAN_POINT('',(0.,3.5));
#9055 = VECTOR('',#9056,1.);
#9056 = DIRECTION('',(1.,0.));
#9057 = ( GEOMETRIC_REPRESENTATION_CONTEXT(2) 
PARAMETRIC_REPRESENTATION_CONTEXT() REPRESENTATION_CONTEXT('2D SPACE',''
  ) );
#9058 = ORIENTED_EDGE('',*,*,#9059,.F.);
#9059 = EDGE_CURVE('',#8956,#9032,#9060,.T.);
#9060 = SURFACE_CURVE('',#9061,(#9065,#9072),.PCURVE_S1.);
#9061 = LINE('',#9062,#9063);
#9062 = CARTESIAN_POINT('',(-28.25,22.5,5.4));
#9063 = VECTOR('',#9064,1.);
#9064 = DIRECTION('',(-0.,1.,0.));
#9065 = PCURVE('',#8992,#9066);
#9066 = DEFINITIONAL_REPRESENTATION('',(#9067),#9071);
#9067 = LINE('',#9068,#9069);
#9068 = CARTESIAN_POINT('',(0.8,0.));
#9069 = VECTOR('',#9070,1.);
#9070 = DIRECTION('',(0.,-1.));
#9071 = ( GEOMETRIC_REPRESENTATION_CONTEXT(2) 
PARAMETRIC_REPRESENTATION_CONTEXT() REPRESENTATION_CONTEXT('2D SPACE',''
  ) );
#9072 = PCURVE('',#8686,#9073);
#9073 = DEFINITIONAL_REPRESENTATION('',(#9074),#9078);
#9074 = LINE('',#9075,#9076);
#9075 = CARTESIAN_POINT('',(2.25,1.25));
#9076 = VECTOR('',#9077,1.);
#9077 = DIRECTION('',(0.,1.));
#9078 = ( GEOMETRIC_REPRESENTATION_CONTEXT(2) 
PARAMETRIC_REPRESENTATION_CONTEXT() REPRESENTATION_CONTEXT('2D SPACE',''
  ) );
#9079 = ADVANCED_FACE('',(#9080),#9047,.T.);
#9080 = FACE_BOUND('',#9081,.T.);
#9081 = EDGE_LOOP('',(#9082,#9105,#9131,#9152));
#9082 = ORIENTED_EDGE('',*,*,#9083,.F.);
#9083 = EDGE_CURVE('',#9084,#9009,#9086,.T.);
#9084 = VERTEX_POINT('',#9085);
#9085 = CARTESIAN_POINT('',(-29.5,23.5,4.6));
#9086 = SURFACE_CURVE('',#9087,(#9091,#9098),.PCURVE_S1.);
#9087 = LINE('',#9088,#9089);
#9088 = CARTESIAN_POINT('',(-31.75,23.5,4.6));
#9089 = VECTOR('',#9090,1.);
#9090 = DIRECTION('',(1.,0.,-0.));
#9091 = PCURVE('',#9047,#9092);
#9092 = DEFINITIONAL_REPRESENTATION('',(#9093),#9097);
#9093 = LINE('',#9094,#9095);
#9094 = CARTESIAN_POINT('',(0.,0.));
#9095 = VECTOR('',#9096,1.);
#9096 = DIRECTION('',(0.,1.));
#9097 = ( GEOMETRIC_REPRESENTATION_CONTEXT(2) 
PARAMETRIC_REPRESENTATION_CONTEXT() REPRESENTATION_CONTEXT('2D SPACE',''
  ) );
#9098 = PCURVE('',#8742,#9099);
#9099 = DEFINITIONAL_REPRESENTATION('',(#9100),#9104);
#9100 = LINE('',#9101,#9102);
#9101 = CARTESIAN_POINT('',(-1.25,2.25));
#9102 = VECTOR('',#9103,1.);
#9103 = DIRECTION('',(1.,0.));
#9104 = ( GEOMETRIC_REPRESENTATION_CONTEXT(2) 
PARAMETRIC_REPRESENTATION_CONTEXT() REPRESENTATION_CONTEXT('2D SPACE',''
  ) );
#9105 = ORIENTED_EDGE('',*,*,#9106,.F.);
#9106 = EDGE_CURVE('',#9107,#9084,#9109,.T.);
#9107 = VERTEX_POINT('',#9108);
#9108 = CARTESIAN_POINT('',(-29.5,23.5,5.4));
#9109 = SURFACE_CURVE('',#9110,(#9114,#9120),.PCURVE_S1.);
#9110 = LINE('',#9111,#9112);
#9111 = CARTESIAN_POINT('',(-29.5,23.5,4.6));
#9112 = VECTOR('',#9113,1.);
#9113 = DIRECTION('',(-0.,0.,-1.));
#9114 = PCURVE('',#9047,#9115);
#9115 = DEFINITIONAL_REPRESENTATION('',(#9116),#9119);
#9116 = B_SPLINE_CURVE_WITH_KNOTS('',1,(#9117,#9118),.UNSPECIFIED.,.F.,
  .F.,(2,2),(-0.8,-0.),.PIECEWISE_BEZIER_KNOTS.);
#9117 = CARTESIAN_POINT('',(0.8,2.25));
#9118 = CARTESIAN_POINT('',(0.,2.25));
#9119 = ( GEOMETRIC_REPRESENTATION_CONTEXT(2) 
PARAMETRIC_REPRESENTATION_CONTEXT() REPRESENTATION_CONTEXT('2D SPACE',''
  ) );
#9120 = PCURVE('',#9121,#9126);
#9121 = PLANE('',#9122);
#9122 = AXIS2_PLACEMENT_3D('',#9123,#9124,#9125);
#9123 = CARTESIAN_POINT('',(-29.5,21.25,4.6));
#9124 = DIRECTION('',(1.,0.,-0.));
#9125 = DIRECTION('',(0.,0.,1.));
#9126 = DEFINITIONAL_REPRESENTATION('',(#9127),#9130);
#9127 = B_SPLINE_CURVE_WITH_KNOTS('',1,(#9128,#9129),.UNSPECIFIED.,.F.,
  .F.,(2,2),(-0.8,-0.),.PIECEWISE_BEZIER_KNOTS.);
#9128 = CARTESIAN_POINT('',(0.8,-2.25));
#9129 = CARTESIAN_POINT('',(0.,-2.25));
#9130 = ( GEOMETRIC_REPRESENTATION_CONTEXT(2) 
PARAMETRIC_REPRESENTATION_CONTEXT() REPRESENTATION_CONTEXT('2D SPACE',''
  ) );
#9131 = ORIENTED_EDGE('',*,*,#9132,.T.);
#9132 = EDGE_CURVE('',#9107,#9032,#9133,.T.);
#9133 = SURFACE_CURVE('',#9134,(#9138,#9145),.PCURVE_S1.);
#9134 = LINE('',#9135,#9136);
#9135 = CARTESIAN_POINT('',(-31.75,23.5,5.4));
#9136 = VECTOR('',#9137,1.);
#9137 = DIRECTION('',(1.,0.,-0.));
#9138 = PCURVE('',#9047,#9139);
#9139 = DEFINITIONAL_REPRESENTATION('',(#9140),#9144);
#9140 = LINE('',#9141,#9142);
#9141 = CARTESIAN_POINT('',(0.8,0.));
#9142 = VECTOR('',#9143,1.);
#9143 = DIRECTION('',(0.,1.));
#9144 = ( GEOMETRIC_REPRESENTATION_CONTEXT(2) 
PARAMETRIC_REPRESENTATION_CONTEXT() REPRESENTATION_CONTEXT('2D SPACE',''
  ) );
#9145 = PCURVE('',#8686,#9146);
#9146 = DEFINITIONAL_REPRESENTATION('',(#9147),#9151);
#9147 = LINE('',#9148,#9149);
#9148 = CARTESIAN_POINT('',(-1.25,2.25));
#9149 = VECTOR('',#9150,1.);
#9150 = DIRECTION('',(1.,0.));
#9151 = ( GEOMETRIC_REPRESENTATION_CONTEXT(2) 
PARAMETRIC_REPRESENTATION_CONTEXT() REPRESENTATION_CONTEXT('2D SPACE',''
  ) );
#9152 = ORIENTED_EDGE('',*,*,#9031,.F.);
#9153 = ADVANCED_FACE('',(#9154),#9121,.T.);
#9154 = FACE_BOUND('',#9155,.T.);
#9155 = EDGE_LOOP('',(#9156,#9179,#9180,#9203));
#9156 = ORIENTED_EDGE('',*,*,#9157,.F.);
#9157 = EDGE_CURVE('',#9107,#9158,#9160,.T.);
#9158 = VERTEX_POINT('',#9159);
#9159 = CARTESIAN_POINT('',(-29.5,24.75,5.4));
#9160 = SURFACE_CURVE('',#9161,(#9165,#9172),.PCURVE_S1.);
#9161 = LINE('',#9162,#9163);
#9162 = CARTESIAN_POINT('',(-29.5,21.25,5.4));
#9163 = VECTOR('',#9164,1.);
#9164 = DIRECTION('',(-0.,1.,0.));
#9165 = PCURVE('',#9121,#9166);
#9166 = DEFINITIONAL_REPRESENTATION('',(#9167),#9171);
#9167 = LINE('',#9168,#9169);
#9168 = CARTESIAN_POINT('',(0.8,0.));
#9169 = VECTOR('',#9170,1.);
#9170 = DIRECTION('',(0.,-1.));
#9171 = ( GEOMETRIC_REPRESENTATION_CONTEXT(2) 
PARAMETRIC_REPRESENTATION_CONTEXT() REPRESENTATION_CONTEXT('2D SPACE',''
  ) );
#9172 = PCURVE('',#8686,#9173);
#9173 = DEFINITIONAL_REPRESENTATION('',(#9174),#9178);
#9174 = LINE('',#9175,#9176);
#9175 = CARTESIAN_POINT('',(1.,0.));
#9176 = VECTOR('',#9177,1.);
#9177 = DIRECTION('',(0.,1.));
#9178 = ( GEOMETRIC_REPRESENTATION_CONTEXT(2) 
PARAMETRIC_REPRESENTATION_CONTEXT() REPRESENTATION_CONTEXT('2D SPACE',''
  ) );
#9179 = ORIENTED_EDGE('',*,*,#9106,.T.);
#9180 = ORIENTED_EDGE('',*,*,#9181,.T.);
#9181 = EDGE_CURVE('',#9084,#9182,#9184,.T.);
#9182 = VERTEX_POINT('',#9183);
#9183 = CARTESIAN_POINT('',(-29.5,24.75,4.6));
#9184 = SURFACE_CURVE('',#9185,(#9189,#9196),.PCURVE_S1.);
#9185 = LINE('',#9186,#9187);
#9186 = CARTESIAN_POINT('',(-29.5,21.25,4.6));
#9187 = VECTOR('',#9188,1.);
#9188 = DIRECTION('',(-0.,1.,0.));
#9189 = PCURVE('',#9121,#9190);
#9190 = DEFINITIONAL_REPRESENTATION('',(#9191),#9195);
#9191 = LINE('',#9192,#9193);
#9192 = CARTESIAN_POINT('',(0.,0.));
#9193 = VECTOR('',#9194,1.);
#9194 = DIRECTION('',(0.,-1.));
#9195 = ( GEOMETRIC_REPRESENTATION_CONTEXT(2) 
PARAMETRIC_REPRESENTATION_CONTEXT() REPRESENTATION_CONTEXT('2D SPACE',''
  ) );
#9196 = PCURVE('',#8742,#9197);
#9197 = DEFINITIONAL_REPRESENTATION('',(#9198),#9202);
#9198 = LINE('',#9199,#9200);
#9199 = CARTESIAN_POINT('',(1.,0.));
#9200 = VECTOR('',#9201,1.);
#9201 = DIRECTION('',(0.,1.));
#9202 = ( GEOMETRIC_REPRESENTATION_CONTEXT(2) 
PARAMETRIC_REPRESENTATION_CONTEXT() REPRESENTATION_CONTEXT('2D SPACE',''
  ) );
#9203 = ORIENTED_EDGE('',*,*,#9204,.T.);
#9204 = EDGE_CURVE('',#9182,#9158,#9205,.T.);
#9205 = SURFACE_CURVE('',#9206,(#9210,#9217),.PCURVE_S1.);
#9206 = LINE('',#9207,#9208);
#9207 = CARTESIAN_POINT('',(-29.5,24.75,4.6));
#9208 = VECTOR('',#9209,1.);
#9209 = DIRECTION('',(0.,0.,1.));
#9210 = PCURVE('',#9121,#9211);
#9211 = DEFINITIONAL_REPRESENTATION('',(#9212),#9216);
#9212 = LINE('',#9213,#9214);
#9213 = CARTESIAN_POINT('',(0.,-3.5));
#9214 = VECTOR('',#9215,1.);
#9215 = DIRECTION('',(1.,0.));
#9216 = ( GEOMETRIC_REPRESENTATION_CONTEXT(2) 
PARAMETRIC_REPRESENTATION_CONTEXT() REPRESENTATION_CONTEXT('2D SPACE',''
  ) );
#9217 = PCURVE('',#9218,#9223);
#9218 = PLANE('',#9219);
#9219 = AXIS2_PLACEMENT_3D('',#9220,#9221,#9222);
#9220 = CARTESIAN_POINT('',(-30.5,24.75,4.6));
#9221 = DIRECTION('',(-0.,1.,0.));
#9222 = DIRECTION('',(0.,0.,1.));
#9223 = DEFINITIONAL_REPRESENTATION('',(#9224),#9228);
#9224 = LINE('',#9225,#9226);
#9225 = CARTESIAN_POINT('',(0.,1.));
#9226 = VECTOR('',#9227,1.);
#9227 = DIRECTION('',(1.,0.));
#9228 = ( GEOMETRIC_REPRESENTATION_CONTEXT(2) 
PARAMETRIC_REPRESENTATION_CONTEXT() REPRESENTATION_CONTEXT('2D SPACE',''
  ) );
#9229 = ADVANCED_FACE('',(#9230),#9218,.T.);
#9230 = FACE_BOUND('',#9231,.T.);
#9231 = EDGE_LOOP('',(#9232,#9255,#9283,#9304));
#9232 = ORIENTED_EDGE('',*,*,#9233,.F.);
#9233 = EDGE_CURVE('',#9234,#9182,#9236,.T.);
#9234 = VERTEX_POINT('',#9235);
#9235 = CARTESIAN_POINT('',(-30.5,24.75,4.6));
#9236 = SURFACE_CURVE('',#9237,(#9241,#9248),.PCURVE_S1.);
#9237 = LINE('',#9238,#9239);
#9238 = CARTESIAN_POINT('',(-30.5,24.75,4.6));
#9239 = VECTOR('',#9240,1.);
#9240 = DIRECTION('',(1.,0.,-0.));
#9241 = PCURVE('',#9218,#9242);
#9242 = DEFINITIONAL_REPRESENTATION('',(#9243),#9247);
#9243 = LINE('',#9244,#9245);
#9244 = CARTESIAN_POINT('',(0.,0.));
#9245 = VECTOR('',#9246,1.);
#9246 = DIRECTION('',(0.,1.));
#9247 = ( GEOMETRIC_REPRESENTATION_CONTEXT(2) 
PARAMETRIC_REPRESENTATION_CONTEXT() REPRESENTATION_CONTEXT('2D SPACE',''
  ) );
#9248 = PCURVE('',#8742,#9249);
#9249 = DEFINITIONAL_REPRESENTATION('',(#9250),#9254);
#9250 = LINE('',#9251,#9252);
#9251 = CARTESIAN_POINT('',(0.,3.5));
#9252 = VECTOR('',#9253,1.);
#9253 = DIRECTION('',(1.,0.));
#9254 = ( GEOMETRIC_REPRESENTATION_CONTEXT(2) 
PARAMETRIC_REPRESENTATION_CONTEXT() REPRESENTATION_CONTEXT('2D SPACE',''
  ) );
#9255 = ORIENTED_EDGE('',*,*,#9256,.T.);
#9256 = EDGE_CURVE('',#9234,#9257,#9259,.T.);
#9257 = VERTEX_POINT('',#9258);
#9258 = CARTESIAN_POINT('',(-30.5,24.75,5.4));
#9259 = SURFACE_CURVE('',#9260,(#9264,#9271),.PCURVE_S1.);
#9260 = LINE('',#9261,#9262);
#9261 = CARTESIAN_POINT('',(-30.5,24.75,4.6));
#9262 = VECTOR('',#9263,1.);
#9263 = DIRECTION('',(0.,0.,1.));
#9264 = PCURVE('',#9218,#9265);
#9265 = DEFINITIONAL_REPRESENTATION('',(#9266),#9270);
#9266 = LINE('',#9267,#9268);
#9267 = CARTESIAN_POINT('',(0.,0.));
#9268 = VECTOR('',#9269,1.);
#9269 = DIRECTION('',(1.,0.));
#9270 = ( GEOMETRIC_REPRESENTATION_CONTEXT(2) 
PARAMETRIC_REPRESENTATION_CONTEXT() REPRESENTATION_CONTEXT('2D SPACE',''
  ) );
#9271 = PCURVE('',#9272,#9277);
#9272 = PLANE('',#9273);
#9273 = AXIS2_PLACEMENT_3D('',#9274,#9275,#9276);
#9274 = CARTESIAN_POINT('',(-30.5,21.25,4.6));
#9275 = DIRECTION('',(1.,0.,-0.));
#9276 = DIRECTION('',(0.,0.,1.));
#9277 = DEFINITIONAL_REPRESENTATION('',(#9278),#9282);
#9278 = LINE('',#9279,#9280);
#9279 = CARTESIAN_POINT('',(0.,-3.5));
#9280 = VECTOR('',#9281,1.);
#9281 = DIRECTION('',(1.,0.));
#9282 = ( GEOMETRIC_REPRESENTATION_CONTEXT(2) 
PARAMETRIC_REPRESENTATION_CONTEXT() REPRESENTATION_CONTEXT('2D SPACE',''
  ) );
#9283 = ORIENTED_EDGE('',*,*,#9284,.T.);
#9284 = EDGE_CURVE('',#9257,#9158,#9285,.T.);
#9285 = SURFACE_CURVE('',#9286,(#9290,#9297),.PCURVE_S1.);
#9286 = LINE('',#9287,#9288);
#9287 = CARTESIAN_POINT('',(-30.5,24.75,5.4));
#9288 = VECTOR('',#9289,1.);
#9289 = DIRECTION('',(1.,0.,-0.));
#9290 = PCURVE('',#9218,#9291);
#9291 = DEFINITIONAL_REPRESENTATION('',(#9292),#9296);
#9292 = LINE('',#9293,#9294);
#9293 = CARTESIAN_POINT('',(0.8,0.));
#9294 = VECTOR('',#9295,1.);
#9295 = DIRECTION('',(0.,1.));
#9296 = ( GEOMETRIC_REPRESENTATION_CONTEXT(2) 
PARAMETRIC_REPRESENTATION_CONTEXT() REPRESENTATION_CONTEXT('2D SPACE',''
  ) );
#9297 = PCURVE('',#8686,#9298);
#9298 = DEFINITIONAL_REPRESENTATION('',(#9299),#9303);
#9299 = LINE('',#9300,#9301);
#9300 = CARTESIAN_POINT('',(0.,3.5));
#9301 = VECTOR('',#9302,1.);
#9302 = DIRECTION('',(1.,0.));
#9303 = ( GEOMETRIC_REPRESENTATION_CONTEXT(2) 
PARAMETRIC_REPRESENTATION_CONTEXT() REPRESENTATION_CONTEXT('2D SPACE',''
  ) );
#9304 = ORIENTED_EDGE('',*,*,#9204,.F.);
#9305 = ADVANCED_FACE('',(#9306),#9272,.F.);
#9306 = FACE_BOUND('',#9307,.F.);
#9307 = EDGE_LOOP('',(#9308,#9331,#9357,#9378));
#9308 = ORIENTED_EDGE('',*,*,#9309,.F.);
#9309 = EDGE_CURVE('',#9310,#9257,#9312,.T.);
#9310 = VERTEX_POINT('',#9311);
#9311 = CARTESIAN_POINT('',(-30.5,23.5,5.4));
#9312 = SURFACE_CURVE('',#9313,(#9317,#9324),.PCURVE_S1.);
#9313 = LINE('',#9314,#9315);
#9314 = CARTESIAN_POINT('',(-30.5,21.25,5.4));
#9315 = VECTOR('',#9316,1.);
#9316 = DIRECTION('',(-0.,1.,0.));
#9317 = PCURVE('',#9272,#9318);
#9318 = DEFINITIONAL_REPRESENTATION('',(#9319),#9323);
#9319 = LINE('',#9320,#9321);
#9320 = CARTESIAN_POINT('',(0.8,0.));
#9321 = VECTOR('',#9322,1.);
#9322 = DIRECTION('',(0.,-1.));
#9323 = ( GEOMETRIC_REPRESENTATION_CONTEXT(2) 
PARAMETRIC_REPRESENTATION_CONTEXT() REPRESENTATION_CONTEXT('2D SPACE',''
  ) );
#9324 = PCURVE('',#8686,#9325);
#9325 = DEFINITIONAL_REPRESENTATION('',(#9326),#9330);
#9326 = LINE('',#9327,#9328);
#9327 = CARTESIAN_POINT('',(0.,0.));
#9328 = VECTOR('',#9329,1.);
#9329 = DIRECTION('',(0.,1.));
#9330 = ( GEOMETRIC_REPRESENTATION_CONTEXT(2) 
PARAMETRIC_REPRESENTATION_CONTEXT() REPRESENTATION_CONTEXT('2D SPACE',''
  ) );
#9331 = ORIENTED_EDGE('',*,*,#9332,.T.);
#9332 = EDGE_CURVE('',#9310,#9333,#9335,.T.);
#9333 = VERTEX_POINT('',#9334);
#9334 = CARTESIAN_POINT('',(-30.5,23.5,4.6));
#9335 = SURFACE_CURVE('',#9336,(#9340,#9346),.PCURVE_S1.);
#9336 = LINE('',#9337,#9338);
#9337 = CARTESIAN_POINT('',(-30.5,23.5,4.6));
#9338 = VECTOR('',#9339,1.);
#9339 = DIRECTION('',(-0.,0.,-1.));
#9340 = PCURVE('',#9272,#9341);
#9341 = DEFINITIONAL_REPRESENTATION('',(#9342),#9345);
#9342 = B_SPLINE_CURVE_WITH_KNOTS('',1,(#9343,#9344),.UNSPECIFIED.,.F.,
  .F.,(2,2),(-0.8,-0.),.PIECEWISE_BEZIER_KNOTS.);
#9343 = CARTESIAN_POINT('',(0.8,-2.25));
#9344 = CARTESIAN_POINT('',(0.,-2.25));
#9345 = ( GEOMETRIC_REPRESENTATION_CONTEXT(2) 
PARAMETRIC_REPRESENTATION_CONTEXT() REPRESENTATION_CONTEXT('2D SPACE',''
  ) );
#9346 = PCURVE('',#9347,#9352);
#9347 = PLANE('',#9348);
#9348 = AXIS2_PLACEMENT_3D('',#9349,#9350,#9351);
#9349 = CARTESIAN_POINT('',(-31.75,23.5,4.6));
#9350 = DIRECTION('',(-0.,1.,0.));
#9351 = DIRECTION('',(0.,0.,1.));
#9352 = DEFINITIONAL_REPRESENTATION('',(#9353),#9356);
#9353 = B_SPLINE_CURVE_WITH_KNOTS('',1,(#9354,#9355),.UNSPECIFIED.,.F.,
  .F.,(2,2),(-0.8,-0.),.PIECEWISE_BEZIER_KNOTS.);
#9354 = CARTESIAN_POINT('',(0.8,1.25));
#9355 = CARTESIAN_POINT('',(0.,1.25));
#9356 = ( GEOMETRIC_REPRESENTATION_CONTEXT(2) 
PARAMETRIC_REPRESENTATION_CONTEXT() REPRESENTATION_CONTEXT('2D SPACE',''
  ) );
#9357 = ORIENTED_EDGE('',*,*,#9358,.T.);
#9358 = EDGE_CURVE('',#9333,#9234,#9359,.T.);
#9359 = SURFACE_CURVE('',#9360,(#9364,#9371),.PCURVE_S1.);
#9360 = LINE('',#9361,#9362);
#9361 = CARTESIAN_POINT('',(-30.5,21.25,4.6));
#9362 = VECTOR('',#9363,1.);
#9363 = DIRECTION('',(-0.,1.,0.));
#9364 = PCURVE('',#9272,#9365);
#9365 = DEFINITIONAL_REPRESENTATION('',(#9366),#9370);
#9366 = LINE('',#9367,#9368);
#9367 = CARTESIAN_POINT('',(0.,0.));
#9368 = VECTOR('',#9369,1.);
#9369 = DIRECTION('',(0.,-1.));
#9370 = ( GEOMETRIC_REPRESENTATION_CONTEXT(2) 
PARAMETRIC_REPRESENTATION_CONTEXT() REPRESENTATION_CONTEXT('2D SPACE',''
  ) );
#9371 = PCURVE('',#8742,#9372);
#9372 = DEFINITIONAL_REPRESENTATION('',(#9373),#9377);
#9373 = LINE('',#9374,#9375);
#9374 = CARTESIAN_POINT('',(0.,0.));
#9375 = VECTOR('',#9376,1.);
#9376 = DIRECTION('',(0.,1.));
#9377 = ( GEOMETRIC_REPRESENTATION_CONTEXT(2) 
PARAMETRIC_REPRESENTATION_CONTEXT() REPRESENTATION_CONTEXT('2D SPACE',''
  ) );
#9378 = ORIENTED_EDGE('',*,*,#9256,.T.);
#9379 = ADVANCED_FACE('',(#9380),#9347,.T.);
#9380 = FACE_BOUND('',#9381,.T.);
#9381 = EDGE_LOOP('',(#9382,#9405,#9433,#9454));
#9382 = ORIENTED_EDGE('',*,*,#9383,.F.);
#9383 = EDGE_CURVE('',#9384,#9333,#9386,.T.);
#9384 = VERTEX_POINT('',#9385);
#9385 = CARTESIAN_POINT('',(-31.75,23.5,4.6));
#9386 = SURFACE_CURVE('',#9387,(#9391,#9398),.PCURVE_S1.);
#9387 = LINE('',#9388,#9389);
#9388 = CARTESIAN_POINT('',(-31.75,23.5,4.6));
#9389 = VECTOR('',#9390,1.);
#9390 = DIRECTION('',(1.,0.,-0.));
#9391 = PCURVE('',#9347,#9392);
#9392 = DEFINITIONAL_REPRESENTATION('',(#9393),#9397);
#9393 = LINE('',#9394,#9395);
#9394 = CARTESIAN_POINT('',(0.,0.));
#9395 = VECTOR('',#9396,1.);
#9396 = DIRECTION('',(0.,1.));
#9397 = ( GEOMETRIC_REPRESENTATION_CONTEXT(2) 
PARAMETRIC_REPRESENTATION_CONTEXT() REPRESENTATION_CONTEXT('2D SPACE',''
  ) );
#9398 = PCURVE('',#8742,#9399);
#9399 = DEFINITIONAL_REPRESENTATION('',(#9400),#9404);
#9400 = LINE('',#9401,#9402);
#9401 = CARTESIAN_POINT('',(-1.25,2.25));
#9402 = VECTOR('',#9403,1.);
#9403 = DIRECTION('',(1.,0.));
#9404 = ( GEOMETRIC_REPRESENTATION_CONTEXT(2) 
PARAMETRIC_REPRESENTATION_CONTEXT() REPRESENTATION_CONTEXT('2D SPACE',''
  ) );
#9405 = ORIENTED_EDGE('',*,*,#9406,.T.);
#9406 = EDGE_CURVE('',#9384,#9407,#9409,.T.);
#9407 = VERTEX_POINT('',#9408);
#9408 = CARTESIAN_POINT('',(-31.75,23.5,5.4));
#9409 = SURFACE_CURVE('',#9410,(#9414,#9421),.PCURVE_S1.);
#9410 = LINE('',#9411,#9412);
#9411 = CARTESIAN_POINT('',(-31.75,23.5,4.6));
#9412 = VECTOR('',#9413,1.);
#9413 = DIRECTION('',(0.,0.,1.));
#9414 = PCURVE('',#9347,#9415);
#9415 = DEFINITIONAL_REPRESENTATION('',(#9416),#9420);
#9416 = LINE('',#9417,#9418);
#9417 = CARTESIAN_POINT('',(0.,0.));
#9418 = VECTOR('',#9419,1.);
#9419 = DIRECTION('',(1.,0.));
#9420 = ( GEOMETRIC_REPRESENTATION_CONTEXT(2) 
PARAMETRIC_REPRESENTATION_CONTEXT() REPRESENTATION_CONTEXT('2D SPACE',''
  ) );
#9421 = PCURVE('',#9422,#9427);
#9422 = PLANE('',#9423);
#9423 = AXIS2_PLACEMENT_3D('',#9424,#9425,#9426);
#9424 = CARTESIAN_POINT('',(-31.75,22.5,4.6));
#9425 = DIRECTION('',(1.,0.,-0.));
#9426 = DIRECTION('',(0.,0.,1.));
#9427 = DEFINITIONAL_REPRESENTATION('',(#9428),#9432);
#9428 = LINE('',#9429,#9430);
#9429 = CARTESIAN_POINT('',(0.,-1.));
#9430 = VECTOR('',#9431,1.);
#9431 = DIRECTION('',(1.,0.));
#9432 = ( GEOMETRIC_REPRESENTATION_CONTEXT(2) 
PARAMETRIC_REPRESENTATION_CONTEXT() REPRESENTATION_CONTEXT('2D SPACE',''
  ) );
#9433 = ORIENTED_EDGE('',*,*,#9434,.T.);
#9434 = EDGE_CURVE('',#9407,#9310,#9435,.T.);
#9435 = SURFACE_CURVE('',#9436,(#9440,#9447),.PCURVE_S1.);
#9436 = LINE('',#9437,#9438);
#9437 = CARTESIAN_POINT('',(-31.75,23.5,5.4));
#9438 = VECTOR('',#9439,1.);
#9439 = DIRECTION('',(1.,0.,-0.));
#9440 = PCURVE('',#9347,#9441);
#9441 = DEFINITIONAL_REPRESENTATION('',(#9442),#9446);
#9442 = LINE('',#9443,#9444);
#9443 = CARTESIAN_POINT('',(0.8,0.));
#9444 = VECTOR('',#9445,1.);
#9445 = DIRECTION('',(0.,1.));
#9446 = ( GEOMETRIC_REPRESENTATION_CONTEXT(2) 
PARAMETRIC_REPRESENTATION_CONTEXT() REPRESENTATION_CONTEXT('2D SPACE',''
  ) );
#9447 = PCURVE('',#8686,#9448);
#9448 = DEFINITIONAL_REPRESENTATION('',(#9449),#9453);
#9449 = LINE('',#9450,#9451);
#9450 = CARTESIAN_POINT('',(-1.25,2.25));
#9451 = VECTOR('',#9452,1.);
#9452 = DIRECTION('',(1.,0.));
#9453 = ( GEOMETRIC_REPRESENTATION_CONTEXT(2) 
PARAMETRIC_REPRESENTATION_CONTEXT() REPRESENTATION_CONTEXT('2D SPACE',''
  ) );
#9454 = ORIENTED_EDGE('',*,*,#9332,.T.);
#9455 = ADVANCED_FACE('',(#9456),#9422,.F.);
#9456 = FACE_BOUND('',#9457,.F.);
#9457 = EDGE_LOOP('',(#9458,#9483,#9504,#9505));
#9458 = ORIENTED_EDGE('',*,*,#9459,.F.);
#9459 = EDGE_CURVE('',#9460,#9462,#9464,.T.);
#9460 = VERTEX_POINT('',#9461);
#9461 = CARTESIAN_POINT('',(-31.75,22.5,4.6));
#9462 = VERTEX_POINT('',#9463);
#9463 = CARTESIAN_POINT('',(-31.75,22.5,5.4));
#9464 = SURFACE_CURVE('',#9465,(#9469,#9476),.PCURVE_S1.);
#9465 = LINE('',#9466,#9467);
#9466 = CARTESIAN_POINT('',(-31.75,22.5,4.6));
#9467 = VECTOR('',#9468,1.);
#9468 = DIRECTION('',(0.,0.,1.));
#9469 = PCURVE('',#9422,#9470);
#9470 = DEFINITIONAL_REPRESENTATION('',(#9471),#9475);
#9471 = LINE('',#9472,#9473);
#9472 = CARTESIAN_POINT('',(0.,0.));
#9473 = VECTOR('',#9474,1.);
#9474 = DIRECTION('',(1.,0.));
#9475 = ( GEOMETRIC_REPRESENTATION_CONTEXT(2) 
PARAMETRIC_REPRESENTATION_CONTEXT() REPRESENTATION_CONTEXT('2D SPACE',''
  ) );
#9476 = PCURVE('',#8767,#9477);
#9477 = DEFINITIONAL_REPRESENTATION('',(#9478),#9482);
#9478 = LINE('',#9479,#9480);
#9479 = CARTESIAN_POINT('',(0.,0.));
#9480 = VECTOR('',#9481,1.);
#9481 = DIRECTION('',(1.,0.));
#9482 = ( GEOMETRIC_REPRESENTATION_CONTEXT(2) 
PARAMETRIC_REPRESENTATION_CONTEXT() REPRESENTATION_CONTEXT('2D SPACE',''
  ) );
#9483 = ORIENTED_EDGE('',*,*,#9484,.T.);
#9484 = EDGE_CURVE('',#9460,#9384,#9485,.T.);
#9485 = SURFACE_CURVE('',#9486,(#9490,#9497),.PCURVE_S1.);
#9486 = LINE('',#9487,#9488);
#9487 = CARTESIAN_POINT('',(-31.75,22.5,4.6));
#9488 = VECTOR('',#9489,1.);
#9489 = DIRECTION('',(-0.,1.,0.));
#9490 = PCURVE('',#9422,#9491);
#9491 = DEFINITIONAL_REPRESENTATION('',(#9492),#9496);
#9492 = LINE('',#9493,#9494);
#9493 = CARTESIAN_POINT('',(0.,0.));
#9494 = VECTOR('',#9495,1.);
#9495 = DIRECTION('',(0.,-1.));
#9496 = ( GEOMETRIC_REPRESENTATION_CONTEXT(2) 
PARAMETRIC_REPRESENTATION_CONTEXT() REPRESENTATION_CONTEXT('2D SPACE',''
  ) );
#9497 = PCURVE('',#8742,#9498);
#9498 = DEFINITIONAL_REPRESENTATION('',(#9499),#9503);
#9499 = LINE('',#9500,#9501);
#9500 = CARTESIAN_POINT('',(-1.25,1.25));
#9501 = VECTOR('',#9502,1.);
#9502 = DIRECTION('',(0.,1.));
#9503 = ( GEOMETRIC_REPRESENTATION_CONTEXT(2) 
PARAMETRIC_REPRESENTATION_CONTEXT() REPRESENTATION_CONTEXT('2D SPACE',''
  ) );
#9504 = ORIENTED_EDGE('',*,*,#9406,.T.);
#9505 = ORIENTED_EDGE('',*,*,#9506,.F.);
#9506 = EDGE_CURVE('',#9462,#9407,#9507,.T.);
#9507 = SURFACE_CURVE('',#9508,(#9512,#9519),.PCURVE_S1.);
#9508 = LINE('',#9509,#9510);
#9509 = CARTESIAN_POINT('',(-31.75,22.5,5.4));
#9510 = VECTOR('',#9511,1.);
#9511 = DIRECTION('',(-0.,1.,0.));
#9512 = PCURVE('',#9422,#9513);
#9513 = DEFINITIONAL_REPRESENTATION('',(#9514),#9518);
#9514 = LINE('',#9515,#9516);
#9515 = CARTESIAN_POINT('',(0.8,0.));
#9516 = VECTOR('',#9517,1.);
#9517 = DIRECTION('',(0.,-1.));
#9518 = ( GEOMETRIC_REPRESENTATION_CONTEXT(2) 
PARAMETRIC_REPRESENTATION_CONTEXT() REPRESENTATION_CONTEXT('2D SPACE',''
  ) );
#9519 = PCURVE('',#8686,#9520);
#9520 = DEFINITIONAL_REPRESENTATION('',(#9521),#9525);
#9521 = LINE('',#9522,#9523);
#9522 = CARTESIAN_POINT('',(-1.25,1.25));
#9523 = VECTOR('',#9524,1.);
#9524 = DIRECTION('',(0.,1.));
#9525 = ( GEOMETRIC_REPRESENTATION_CONTEXT(2) 
PARAMETRIC_REPRESENTATION_CONTEXT() REPRESENTATION_CONTEXT('2D SPACE',''
  ) );
#9526 = ADVANCED_FACE('',(#9527),#8742,.F.);
#9527 = FACE_BOUND('',#9528,.F.);
#9528 = EDGE_LOOP('',(#9529,#9530,#9531,#9532,#9533,#9534,#9535,#9536,
    #9537,#9538,#9539,#9540));
#9529 = ORIENTED_EDGE('',*,*,#8726,.F.);
#9530 = ORIENTED_EDGE('',*,*,#8781,.T.);
#9531 = ORIENTED_EDGE('',*,*,#8881,.T.);
#9532 = ORIENTED_EDGE('',*,*,#8931,.T.);
#9533 = ORIENTED_EDGE('',*,*,#9008,.T.);
#9534 = ORIENTED_EDGE('',*,*,#9083,.F.);
#9535 = ORIENTED_EDGE('',*,*,#9181,.T.);
#9536 = ORIENTED_EDGE('',*,*,#9233,.F.);
#9537 = ORIENTED_EDGE('',*,*,#9358,.F.);
#9538 = ORIENTED_EDGE('',*,*,#9383,.F.);
#9539 = ORIENTED_EDGE('',*,*,#9484,.F.);
#9540 = ORIENTED_EDGE('',*,*,#9541,.T.);
#9541 = EDGE_CURVE('',#9460,#8727,#9542,.T.);
#9542 = SURFACE_CURVE('',#9543,(#9547,#9554),.PCURVE_S1.);
#9543 = LINE('',#9544,#9545);
#9544 = CARTESIAN_POINT('',(-31.75,22.5,4.6));
#9545 = VECTOR('',#9546,1.);
#9546 = DIRECTION('',(1.,0.,-0.));
#9547 = PCURVE('',#8742,#9548);
#9548 = DEFINITIONAL_REPRESENTATION('',(#9549),#9553);
#9549 = LINE('',#9550,#9551);
#9550 = CARTESIAN_POINT('',(-1.25,1.25));
#9551 = VECTOR('',#9552,1.);
#9552 = DIRECTION('',(1.,0.));
#9553 = ( GEOMETRIC_REPRESENTATION_CONTEXT(2) 
PARAMETRIC_REPRESENTATION_CONTEXT() REPRESENTATION_CONTEXT('2D SPACE',''
  ) );
#9554 = PCURVE('',#8767,#9555);
#9555 = DEFINITIONAL_REPRESENTATION('',(#9556),#9560);
#9556 = LINE('',#9557,#9558);
#9557 = CARTESIAN_POINT('',(0.,0.));
#9558 = VECTOR('',#9559,1.);
#9559 = DIRECTION('',(0.,1.));
#9560 = ( GEOMETRIC_REPRESENTATION_CONTEXT(2) 
PARAMETRIC_REPRESENTATION_CONTEXT() REPRESENTATION_CONTEXT('2D SPACE',''
  ) );
#9561 = ADVANCED_FACE('',(#9562),#8767,.F.);
#9562 = FACE_BOUND('',#9563,.F.);
#9563 = EDGE_LOOP('',(#9564,#9565,#9566,#9587));
#9564 = ORIENTED_EDGE('',*,*,#9541,.F.);
#9565 = ORIENTED_EDGE('',*,*,#9459,.T.);
#9566 = ORIENTED_EDGE('',*,*,#9567,.T.);
#9567 = EDGE_CURVE('',#9462,#8666,#9568,.T.);
#9568 = SURFACE_CURVE('',#9569,(#9573,#9580),.PCURVE_S1.);
#9569 = LINE('',#9570,#9571);
#9570 = CARTESIAN_POINT('',(-31.75,22.5,5.4));
#9571 = VECTOR('',#9572,1.);
#9572 = DIRECTION('',(1.,0.,-0.));
#9573 = PCURVE('',#8767,#9574);
#9574 = DEFINITIONAL_REPRESENTATION('',(#9575),#9579);
#9575 = LINE('',#9576,#9577);
#9576 = CARTESIAN_POINT('',(0.8,0.));
#9577 = VECTOR('',#9578,1.);
#9578 = DIRECTION('',(0.,1.));
#9579 = ( GEOMETRIC_REPRESENTATION_CONTEXT(2) 
PARAMETRIC_REPRESENTATION_CONTEXT() REPRESENTATION_CONTEXT('2D SPACE',''
  ) );
#9580 = PCURVE('',#8686,#9581);
#9581 = DEFINITIONAL_REPRESENTATION('',(#9582),#9586);
#9582 = LINE('',#9583,#9584);
#9583 = CARTESIAN_POINT('',(-1.25,1.25));
#9584 = VECTOR('',#9585,1.);
#9585 = DIRECTION('',(1.,0.));
#9586 = ( GEOMETRIC_REPRESENTATION_CONTEXT(2) 
PARAMETRIC_REPRESENTATION_CONTEXT() REPRESENTATION_CONTEXT('2D SPACE',''
  ) );
#9587 = ORIENTED_EDGE('',*,*,#8754,.T.);
#9588 = ADVANCED_FACE('',(#9589),#8686,.T.);
#9589 = FACE_BOUND('',#9590,.T.);
#9590 = EDGE_LOOP('',(#9591,#9592,#9593,#9594,#9595,#9596,#9597,#9598,
    #9599,#9600,#9601,#9602));
#9591 = ORIENTED_EDGE('',*,*,#8663,.F.);
#9592 = ORIENTED_EDGE('',*,*,#8805,.T.);
#9593 = ORIENTED_EDGE('',*,*,#8857,.T.);
#9594 = ORIENTED_EDGE('',*,*,#8955,.T.);
#9595 = ORIENTED_EDGE('',*,*,#9059,.T.);
#9596 = ORIENTED_EDGE('',*,*,#9132,.F.);
#9597 = ORIENTED_EDGE('',*,*,#9157,.T.);
#9598 = ORIENTED_EDGE('',*,*,#9284,.F.);
#9599 = ORIENTED_EDGE('',*,*,#9309,.F.);
#9600 = ORIENTED_EDGE('',*,*,#9434,.F.);
#9601 = ORIENTED_EDGE('',*,*,#9506,.F.);
#9602 = ORIENTED_EDGE('',*,*,#9567,.T.);
#9603 = MANIFOLD_SOLID_BREP('',#9604);
#9604 = CLOSED_SHELL('',(#9605,#9693,#9728,#9778));
#9605 = ADVANCED_FACE('',(#9606),#9619,.T.);
#9606 = FACE_BOUND('',#9607,.T.);
#9607 = EDGE_LOOP('',(#9608,#9642,#9665,#9692));
#9608 = ORIENTED_EDGE('',*,*,#9609,.F.);
#9609 = EDGE_CURVE('',#9610,#9610,#9612,.T.);
#9610 = VERTEX_POINT('',#9611);
#9611 = CARTESIAN_POINT('',(55.5,-1.359357947054E-14,30.5));
#9612 = SURFACE_CURVE('',#9613,(#9618,#9630),.PCURVE_S1.);
#9613 = CIRCLE('',#9614,55.5);
#9614 = AXIS2_PLACEMENT_3D('',#9615,#9616,#9617);
#9615 = CARTESIAN_POINT('',(0.,0.,30.5));
#9616 = DIRECTION('',(0.,0.,1.));
#9617 = DIRECTION('',(1.,0.,-0.));
#9618 = PCURVE('',#9619,#9624);
#9619 = CYLINDRICAL_SURFACE('',#9620,55.5);
#9620 = AXIS2_PLACEMENT_3D('',#9621,#9622,#9623);
#9621 = CARTESIAN_POINT('',(0.,0.,2.5));
#9622 = DIRECTION('',(0.,0.,1.));
#9623 = DIRECTION('',(1.,0.,-0.));
#9624 = DEFINITIONAL_REPRESENTATION('',(#9625),#9629);
#9625 = LINE('',#9626,#9627);
#9626 = CARTESIAN_POINT('',(0.,28.));
#9627 = VECTOR('',#9628,1.);
#9628 = DIRECTION('',(1.,0.));
#9629 = ( GEOMETRIC_REPRESENTATION_CONTEXT(2) 
PARAMETRIC_REPRESENTATION_CONTEXT() REPRESENTATION_CONTEXT('2D SPACE',''
  ) );
#9630 = PCURVE('',#9631,#9636);
#9631 = PLANE('',#9632);
#9632 = AXIS2_PLACEMENT_3D('',#9633,#9634,#9635);
#9633 = CARTESIAN_POINT('',(0.,0.,30.5));
#9634 = DIRECTION('',(0.,0.,1.));
#9635 = DIRECTION('',(1.,0.,-0.));
#9636 = DEFINITIONAL_REPRESENTATION('',(#9637),#9641);
#9637 = CIRCLE('',#9638,55.5);
#9638 = AXIS2_PLACEMENT_2D('',#9639,#9640);
#9639 = CARTESIAN_POINT('',(0.,0.));
#9640 = DIRECTION('',(1.,0.));
#9641 = ( GEOMETRIC_REPRESENTATION_CONTEXT(2) 
PARAMETRIC_REPRESENTATION_CONTEXT() REPRESENTATION_CONTEXT('2D SPACE',''
  ) );
#9642 = ORIENTED_EDGE('',*,*,#9643,.T.);
#9643 = EDGE_CURVE('',#9610,#9644,#9646,.T.);
#9644 = VERTEX_POINT('',#9645);
#9645 = CARTESIAN_POINT('',(55.5,-1.359357947054E-14,2.5));
#9646 = SEAM_CURVE('',#9647,(#9651,#9658),.PCURVE_S1.);
#9647 = LINE('',#9648,#9649);
#9648 = CARTESIAN_POINT('',(55.5,-1.359357947054E-14,30.5));
#9649 = VECTOR('',#9650,1.);
#9650 = DIRECTION('',(0.,0.,-1.));
#9651 = PCURVE('',#9619,#9652);
#9652 = DEFINITIONAL_REPRESENTATION('',(#9653),#9657);
#9653 = LINE('',#9654,#9655);
#9654 = CARTESIAN_POINT('',(0.,28.));
#9655 = VECTOR('',#9656,1.);
#9656 = DIRECTION('',(-0.,-1.));
#9657 = ( GEOMETRIC_REPRESENTATION_CONTEXT(2) 
PARAMETRIC_REPRESENTATION_CONTEXT() REPRESENTATION_CONTEXT('2D SPACE',''
  ) );
#9658 = PCURVE('',#9619,#9659);
#9659 = DEFINITIONAL_REPRESENTATION('',(#9660),#9664);
#9660 = LINE('',#9661,#9662);
#9661 = CARTESIAN_POINT('',(6.28318530718,28.));
#9662 = VECTOR('',#9663,1.);
#9663 = DIRECTION('',(-0.,-1.));
#9664 = ( GEOMETRIC_REPRESENTATION_CONTEXT(2) 
PARAMETRIC_REPRESENTATION_CONTEXT() REPRESENTATION_CONTEXT('2D SPACE',''
  ) );
#9665 = ORIENTED_EDGE('',*,*,#9666,.T.);
#9666 = EDGE_CURVE('',#9644,#9644,#9667,.T.);
#9667 = SURFACE_CURVE('',#9668,(#9673,#9680),.PCURVE_S1.);
#9668 = CIRCLE('',#9669,55.5);
#9669 = AXIS2_PLACEMENT_3D('',#9670,#9671,#9672);
#9670 = CARTESIAN_POINT('',(0.,0.,2.5));
#9671 = DIRECTION('',(0.,0.,1.));
#9672 = DIRECTION('',(1.,0.,-0.));
#9673 = PCURVE('',#9619,#9674);
#9674 = DEFINITIONAL_REPRESENTATION('',(#9675),#9679);
#9675 = LINE('',#9676,#9677);
#9676 = CARTESIAN_POINT('',(0.,0.));
#9677 = VECTOR('',#9678,1.);
#9678 = DIRECTION('',(1.,0.));
#9679 = ( GEOMETRIC_REPRESENTATION_CONTEXT(2) 
PARAMETRIC_REPRESENTATION_CONTEXT() REPRESENTATION_CONTEXT('2D SPACE',''
  ) );
#9680 = PCURVE('',#9681,#9686);
#9681 = PLANE('',#9682);
#9682 = AXIS2_PLACEMENT_3D('',#9683,#9684,#9685);
#9683 = CARTESIAN_POINT('',(0.,0.,2.5));
#9684 = DIRECTION('',(0.,0.,1.));
#9685 = DIRECTION('',(1.,0.,-0.));
#9686 = DEFINITIONAL_REPRESENTATION('',(#9687),#9691);
#9687 = CIRCLE('',#9688,55.5);
#9688 = AXIS2_PLACEMENT_2D('',#9689,#9690);
#9689 = CARTESIAN_POINT('',(0.,0.));
#9690 = DIRECTION('',(1.,0.));
#9691 = ( GEOMETRIC_REPRESENTATION_CONTEXT(2) 
PARAMETRIC_REPRESENTATION_CONTEXT() REPRESENTATION_CONTEXT('2D SPACE',''
  ) );
#9692 = ORIENTED_EDGE('',*,*,#9643,.F.);
#9693 = ADVANCED_FACE('',(#9694,#9697),#9681,.F.);
#9694 = FACE_BOUND('',#9695,.F.);
#9695 = EDGE_LOOP('',(#9696));
#9696 = ORIENTED_EDGE('',*,*,#9666,.T.);
#9697 = FACE_BOUND('',#9698,.F.);
#9698 = EDGE_LOOP('',(#9699));
#9699 = ORIENTED_EDGE('',*,*,#9700,.F.);
#9700 = EDGE_CURVE('',#9701,#9701,#9703,.T.);
#9701 = VERTEX_POINT('',#9702);
#9702 = CARTESIAN_POINT('',(53.5,-1.310372075088E-14,2.5));
#9703 = SURFACE_CURVE('',#9704,(#9709,#9716),.PCURVE_S1.);
#9704 = CIRCLE('',#9705,53.5);
#9705 = AXIS2_PLACEMENT_3D('',#9706,#9707,#9708);
#9706 = CARTESIAN_POINT('',(0.,0.,2.5));
#9707 = DIRECTION('',(0.,0.,1.));
#9708 = DIRECTION('',(1.,0.,-0.));
#9709 = PCURVE('',#9681,#9710);
#9710 = DEFINITIONAL_REPRESENTATION('',(#9711),#9715);
#9711 = CIRCLE('',#9712,53.5);
#9712 = AXIS2_PLACEMENT_2D('',#9713,#9714);
#9713 = CARTESIAN_POINT('',(0.,0.));
#9714 = DIRECTION('',(1.,0.));
#9715 = ( GEOMETRIC_REPRESENTATION_CONTEXT(2) 
PARAMETRIC_REPRESENTATION_CONTEXT() REPRESENTATION_CONTEXT('2D SPACE',''
  ) );
#9716 = PCURVE('',#9717,#9722);
#9717 = CYLINDRICAL_SURFACE('',#9718,53.5);
#9718 = AXIS2_PLACEMENT_3D('',#9719,#9720,#9721);
#9719 = CARTESIAN_POINT('',(0.,0.,2.5));
#9720 = DIRECTION('',(0.,0.,1.));
#9721 = DIRECTION('',(1.,0.,-0.));
#9722 = DEFINITIONAL_REPRESENTATION('',(#9723),#9727);
#9723 = LINE('',#9724,#9725);
#9724 = CARTESIAN_POINT('',(0.,0.));
#9725 = VECTOR('',#9726,1.);
#9726 = DIRECTION('',(1.,0.));
#9727 = ( GEOMETRIC_REPRESENTATION_CONTEXT(2) 
PARAMETRIC_REPRESENTATION_CONTEXT() REPRESENTATION_CONTEXT('2D SPACE',''
  ) );
#9728 = ADVANCED_FACE('',(#9729),#9717,.F.);
#9729 = FACE_BOUND('',#9730,.F.);
#9730 = EDGE_LOOP('',(#9731,#9755,#9776,#9777));
#9731 = ORIENTED_EDGE('',*,*,#9732,.F.);
#9732 = EDGE_CURVE('',#9733,#9733,#9735,.T.);
#9733 = VERTEX_POINT('',#9734);
#9734 = CARTESIAN_POINT('',(53.5,-1.310372075088E-14,30.5));
#9735 = SURFACE_CURVE('',#9736,(#9741,#9748),.PCURVE_S1.);
#9736 = CIRCLE('',#9737,53.5);
#9737 = AXIS2_PLACEMENT_3D('',#9738,#9739,#9740);
#9738 = CARTESIAN_POINT('',(0.,0.,30.5));
#9739 = DIRECTION('',(0.,0.,1.));
#9740 = DIRECTION('',(1.,0.,-0.));
#9741 = PCURVE('',#9717,#9742);
#9742 = DEFINITIONAL_REPRESENTATION('',(#9743),#9747);
#9743 = LINE('',#9744,#9745);
#9744 = CARTESIAN_POINT('',(0.,28.));
#9745 = VECTOR('',#9746,1.);
#9746 = DIRECTION('',(1.,0.));
#9747 = ( GEOMETRIC_REPRESENTATION_CONTEXT(2) 
PARAMETRIC_REPRESENTATION_CONTEXT() REPRESENTATION_CONTEXT('2D SPACE',''
  ) );
#9748 = PCURVE('',#9631,#9749);
#9749 = DEFINITIONAL_REPRESENTATION('',(#9750),#9754);
#9750 = CIRCLE('',#9751,53.5);
#9751 = AXIS2_PLACEMENT_2D('',#9752,#9753);
#9752 = CARTESIAN_POINT('',(0.,0.));
#9753 = DIRECTION('',(1.,0.));
#9754 = ( GEOMETRIC_REPRESENTATION_CONTEXT(2) 
PARAMETRIC_REPRESENTATION_CONTEXT() REPRESENTATION_CONTEXT('2D SPACE',''
  ) );
#9755 = ORIENTED_EDGE('',*,*,#9756,.F.);
#9756 = EDGE_CURVE('',#9701,#9733,#9757,.T.);
#9757 = SEAM_CURVE('',#9758,(#9762,#9769),.PCURVE_S1.);
#9758 = LINE('',#9759,#9760);
#9759 = CARTESIAN_POINT('',(53.5,-1.310372075088E-14,2.5));
#9760 = VECTOR('',#9761,1.);
#9761 = DIRECTION('',(0.,0.,1.));
#9762 = PCURVE('',#9717,#9763);
#9763 = DEFINITIONAL_REPRESENTATION('',(#9764),#9768);
#9764 = LINE('',#9765,#9766);
#9765 = CARTESIAN_POINT('',(6.28318530718,-0.));
#9766 = VECTOR('',#9767,1.);
#9767 = DIRECTION('',(0.,1.));
#9768 = ( GEOMETRIC_REPRESENTATION_CONTEXT(2) 
PARAMETRIC_REPRESENTATION_CONTEXT() REPRESENTATION_CONTEXT('2D SPACE',''
  ) );
#9769 = PCURVE('',#9717,#9770);
#9770 = DEFINITIONAL_REPRESENTATION('',(#9771),#9775);
#9771 = LINE('',#9772,#9773);
#9772 = CARTESIAN_POINT('',(0.,-0.));
#9773 = VECTOR('',#9774,1.);
#9774 = DIRECTION('',(0.,1.));
#9775 = ( GEOMETRIC_REPRESENTATION_CONTEXT(2) 
PARAMETRIC_REPRESENTATION_CONTEXT() REPRESENTATION_CONTEXT('2D SPACE',''
  ) );
#9776 = ORIENTED_EDGE('',*,*,#9700,.T.);
#9777 = ORIENTED_EDGE('',*,*,#9756,.T.);
#9778 = ADVANCED_FACE('',(#9779,#9782),#9631,.T.);
#9779 = FACE_BOUND('',#9780,.T.);
#9780 = EDGE_LOOP('',(#9781));
#9781 = ORIENTED_EDGE('',*,*,#9609,.T.);
#9782 = FACE_BOUND('',#9783,.T.);
#9783 = EDGE_LOOP('',(#9784));
#9784 = ORIENTED_EDGE('',*,*,#9732,.F.);
#9785 = ( GEOMETRIC_REPRESENTATION_CONTEXT(3) 
GLOBAL_UNCERTAINTY_ASSIGNED_CONTEXT((#9789)) 
GLOBAL_UNIT_ASSIGNED_CONTEXT((#9786,#9787,#9788)) REPRESENTATION_CONTEXT
('Context #1','3D Context with UNIT and UNCERTAINTY') );
#9786 = ( LENGTH_UNIT() NAMED_UNIT(*) SI_UNIT(.MILLI.,.METRE.) );
#9787 = ( NAMED_UNIT(*) PLANE_ANGLE_UNIT() SI_UNIT($,.RADIAN.) );
#9788 = ( NAMED_UNIT(*) SI_UNIT($,.STERADIAN.) SOLID_ANGLE_UNIT() );
#9789 = UNCERTAINTY_MEASURE_WITH_UNIT(LENGTH_MEASURE(1.E-07),#9786,
  'distance_accuracy_value','confusion accuracy');
#9790 = PRODUCT_RELATED_PRODUCT_CATEGORY('part',$,(#7));
ENDSEC;
END-ISO-10303-21;
