ISO-10303-21;
HEADER;
FILE_DESCRIPTION(('Open CASCADE Model'),'2;1');
FILE_NAME('Open CASCADE Shape Model','2026-10-03T14:41:46',('Author'),(
    'Open CASCADE'),'Open CASCADE STEP processor 7.9','build123d',
  'Unknown');
FILE_SCHEMA(('AUTOMOTIVE_DESIGN { 1 0 10303 214 1 1 1 1 }'));
ENDSEC;
DATA;
#1 = APPLICATION_PROTOCOL_DEFINITION('international standard',
  'automotive_design',2000,#2);
#2 = APPLICATION_CONTEXT(
  'core data for automotive mechanical design processes');
#3 = SHAPE_DEFINITION_REPRESENTATION(#4,#10);
#4 = PRODUCT_DEFINITION_SHAPE('','',#5);
#5 = PRODUCT_DEFINITION('design','',#6,#9);
#6 = PRODUCT_DEFINITION_FORMATION('','',#7);
#7 = PRODUCT('COMPOUND','COMPOUND','',(#8));
#8 = PRODUCT_CONTEXT('',#2,'mechanical');
#9 = PRODUCT_DEFINITION_CONTEXT('part definition',#2,'design');
#10 = ADVANCED_BREP_SHAPE_REPRESENTATION('',(#11,#15),#2083);
#11 = AXIS2_PLACEMENT_3D('',#12,#13,#14);
#12 = CARTESIAN_POINT('',(0.,0.,0.));
#13 = DIRECTION('',(0.,0.,1.));
#14 = DIRECTION('',(1.,0.,-0.));
#15 = BREP_WITH_VOIDS('',#16,(#1887,#1985));
#16 = CLOSED_SHELL('',(#17,#105,#109,#144,#784,#1206,#1306,#1356,#1386,
    #1459,#1487,#1741,#1749,#1823,#1870,#1875,#1882));
#17 = ADVANCED_FACE('',(#18),#31,.T.);
#18 = FACE_BOUND('',#19,.T.);
#19 = EDGE_LOOP('',(#20,#54,#77,#104));
#20 = ORIENTED_EDGE('',*,*,#21,.F.);
#21 = EDGE_CURVE('',#22,#22,#24,.T.);
#22 = VERTEX_POINT('',#23);
#23 = CARTESIAN_POINT('',(19.5,-4.776122516675E-15,23.5));
#24 = SURFACE_CURVE('',#25,(#30,#42),.PCURVE_S1.);
#25 = CIRCLE('',#26,19.5);
#26 = AXIS2_PLACEMENT_3D('',#27,#28,#29);
#27 = CARTESIAN_POINT('',(0.,0.,23.5));
#28 = DIRECTION('',(0.,0.,1.));
#29 = DIRECTION('',(1.,0.,-0.));
#30 = PCURVE('',#31,#36);
#31 = CYLINDRICAL_SURFACE('',#32,19.5);
#32 = AXIS2_PLACEMENT_3D('',#33,#34,#35);
#33 = CARTESIAN_POINT('',(0.,0.,22.));
#34 = DIRECTION('',(0.,0.,1.));
#35 = DIRECTION('',(1.,0.,-0.));
#36 = DEFINITIONAL_REPRESENTATION('',(#37),#41);
#37 = LINE('',#38,#39);
#38 = CARTESIAN_POINT('',(0.,1.5));
#39 = VECTOR('',#40,1.);
#40 = DIRECTION('',(1.,0.));
#41 = ( GEOMETRIC_REPRESENTATION_CONTEXT(2) 
PARAMETRIC_REPRESENTATION_CONTEXT() REPRESENTATION_CONTEXT('2D SPACE',''
  ) );
#42 = PCURVE('',#43,#48);
#43 = PLANE('',#44);
#44 = AXIS2_PLACEMENT_3D('',#45,#46,#47);
#45 = CARTESIAN_POINT('',(0.,0.,23.5));
#46 = DIRECTION('',(0.,0.,1.));
#47 = DIRECTION('',(1.,0.,-0.));
#48 = DEFINITIONAL_REPRESENTATION('',(#49),#53);
#49 = CIRCLE('',#50,19.5);
#50 = AXIS2_PLACEMENT_2D('',#51,#52);
#51 = CARTESIAN_POINT('',(0.,0.));
#52 = DIRECTION('',(1.,0.));
#53 = ( GEOMETRIC_REPRESENTATION_CONTEXT(2) 
PARAMETRIC_REPRESENTATION_CONTEXT() REPRESENTATION_CONTEXT('2D SPACE',''
  ) );
#54 = ORIENTED_EDGE('',*,*,#55,.F.);
#55 = EDGE_CURVE('',#56,#22,#58,.T.);
#56 = VERTEX_POINT('',#57);
#57 = CARTESIAN_POINT('',(19.5,-4.776122516675E-15,22.));
#58 = SEAM_CURVE('',#59,(#63,#70),.PCURVE_S1.);
#59 = LINE('',#60,#61);
#60 = CARTESIAN_POINT('',(19.5,-4.776122516675E-15,22.));
#61 = VECTOR('',#62,1.);
#62 = DIRECTION('',(0.,0.,1.));
#63 = PCURVE('',#31,#64);
#64 = DEFINITIONAL_REPRESENTATION('',(#65),#69);
#65 = LINE('',#66,#67);
#66 = CARTESIAN_POINT('',(6.28318530718,-0.));
#67 = VECTOR('',#68,1.);
#68 = DIRECTION('',(0.,1.));
#69 = ( GEOMETRIC_REPRESENTATION_CONTEXT(2) 
PARAMETRIC_REPRESENTATION_CONTEXT() REPRESENTATION_CONTEXT('2D SPACE',''
  ) );
#70 = PCURVE('',#31,#71);
#71 = DEFINITIONAL_REPRESENTATION('',(#72),#76);
#72 = LINE('',#73,#74);
#73 = CARTESIAN_POINT('',(0.,-0.));
#74 = VECTOR('',#75,1.);
#75 = DIRECTION('',(0.,1.));
#76 = ( GEOMETRIC_REPRESENTATION_CONTEXT(2) 
PARAMETRIC_REPRESENTATION_CONTEXT() REPRESENTATION_CONTEXT('2D SPACE',''
  ) );
#77 = ORIENTED_EDGE('',*,*,#78,.T.);
#78 = EDGE_CURVE('',#56,#56,#79,.T.);
#79 = SURFACE_CURVE('',#80,(#85,#92),.PCURVE_S1.);
#80 = CIRCLE('',#81,19.5);
#81 = AXIS2_PLACEMENT_3D('',#82,#83,#84);
#82 = CARTESIAN_POINT('',(0.,0.,22.));
#83 = DIRECTION('',(0.,0.,1.));
#84 = DIRECTION('',(1.,0.,-0.));
#85 = PCURVE('',#31,#86);
#86 = DEFINITIONAL_REPRESENTATION('',(#87),#91);
#87 = LINE('',#88,#89);
#88 = CARTESIAN_POINT('',(0.,0.));
#89 = VECTOR('',#90,1.);
#90 = DIRECTION('',(1.,0.));
#91 = ( GEOMETRIC_REPRESENTATION_CONTEXT(2) 
PARAMETRIC_REPRESENTATION_CONTEXT() REPRESENTATION_CONTEXT('2D SPACE',''
  ) );
#92 = PCURVE('',#93,#98);
#93 = PLANE('',#94);
#94 = AXIS2_PLACEMENT_3D('',#95,#96,#97);
#95 = CARTESIAN_POINT('',(0.,0.,22.));
#96 = DIRECTION('',(0.,0.,1.));
#97 = DIRECTION('',(1.,0.,-0.));
#98 = DEFINITIONAL_REPRESENTATION('',(#99),#103);
#99 = CIRCLE('',#100,19.5);
#100 = AXIS2_PLACEMENT_2D('',#101,#102);
#101 = CARTESIAN_POINT('',(0.,0.));
#102 = DIRECTION('',(1.,0.));
#103 = ( GEOMETRIC_REPRESENTATION_CONTEXT(2) 
PARAMETRIC_REPRESENTATION_CONTEXT() REPRESENTATION_CONTEXT('2D SPACE',''
  ) );
#104 = ORIENTED_EDGE('',*,*,#55,.T.);
#105 = ADVANCED_FACE('',(#106),#43,.T.);
#106 = FACE_BOUND('',#107,.T.);
#107 = EDGE_LOOP('',(#108));
#108 = ORIENTED_EDGE('',*,*,#21,.T.);
#109 = ADVANCED_FACE('',(#110,#113),#93,.F.);
#110 = FACE_BOUND('',#111,.F.);
#111 = EDGE_LOOP('',(#112));
#112 = ORIENTED_EDGE('',*,*,#78,.T.);
#113 = FACE_BOUND('',#114,.F.);
#114 = EDGE_LOOP('',(#115));
#115 = ORIENTED_EDGE('',*,*,#116,.F.);
#116 = EDGE_CURVE('',#117,#117,#119,.T.);
#117 = VERTEX_POINT('',#118);
#118 = CARTESIAN_POINT('',(18.,-4.40872847693E-15,22.));
#119 = SURFACE_CURVE('',#120,(#125,#132),.PCURVE_S1.);
#120 = CIRCLE('',#121,18.);
#121 = AXIS2_PLACEMENT_3D('',#122,#123,#124);
#122 = CARTESIAN_POINT('',(0.,0.,22.));
#123 = DIRECTION('',(0.,0.,1.));
#124 = DIRECTION('',(1.,0.,-0.));
#125 = PCURVE('',#93,#126);
#126 = DEFINITIONAL_REPRESENTATION('',(#127),#131);
#127 = CIRCLE('',#128,18.);
#128 = AXIS2_PLACEMENT_2D('',#129,#130);
#129 = CARTESIAN_POINT('',(0.,0.));
#130 = DIRECTION('',(1.,0.));
#131 = ( GEOMETRIC_REPRESENTATION_CONTEXT(2) 
PARAMETRIC_REPRESENTATION_CONTEXT() REPRESENTATION_CONTEXT('2D SPACE',''
  ) );
#132 = PCURVE('',#133,#138);
#133 = CYLINDRICAL_SURFACE('',#134,18.);
#134 = AXIS2_PLACEMENT_3D('',#135,#136,#137);
#135 = CARTESIAN_POINT('',(0.,0.,6.));
#136 = DIRECTION('',(0.,0.,1.));
#137 = DIRECTION('',(1.,0.,-0.));
#138 = DEFINITIONAL_REPRESENTATION('',(#139),#143);
#139 = LINE('',#140,#141);
#140 = CARTESIAN_POINT('',(0.,16.));
#141 = VECTOR('',#142,1.);
#142 = DIRECTION('',(1.,0.));
#143 = ( GEOMETRIC_REPRESENTATION_CONTEXT(2) 
PARAMETRIC_REPRESENTATION_CONTEXT() REPRESENTATION_CONTEXT('2D SPACE',''
  ) );
#144 = ADVANCED_FACE('',(#145,#610),#133,.T.);
#145 = FACE_BOUND('',#146,.T.);
#146 = EDGE_LOOP('',(#147,#246,#272,#301,#322,#323,#324,#348,#374,#466,
    #487,#516,#539,#566,#567,#591));
#147 = ORIENTED_EDGE('',*,*,#148,.F.);
#148 = EDGE_CURVE('',#149,#151,#153,.T.);
#149 = VERTEX_POINT('',#150);
#150 = CARTESIAN_POINT('',(17.945472967666,-1.4,16.511391479405));
#151 = VERTEX_POINT('',#152);
#152 = CARTESIAN_POINT('',(17.945472967693,-1.4,12.988608521334));
#153 = SURFACE_CURVE('',#154,(#181,#211),.PCURVE_S1.);
#154 = B_SPLINE_CURVE_WITH_KNOTS('',7,(#155,#156,#157,#158,#159,#160,
    #161,#162,#163,#164,#165,#166,#167,#168,#169,#170,#171,#172,#173,
    #174,#175,#176,#177,#178,#179,#180),.UNSPECIFIED.,.F.,.F.,(8,6,6,6,8
    ),(0.,0.244971653396,0.500055478737,0.755138498754,1.),
  .UNSPECIFIED.);
#155 = CARTESIAN_POINT('',(18.,-1.7763568394E-15,17.));
#156 = CARTESIAN_POINT('',(18.,-0.29958791885,17.));
#157 = CARTESIAN_POINT('',(17.994182586146,-0.590845479376,
    16.953461967231));
#158 = CARTESIAN_POINT('',(17.983130804547,-0.865426848356,
    16.865040740415));
#159 = CARTESIAN_POINT('',(17.96836043075,-1.116455792951,
    16.740928236988));
#160 = CARTESIAN_POINT('',(17.951919857063,-1.338743002487,
    16.588797753841));
#161 = CARTESIAN_POINT('',(17.935625219043,-1.52927589611,16.4177051776)
  );
#162 = CARTESIAN_POINT('',(17.905159353542,-1.852765557541,
    16.050778181921));
#163 = CARTESIAN_POINT('',(17.890672976681,-1.987593006115,
    15.849027720184));
#164 = CARTESIAN_POINT('',(17.878286903439,-2.093569400353,
    15.637535550645));
#165 = CARTESIAN_POINT('',(17.868645640062,-2.172022974804,
    15.419647266658));
#166 = CARTESIAN_POINT('',(17.862099426649,-2.223980869632,
    15.197819849012));
#167 = CARTESIAN_POINT('',(17.858821349686,-2.25,14.974010641586));
#168 = CARTESIAN_POINT('',(17.858821349686,-2.25,14.525990065637));
#169 = CARTESIAN_POINT('',(17.862099402123,-2.223981059002,
    14.302175334854));
#170 = CARTESIAN_POINT('',(17.868645912531,-2.172020813598,
    14.080344550133));
#171 = CARTESIAN_POINT('',(17.878287355677,-2.093565862386,
    13.862459757608));
#172 = CARTESIAN_POINT('',(17.890672868655,-1.987592823096,
    13.65097554168));
#173 = CARTESIAN_POINT('',(17.905158803266,-1.852771400427,
    13.449228445532));
#174 = CARTESIAN_POINT('',(17.93561908335,-1.529341045518,
    13.082368719898));
#175 = CARTESIAN_POINT('',(17.951915514757,-1.338803493788,
    12.911233788444));
#176 = CARTESIAN_POINT('',(17.968363005545,-1.116449089263,
    12.759039489107));
#177 = CARTESIAN_POINT('',(17.983138673109,-0.865327350423,
    12.634896447095));
#178 = CARTESIAN_POINT('',(17.994188106661,-0.590681752076,
    12.546493845305));
#179 = CARTESIAN_POINT('',(18.,-0.299445674449,12.5));
#180 = CARTESIAN_POINT('',(18.,-2.6645352591E-15,12.5));
#181 = PCURVE('',#133,#182);
#182 = DEFINITIONAL_REPRESENTATION('',(#183),#210);
#183 = B_SPLINE_CURVE_WITH_KNOTS('',7,(#184,#185,#186,#187,#188,#189,
    #190,#191,#192,#193,#194,#195,#196,#197,#198,#199,#200,#201,#202,
    #203,#204,#205,#206,#207,#208,#209),.UNSPECIFIED.,.F.,.F.,(8,6,6,6,8
    ),(0.,0.244971653396,0.500055478737,0.755138498754,1.),
  .UNSPECIFIED.);
#184 = CARTESIAN_POINT('',(6.28318530718,11.));
#185 = CARTESIAN_POINT('',(6.26654153391,11.));
#186 = CARTESIAN_POINT('',(6.250360550185,10.953461967231));
#187 = CARTESIAN_POINT('',(6.235098544766,10.865040740415));
#188 = CARTESIAN_POINT('',(6.221131647772,10.740928236988));
#189 = CARTESIAN_POINT('',(6.208749958182,10.588797753841));
#190 = CARTESIAN_POINT('',(6.198126557115,10.4177051776));
#191 = CARTESIAN_POINT('',(6.180075384141,10.050778181921));
#192 = CARTESIAN_POINT('',(6.17254250829,9.849027720185));
#193 = CARTESIAN_POINT('',(6.166615074559,9.637535550645));
#194 = CARTESIAN_POINT('',(6.162223781564,9.419647266658));
#195 = CARTESIAN_POINT('',(6.159314409826,9.197819849012));
#196 = CARTESIAN_POINT('',(6.157857476012,8.974010641586));
#197 = CARTESIAN_POINT('',(6.157857476012,8.525990065637));
#198 = CARTESIAN_POINT('',(6.159314399185,8.302175334854));
#199 = CARTESIAN_POINT('',(6.16222390268,8.080344550134));
#200 = CARTESIAN_POINT('',(6.166615272545,7.862459757608));
#201 = CARTESIAN_POINT('',(6.172542517838,7.65097554168));
#202 = CARTESIAN_POINT('',(6.1800750581,7.449228445532));
#203 = CARTESIAN_POINT('',(6.198122921687,7.082368719898));
#204 = CARTESIAN_POINT('',(6.208746589506,6.911233788444));
#205 = CARTESIAN_POINT('',(6.22113203156,6.759039489107));
#206 = CARTESIAN_POINT('',(6.235104084052,6.634896447095));
#207 = CARTESIAN_POINT('',(6.250369645989,6.546493845305));
#208 = CARTESIAN_POINT('',(6.266549436377,6.5));
#209 = CARTESIAN_POINT('',(6.28318530718,6.5));
#210 = ( GEOMETRIC_REPRESENTATION_CONTEXT(2) 
PARAMETRIC_REPRESENTATION_CONTEXT() REPRESENTATION_CONTEXT('2D SPACE',''
  ) );
#211 = PCURVE('',#212,#217);
#212 = CYLINDRICAL_SURFACE('',#213,2.25);
#213 = AXIS2_PLACEMENT_3D('',#214,#215,#216);
#214 = CARTESIAN_POINT('',(3.,0.,14.75));
#215 = DIRECTION('',(1.,0.,0.));
#216 = DIRECTION('',(0.,0.,-1.));
#217 = DEFINITIONAL_REPRESENTATION('',(#218),#245);
#218 = B_SPLINE_CURVE_WITH_KNOTS('',7,(#219,#220,#221,#222,#223,#224,
    #225,#226,#227,#228,#229,#230,#231,#232,#233,#234,#235,#236,#237,
    #238,#239,#240,#241,#242,#243,#244),.UNSPECIFIED.,.F.,.F.,(8,6,6,6,8
    ),(0.,0.244971653396,0.500055478737,0.755138498754,1.),
  .UNSPECIFIED.);
#219 = CARTESIAN_POINT('',(3.14159265359,15.));
#220 = CARTESIAN_POINT('',(3.274742839745,15.));
#221 = CARTESIAN_POINT('',(3.404190555043,14.994182586146));
#222 = CARTESIAN_POINT('',(3.530082668919,14.983130804547));
#223 = CARTESIAN_POINT('',(3.652253538067,14.96836043075));
#224 = CARTESIAN_POINT('',(3.770277757039,14.951919857063));
#225 = CARTESIAN_POINT('',(3.883317861549,14.935625219043));
#226 = CARTESIAN_POINT('',(4.100723884935,14.905159353542));
#227 = CARTESIAN_POINT('',(4.207612116901,14.890672976681));
#228 = CARTESIAN_POINT('',(4.311495148925,14.878286903439));
#229 = CARTESIAN_POINT('',(4.413155480353,14.868645640062));
#230 = CARTESIAN_POINT('',(4.513358103138,14.862099426649));
#231 = CARTESIAN_POINT('',(4.612828695235,14.858821349686));
#232 = CARTESIAN_POINT('',(4.811948951213,14.858821349686));
#233 = CARTESIAN_POINT('',(4.91142198664,14.862099402123));
#234 = CARTESIAN_POINT('',(5.011626132171,14.868645912531));
#235 = CARTESIAN_POINT('',(5.113285195007,14.878287355677));
#236 = CARTESIAN_POINT('',(5.217164807069,14.890672868655));
#237 = CARTESIAN_POINT('',(5.324050149036,14.905158803266));
#238 = CARTESIAN_POINT('',(5.541416314594,14.93561908335));
#239 = CARTESIAN_POINT('',(5.654471923364,14.951915514757));
#240 = CARTESIAN_POINT('',(5.772534650138,14.968363005545));
#241 = CARTESIAN_POINT('',(5.894744932202,14.983138673109));
#242 = CARTESIAN_POINT('',(6.020660187367,14.994188106661));
#243 = CARTESIAN_POINT('',(6.150098340758,15.));
#244 = CARTESIAN_POINT('',(6.28318530718,15.));
#245 = ( GEOMETRIC_REPRESENTATION_CONTEXT(2) 
PARAMETRIC_REPRESENTATION_CONTEXT() REPRESENTATION_CONTEXT('2D SPACE',''
  ) );
#246 = ORIENTED_EDGE('',*,*,#247,.T.);
#247 = EDGE_CURVE('',#149,#248,#250,.T.);
#248 = VERTEX_POINT('',#249);
#249 = CARTESIAN_POINT('',(17.94547296674,-1.4,20.75));
#250 = SURFACE_CURVE('',#251,(#255,#261),.PCURVE_S1.);
#251 = LINE('',#252,#253);
#252 = CARTESIAN_POINT('',(17.94547296674,-1.4,6.));
#253 = VECTOR('',#254,1.);
#254 = DIRECTION('',(0.,0.,1.));
#255 = PCURVE('',#133,#256);
#256 = DEFINITIONAL_REPRESENTATION('',(#257),#260);
#257 = B_SPLINE_CURVE_WITH_KNOTS('',1,(#258,#259),.UNSPECIFIED.,.F.,.F.,
  (2,2),(1.55,15.95),.PIECEWISE_BEZIER_KNOTS.);
#258 = CARTESIAN_POINT('',(6.205328897235,1.55));
#259 = CARTESIAN_POINT('',(6.205328897235,15.95));
#260 = ( GEOMETRIC_REPRESENTATION_CONTEXT(2) 
PARAMETRIC_REPRESENTATION_CONTEXT() REPRESENTATION_CONTEXT('2D SPACE',''
  ) );
#261 = PCURVE('',#262,#267);
#262 = PLANE('',#263);
#263 = AXIS2_PLACEMENT_3D('',#264,#265,#266);
#264 = CARTESIAN_POINT('',(16.75,-1.4,8.75));
#265 = DIRECTION('',(-0.,1.,0.));
#266 = DIRECTION('',(0.,0.,1.));
#267 = DEFINITIONAL_REPRESENTATION('',(#268),#271);
#268 = B_SPLINE_CURVE_WITH_KNOTS('',1,(#269,#270),.UNSPECIFIED.,.F.,.F.,
  (2,2),(1.55,15.95),.PIECEWISE_BEZIER_KNOTS.);
#269 = CARTESIAN_POINT('',(-1.2,1.19547296674));
#270 = CARTESIAN_POINT('',(13.2,1.19547296674));
#271 = ( GEOMETRIC_REPRESENTATION_CONTEXT(2) 
PARAMETRIC_REPRESENTATION_CONTEXT() REPRESENTATION_CONTEXT('2D SPACE',''
  ) );
#272 = ORIENTED_EDGE('',*,*,#273,.T.);
#273 = EDGE_CURVE('',#248,#274,#276,.T.);
#274 = VERTEX_POINT('',#275);
#275 = CARTESIAN_POINT('',(18.,-4.40872847693E-15,20.75));
#276 = SURFACE_CURVE('',#277,(#282,#289),.PCURVE_S1.);
#277 = CIRCLE('',#278,18.);
#278 = AXIS2_PLACEMENT_3D('',#279,#280,#281);
#279 = CARTESIAN_POINT('',(0.,0.,20.75));
#280 = DIRECTION('',(0.,0.,1.));
#281 = DIRECTION('',(1.,0.,-0.));
#282 = PCURVE('',#133,#283);
#283 = DEFINITIONAL_REPRESENTATION('',(#284),#288);
#284 = LINE('',#285,#286);
#285 = CARTESIAN_POINT('',(0.,14.75));
#286 = VECTOR('',#287,1.);
#287 = DIRECTION('',(1.,0.));
#288 = ( GEOMETRIC_REPRESENTATION_CONTEXT(2) 
PARAMETRIC_REPRESENTATION_CONTEXT() REPRESENTATION_CONTEXT('2D SPACE',''
  ) );
#289 = PCURVE('',#290,#295);
#290 = PLANE('',#291);
#291 = AXIS2_PLACEMENT_3D('',#292,#293,#294);
#292 = CARTESIAN_POINT('',(16.75,-1.4,20.75));
#293 = DIRECTION('',(0.,0.,1.));
#294 = DIRECTION('',(1.,0.,-0.));
#295 = DEFINITIONAL_REPRESENTATION('',(#296),#300);
#296 = CIRCLE('',#297,18.);
#297 = AXIS2_PLACEMENT_2D('',#298,#299);
#298 = CARTESIAN_POINT('',(-16.75,1.4));
#299 = DIRECTION('',(1.,0.));
#300 = ( GEOMETRIC_REPRESENTATION_CONTEXT(2) 
PARAMETRIC_REPRESENTATION_CONTEXT() REPRESENTATION_CONTEXT('2D SPACE',''
  ) );
#301 = ORIENTED_EDGE('',*,*,#302,.T.);
#302 = EDGE_CURVE('',#274,#117,#303,.T.);
#303 = SEAM_CURVE('',#304,(#308,#315),.PCURVE_S1.);
#304 = LINE('',#305,#306);
#305 = CARTESIAN_POINT('',(18.,-4.40872847693E-15,6.));
#306 = VECTOR('',#307,1.);
#307 = DIRECTION('',(0.,0.,1.));
#308 = PCURVE('',#133,#309);
#309 = DEFINITIONAL_REPRESENTATION('',(#310),#314);
#310 = LINE('',#311,#312);
#311 = CARTESIAN_POINT('',(0.,-0.));
#312 = VECTOR('',#313,1.);
#313 = DIRECTION('',(0.,1.));
#314 = ( GEOMETRIC_REPRESENTATION_CONTEXT(2) 
PARAMETRIC_REPRESENTATION_CONTEXT() REPRESENTATION_CONTEXT('2D SPACE',''
  ) );
#315 = PCURVE('',#133,#316);
#316 = DEFINITIONAL_REPRESENTATION('',(#317),#321);
#317 = LINE('',#318,#319);
#318 = CARTESIAN_POINT('',(6.28318530718,-0.));
#319 = VECTOR('',#320,1.);
#320 = DIRECTION('',(0.,1.));
#321 = ( GEOMETRIC_REPRESENTATION_CONTEXT(2) 
PARAMETRIC_REPRESENTATION_CONTEXT() REPRESENTATION_CONTEXT('2D SPACE',''
  ) );
#322 = ORIENTED_EDGE('',*,*,#116,.F.);
#323 = ORIENTED_EDGE('',*,*,#302,.F.);
#324 = ORIENTED_EDGE('',*,*,#325,.T.);
#325 = EDGE_CURVE('',#274,#326,#328,.T.);
#326 = VERTEX_POINT('',#327);
#327 = CARTESIAN_POINT('',(17.94547296674,1.4,20.75));
#328 = SURFACE_CURVE('',#329,(#334,#341),.PCURVE_S1.);
#329 = CIRCLE('',#330,18.);
#330 = AXIS2_PLACEMENT_3D('',#331,#332,#333);
#331 = CARTESIAN_POINT('',(0.,0.,20.75));
#332 = DIRECTION('',(0.,0.,1.));
#333 = DIRECTION('',(1.,0.,-0.));
#334 = PCURVE('',#133,#335);
#335 = DEFINITIONAL_REPRESENTATION('',(#336),#340);
#336 = LINE('',#337,#338);
#337 = CARTESIAN_POINT('',(0.,14.75));
#338 = VECTOR('',#339,1.);
#339 = DIRECTION('',(1.,0.));
#340 = ( GEOMETRIC_REPRESENTATION_CONTEXT(2) 
PARAMETRIC_REPRESENTATION_CONTEXT() REPRESENTATION_CONTEXT('2D SPACE',''
  ) );
#341 = PCURVE('',#290,#342);
#342 = DEFINITIONAL_REPRESENTATION('',(#343),#347);
#343 = CIRCLE('',#344,18.);
#344 = AXIS2_PLACEMENT_2D('',#345,#346);
#345 = CARTESIAN_POINT('',(-16.75,1.4));
#346 = DIRECTION('',(1.,0.));
#347 = ( GEOMETRIC_REPRESENTATION_CONTEXT(2) 
PARAMETRIC_REPRESENTATION_CONTEXT() REPRESENTATION_CONTEXT('2D SPACE',''
  ) );
#348 = ORIENTED_EDGE('',*,*,#349,.F.);
#349 = EDGE_CURVE('',#350,#326,#352,.T.);
#350 = VERTEX_POINT('',#351);
#351 = CARTESIAN_POINT('',(17.945472967599,1.4,16.511391479023));
#352 = SURFACE_CURVE('',#353,(#357,#363),.PCURVE_S1.);
#353 = LINE('',#354,#355);
#354 = CARTESIAN_POINT('',(17.94547296674,1.4,6.));
#355 = VECTOR('',#356,1.);
#356 = DIRECTION('',(0.,0.,1.));
#357 = PCURVE('',#133,#358);
#358 = DEFINITIONAL_REPRESENTATION('',(#359),#362);
#359 = B_SPLINE_CURVE_WITH_KNOTS('',1,(#360,#361),.UNSPECIFIED.,.F.,.F.,
  (2,2),(1.55,15.95),.PIECEWISE_BEZIER_KNOTS.);
#360 = CARTESIAN_POINT('',(7.785640994474E-02,1.55));
#361 = CARTESIAN_POINT('',(7.785640994474E-02,15.95));
#362 = ( GEOMETRIC_REPRESENTATION_CONTEXT(2) 
PARAMETRIC_REPRESENTATION_CONTEXT() REPRESENTATION_CONTEXT('2D SPACE',''
  ) );
#363 = PCURVE('',#364,#369);
#364 = PLANE('',#365);
#365 = AXIS2_PLACEMENT_3D('',#366,#367,#368);
#366 = CARTESIAN_POINT('',(16.75,1.4,8.75));
#367 = DIRECTION('',(-0.,1.,0.));
#368 = DIRECTION('',(0.,0.,1.));
#369 = DEFINITIONAL_REPRESENTATION('',(#370),#373);
#370 = B_SPLINE_CURVE_WITH_KNOTS('',1,(#371,#372),.UNSPECIFIED.,.F.,.F.,
  (2,2),(1.55,15.95),.PIECEWISE_BEZIER_KNOTS.);
#371 = CARTESIAN_POINT('',(-1.2,1.19547296674));
#372 = CARTESIAN_POINT('',(13.2,1.19547296674));
#373 = ( GEOMETRIC_REPRESENTATION_CONTEXT(2) 
PARAMETRIC_REPRESENTATION_CONTEXT() REPRESENTATION_CONTEXT('2D SPACE',''
  ) );
#374 = ORIENTED_EDGE('',*,*,#375,.F.);
#375 = EDGE_CURVE('',#376,#350,#378,.T.);
#376 = VERTEX_POINT('',#377);
#377 = CARTESIAN_POINT('',(17.945472967666,1.4,12.988608520595));
#378 = SURFACE_CURVE('',#379,(#406,#436),.PCURVE_S1.);
#379 = B_SPLINE_CURVE_WITH_KNOTS('',7,(#380,#381,#382,#383,#384,#385,
    #386,#387,#388,#389,#390,#391,#392,#393,#394,#395,#396,#397,#398,
    #399,#400,#401,#402,#403,#404,#405),.UNSPECIFIED.,.F.,.F.,(8,6,6,6,8
    ),(0.,0.244945039951,0.500009619411,0.755089097576,1.),
  .UNSPECIFIED.);
#380 = CARTESIAN_POINT('',(18.,-2.755455298082E-16,12.5));
#381 = CARTESIAN_POINT('',(18.,0.29958791885,12.5));
#382 = CARTESIAN_POINT('',(17.994182586146,0.590845479377,
    12.546538032769));
#383 = CARTESIAN_POINT('',(17.983130804547,0.865426848355,
    12.634959259585));
#384 = CARTESIAN_POINT('',(17.96836043075,1.116455792952,12.759071763012
    ));
#385 = CARTESIAN_POINT('',(17.951919857063,1.338743002487,
    12.911202246159));
#386 = CARTESIAN_POINT('',(17.935625219043,1.52927589611,13.0822948224)
  );
#387 = CARTESIAN_POINT('',(17.905158837686,1.852771034945,
    13.449228030974));
#388 = CARTESIAN_POINT('',(17.890673056022,1.987590905747,
    13.650973099543));
#389 = CARTESIAN_POINT('',(17.878287433441,2.093565773478,
    13.862457773491));
#390 = CARTESIAN_POINT('',(17.868645554881,2.172023586751,
    14.080347888454));
#391 = CARTESIAN_POINT('',(17.862099028723,2.223984046919,
    14.302186058224));
#392 = CARTESIAN_POINT('',(17.858821349686,2.25,14.526003149628));
#393 = CARTESIAN_POINT('',(17.858821349686,2.25,14.974009934364));
#394 = CARTESIAN_POINT('',(17.862099402123,2.223981059002,
    15.197824665144));
#395 = CARTESIAN_POINT('',(17.868645912531,2.172020813598,
    15.419655449869));
#396 = CARTESIAN_POINT('',(17.878287355677,2.093565862387,15.63754024239
    ));
#397 = CARTESIAN_POINT('',(17.890672868655,1.987592823096,
    15.849024458321));
#398 = CARTESIAN_POINT('',(17.905158803266,1.852771400427,
    16.050771554467));
#399 = CARTESIAN_POINT('',(17.935622300425,1.529306886294,
    16.417670026136));
#400 = CARTESIAN_POINT('',(17.951917383877,1.338776157117,
    16.588777807024));
#401 = CARTESIAN_POINT('',(17.968361026609,1.116460793608,
    16.740938685759));
#402 = CARTESIAN_POINT('',(17.983134411708,0.865386274253,
    16.865069672041));
#403 = CARTESIAN_POINT('',(17.994185409786,0.590767433766,
    16.953484527917));
#404 = CARTESIAN_POINT('',(18.,0.299515316573,17.));
#405 = CARTESIAN_POINT('',(18.,4.133182947122E-16,17.));
#406 = PCURVE('',#133,#407);
#407 = DEFINITIONAL_REPRESENTATION('',(#408),#435);
#408 = B_SPLINE_CURVE_WITH_KNOTS('',7,(#409,#410,#411,#412,#413,#414,
    #415,#416,#417,#418,#419,#420,#421,#422,#423,#424,#425,#426,#427,
    #428,#429,#430,#431,#432,#433,#434),.UNSPECIFIED.,.F.,.F.,(8,6,6,6,8
    ),(0.,0.244945039951,0.500009619411,0.755089097576,1.),
  .UNSPECIFIED.);
#409 = CARTESIAN_POINT('',(0.,6.5));
#410 = CARTESIAN_POINT('',(1.664377326945E-02,6.5));
#411 = CARTESIAN_POINT('',(3.282475699417E-02,6.546538032769));
#412 = CARTESIAN_POINT('',(4.808676241355E-02,6.634959259585));
#413 = CARTESIAN_POINT('',(6.2053659408E-02,6.759071763012));
#414 = CARTESIAN_POINT('',(7.443534899745E-02,6.911202246159));
#415 = CARTESIAN_POINT('',(8.50587500646E-02,7.0822948224));
#416 = CARTESIAN_POINT('',(0.103110228685,7.449228030974));
#417 = CARTESIAN_POINT('',(0.110642682349,7.650973099543));
#418 = CARTESIAN_POINT('',(0.116570029183,7.862457773491));
#419 = CARTESIAN_POINT('',(0.120961559879,8.080347888454));
#420 = CARTESIAN_POINT('',(0.123871075259,8.302186058224));
#421 = CARTESIAN_POINT('',(0.125327831168,8.526003149628));
#422 = CARTESIAN_POINT('',(0.125327831168,8.974009934364));
#423 = CARTESIAN_POINT('',(0.123870907995,9.197824665144));
#424 = CARTESIAN_POINT('',(0.120961404499,9.419655449869));
#425 = CARTESIAN_POINT('',(0.116570034635,9.63754024239));
#426 = CARTESIAN_POINT('',(0.110642789341,9.849024458321));
#427 = CARTESIAN_POINT('',(0.103110249079,10.050771554467));
#428 = CARTESIAN_POINT('',(8.506047935998E-02,10.417670026136));
#429 = CARTESIAN_POINT('',(7.443719589944E-02,10.588777807023));
#430 = CARTESIAN_POINT('',(6.20539327854E-02,10.74093868576));
#431 = CARTESIAN_POINT('',(4.808450250592E-02,10.865069672041));
#432 = CARTESIAN_POINT('',(3.282042111945E-02,10.953484527917));
#433 = CARTESIAN_POINT('',(1.663973980964E-02,11.));
#434 = CARTESIAN_POINT('',(0.,11.));
#435 = ( GEOMETRIC_REPRESENTATION_CONTEXT(2) 
PARAMETRIC_REPRESENTATION_CONTEXT() REPRESENTATION_CONTEXT('2D SPACE',''
  ) );
#436 = PCURVE('',#212,#437);
#437 = DEFINITIONAL_REPRESENTATION('',(#438),#465);
#438 = B_SPLINE_CURVE_WITH_KNOTS('',7,(#439,#440,#441,#442,#443,#444,
    #445,#446,#447,#448,#449,#450,#451,#452,#453,#454,#455,#456,#457,
    #458,#459,#460,#461,#462,#463,#464),.UNSPECIFIED.,.F.,.F.,(8,6,6,6,8
    ),(0.,0.244945039951,0.500009619411,0.755089097576,1.),
  .UNSPECIFIED.);
#439 = CARTESIAN_POINT('',(0.,15.));
#440 = CARTESIAN_POINT('',(0.133150186156,15.));
#441 = CARTESIAN_POINT('',(0.262597901453,14.994182586146));
#442 = CARTESIAN_POINT('',(0.388490015329,14.983130804547));
#443 = CARTESIAN_POINT('',(0.510660884477,14.96836043075));
#444 = CARTESIAN_POINT('',(0.628685103449,14.951919857063));
#445 = CARTESIAN_POINT('',(0.741725207959,14.935625219043));
#446 = CARTESIAN_POINT('',(0.959134912516,14.905158837686));
#447 = CARTESIAN_POINT('',(1.06601913043,14.890673056022));
#448 = CARTESIAN_POINT('',(1.169899376863,14.878287433441));
#449 = CARTESIAN_POINT('',(1.271560963829,14.868645554881));
#450 = CARTESIAN_POINT('',(1.371768070484,14.862099028723));
#451 = CARTESIAN_POINT('',(1.471242171074,14.858821349686));
#452 = CARTESIAN_POINT('',(1.670356297623,14.858821349686));
#453 = CARTESIAN_POINT('',(1.769829333049,14.862099402123));
#454 = CARTESIAN_POINT('',(1.870033478582,14.868645912531));
#455 = CARTESIAN_POINT('',(1.971692541416,14.878287355677));
#456 = CARTESIAN_POINT('',(2.07557215348,14.890672868655));
#457 = CARTESIAN_POINT('',(2.182457495446,14.905158803266));
#458 = CARTESIAN_POINT('',(2.399846618218,14.935622300425));
#459 = CARTESIAN_POINT('',(2.512891158942,14.951917383877));
#460 = CARTESIAN_POINT('',(2.630932604944,14.968361026609));
#461 = CARTESIAN_POINT('',(2.753123436737,14.983134411708));
#462 = CARTESIAN_POINT('',(2.879029446692,14.994185409786));
#463 = CARTESIAN_POINT('',(3.008474735113,15.));
#464 = CARTESIAN_POINT('',(3.14159265359,15.));
#465 = ( GEOMETRIC_REPRESENTATION_CONTEXT(2) 
PARAMETRIC_REPRESENTATION_CONTEXT() REPRESENTATION_CONTEXT('2D SPACE',''
  ) );
#466 = ORIENTED_EDGE('',*,*,#467,.F.);
#467 = EDGE_CURVE('',#468,#376,#470,.T.);
#468 = VERTEX_POINT('',#469);
#469 = CARTESIAN_POINT('',(17.94547296674,1.4,8.75));
#470 = SURFACE_CURVE('',#471,(#475,#481),.PCURVE_S1.);
#471 = LINE('',#472,#473);
#472 = CARTESIAN_POINT('',(17.94547296674,1.4,6.));
#473 = VECTOR('',#474,1.);
#474 = DIRECTION('',(0.,0.,1.));
#475 = PCURVE('',#133,#476);
#476 = DEFINITIONAL_REPRESENTATION('',(#477),#480);
#477 = B_SPLINE_CURVE_WITH_KNOTS('',1,(#478,#479),.UNSPECIFIED.,.F.,.F.,
  (2,2),(1.55,15.95),.PIECEWISE_BEZIER_KNOTS.);
#478 = CARTESIAN_POINT('',(7.785640994474E-02,1.55));
#479 = CARTESIAN_POINT('',(7.785640994474E-02,15.95));
#480 = ( GEOMETRIC_REPRESENTATION_CONTEXT(2) 
PARAMETRIC_REPRESENTATION_CONTEXT() REPRESENTATION_CONTEXT('2D SPACE',''
  ) );
#481 = PCURVE('',#364,#482);
#482 = DEFINITIONAL_REPRESENTATION('',(#483),#486);
#483 = B_SPLINE_CURVE_WITH_KNOTS('',1,(#484,#485),.UNSPECIFIED.,.F.,.F.,
  (2,2),(1.55,15.95),.PIECEWISE_BEZIER_KNOTS.);
#484 = CARTESIAN_POINT('',(-1.2,1.19547296674));
#485 = CARTESIAN_POINT('',(13.2,1.19547296674));
#486 = ( GEOMETRIC_REPRESENTATION_CONTEXT(2) 
PARAMETRIC_REPRESENTATION_CONTEXT() REPRESENTATION_CONTEXT('2D SPACE',''
  ) );
#487 = ORIENTED_EDGE('',*,*,#488,.F.);
#488 = EDGE_CURVE('',#489,#468,#491,.T.);
#489 = VERTEX_POINT('',#490);
#490 = CARTESIAN_POINT('',(18.,-4.40872847693E-15,8.75));
#491 = SURFACE_CURVE('',#492,(#497,#504),.PCURVE_S1.);
#492 = CIRCLE('',#493,18.);
#493 = AXIS2_PLACEMENT_3D('',#494,#495,#496);
#494 = CARTESIAN_POINT('',(0.,0.,8.75));
#495 = DIRECTION('',(0.,0.,1.));
#496 = DIRECTION('',(1.,0.,-0.));
#497 = PCURVE('',#133,#498);
#498 = DEFINITIONAL_REPRESENTATION('',(#499),#503);
#499 = LINE('',#500,#501);
#500 = CARTESIAN_POINT('',(0.,2.75));
#501 = VECTOR('',#502,1.);
#502 = DIRECTION('',(1.,0.));
#503 = ( GEOMETRIC_REPRESENTATION_CONTEXT(2) 
PARAMETRIC_REPRESENTATION_CONTEXT() REPRESENTATION_CONTEXT('2D SPACE',''
  ) );
#504 = PCURVE('',#505,#510);
#505 = PLANE('',#506);
#506 = AXIS2_PLACEMENT_3D('',#507,#508,#509);
#507 = CARTESIAN_POINT('',(16.75,-1.4,8.75));
#508 = DIRECTION('',(0.,0.,1.));
#509 = DIRECTION('',(1.,0.,-0.));
#510 = DEFINITIONAL_REPRESENTATION('',(#511),#515);
#511 = CIRCLE('',#512,18.);
#512 = AXIS2_PLACEMENT_2D('',#513,#514);
#513 = CARTESIAN_POINT('',(-16.75,1.4));
#514 = DIRECTION('',(1.,0.));
#515 = ( GEOMETRIC_REPRESENTATION_CONTEXT(2) 
PARAMETRIC_REPRESENTATION_CONTEXT() REPRESENTATION_CONTEXT('2D SPACE',''
  ) );
#516 = ORIENTED_EDGE('',*,*,#517,.F.);
#517 = EDGE_CURVE('',#518,#489,#520,.T.);
#518 = VERTEX_POINT('',#519);
#519 = CARTESIAN_POINT('',(18.,-4.40872847693E-15,6.));
#520 = SEAM_CURVE('',#521,(#525,#532),.PCURVE_S1.);
#521 = LINE('',#522,#523);
#522 = CARTESIAN_POINT('',(18.,-4.40872847693E-15,6.));
#523 = VECTOR('',#524,1.);
#524 = DIRECTION('',(0.,0.,1.));
#525 = PCURVE('',#133,#526);
#526 = DEFINITIONAL_REPRESENTATION('',(#527),#531);
#527 = LINE('',#528,#529);
#528 = CARTESIAN_POINT('',(6.28318530718,-0.));
#529 = VECTOR('',#530,1.);
#530 = DIRECTION('',(0.,1.));
#531 = ( GEOMETRIC_REPRESENTATION_CONTEXT(2) 
PARAMETRIC_REPRESENTATION_CONTEXT() REPRESENTATION_CONTEXT('2D SPACE',''
  ) );
#532 = PCURVE('',#133,#533);
#533 = DEFINITIONAL_REPRESENTATION('',(#534),#538);
#534 = LINE('',#535,#536);
#535 = CARTESIAN_POINT('',(0.,-0.));
#536 = VECTOR('',#537,1.);
#537 = DIRECTION('',(0.,1.));
#538 = ( GEOMETRIC_REPRESENTATION_CONTEXT(2) 
PARAMETRIC_REPRESENTATION_CONTEXT() REPRESENTATION_CONTEXT('2D SPACE',''
  ) );
#539 = ORIENTED_EDGE('',*,*,#540,.T.);
#540 = EDGE_CURVE('',#518,#518,#541,.T.);
#541 = SURFACE_CURVE('',#542,(#547,#554),.PCURVE_S1.);
#542 = CIRCLE('',#543,18.);
#543 = AXIS2_PLACEMENT_3D('',#544,#545,#546);
#544 = CARTESIAN_POINT('',(0.,0.,6.));
#545 = DIRECTION('',(0.,0.,1.));
#546 = DIRECTION('',(1.,0.,-0.));
#547 = PCURVE('',#133,#548);
#548 = DEFINITIONAL_REPRESENTATION('',(#549),#553);
#549 = LINE('',#550,#551);
#550 = CARTESIAN_POINT('',(0.,0.));
#551 = VECTOR('',#552,1.);
#552 = DIRECTION('',(1.,0.));
#553 = ( GEOMETRIC_REPRESENTATION_CONTEXT(2) 
PARAMETRIC_REPRESENTATION_CONTEXT() REPRESENTATION_CONTEXT('2D SPACE',''
  ) );
#554 = PCURVE('',#555,#560);
#555 = PLANE('',#556);
#556 = AXIS2_PLACEMENT_3D('',#557,#558,#559);
#557 = CARTESIAN_POINT('',(0.,0.,6.));
#558 = DIRECTION('',(0.,0.,1.));
#559 = DIRECTION('',(1.,0.,-0.));
#560 = DEFINITIONAL_REPRESENTATION('',(#561),#565);
#561 = CIRCLE('',#562,18.);
#562 = AXIS2_PLACEMENT_2D('',#563,#564);
#563 = CARTESIAN_POINT('',(0.,0.));
#564 = DIRECTION('',(1.,0.));
#565 = ( GEOMETRIC_REPRESENTATION_CONTEXT(2) 
PARAMETRIC_REPRESENTATION_CONTEXT() REPRESENTATION_CONTEXT('2D SPACE',''
  ) );
#566 = ORIENTED_EDGE('',*,*,#517,.T.);
#567 = ORIENTED_EDGE('',*,*,#568,.F.);
#568 = EDGE_CURVE('',#569,#489,#571,.T.);
#569 = VERTEX_POINT('',#570);
#570 = CARTESIAN_POINT('',(17.94547296674,-1.4,8.75));
#571 = SURFACE_CURVE('',#572,(#577,#584),.PCURVE_S1.);
#572 = CIRCLE('',#573,18.);
#573 = AXIS2_PLACEMENT_3D('',#574,#575,#576);
#574 = CARTESIAN_POINT('',(0.,0.,8.75));
#575 = DIRECTION('',(0.,0.,1.));
#576 = DIRECTION('',(1.,0.,-0.));
#577 = PCURVE('',#133,#578);
#578 = DEFINITIONAL_REPRESENTATION('',(#579),#583);
#579 = LINE('',#580,#581);
#580 = CARTESIAN_POINT('',(0.,2.75));
#581 = VECTOR('',#582,1.);
#582 = DIRECTION('',(1.,0.));
#583 = ( GEOMETRIC_REPRESENTATION_CONTEXT(2) 
PARAMETRIC_REPRESENTATION_CONTEXT() REPRESENTATION_CONTEXT('2D SPACE',''
  ) );
#584 = PCURVE('',#505,#585);
#585 = DEFINITIONAL_REPRESENTATION('',(#586),#590);
#586 = CIRCLE('',#587,18.);
#587 = AXIS2_PLACEMENT_2D('',#588,#589);
#588 = CARTESIAN_POINT('',(-16.75,1.4));
#589 = DIRECTION('',(1.,0.));
#590 = ( GEOMETRIC_REPRESENTATION_CONTEXT(2) 
PARAMETRIC_REPRESENTATION_CONTEXT() REPRESENTATION_CONTEXT('2D SPACE',''
  ) );
#591 = ORIENTED_EDGE('',*,*,#592,.T.);
#592 = EDGE_CURVE('',#569,#151,#593,.T.);
#593 = SURFACE_CURVE('',#594,(#598,#604),.PCURVE_S1.);
#594 = LINE('',#595,#596);
#595 = CARTESIAN_POINT('',(17.94547296674,-1.4,6.));
#596 = VECTOR('',#597,1.);
#597 = DIRECTION('',(0.,0.,1.));
#598 = PCURVE('',#133,#599);
#599 = DEFINITIONAL_REPRESENTATION('',(#600),#603);
#600 = B_SPLINE_CURVE_WITH_KNOTS('',1,(#601,#602),.UNSPECIFIED.,.F.,.F.,
  (2,2),(1.55,15.95),.PIECEWISE_BEZIER_KNOTS.);
#601 = CARTESIAN_POINT('',(6.205328897235,1.55));
#602 = CARTESIAN_POINT('',(6.205328897235,15.95));
#603 = ( GEOMETRIC_REPRESENTATION_CONTEXT(2) 
PARAMETRIC_REPRESENTATION_CONTEXT() REPRESENTATION_CONTEXT('2D SPACE',''
  ) );
#604 = PCURVE('',#262,#605);
#605 = DEFINITIONAL_REPRESENTATION('',(#606),#609);
#606 = B_SPLINE_CURVE_WITH_KNOTS('',1,(#607,#608),.UNSPECIFIED.,.F.,.F.,
  (2,2),(1.55,15.95),.PIECEWISE_BEZIER_KNOTS.);
#607 = CARTESIAN_POINT('',(-1.2,1.19547296674));
#608 = CARTESIAN_POINT('',(13.2,1.19547296674));
#609 = ( GEOMETRIC_REPRESENTATION_CONTEXT(2) 
PARAMETRIC_REPRESENTATION_CONTEXT() REPRESENTATION_CONTEXT('2D SPACE',''
  ) );
#610 = FACE_BOUND('',#611,.T.);
#611 = EDGE_LOOP('',(#612));
#612 = ORIENTED_EDGE('',*,*,#613,.T.);
#613 = EDGE_CURVE('',#614,#614,#616,.T.);
#614 = VERTEX_POINT('',#615);
#615 = CARTESIAN_POINT('',(2.25,17.858821349686,14.75));
#616 = SURFACE_CURVE('',#617,(#669,#724),.PCURVE_S1.);
#617 = B_SPLINE_CURVE_WITH_KNOTS('',8,(#618,#619,#620,#621,#622,#623,
    #624,#625,#626,#627,#628,#629,#630,#631,#632,#633,#634,#635,#636,
    #637,#638,#639,#640,#641,#642,#643,#644,#645,#646,#647,#648,#649,
    #650,#651,#652,#653,#654,#655,#656,#657,#658,#659,#660,#661,#662,
    #663,#664,#665,#666,#667,#668),.UNSPECIFIED.,.T.,.F.,(9,7,7,7,7,7,7,
    9),(0.,0.154567738353,0.286483393532,0.411682561093,0.568863989854,
    0.707299580703,0.827974266258,1.),.UNSPECIFIED.);
#618 = CARTESIAN_POINT('',(2.25,17.858821349686,14.75));
#619 = CARTESIAN_POINT('',(2.25,17.858821349686,14.984833909895));
#620 = CARTESIAN_POINT('',(2.221988570576,17.862350243267,
    15.219325849338));
#621 = CARTESIAN_POINT('',(2.166110316189,17.869391062728,
    15.451677378559));
#622 = CARTESIAN_POINT('',(2.081750513814,17.879768284069,
    15.679898537237));
#623 = CARTESIAN_POINT('',(1.967800441441,17.89313145758,15.901387945856
    ));
#624 = CARTESIAN_POINT('',(1.822827616707,17.908850865122,
    16.112666545676));
#625 = CARTESIAN_POINT('',(1.645323845069,17.925896513647,
    16.309001252101));
#626 = CARTESIAN_POINT('',(1.254023972861,17.957173946139,
    16.632712658841));
#627 = CARTESIAN_POINT('',(1.042566625949,17.971995217219,16.77159838347
    ));
#628 = CARTESIAN_POINT('',(0.802951768852,17.985727846383,
    16.888217454579));
#629 = CARTESIAN_POINT('',(0.540994726948,17.996555186864,
    16.973530879283));
#630 = CARTESIAN_POINT('',(0.264675789234,18.002804115115,
    17.021541090489));
#631 = CARTESIAN_POINT('',(-1.692911965681E-02,18.003710294749,
    17.029366324204));
#632 = CARTESIAN_POINT('',(-0.294509104085,17.999543888797,
    16.997363625029));
#633 = CARTESIAN_POINT('',(-0.811100712493,17.983477235282,
    16.864725443858));
#634 = CARTESIAN_POINT('',(-1.043689346497,17.972219929885,
    16.769637092444));
#635 = CARTESIAN_POINT('',(-1.255009966896,17.958655642678,
    16.649772026396));
#636 = CARTESIAN_POINT('',(-1.443840290452,17.943969093345,
    16.510077076341));
#637 = CARTESIAN_POINT('',(-1.609683558601,17.929207301322,
    16.354927462396));
#638 = CARTESIAN_POINT('',(-1.752569807065,17.915203340528,
    16.18824182094));
#639 = CARTESIAN_POINT('',(-1.872959472483,17.902566545535,
    16.013535984331));
#640 = CARTESIAN_POINT('',(-2.095641414207,17.878026669463,
    15.608479036045));
#641 = CARTESIAN_POINT('',(-2.186748141059,17.866993309355,
    15.372959631177));
#642 = CARTESIAN_POINT('',(-2.246503965377,17.859339514035,
    15.131328248168));
#643 = CARTESIAN_POINT('',(-2.275939534294,17.855468250736,
    14.886434392713));
#644 = CARTESIAN_POINT('',(-2.275561740028,17.855539328076,
    14.640653214698));
#645 = CARTESIAN_POINT('',(-2.245319208158,17.85952236503,
    14.396215438775));
#646 = CARTESIAN_POINT('',(-2.184566185705,17.867186598591,
    14.155522595359));
#647 = CARTESIAN_POINT('',(-2.010468014975,17.88755870334,
    13.715800810434));
#648 = CARTESIAN_POINT('',(-1.903849032296,17.899603612945,
    13.514191595556));
#649 = CARTESIAN_POINT('',(-1.771082930018,17.913816321629,
    13.319806466737));
#650 = CARTESIAN_POINT('',(-1.611180321167,17.929614674699,
    13.136176706886));
#651 = CARTESIAN_POINT('',(-1.423438330245,17.946132872997,
    12.967607295711));
#652 = CARTESIAN_POINT('',(-1.207605081279,17.962159972902,
    12.819286058945));
#653 = CARTESIAN_POINT('',(-0.964211037228,17.976171022046,
    12.697501152784));
#654 = CARTESIAN_POINT('',(-0.460867492536,17.995628256759,
    12.533954921142));
#655 = CARTESIAN_POINT('',(-0.210590882272,18.001806024405,
    12.485082820753));
#656 = CARTESIAN_POINT('',(4.861208014148E-02,18.004011202555,
    12.468819166683));
#657 = CARTESIAN_POINT('',(0.308721689409,18.001613498138,
    12.487370623264));
#658 = CARTESIAN_POINT('',(0.561458163084,17.994779114343,12.53994758911
    ));
#659 = CARTESIAN_POINT('',(0.799078183574,17.98455374068,12.622845510809
    ));
#660 = CARTESIAN_POINT('',(1.015257411493,17.972357939043,12.7294605584)
  );
#661 = CARTESIAN_POINT('',(1.476964576646,17.94136395604,13.022468835221
    ));
#662 = CARTESIAN_POINT('',(1.705118187677,17.921341286341,
    13.229395498919));
#663 = CARTESIAN_POINT('',(1.890858511906,17.90206378606,13.459456161074
    ));
#664 = CARTESIAN_POINT('',(2.036299582227,17.885345145435,
    13.704914879024));
#665 = CARTESIAN_POINT('',(2.143587290713,17.872227324933,
    13.960232242845));
#666 = CARTESIAN_POINT('',(2.214478140288,17.863296839214,
    14.221423916698));
#667 = CARTESIAN_POINT('',(2.25,17.858821349686,14.485551255576));
#668 = CARTESIAN_POINT('',(2.25,17.858821349686,14.75));
#669 = PCURVE('',#133,#670);
#670 = DEFINITIONAL_REPRESENTATION('',(#671),#723);
#671 = B_SPLINE_CURVE_WITH_KNOTS('',8,(#672,#673,#674,#675,#676,#677,
    #678,#679,#680,#681,#682,#683,#684,#685,#686,#687,#688,#689,#690,
    #691,#692,#693,#694,#695,#696,#697,#698,#699,#700,#701,#702,#703,
    #704,#705,#706,#707,#708,#709,#710,#711,#712,#713,#714,#715,#716,
    #717,#718,#719,#720,#721,#722),.UNSPECIFIED.,.T.,.F.,(9,7,7,7,7,7,7,
    9),(0.,0.154567738353,0.286483393532,0.411682561093,0.568863989854,
    0.707299580703,0.827974266258,1.),.UNSPECIFIED.);
#672 = CARTESIAN_POINT('',(1.445468495627,8.75));
#673 = CARTESIAN_POINT('',(1.445468495627,8.984833909895));
#674 = CARTESIAN_POINT('',(1.447036986989,9.219325849338));
#675 = CARTESIAN_POINT('',(1.450165880739,9.451677378559));
#676 = CARTESIAN_POINT('',(1.454887838453,9.679898537237));
#677 = CARTESIAN_POINT('',(1.461261558982,9.901387945856));
#678 = CARTESIAN_POINT('',(1.469362067702,10.112666545676));
#679 = CARTESIAN_POINT('',(1.479267488567,10.309001252101));
#680 = CARTESIAN_POINT('',(1.501075706223,10.632712658841));
#681 = CARTESIAN_POINT('',(1.512851591114,10.771598383471));
#682 = CARTESIAN_POINT('',(1.526183551484,10.888217454578));
#683 = CARTESIAN_POINT('',(1.540745205368,10.973530879286));
#684 = CARTESIAN_POINT('',(1.556094497124,11.021541090487));
#685 = CARTESIAN_POINT('',(1.571734983827,11.029366324204));
#686 = CARTESIAN_POINT('',(1.587155832827,10.997363625029));
#687 = CARTESIAN_POINT('',(1.615869243641,10.864725443858));
#688 = CARTESIAN_POINT('',(1.62880402728,10.769637092444));
#689 = CARTESIAN_POINT('',(1.640565994722,10.649772026396));
#690 = CARTESIAN_POINT('',(1.651086705732,10.510077076341));
#691 = CARTESIAN_POINT('',(1.660335877029,10.354927462396));
#692 = CARTESIAN_POINT('',(1.66831169547,10.18824182094));
#693 = CARTESIAN_POINT('',(1.67503666846,10.013535984331));
#694 = CARTESIAN_POINT('',(1.687482781033,9.608479036045));
#695 = CARTESIAN_POINT('',(1.692580954984,9.372959631177));
#696 = CARTESIAN_POINT('',(1.695927816876,9.131328248168));
#697 = CARTESIAN_POINT('',(1.697577264572,8.886434392713));
#698 = CARTESIAN_POINT('',(1.697555907962,8.640653214698));
#699 = CARTESIAN_POINT('',(1.695861237955,8.396215438775));
#700 = CARTESIAN_POINT('',(1.692459453151,8.155522595359));
#701 = CARTESIAN_POINT('',(1.682721339836,7.715800810434));
#702 = CARTESIAN_POINT('',(1.676760424279,7.514191595556));
#703 = CARTESIAN_POINT('',(1.669342632842,7.319806466737));
#704 = CARTESIAN_POINT('',(1.66041649227,7.136176706886));
#705 = CARTESIAN_POINT('',(1.649947544263,6.967607295711));
#706 = CARTESIAN_POINT('',(1.637926236193,6.819286058945));
#707 = CARTESIAN_POINT('',(1.62438437698,6.697501152784));
#708 = CARTESIAN_POINT('',(1.596399961786,6.533954921142));
#709 = CARTESIAN_POINT('',(1.582492829124,6.485082820753));
#710 = CARTESIAN_POINT('',(1.56809528245,6.468819166683));
#711 = CARTESIAN_POINT('',(1.553648732033,6.487370623264));
#712 = CARTESIAN_POINT('',(1.539606474585,6.53994758911));
#713 = CARTESIAN_POINT('',(1.526395123287,6.622845510809));
#714 = CARTESIAN_POINT('',(1.514366758031,6.7294605584));
#715 = CARTESIAN_POINT('',(1.488658630543,7.022468835221));
#716 = CARTESIAN_POINT('',(1.475937390656,7.229395498919));
#717 = CARTESIAN_POINT('',(1.465564652184,7.459456161074));
#718 = CARTESIAN_POINT('',(1.457431790271,7.704914879024));
#719 = CARTESIAN_POINT('',(1.4514270528,7.960232242845));
#720 = CARTESIAN_POINT('',(1.447457531592,8.221423916698));
#721 = CARTESIAN_POINT('',(1.445468495627,8.485551255576));
#722 = CARTESIAN_POINT('',(1.445468495627,8.75));
#723 = ( GEOMETRIC_REPRESENTATION_CONTEXT(2) 
PARAMETRIC_REPRESENTATION_CONTEXT() REPRESENTATION_CONTEXT('2D SPACE',''
  ) );
#724 = PCURVE('',#725,#730);
#725 = CYLINDRICAL_SURFACE('',#726,2.25);
#726 = AXIS2_PLACEMENT_3D('',#727,#728,#729);
#727 = CARTESIAN_POINT('',(0.,19.,14.75));
#728 = DIRECTION('',(0.,-1.,0.));
#729 = DIRECTION('',(1.,0.,0.));
#730 = DEFINITIONAL_REPRESENTATION('',(#731),#783);
#731 = B_SPLINE_CURVE_WITH_KNOTS('',8,(#732,#733,#734,#735,#736,#737,
    #738,#739,#740,#741,#742,#743,#744,#745,#746,#747,#748,#749,#750,
    #751,#752,#753,#754,#755,#756,#757,#758,#759,#760,#761,#762,#763,
    #764,#765,#766,#767,#768,#769,#770,#771,#772,#773,#774,#775,#776,
    #777,#778,#779,#780,#781,#782),.UNSPECIFIED.,.F.,.F.,(9,7,7,7,7,7,7,
    9),(0.,0.154567738353,0.286483393532,0.411682561093,0.568863989854,
    0.707299580703,0.827974266258,1.),.UNSPECIFIED.);
#732 = CARTESIAN_POINT('',(0.,1.141178650314));
#733 = CARTESIAN_POINT('',(0.10437062662,1.141178650314));
#734 = CARTESIAN_POINT('',(0.208588857882,1.137649756733));
#735 = CARTESIAN_POINT('',(0.313590154903,1.130608937272));
#736 = CARTESIAN_POINT('',(0.420196162826,1.120231715931));
#737 = CARTESIAN_POINT('',(0.529210472698,1.10686854242));
#738 = CARTESIAN_POINT('',(0.641460129561,1.091149134878));
#739 = CARTESIAN_POINT('',(0.757868603831,1.074103486353));
#740 = CARTESIAN_POINT('',(0.983576670428,1.042826053861));
#741 = CARTESIAN_POINT('',(1.09533678738,1.028004782781));
#742 = CARTESIAN_POINT('',(1.212140304368,1.014272153617));
#743 = CARTESIAN_POINT('',(1.332236799002,1.003444813136));
#744 = CARTESIAN_POINT('',(1.45437508599,0.997195884885));
#745 = CARTESIAN_POINT('',(1.577475421864,0.996289705251));
#746 = CARTESIAN_POINT('',(1.700505940277,1.000456111203));
#747 = CARTESIAN_POINT('',(1.937549365785,1.016522764718));
#748 = CARTESIAN_POINT('',(2.048184868016,1.027780070115));
#749 = CARTESIAN_POINT('',(2.154744374708,1.041344357322));
#750 = CARTESIAN_POINT('',(2.257690552157,1.056030906655));
#751 = CARTESIAN_POINT('',(2.357368375092,1.070792698678));
#752 = CARTESIAN_POINT('',(2.454034277355,1.084796659472));
#753 = CARTESIAN_POINT('',(2.547853421801,1.097433454465));
#754 = CARTESIAN_POINT('',(2.753289845429,1.121973330537));
#755 = CARTESIAN_POINT('',(2.864524787007,1.133006690645));
#756 = CARTESIAN_POINT('',(2.973704968639,1.140660485965));
#757 = CARTESIAN_POINT('',(3.081702957729,1.144531749264));
#758 = CARTESIAN_POINT('',(3.189336115879,1.144460671924));
#759 = CARTESIAN_POINT('',(3.297420794218,1.14047763497));
#760 = CARTESIAN_POINT('',(3.406823177489,1.132813401409));
#761 = CARTESIAN_POINT('',(3.617015527347,1.11244129666));
#762 = CARTESIAN_POINT('',(3.717770649178,1.100396387055));
#763 = CARTESIAN_POINT('',(3.821275075824,1.086183678371));
#764 = CARTESIAN_POINT('',(3.927962746007,1.070385325301));
#765 = CARTESIAN_POINT('',(4.038328450349,1.053867127003));
#766 = CARTESIAN_POINT('',(4.152949961868,1.037840027098));
#767 = CARTESIAN_POINT('',(4.272557641552,1.023828977954));
#768 = CARTESIAN_POINT('',(4.507778407356,1.004371743241));
#769 = CARTESIAN_POINT('',(4.620280625362,0.998193975595));
#770 = CARTESIAN_POINT('',(4.734079358387,0.995988797445));
#771 = CARTESIAN_POINT('',(4.847944896025,0.998386501862));
#772 = CARTESIAN_POINT('',(4.960721265458,1.005220885657));
#773 = CARTESIAN_POINT('',(5.071163318791,1.01544625932));
#774 = CARTESIAN_POINT('',(5.177676107353,1.027642060957));
#775 = CARTESIAN_POINT('',(5.420713413493,1.05863604396));
#776 = CARTESIAN_POINT('',(5.555608694172,1.078658713659));
#777 = CARTESIAN_POINT('',(5.684534514082,1.09793621394));
#778 = CARTESIAN_POINT('',(5.808826826911,1.114654854565));
#779 = CARTESIAN_POINT('',(5.929705597633,1.127772675067));
#780 = CARTESIAN_POINT('',(6.048262117844,1.136703160786));
#781 = CARTESIAN_POINT('',(6.16565253188,1.141178650314));
#782 = CARTESIAN_POINT('',(6.28318530718,1.141178650314));
#783 = ( GEOMETRIC_REPRESENTATION_CONTEXT(2) 
PARAMETRIC_REPRESENTATION_CONTEXT() REPRESENTATION_CONTEXT('2D SPACE',''
  ) );
#784 = ADVANCED_FACE('',(#785),#212,.F.);
#785 = FACE_BOUND('',#786,.F.);
#786 = EDGE_LOOP('',(#787,#788,#809,#838,#861,#949,#975,#1004,#1025,
    #1097,#1098,#1122,#1141,#1142,#1163,#1187));
#787 = ORIENTED_EDGE('',*,*,#375,.F.);
#788 = ORIENTED_EDGE('',*,*,#789,.F.);
#789 = EDGE_CURVE('',#790,#376,#792,.T.);
#790 = VERTEX_POINT('',#791);
#791 = CARTESIAN_POINT('',(16.75,1.4,12.988608504619));
#792 = SURFACE_CURVE('',#793,(#797,#803),.PCURVE_S1.);
#793 = LINE('',#794,#795);
#794 = CARTESIAN_POINT('',(3.,1.4,12.988608504619));
#795 = VECTOR('',#796,1.);
#796 = DIRECTION('',(1.,0.,0.));
#797 = PCURVE('',#212,#798);
#798 = DEFINITIONAL_REPRESENTATION('',(#799),#802);
#799 = B_SPLINE_CURVE_WITH_KNOTS('',1,(#800,#801),.UNSPECIFIED.,.F.,.F.,
  (2,2),(13.6,15.0000006),.PIECEWISE_BEZIER_KNOTS.);
#800 = CARTESIAN_POINT('',(0.671578176618,13.6));
#801 = CARTESIAN_POINT('',(0.671578176618,15.0000006));
#802 = ( GEOMETRIC_REPRESENTATION_CONTEXT(2) 
PARAMETRIC_REPRESENTATION_CONTEXT() REPRESENTATION_CONTEXT('2D SPACE',''
  ) );
#803 = PCURVE('',#364,#804);
#804 = DEFINITIONAL_REPRESENTATION('',(#805),#808);
#805 = B_SPLINE_CURVE_WITH_KNOTS('',1,(#806,#807),.UNSPECIFIED.,.F.,.F.,
  (2,2),(13.6,15.0000006),.PIECEWISE_BEZIER_KNOTS.);
#806 = CARTESIAN_POINT('',(4.238608504619,-0.15));
#807 = CARTESIAN_POINT('',(4.238608504619,1.2500006));
#808 = ( GEOMETRIC_REPRESENTATION_CONTEXT(2) 
PARAMETRIC_REPRESENTATION_CONTEXT() REPRESENTATION_CONTEXT('2D SPACE',''
  ) );
#809 = ORIENTED_EDGE('',*,*,#810,.F.);
#810 = EDGE_CURVE('',#811,#790,#813,.T.);
#811 = VERTEX_POINT('',#812);
#812 = CARTESIAN_POINT('',(16.75,-5.510910596163E-16,12.5));
#813 = SURFACE_CURVE('',#814,(#819,#826),.PCURVE_S1.);
#814 = CIRCLE('',#815,2.25);
#815 = AXIS2_PLACEMENT_3D('',#816,#817,#818);
#816 = CARTESIAN_POINT('',(16.75,0.,14.75));
#817 = DIRECTION('',(1.,0.,0.));
#818 = DIRECTION('',(0.,0.,-1.));
#819 = PCURVE('',#212,#820);
#820 = DEFINITIONAL_REPRESENTATION('',(#821),#825);
#821 = LINE('',#822,#823);
#822 = CARTESIAN_POINT('',(0.,13.75));
#823 = VECTOR('',#824,1.);
#824 = DIRECTION('',(1.,0.));
#825 = ( GEOMETRIC_REPRESENTATION_CONTEXT(2) 
PARAMETRIC_REPRESENTATION_CONTEXT() REPRESENTATION_CONTEXT('2D SPACE',''
  ) );
#826 = PCURVE('',#827,#832);
#827 = PLANE('',#828);
#828 = AXIS2_PLACEMENT_3D('',#829,#830,#831);
#829 = CARTESIAN_POINT('',(16.75,-1.4,8.75));
#830 = DIRECTION('',(1.,0.,-0.));
#831 = DIRECTION('',(0.,0.,1.));
#832 = DEFINITIONAL_REPRESENTATION('',(#833),#837);
#833 = CIRCLE('',#834,2.25);
#834 = AXIS2_PLACEMENT_2D('',#835,#836);
#835 = CARTESIAN_POINT('',(6.,-1.4));
#836 = DIRECTION('',(-1.,0.));
#837 = ( GEOMETRIC_REPRESENTATION_CONTEXT(2) 
PARAMETRIC_REPRESENTATION_CONTEXT() REPRESENTATION_CONTEXT('2D SPACE',''
  ) );
#838 = ORIENTED_EDGE('',*,*,#839,.F.);
#839 = EDGE_CURVE('',#840,#811,#842,.T.);
#840 = VERTEX_POINT('',#841);
#841 = CARTESIAN_POINT('',(7.,-1.132798289211E-15,12.5));
#842 = SEAM_CURVE('',#843,(#847,#854),.PCURVE_S1.);
#843 = LINE('',#844,#845);
#844 = CARTESIAN_POINT('',(3.,-5.510910596163E-16,12.5));
#845 = VECTOR('',#846,1.);
#846 = DIRECTION('',(1.,0.,0.));
#847 = PCURVE('',#212,#848);
#848 = DEFINITIONAL_REPRESENTATION('',(#849),#853);
#849 = LINE('',#850,#851);
#850 = CARTESIAN_POINT('',(6.28318530718,-0.));
#851 = VECTOR('',#852,1.);
#852 = DIRECTION('',(0.,1.));
#853 = ( GEOMETRIC_REPRESENTATION_CONTEXT(2) 
PARAMETRIC_REPRESENTATION_CONTEXT() REPRESENTATION_CONTEXT('2D SPACE',''
  ) );
#854 = PCURVE('',#212,#855);
#855 = DEFINITIONAL_REPRESENTATION('',(#856),#860);
#856 = LINE('',#857,#858);
#857 = CARTESIAN_POINT('',(0.,-0.));
#858 = VECTOR('',#859,1.);
#859 = DIRECTION('',(0.,1.));
#860 = ( GEOMETRIC_REPRESENTATION_CONTEXT(2) 
PARAMETRIC_REPRESENTATION_CONTEXT() REPRESENTATION_CONTEXT('2D SPACE',''
  ) );
#861 = ORIENTED_EDGE('',*,*,#862,.T.);
#862 = EDGE_CURVE('',#840,#863,#865,.T.);
#863 = VERTEX_POINT('',#864);
#864 = CARTESIAN_POINT('',(6.703543838896,2.015564437075,15.75));
#865 = SURFACE_CURVE('',#866,(#890,#917),.PCURVE_S1.);
#866 = B_SPLINE_CURVE_WITH_KNOTS('',8,(#867,#868,#869,#870,#871,#872,
    #873,#874,#875,#876,#877,#878,#879,#880,#881,#882,#883,#884,#885,
    #886,#887,#888,#889),.UNSPECIFIED.,.F.,.F.,(9,7,7,9),(0.,
    0.400413901043,0.755958374897,1.),.UNSPECIFIED.);
#867 = CARTESIAN_POINT('',(7.,-2.755455298082E-16,12.5));
#868 = CARTESIAN_POINT('',(7.,0.287604176981,12.5));
#869 = CARTESIAN_POINT('',(6.986495341884,0.565301237217,12.542014520153
    ));
#870 = CARTESIAN_POINT('',(6.961113994998,0.827208456053,12.620978547948
    ));
#871 = CARTESIAN_POINT('',(6.926807780635,1.068752154018,12.731648931032
    ));
#872 = CARTESIAN_POINT('',(6.887162011642,1.286381744395,12.868374498322
    ));
#873 = CARTESIAN_POINT('',(6.845939529,1.47763492237,13.025036622446));
#874 = CARTESIAN_POINT('',(6.806315396364,1.641338122171,13.19497065243)
  );
#875 = CARTESIAN_POINT('',(6.738639917533,1.899062374878,13.527226756962
    ));
#876 = CARTESIAN_POINT('',(6.709016823205,2.001777958425,13.692060196508
    ));
#877 = CARTESIAN_POINT('',(6.682850393382,2.08643612741,13.863408682438)
  );
#878 = CARTESIAN_POINT('',(6.661099481011,2.153446546294,14.039620606466
    ));
#879 = CARTESIAN_POINT('',(6.644456725383,2.203143018958,14.219316305464
    ));
#880 = CARTESIAN_POINT('',(6.633372445987,2.235752461474,14.401290374817
    ));
#881 = CARTESIAN_POINT('',(6.628071850445,2.251369773087,14.584434434722
    ));
#882 = CARTESIAN_POINT('',(6.628895645426,2.248942776124,14.893442931621
    ));
#883 = CARTESIAN_POINT('',(6.631958179367,2.239919987996,15.019139381656
    ));
#884 = CARTESIAN_POINT('',(6.637740284582,2.222867940939,15.14438899968)
  );
#885 = CARTESIAN_POINT('',(6.646183689225,2.197764377303,15.268816433172
    ));
#886 = CARTESIAN_POINT('',(6.65717791259,2.164561811075,15.392030706427)
  );
#887 = CARTESIAN_POINT('',(6.670558663841,2.123190257792,15.513613322463
    ));
#888 = CARTESIAN_POINT('',(6.686106240745,2.073559964444,15.633106364925
    ));
#889 = CARTESIAN_POINT('',(6.703543928401,2.015564139391,15.7500006));
#890 = PCURVE('',#212,#891);
#891 = DEFINITIONAL_REPRESENTATION('',(#892),#916);
#892 = B_SPLINE_CURVE_WITH_KNOTS('',8,(#893,#894,#895,#896,#897,#898,
    #899,#900,#901,#902,#903,#904,#905,#906,#907,#908,#909,#910,#911,
    #912,#913,#914,#915),.UNSPECIFIED.,.F.,.F.,(9,7,7,9),(0.,
    0.400413901043,0.755958374897,1.),.UNSPECIFIED.);
#893 = CARTESIAN_POINT('',(0.,4.));
#894 = CARTESIAN_POINT('',(0.127824078658,4.));
#895 = CARTESIAN_POINT('',(0.251245140497,3.986495341884));
#896 = CARTESIAN_POINT('',(0.370829949992,3.961113994999));
#897 = CARTESIAN_POINT('',(0.486812296869,3.926807780635));
#898 = CARTESIAN_POINT('',(0.59920959164,3.887162011642));
#899 = CARTESIAN_POINT('',(0.70780147626,3.845939529));
#900 = CARTESIAN_POINT('',(0.812072304712,3.806315396364));
#901 = CARTESIAN_POINT('',(0.99895889972,3.738639917533));
#902 = CARTESIAN_POINT('',(1.084825191285,3.709016823205));
#903 = CARTESIAN_POINT('',(1.169095103594,3.682850393382));
#904 = CARTESIAN_POINT('',(1.252135144791,3.661099481011));
#905 = CARTESIAN_POINT('',(1.334284582282,3.644456725383));
#906 = CARTESIAN_POINT('',(1.415868912061,3.633372445987));
#907 = CARTESIAN_POINT('',(1.497209200025,3.628071850445));
#908 = CARTESIAN_POINT('',(1.634550545689,3.628895645426));
#909 = CARTESIAN_POINT('',(1.690445231276,3.631958179367));
#910 = CARTESIAN_POINT('',(1.746435856067,3.637740284582));
#911 = CARTESIAN_POINT('',(1.802621439319,3.646183689225));
#912 = CARTESIAN_POINT('',(1.85910108904,3.65717791259));
#913 = CARTESIAN_POINT('',(1.915976562361,3.670558663841));
#914 = CARTESIAN_POINT('',(1.973354825904,3.686106240745));
#915 = CARTESIAN_POINT('',(2.03135061616,3.703543928401));
#916 = ( GEOMETRIC_REPRESENTATION_CONTEXT(2) 
PARAMETRIC_REPRESENTATION_CONTEXT() REPRESENTATION_CONTEXT('2D SPACE',''
  ) );
#917 = PCURVE('',#918,#923);
#918 = CYLINDRICAL_SURFACE('',#919,7.);
#919 = AXIS2_PLACEMENT_3D('',#920,#921,#922);
#920 = CARTESIAN_POINT('',(0.,0.,-3.75));
#921 = DIRECTION('',(0.,0.,1.));
#922 = DIRECTION('',(1.,0.,-0.));
#923 = DEFINITIONAL_REPRESENTATION('',(#924),#948);
#924 = B_SPLINE_CURVE_WITH_KNOTS('',8,(#925,#926,#927,#928,#929,#930,
    #931,#932,#933,#934,#935,#936,#937,#938,#939,#940,#941,#942,#943,
    #944,#945,#946,#947),.UNSPECIFIED.,.F.,.F.,(9,7,7,9),(0.,
    0.400413901043,0.755958374897,1.),.UNSPECIFIED.);
#925 = CARTESIAN_POINT('',(0.,16.25));
#926 = CARTESIAN_POINT('',(4.108631099727E-02,16.25));
#927 = CARTESIAN_POINT('',(8.075730969951E-02,16.292014520153));
#928 = CARTESIAN_POINT('',(0.118278376036,16.370978547948));
#929 = CARTESIAN_POINT('',(0.153070894516,16.481648931032));
#930 = CARTESIAN_POINT('',(0.184637478508,16.618374498322));
#931 = CARTESIAN_POINT('',(0.212571664749,16.775036622446));
#932 = CARTESIAN_POINT('',(0.236628661207,16.94497065243));
#933 = CARTESIAN_POINT('',(0.27469459779,17.277226756962));
#934 = CARTESIAN_POINT('',(0.289961906361,17.442060196508));
#935 = CARTESIAN_POINT('',(0.302617494127,17.613408682438));
#936 = CARTESIAN_POINT('',(0.312681118249,17.789620606466));
#937 = CARTESIAN_POINT('',(0.320168072581,17.969316305464));
#938 = CARTESIAN_POINT('',(0.325088332211,18.151290374817));
#939 = CARTESIAN_POINT('',(0.327444377488,18.334434434722));
#940 = CARTESIAN_POINT('',(0.327078235093,18.643442931621));
#941 = CARTESIAN_POINT('',(0.325717094928,18.769139381656));
#942 = CARTESIAN_POINT('',(0.323144788157,18.89438899968));
#943 = CARTESIAN_POINT('',(0.319361112089,19.018816433172));
#944 = CARTESIAN_POINT('',(0.314364790056,19.142030706427));
#945 = CARTESIAN_POINT('',(0.308153547589,19.263613322463));
#946 = CARTESIAN_POINT('',(0.300724188583,19.383106364925));
#947 = CARTESIAN_POINT('',(0.292072671464,19.5000006));
#948 = ( GEOMETRIC_REPRESENTATION_CONTEXT(2) 
PARAMETRIC_REPRESENTATION_CONTEXT() REPRESENTATION_CONTEXT('2D SPACE',''
  ) );
#949 = ORIENTED_EDGE('',*,*,#950,.F.);
#950 = EDGE_CURVE('',#951,#863,#953,.T.);
#951 = VERTEX_POINT('',#952);
#952 = CARTESIAN_POINT('',(3.,2.015564437075,15.75));
#953 = SURFACE_CURVE('',#954,(#958,#964),.PCURVE_S1.);
#954 = LINE('',#955,#956);
#955 = CARTESIAN_POINT('',(3.,2.015564437075,15.75));
#956 = VECTOR('',#957,1.);
#957 = DIRECTION('',(1.,0.,0.));
#958 = PCURVE('',#212,#959);
#959 = DEFINITIONAL_REPRESENTATION('',(#960),#963);
#960 = B_SPLINE_CURVE_WITH_KNOTS('',1,(#961,#962),.UNSPECIFIED.,.F.,.F.,
  (2,2),(-5.999999999062E-07,5.4),.PIECEWISE_BEZIER_KNOTS.);
#961 = CARTESIAN_POINT('',(2.031350318476,-5.999999999062E-07));
#962 = CARTESIAN_POINT('',(2.031350318476,5.4));
#963 = ( GEOMETRIC_REPRESENTATION_CONTEXT(2) 
PARAMETRIC_REPRESENTATION_CONTEXT() REPRESENTATION_CONTEXT('2D SPACE',''
  ) );
#964 = PCURVE('',#965,#970);
#965 = PLANE('',#966);
#966 = AXIS2_PLACEMENT_3D('',#967,#968,#969);
#967 = CARTESIAN_POINT('',(0.,0.,15.75));
#968 = DIRECTION('',(0.,0.,1.));
#969 = DIRECTION('',(1.,0.,-0.));
#970 = DEFINITIONAL_REPRESENTATION('',(#971),#974);
#971 = B_SPLINE_CURVE_WITH_KNOTS('',1,(#972,#973),.UNSPECIFIED.,.F.,.F.,
  (2,2),(-5.999999999062E-07,5.4),.PIECEWISE_BEZIER_KNOTS.);
#972 = CARTESIAN_POINT('',(2.9999994,2.015564437075));
#973 = CARTESIAN_POINT('',(8.4,2.015564437075));
#974 = ( GEOMETRIC_REPRESENTATION_CONTEXT(2) 
PARAMETRIC_REPRESENTATION_CONTEXT() REPRESENTATION_CONTEXT('2D SPACE',''
  ) );
#975 = ORIENTED_EDGE('',*,*,#976,.T.);
#976 = EDGE_CURVE('',#951,#977,#979,.T.);
#977 = VERTEX_POINT('',#978);
#978 = CARTESIAN_POINT('',(3.,-2.015564437075,15.75));
#979 = SURFACE_CURVE('',#980,(#985,#992),.PCURVE_S1.);
#980 = CIRCLE('',#981,2.25);
#981 = AXIS2_PLACEMENT_3D('',#982,#983,#984);
#982 = CARTESIAN_POINT('',(3.,0.,14.75));
#983 = DIRECTION('',(1.,-0.,0.));
#984 = DIRECTION('',(0.,0.,-1.));
#985 = PCURVE('',#212,#986);
#986 = DEFINITIONAL_REPRESENTATION('',(#987),#991);
#987 = LINE('',#988,#989);
#988 = CARTESIAN_POINT('',(0.,0.));
#989 = VECTOR('',#990,1.);
#990 = DIRECTION('',(1.,0.));
#991 = ( GEOMETRIC_REPRESENTATION_CONTEXT(2) 
PARAMETRIC_REPRESENTATION_CONTEXT() REPRESENTATION_CONTEXT('2D SPACE',''
  ) );
#992 = PCURVE('',#993,#998);
#993 = PLANE('',#994);
#994 = AXIS2_PLACEMENT_3D('',#995,#996,#997);
#995 = CARTESIAN_POINT('',(3.,0.,14.75));
#996 = DIRECTION('',(1.,0.,0.));
#997 = DIRECTION('',(0.,0.,-1.));
#998 = DEFINITIONAL_REPRESENTATION('',(#999),#1003);
#999 = CIRCLE('',#1000,2.25);
#1000 = AXIS2_PLACEMENT_2D('',#1001,#1002);
#1001 = CARTESIAN_POINT('',(0.,0.));
#1002 = DIRECTION('',(1.,0.));
#1003 = ( GEOMETRIC_REPRESENTATION_CONTEXT(2) 
PARAMETRIC_REPRESENTATION_CONTEXT() REPRESENTATION_CONTEXT('2D SPACE',''
  ) );
#1004 = ORIENTED_EDGE('',*,*,#1005,.T.);
#1005 = EDGE_CURVE('',#977,#1006,#1008,.T.);
#1006 = VERTEX_POINT('',#1007);
#1007 = CARTESIAN_POINT('',(6.703543838896,-2.015564437075,15.75));
#1008 = SURFACE_CURVE('',#1009,(#1013,#1019),.PCURVE_S1.);
#1009 = LINE('',#1010,#1011);
#1010 = CARTESIAN_POINT('',(3.,-2.015564437075,15.75));
#1011 = VECTOR('',#1012,1.);
#1012 = DIRECTION('',(1.,0.,0.));
#1013 = PCURVE('',#212,#1014);
#1014 = DEFINITIONAL_REPRESENTATION('',(#1015),#1018);
#1015 = B_SPLINE_CURVE_WITH_KNOTS('',1,(#1016,#1017),.UNSPECIFIED.,.F.,
  .F.,(2,2),(-5.999999999062E-07,5.4),.PIECEWISE_BEZIER_KNOTS.);
#1016 = CARTESIAN_POINT('',(4.251834988703,-5.999999999062E-07));
#1017 = CARTESIAN_POINT('',(4.251834988703,5.4));
#1018 = ( GEOMETRIC_REPRESENTATION_CONTEXT(2) 
PARAMETRIC_REPRESENTATION_CONTEXT() REPRESENTATION_CONTEXT('2D SPACE',''
  ) );
#1019 = PCURVE('',#965,#1020);
#1020 = DEFINITIONAL_REPRESENTATION('',(#1021),#1024);
#1021 = B_SPLINE_CURVE_WITH_KNOTS('',1,(#1022,#1023),.UNSPECIFIED.,.F.,
  .F.,(2,2),(-5.999999999062E-07,5.4),.PIECEWISE_BEZIER_KNOTS.);
#1022 = CARTESIAN_POINT('',(2.9999994,-2.015564437075));
#1023 = CARTESIAN_POINT('',(8.4,-2.015564437075));
#1024 = ( GEOMETRIC_REPRESENTATION_CONTEXT(2) 
PARAMETRIC_REPRESENTATION_CONTEXT() REPRESENTATION_CONTEXT('2D SPACE',''
  ) );
#1025 = ORIENTED_EDGE('',*,*,#1026,.T.);
#1026 = EDGE_CURVE('',#1006,#840,#1027,.T.);
#1027 = SURFACE_CURVE('',#1028,(#1049,#1073),.PCURVE_S1.);
#1028 = B_SPLINE_CURVE_WITH_KNOTS('',7,(#1029,#1030,#1031,#1032,#1033,
    #1034,#1035,#1036,#1037,#1038,#1039,#1040,#1041,#1042,#1043,#1044,
    #1045,#1046,#1047,#1048),.UNSPECIFIED.,.F.,.F.,(8,6,6,8),(0.,
    0.24309121509,0.690264072066,1.),.UNSPECIFIED.);
#1029 = CARTESIAN_POINT('',(6.703543928401,-2.015564139391,15.7500006));
#1030 = CARTESIAN_POINT('',(6.683615375373,-2.081844307827,
    15.616408749502));
#1031 = CARTESIAN_POINT('',(6.666206665049,-2.136971504995,
    15.479350262827));
#1032 = CARTESIAN_POINT('',(6.651760782982,-2.181115667375,
    15.339640645368));
#1033 = CARTESIAN_POINT('',(6.640606568201,-2.214413207464,
    15.197992708732));
#1034 = CARTESIAN_POINT('',(6.632963009733,-2.236959549275,
    15.055048217596));
#1035 = CARTESIAN_POINT('',(6.628943543135,-2.248801663837,
    14.91140953656));
#1036 = CARTESIAN_POINT('',(6.627855447403,-2.252007321917,
    14.503260865621));
#1037 = CARTESIAN_POINT('',(6.63945705671,-2.21782456658,14.239454556031
    ));
#1038 = CARTESIAN_POINT('',(6.663278427889,-2.147798279513,
    13.979413408418));
#1039 = CARTESIAN_POINT('',(6.698205692127,-2.04124845622,
    13.726459219312));
#1040 = CARTESIAN_POINT('',(6.742037872446,-1.896868253687,
    13.484908619807));
#1041 = CARTESIAN_POINT('',(6.791101085013,-1.712871553068,
    13.260543620252));
#1042 = CARTESIAN_POINT('',(6.873919475181,-1.332160129468,
    12.924901350881));
#1043 = CARTESIAN_POINT('',(6.908521790025,-1.153162691128,
    12.796911102699));
#1044 = CARTESIAN_POINT('',(6.941317834071,-0.952275936189,
    12.685242510879));
#1045 = CARTESIAN_POINT('',(6.969259521253,-0.732275421702,
    12.595642201019));
#1046 = CARTESIAN_POINT('',(6.989484310475,-0.497026585516,
    12.532714230393));
#1047 = CARTESIAN_POINT('',(7.,-0.251181638139,12.5));
#1048 = CARTESIAN_POINT('',(7.,-1.33226762955E-15,12.5));
#1049 = PCURVE('',#212,#1050);
#1050 = DEFINITIONAL_REPRESENTATION('',(#1051),#1072);
#1051 = B_SPLINE_CURVE_WITH_KNOTS('',7,(#1052,#1053,#1054,#1055,#1056,
    #1057,#1058,#1059,#1060,#1061,#1062,#1063,#1064,#1065,#1066,#1067,
    #1068,#1069,#1070,#1071),.UNSPECIFIED.,.F.,.F.,(8,6,6,8),(0.,
    0.24309121509,0.690264072066,1.),.UNSPECIFIED.);
#1052 = CARTESIAN_POINT('',(4.25183469102,3.703543928401));
#1053 = CARTESIAN_POINT('',(4.318114819688,3.683615375373));
#1054 = CARTESIAN_POINT('',(4.383572415142,3.666206665049));
#1055 = CARTESIAN_POINT('',(4.448390564583,3.651760782982));
#1056 = CARTESIAN_POINT('',(4.512736981935,3.640606568201));
#1057 = CARTESIAN_POINT('',(4.576770799138,3.632963009733));
#1058 = CARTESIAN_POINT('',(4.640649357451,3.628943543135));
#1059 = CARTESIAN_POINT('',(4.822054361715,3.627855447403));
#1060 = CARTESIAN_POINT('',(4.939178344331,3.63945705671));
#1061 = CARTESIAN_POINT('',(5.057156699513,3.663278427889));
#1062 = CARTESIAN_POINT('',(5.177074837753,3.698205692127));
#1063 = CARTESIAN_POINT('',(5.300066407821,3.742037872446));
#1064 = CARTESIAN_POINT('',(5.427352891964,3.791101085013));
#1065 = CARTESIAN_POINT('',(5.652926255705,3.873919475181));
#1066 = CARTESIAN_POINT('',(5.750219416566,3.908521790025));
#1067 = CARTESIAN_POINT('',(5.851296927468,3.941317834071));
#1068 = CARTESIAN_POINT('',(5.955456763286,3.969259521253));
#1069 = CARTESIAN_POINT('',(6.062284704327,3.989484310475));
#1070 = CARTESIAN_POINT('',(6.171549023562,4.));
#1071 = CARTESIAN_POINT('',(6.28318530718,4.));
#1072 = ( GEOMETRIC_REPRESENTATION_CONTEXT(2) 
PARAMETRIC_REPRESENTATION_CONTEXT() REPRESENTATION_CONTEXT('2D SPACE',''
  ) );
#1073 = PCURVE('',#918,#1074);
#1074 = DEFINITIONAL_REPRESENTATION('',(#1075),#1096);
#1075 = B_SPLINE_CURVE_WITH_KNOTS('',7,(#1076,#1077,#1078,#1079,#1080,
    #1081,#1082,#1083,#1084,#1085,#1086,#1087,#1088,#1089,#1090,#1091,
    #1092,#1093,#1094,#1095),.UNSPECIFIED.,.F.,.F.,(8,6,6,8),(0.,
    0.24309121509,0.690264072066,1.),.UNSPECIFIED.);
#1076 = CARTESIAN_POINT('',(5.991112635716,19.5000006));
#1077 = CARTESIAN_POINT('',(5.981225303113,19.366408749502));
#1078 = CARTESIAN_POINT('',(5.972967353811,19.229350262827));
#1079 = CARTESIAN_POINT('',(5.966332462529,19.089640645368));
#1080 = CARTESIAN_POINT('',(5.961315909366,18.947992708732));
#1081 = CARTESIAN_POINT('',(5.957914812457,18.805048217596));
#1082 = CARTESIAN_POINT('',(5.956128360614,18.66140953656));
#1083 = CARTESIAN_POINT('',(5.955644747595,18.253260865621));
#1084 = CARTESIAN_POINT('',(5.960801592817,17.989454556031));
#1085 = CARTESIAN_POINT('',(5.971368318523,17.729413408418));
#1086 = CARTESIAN_POINT('',(5.987385765193,17.476459219312));
#1087 = CARTESIAN_POINT('',(6.008929296742,17.234908619807));
#1088 = CARTESIAN_POINT('',(6.036103707875,17.010543620252));
#1089 = CARTESIAN_POINT('',(6.091763034946,16.674901350881));
#1090 = CARTESIAN_POINT('',(6.117800437495,16.546911102699));
#1091 = CARTESIAN_POINT('',(6.14685807784,16.435242510879));
#1092 = CARTESIAN_POINT('',(6.178499229051,16.345642201019));
#1093 = CARTESIAN_POINT('',(6.212181471588,16.282714230393));
#1094 = CARTESIAN_POINT('',(6.247302216017,16.25));
#1095 = CARTESIAN_POINT('',(6.28318530718,16.25));
#1096 = ( GEOMETRIC_REPRESENTATION_CONTEXT(2) 
PARAMETRIC_REPRESENTATION_CONTEXT() REPRESENTATION_CONTEXT('2D SPACE',''
  ) );
#1097 = ORIENTED_EDGE('',*,*,#839,.T.);
#1098 = ORIENTED_EDGE('',*,*,#1099,.F.);
#1099 = EDGE_CURVE('',#1100,#811,#1102,.T.);
#1100 = VERTEX_POINT('',#1101);
#1101 = CARTESIAN_POINT('',(16.75,-1.4,12.988608504619));
#1102 = SURFACE_CURVE('',#1103,(#1108,#1115),.PCURVE_S1.);
#1103 = CIRCLE('',#1104,2.25);
#1104 = AXIS2_PLACEMENT_3D('',#1105,#1106,#1107);
#1105 = CARTESIAN_POINT('',(16.75,0.,14.75));
#1106 = DIRECTION('',(1.,0.,0.));
#1107 = DIRECTION('',(0.,0.,-1.));
#1108 = PCURVE('',#212,#1109);
#1109 = DEFINITIONAL_REPRESENTATION('',(#1110),#1114);
#1110 = LINE('',#1111,#1112);
#1111 = CARTESIAN_POINT('',(0.,13.75));
#1112 = VECTOR('',#1113,1.);
#1113 = DIRECTION('',(1.,0.));
#1114 = ( GEOMETRIC_REPRESENTATION_CONTEXT(2) 
PARAMETRIC_REPRESENTATION_CONTEXT() REPRESENTATION_CONTEXT('2D SPACE',''
  ) );
#1115 = PCURVE('',#827,#1116);
#1116 = DEFINITIONAL_REPRESENTATION('',(#1117),#1121);
#1117 = CIRCLE('',#1118,2.25);
#1118 = AXIS2_PLACEMENT_2D('',#1119,#1120);
#1119 = CARTESIAN_POINT('',(6.,-1.4));
#1120 = DIRECTION('',(-1.,0.));
#1121 = ( GEOMETRIC_REPRESENTATION_CONTEXT(2) 
PARAMETRIC_REPRESENTATION_CONTEXT() REPRESENTATION_CONTEXT('2D SPACE',''
  ) );
#1122 = ORIENTED_EDGE('',*,*,#1123,.T.);
#1123 = EDGE_CURVE('',#1100,#151,#1124,.T.);
#1124 = SURFACE_CURVE('',#1125,(#1129,#1135),.PCURVE_S1.);
#1125 = LINE('',#1126,#1127);
#1126 = CARTESIAN_POINT('',(3.,-1.4,12.988608504619));
#1127 = VECTOR('',#1128,1.);
#1128 = DIRECTION('',(1.,0.,0.));
#1129 = PCURVE('',#212,#1130);
#1130 = DEFINITIONAL_REPRESENTATION('',(#1131),#1134);
#1131 = B_SPLINE_CURVE_WITH_KNOTS('',1,(#1132,#1133),.UNSPECIFIED.,.F.,
  .F.,(2,2),(13.6,15.0000006),.PIECEWISE_BEZIER_KNOTS.);
#1132 = CARTESIAN_POINT('',(5.611607130562,13.6));
#1133 = CARTESIAN_POINT('',(5.611607130562,15.0000006));
#1134 = ( GEOMETRIC_REPRESENTATION_CONTEXT(2) 
PARAMETRIC_REPRESENTATION_CONTEXT() REPRESENTATION_CONTEXT('2D SPACE',''
  ) );
#1135 = PCURVE('',#262,#1136);
#1136 = DEFINITIONAL_REPRESENTATION('',(#1137),#1140);
#1137 = B_SPLINE_CURVE_WITH_KNOTS('',1,(#1138,#1139),.UNSPECIFIED.,.F.,
  .F.,(2,2),(13.6,15.0000006),.PIECEWISE_BEZIER_KNOTS.);
#1138 = CARTESIAN_POINT('',(4.238608504619,-0.15));
#1139 = CARTESIAN_POINT('',(4.238608504619,1.2500006));
#1140 = ( GEOMETRIC_REPRESENTATION_CONTEXT(2) 
PARAMETRIC_REPRESENTATION_CONTEXT() REPRESENTATION_CONTEXT('2D SPACE',''
  ) );
#1141 = ORIENTED_EDGE('',*,*,#148,.F.);
#1142 = ORIENTED_EDGE('',*,*,#1143,.F.);
#1143 = EDGE_CURVE('',#1144,#149,#1146,.T.);
#1144 = VERTEX_POINT('',#1145);
#1145 = CARTESIAN_POINT('',(16.75,-1.4,16.511391495381));
#1146 = SURFACE_CURVE('',#1147,(#1151,#1157),.PCURVE_S1.);
#1147 = LINE('',#1148,#1149);
#1148 = CARTESIAN_POINT('',(3.,-1.4,16.511391495381));
#1149 = VECTOR('',#1150,1.);
#1150 = DIRECTION('',(1.,0.,0.));
#1151 = PCURVE('',#212,#1152);
#1152 = DEFINITIONAL_REPRESENTATION('',(#1153),#1156);
#1153 = B_SPLINE_CURVE_WITH_KNOTS('',1,(#1154,#1155),.UNSPECIFIED.,.F.,
  .F.,(2,2),(13.6,15.0000006),.PIECEWISE_BEZIER_KNOTS.);
#1154 = CARTESIAN_POINT('',(3.813170830208,13.6));
#1155 = CARTESIAN_POINT('',(3.813170830208,15.0000006));
#1156 = ( GEOMETRIC_REPRESENTATION_CONTEXT(2) 
PARAMETRIC_REPRESENTATION_CONTEXT() REPRESENTATION_CONTEXT('2D SPACE',''
  ) );
#1157 = PCURVE('',#262,#1158);
#1158 = DEFINITIONAL_REPRESENTATION('',(#1159),#1162);
#1159 = B_SPLINE_CURVE_WITH_KNOTS('',1,(#1160,#1161),.UNSPECIFIED.,.F.,
  .F.,(2,2),(13.6,15.0000006),.PIECEWISE_BEZIER_KNOTS.);
#1160 = CARTESIAN_POINT('',(7.761391495381,-0.15));
#1161 = CARTESIAN_POINT('',(7.761391495381,1.2500006));
#1162 = ( GEOMETRIC_REPRESENTATION_CONTEXT(2) 
PARAMETRIC_REPRESENTATION_CONTEXT() REPRESENTATION_CONTEXT('2D SPACE',''
  ) );
#1163 = ORIENTED_EDGE('',*,*,#1164,.F.);
#1164 = EDGE_CURVE('',#1165,#1144,#1167,.T.);
#1165 = VERTEX_POINT('',#1166);
#1166 = CARTESIAN_POINT('',(16.75,1.4,16.511391495381));
#1167 = SURFACE_CURVE('',#1168,(#1173,#1180),.PCURVE_S1.);
#1168 = CIRCLE('',#1169,2.25);
#1169 = AXIS2_PLACEMENT_3D('',#1170,#1171,#1172);
#1170 = CARTESIAN_POINT('',(16.75,0.,14.75));
#1171 = DIRECTION('',(1.,0.,0.));
#1172 = DIRECTION('',(0.,0.,-1.));
#1173 = PCURVE('',#212,#1174);
#1174 = DEFINITIONAL_REPRESENTATION('',(#1175),#1179);
#1175 = LINE('',#1176,#1177);
#1176 = CARTESIAN_POINT('',(0.,13.75));
#1177 = VECTOR('',#1178,1.);
#1178 = DIRECTION('',(1.,0.));
#1179 = ( GEOMETRIC_REPRESENTATION_CONTEXT(2) 
PARAMETRIC_REPRESENTATION_CONTEXT() REPRESENTATION_CONTEXT('2D SPACE',''
  ) );
#1180 = PCURVE('',#827,#1181);
#1181 = DEFINITIONAL_REPRESENTATION('',(#1182),#1186);
#1182 = CIRCLE('',#1183,2.25);
#1183 = AXIS2_PLACEMENT_2D('',#1184,#1185);
#1184 = CARTESIAN_POINT('',(6.,-1.4));
#1185 = DIRECTION('',(-1.,0.));
#1186 = ( GEOMETRIC_REPRESENTATION_CONTEXT(2) 
PARAMETRIC_REPRESENTATION_CONTEXT() REPRESENTATION_CONTEXT('2D SPACE',''
  ) );
#1187 = ORIENTED_EDGE('',*,*,#1188,.T.);
#1188 = EDGE_CURVE('',#1165,#350,#1189,.T.);
#1189 = SURFACE_CURVE('',#1190,(#1194,#1200),.PCURVE_S1.);
#1190 = LINE('',#1191,#1192);
#1191 = CARTESIAN_POINT('',(3.,1.4,16.511391495381));
#1192 = VECTOR('',#1193,1.);
#1193 = DIRECTION('',(1.,0.,0.));
#1194 = PCURVE('',#212,#1195);
#1195 = DEFINITIONAL_REPRESENTATION('',(#1196),#1199);
#1196 = B_SPLINE_CURVE_WITH_KNOTS('',1,(#1197,#1198),.UNSPECIFIED.,.F.,
  .F.,(2,2),(13.6,15.0000006),.PIECEWISE_BEZIER_KNOTS.);
#1197 = CARTESIAN_POINT('',(2.470014476972,13.6));
#1198 = CARTESIAN_POINT('',(2.470014476972,15.0000006));
#1199 = ( GEOMETRIC_REPRESENTATION_CONTEXT(2) 
PARAMETRIC_REPRESENTATION_CONTEXT() REPRESENTATION_CONTEXT('2D SPACE',''
  ) );
#1200 = PCURVE('',#364,#1201);
#1201 = DEFINITIONAL_REPRESENTATION('',(#1202),#1205);
#1202 = B_SPLINE_CURVE_WITH_KNOTS('',1,(#1203,#1204),.UNSPECIFIED.,.F.,
  .F.,(2,2),(13.6,15.0000006),.PIECEWISE_BEZIER_KNOTS.);
#1203 = CARTESIAN_POINT('',(7.761391495381,-0.15));
#1204 = CARTESIAN_POINT('',(7.761391495381,1.2500006));
#1205 = ( GEOMETRIC_REPRESENTATION_CONTEXT(2) 
PARAMETRIC_REPRESENTATION_CONTEXT() REPRESENTATION_CONTEXT('2D SPACE',''
  ) );
#1206 = ADVANCED_FACE('',(#1207),#262,.F.);
#1207 = FACE_BOUND('',#1208,.F.);
#1208 = EDGE_LOOP('',(#1209,#1232,#1233,#1234,#1255,#1256,#1257,#1280));
#1209 = ORIENTED_EDGE('',*,*,#1210,.F.);
#1210 = EDGE_CURVE('',#569,#1211,#1213,.T.);
#1211 = VERTEX_POINT('',#1212);
#1212 = CARTESIAN_POINT('',(18.25,-1.4,8.75));
#1213 = SURFACE_CURVE('',#1214,(#1218,#1225),.PCURVE_S1.);
#1214 = LINE('',#1215,#1216);
#1215 = CARTESIAN_POINT('',(16.75,-1.4,8.75));
#1216 = VECTOR('',#1217,1.);
#1217 = DIRECTION('',(1.,0.,-0.));
#1218 = PCURVE('',#262,#1219);
#1219 = DEFINITIONAL_REPRESENTATION('',(#1220),#1224);
#1220 = LINE('',#1221,#1222);
#1221 = CARTESIAN_POINT('',(0.,0.));
#1222 = VECTOR('',#1223,1.);
#1223 = DIRECTION('',(0.,1.));
#1224 = ( GEOMETRIC_REPRESENTATION_CONTEXT(2) 
PARAMETRIC_REPRESENTATION_CONTEXT() REPRESENTATION_CONTEXT('2D SPACE',''
  ) );
#1225 = PCURVE('',#505,#1226);
#1226 = DEFINITIONAL_REPRESENTATION('',(#1227),#1231);
#1227 = LINE('',#1228,#1229);
#1228 = CARTESIAN_POINT('',(0.,0.));
#1229 = VECTOR('',#1230,1.);
#1230 = DIRECTION('',(1.,0.));
#1231 = ( GEOMETRIC_REPRESENTATION_CONTEXT(2) 
PARAMETRIC_REPRESENTATION_CONTEXT() REPRESENTATION_CONTEXT('2D SPACE',''
  ) );
#1232 = ORIENTED_EDGE('',*,*,#592,.T.);
#1233 = ORIENTED_EDGE('',*,*,#1123,.F.);
#1234 = ORIENTED_EDGE('',*,*,#1235,.T.);
#1235 = EDGE_CURVE('',#1100,#1144,#1236,.T.);
#1236 = SURFACE_CURVE('',#1237,(#1241,#1248),.PCURVE_S1.);
#1237 = LINE('',#1238,#1239);
#1238 = CARTESIAN_POINT('',(16.75,-1.4,8.75));
#1239 = VECTOR('',#1240,1.);
#1240 = DIRECTION('',(0.,0.,1.));
#1241 = PCURVE('',#262,#1242);
#1242 = DEFINITIONAL_REPRESENTATION('',(#1243),#1247);
#1243 = LINE('',#1244,#1245);
#1244 = CARTESIAN_POINT('',(0.,0.));
#1245 = VECTOR('',#1246,1.);
#1246 = DIRECTION('',(1.,0.));
#1247 = ( GEOMETRIC_REPRESENTATION_CONTEXT(2) 
PARAMETRIC_REPRESENTATION_CONTEXT() REPRESENTATION_CONTEXT('2D SPACE',''
  ) );
#1248 = PCURVE('',#827,#1249);
#1249 = DEFINITIONAL_REPRESENTATION('',(#1250),#1254);
#1250 = LINE('',#1251,#1252);
#1251 = CARTESIAN_POINT('',(0.,0.));
#1252 = VECTOR('',#1253,1.);
#1253 = DIRECTION('',(1.,0.));
#1254 = ( GEOMETRIC_REPRESENTATION_CONTEXT(2) 
PARAMETRIC_REPRESENTATION_CONTEXT() REPRESENTATION_CONTEXT('2D SPACE',''
  ) );
#1255 = ORIENTED_EDGE('',*,*,#1143,.T.);
#1256 = ORIENTED_EDGE('',*,*,#247,.T.);
#1257 = ORIENTED_EDGE('',*,*,#1258,.T.);
#1258 = EDGE_CURVE('',#248,#1259,#1261,.T.);
#1259 = VERTEX_POINT('',#1260);
#1260 = CARTESIAN_POINT('',(18.25,-1.4,20.75));
#1261 = SURFACE_CURVE('',#1262,(#1266,#1273),.PCURVE_S1.);
#1262 = LINE('',#1263,#1264);
#1263 = CARTESIAN_POINT('',(16.75,-1.4,20.75));
#1264 = VECTOR('',#1265,1.);
#1265 = DIRECTION('',(1.,0.,-0.));
#1266 = PCURVE('',#262,#1267);
#1267 = DEFINITIONAL_REPRESENTATION('',(#1268),#1272);
#1268 = LINE('',#1269,#1270);
#1269 = CARTESIAN_POINT('',(12.,0.));
#1270 = VECTOR('',#1271,1.);
#1271 = DIRECTION('',(0.,1.));
#1272 = ( GEOMETRIC_REPRESENTATION_CONTEXT(2) 
PARAMETRIC_REPRESENTATION_CONTEXT() REPRESENTATION_CONTEXT('2D SPACE',''
  ) );
#1273 = PCURVE('',#290,#1274);
#1274 = DEFINITIONAL_REPRESENTATION('',(#1275),#1279);
#1275 = LINE('',#1276,#1277);
#1276 = CARTESIAN_POINT('',(0.,0.));
#1277 = VECTOR('',#1278,1.);
#1278 = DIRECTION('',(1.,0.));
#1279 = ( GEOMETRIC_REPRESENTATION_CONTEXT(2) 
PARAMETRIC_REPRESENTATION_CONTEXT() REPRESENTATION_CONTEXT('2D SPACE',''
  ) );
#1280 = ORIENTED_EDGE('',*,*,#1281,.F.);
#1281 = EDGE_CURVE('',#1211,#1259,#1282,.T.);
#1282 = SURFACE_CURVE('',#1283,(#1287,#1294),.PCURVE_S1.);
#1283 = LINE('',#1284,#1285);
#1284 = CARTESIAN_POINT('',(18.25,-1.4,8.75));
#1285 = VECTOR('',#1286,1.);
#1286 = DIRECTION('',(0.,0.,1.));
#1287 = PCURVE('',#262,#1288);
#1288 = DEFINITIONAL_REPRESENTATION('',(#1289),#1293);
#1289 = LINE('',#1290,#1291);
#1290 = CARTESIAN_POINT('',(0.,1.5));
#1291 = VECTOR('',#1292,1.);
#1292 = DIRECTION('',(1.,0.));
#1293 = ( GEOMETRIC_REPRESENTATION_CONTEXT(2) 
PARAMETRIC_REPRESENTATION_CONTEXT() REPRESENTATION_CONTEXT('2D SPACE',''
  ) );
#1294 = PCURVE('',#1295,#1300);
#1295 = PLANE('',#1296);
#1296 = AXIS2_PLACEMENT_3D('',#1297,#1298,#1299);
#1297 = CARTESIAN_POINT('',(18.25,-1.4,8.75));
#1298 = DIRECTION('',(1.,0.,-0.));
#1299 = DIRECTION('',(0.,0.,1.));
#1300 = DEFINITIONAL_REPRESENTATION('',(#1301),#1305);
#1301 = LINE('',#1302,#1303);
#1302 = CARTESIAN_POINT('',(0.,0.));
#1303 = VECTOR('',#1304,1.);
#1304 = DIRECTION('',(1.,0.));
#1305 = ( GEOMETRIC_REPRESENTATION_CONTEXT(2) 
PARAMETRIC_REPRESENTATION_CONTEXT() REPRESENTATION_CONTEXT('2D SPACE',''
  ) );
#1306 = ADVANCED_FACE('',(#1307),#505,.F.);
#1307 = FACE_BOUND('',#1308,.F.);
#1308 = EDGE_LOOP('',(#1309,#1332,#1333,#1334,#1335));
#1309 = ORIENTED_EDGE('',*,*,#1310,.F.);
#1310 = EDGE_CURVE('',#468,#1311,#1313,.T.);
#1311 = VERTEX_POINT('',#1312);
#1312 = CARTESIAN_POINT('',(18.25,1.4,8.75));
#1313 = SURFACE_CURVE('',#1314,(#1318,#1325),.PCURVE_S1.);
#1314 = LINE('',#1315,#1316);
#1315 = CARTESIAN_POINT('',(16.75,1.4,8.75));
#1316 = VECTOR('',#1317,1.);
#1317 = DIRECTION('',(1.,0.,-0.));
#1318 = PCURVE('',#505,#1319);
#1319 = DEFINITIONAL_REPRESENTATION('',(#1320),#1324);
#1320 = LINE('',#1321,#1322);
#1321 = CARTESIAN_POINT('',(0.,2.8));
#1322 = VECTOR('',#1323,1.);
#1323 = DIRECTION('',(1.,0.));
#1324 = ( GEOMETRIC_REPRESENTATION_CONTEXT(2) 
PARAMETRIC_REPRESENTATION_CONTEXT() REPRESENTATION_CONTEXT('2D SPACE',''
  ) );
#1325 = PCURVE('',#364,#1326);
#1326 = DEFINITIONAL_REPRESENTATION('',(#1327),#1331);
#1327 = LINE('',#1328,#1329);
#1328 = CARTESIAN_POINT('',(0.,0.));
#1329 = VECTOR('',#1330,1.);
#1330 = DIRECTION('',(0.,1.));
#1331 = ( GEOMETRIC_REPRESENTATION_CONTEXT(2) 
PARAMETRIC_REPRESENTATION_CONTEXT() REPRESENTATION_CONTEXT('2D SPACE',''
  ) );
#1332 = ORIENTED_EDGE('',*,*,#488,.F.);
#1333 = ORIENTED_EDGE('',*,*,#568,.F.);
#1334 = ORIENTED_EDGE('',*,*,#1210,.T.);
#1335 = ORIENTED_EDGE('',*,*,#1336,.T.);
#1336 = EDGE_CURVE('',#1211,#1311,#1337,.T.);
#1337 = SURFACE_CURVE('',#1338,(#1342,#1349),.PCURVE_S1.);
#1338 = LINE('',#1339,#1340);
#1339 = CARTESIAN_POINT('',(18.25,-1.4,8.75));
#1340 = VECTOR('',#1341,1.);
#1341 = DIRECTION('',(-0.,1.,0.));
#1342 = PCURVE('',#505,#1343);
#1343 = DEFINITIONAL_REPRESENTATION('',(#1344),#1348);
#1344 = LINE('',#1345,#1346);
#1345 = CARTESIAN_POINT('',(1.5,0.));
#1346 = VECTOR('',#1347,1.);
#1347 = DIRECTION('',(0.,1.));
#1348 = ( GEOMETRIC_REPRESENTATION_CONTEXT(2) 
PARAMETRIC_REPRESENTATION_CONTEXT() REPRESENTATION_CONTEXT('2D SPACE',''
  ) );
#1349 = PCURVE('',#1295,#1350);
#1350 = DEFINITIONAL_REPRESENTATION('',(#1351),#1355);
#1351 = LINE('',#1352,#1353);
#1352 = CARTESIAN_POINT('',(0.,0.));
#1353 = VECTOR('',#1354,1.);
#1354 = DIRECTION('',(0.,-1.));
#1355 = ( GEOMETRIC_REPRESENTATION_CONTEXT(2) 
PARAMETRIC_REPRESENTATION_CONTEXT() REPRESENTATION_CONTEXT('2D SPACE',''
  ) );
#1356 = ADVANCED_FACE('',(#1357,#1360),#555,.F.);
#1357 = FACE_BOUND('',#1358,.F.);
#1358 = EDGE_LOOP('',(#1359));
#1359 = ORIENTED_EDGE('',*,*,#540,.T.);
#1360 = FACE_BOUND('',#1361,.F.);
#1361 = EDGE_LOOP('',(#1362));
#1362 = ORIENTED_EDGE('',*,*,#1363,.F.);
#1363 = EDGE_CURVE('',#1364,#1364,#1366,.T.);
#1364 = VERTEX_POINT('',#1365);
#1365 = CARTESIAN_POINT('',(7.,-1.714505518806E-15,6.));
#1366 = SURFACE_CURVE('',#1367,(#1372,#1379),.PCURVE_S1.);
#1367 = CIRCLE('',#1368,7.);
#1368 = AXIS2_PLACEMENT_3D('',#1369,#1370,#1371);
#1369 = CARTESIAN_POINT('',(0.,0.,6.));
#1370 = DIRECTION('',(0.,0.,1.));
#1371 = DIRECTION('',(1.,0.,-0.));
#1372 = PCURVE('',#555,#1373);
#1373 = DEFINITIONAL_REPRESENTATION('',(#1374),#1378);
#1374 = CIRCLE('',#1375,7.);
#1375 = AXIS2_PLACEMENT_2D('',#1376,#1377);
#1376 = CARTESIAN_POINT('',(0.,0.));
#1377 = DIRECTION('',(1.,0.));
#1378 = ( GEOMETRIC_REPRESENTATION_CONTEXT(2) 
PARAMETRIC_REPRESENTATION_CONTEXT() REPRESENTATION_CONTEXT('2D SPACE',''
  ) );
#1379 = PCURVE('',#918,#1380);
#1380 = DEFINITIONAL_REPRESENTATION('',(#1381),#1385);
#1381 = LINE('',#1382,#1383);
#1382 = CARTESIAN_POINT('',(0.,9.75));
#1383 = VECTOR('',#1384,1.);
#1384 = DIRECTION('',(1.,0.));
#1385 = ( GEOMETRIC_REPRESENTATION_CONTEXT(2) 
PARAMETRIC_REPRESENTATION_CONTEXT() REPRESENTATION_CONTEXT('2D SPACE',''
  ) );
#1386 = ADVANCED_FACE('',(#1387),#364,.T.);
#1387 = FACE_BOUND('',#1388,.T.);
#1388 = EDGE_LOOP('',(#1389,#1390,#1391,#1392,#1413,#1414,#1415,#1438));
#1389 = ORIENTED_EDGE('',*,*,#1310,.F.);
#1390 = ORIENTED_EDGE('',*,*,#467,.T.);
#1391 = ORIENTED_EDGE('',*,*,#789,.F.);
#1392 = ORIENTED_EDGE('',*,*,#1393,.T.);
#1393 = EDGE_CURVE('',#790,#1165,#1394,.T.);
#1394 = SURFACE_CURVE('',#1395,(#1399,#1406),.PCURVE_S1.);
#1395 = LINE('',#1396,#1397);
#1396 = CARTESIAN_POINT('',(16.75,1.4,8.75));
#1397 = VECTOR('',#1398,1.);
#1398 = DIRECTION('',(0.,0.,1.));
#1399 = PCURVE('',#364,#1400);
#1400 = DEFINITIONAL_REPRESENTATION('',(#1401),#1405);
#1401 = LINE('',#1402,#1403);
#1402 = CARTESIAN_POINT('',(0.,0.));
#1403 = VECTOR('',#1404,1.);
#1404 = DIRECTION('',(1.,0.));
#1405 = ( GEOMETRIC_REPRESENTATION_CONTEXT(2) 
PARAMETRIC_REPRESENTATION_CONTEXT() REPRESENTATION_CONTEXT('2D SPACE',''
  ) );
#1406 = PCURVE('',#827,#1407);
#1407 = DEFINITIONAL_REPRESENTATION('',(#1408),#1412);
#1408 = LINE('',#1409,#1410);
#1409 = CARTESIAN_POINT('',(0.,-2.8));
#1410 = VECTOR('',#1411,1.);
#1411 = DIRECTION('',(1.,0.));
#1412 = ( GEOMETRIC_REPRESENTATION_CONTEXT(2) 
PARAMETRIC_REPRESENTATION_CONTEXT() REPRESENTATION_CONTEXT('2D SPACE',''
  ) );
#1413 = ORIENTED_EDGE('',*,*,#1188,.T.);
#1414 = ORIENTED_EDGE('',*,*,#349,.T.);
#1415 = ORIENTED_EDGE('',*,*,#1416,.T.);
#1416 = EDGE_CURVE('',#326,#1417,#1419,.T.);
#1417 = VERTEX_POINT('',#1418);
#1418 = CARTESIAN_POINT('',(18.25,1.4,20.75));
#1419 = SURFACE_CURVE('',#1420,(#1424,#1431),.PCURVE_S1.);
#1420 = LINE('',#1421,#1422);
#1421 = CARTESIAN_POINT('',(16.75,1.4,20.75));
#1422 = VECTOR('',#1423,1.);
#1423 = DIRECTION('',(1.,0.,-0.));
#1424 = PCURVE('',#364,#1425);
#1425 = DEFINITIONAL_REPRESENTATION('',(#1426),#1430);
#1426 = LINE('',#1427,#1428);
#1427 = CARTESIAN_POINT('',(12.,0.));
#1428 = VECTOR('',#1429,1.);
#1429 = DIRECTION('',(0.,1.));
#1430 = ( GEOMETRIC_REPRESENTATION_CONTEXT(2) 
PARAMETRIC_REPRESENTATION_CONTEXT() REPRESENTATION_CONTEXT('2D SPACE',''
  ) );
#1431 = PCURVE('',#290,#1432);
#1432 = DEFINITIONAL_REPRESENTATION('',(#1433),#1437);
#1433 = LINE('',#1434,#1435);
#1434 = CARTESIAN_POINT('',(0.,2.8));
#1435 = VECTOR('',#1436,1.);
#1436 = DIRECTION('',(1.,0.));
#1437 = ( GEOMETRIC_REPRESENTATION_CONTEXT(2) 
PARAMETRIC_REPRESENTATION_CONTEXT() REPRESENTATION_CONTEXT('2D SPACE',''
  ) );
#1438 = ORIENTED_EDGE('',*,*,#1439,.F.);
#1439 = EDGE_CURVE('',#1311,#1417,#1440,.T.);
#1440 = SURFACE_CURVE('',#1441,(#1445,#1452),.PCURVE_S1.);
#1441 = LINE('',#1442,#1443);
#1442 = CARTESIAN_POINT('',(18.25,1.4,8.75));
#1443 = VECTOR('',#1444,1.);
#1444 = DIRECTION('',(0.,0.,1.));
#1445 = PCURVE('',#364,#1446);
#1446 = DEFINITIONAL_REPRESENTATION('',(#1447),#1451);
#1447 = LINE('',#1448,#1449);
#1448 = CARTESIAN_POINT('',(0.,1.5));
#1449 = VECTOR('',#1450,1.);
#1450 = DIRECTION('',(1.,0.));
#1451 = ( GEOMETRIC_REPRESENTATION_CONTEXT(2) 
PARAMETRIC_REPRESENTATION_CONTEXT() REPRESENTATION_CONTEXT('2D SPACE',''
  ) );
#1452 = PCURVE('',#1295,#1453);
#1453 = DEFINITIONAL_REPRESENTATION('',(#1454),#1458);
#1454 = LINE('',#1455,#1456);
#1455 = CARTESIAN_POINT('',(0.,-2.8));
#1456 = VECTOR('',#1457,1.);
#1457 = DIRECTION('',(1.,0.));
#1458 = ( GEOMETRIC_REPRESENTATION_CONTEXT(2) 
PARAMETRIC_REPRESENTATION_CONTEXT() REPRESENTATION_CONTEXT('2D SPACE',''
  ) );
#1459 = ADVANCED_FACE('',(#1460),#290,.T.);
#1460 = FACE_BOUND('',#1461,.T.);
#1461 = EDGE_LOOP('',(#1462,#1463,#1464,#1465,#1466));
#1462 = ORIENTED_EDGE('',*,*,#1416,.F.);
#1463 = ORIENTED_EDGE('',*,*,#325,.F.);
#1464 = ORIENTED_EDGE('',*,*,#273,.F.);
#1465 = ORIENTED_EDGE('',*,*,#1258,.T.);
#1466 = ORIENTED_EDGE('',*,*,#1467,.T.);
#1467 = EDGE_CURVE('',#1259,#1417,#1468,.T.);
#1468 = SURFACE_CURVE('',#1469,(#1473,#1480),.PCURVE_S1.);
#1469 = LINE('',#1470,#1471);
#1470 = CARTESIAN_POINT('',(18.25,-1.4,20.75));
#1471 = VECTOR('',#1472,1.);
#1472 = DIRECTION('',(-0.,1.,0.));
#1473 = PCURVE('',#290,#1474);
#1474 = DEFINITIONAL_REPRESENTATION('',(#1475),#1479);
#1475 = LINE('',#1476,#1477);
#1476 = CARTESIAN_POINT('',(1.5,0.));
#1477 = VECTOR('',#1478,1.);
#1478 = DIRECTION('',(0.,1.));
#1479 = ( GEOMETRIC_REPRESENTATION_CONTEXT(2) 
PARAMETRIC_REPRESENTATION_CONTEXT() REPRESENTATION_CONTEXT('2D SPACE',''
  ) );
#1480 = PCURVE('',#1295,#1481);
#1481 = DEFINITIONAL_REPRESENTATION('',(#1482),#1486);
#1482 = LINE('',#1483,#1484);
#1483 = CARTESIAN_POINT('',(12.,0.));
#1484 = VECTOR('',#1485,1.);
#1485 = DIRECTION('',(0.,-1.));
#1486 = ( GEOMETRIC_REPRESENTATION_CONTEXT(2) 
PARAMETRIC_REPRESENTATION_CONTEXT() REPRESENTATION_CONTEXT('2D SPACE',''
  ) );
#1487 = ADVANCED_FACE('',(#1488),#725,.F.);
#1488 = FACE_BOUND('',#1489,.F.);
#1489 = EDGE_LOOP('',(#1490,#1521,#1542,#1574,#1595,#1596,#1597,#1722));
#1490 = ORIENTED_EDGE('',*,*,#1491,.F.);
#1491 = EDGE_CURVE('',#1492,#1494,#1496,.T.);
#1492 = VERTEX_POINT('',#1493);
#1493 = CARTESIAN_POINT('',(2.015564437075,3.,15.75));
#1494 = VERTEX_POINT('',#1495);
#1495 = CARTESIAN_POINT('',(-2.015564437075,3.,15.75));
#1496 = SURFACE_CURVE('',#1497,(#1502,#1509),.PCURVE_S1.);
#1497 = CIRCLE('',#1498,2.25);
#1498 = AXIS2_PLACEMENT_3D('',#1499,#1500,#1501);
#1499 = CARTESIAN_POINT('',(0.,3.,14.75));
#1500 = DIRECTION('',(0.,-1.,0.));
#1501 = DIRECTION('',(1.,0.,0.));
#1502 = PCURVE('',#725,#1503);
#1503 = DEFINITIONAL_REPRESENTATION('',(#1504),#1508);
#1504 = LINE('',#1505,#1506);
#1505 = CARTESIAN_POINT('',(0.,16.));
#1506 = VECTOR('',#1507,1.);
#1507 = DIRECTION('',(1.,0.));
#1508 = ( GEOMETRIC_REPRESENTATION_CONTEXT(2) 
PARAMETRIC_REPRESENTATION_CONTEXT() REPRESENTATION_CONTEXT('2D SPACE',''
  ) );
#1509 = PCURVE('',#1510,#1515);
#1510 = PLANE('',#1511);
#1511 = AXIS2_PLACEMENT_3D('',#1512,#1513,#1514);
#1512 = CARTESIAN_POINT('',(0.,3.,14.75));
#1513 = DIRECTION('',(0.,-1.,0.));
#1514 = DIRECTION('',(1.,0.,0.));
#1515 = DEFINITIONAL_REPRESENTATION('',(#1516),#1520);
#1516 = CIRCLE('',#1517,2.25);
#1517 = AXIS2_PLACEMENT_2D('',#1518,#1519);
#1518 = CARTESIAN_POINT('',(0.,0.));
#1519 = DIRECTION('',(1.,0.));
#1520 = ( GEOMETRIC_REPRESENTATION_CONTEXT(2) 
PARAMETRIC_REPRESENTATION_CONTEXT() REPRESENTATION_CONTEXT('2D SPACE',''
  ) );
#1521 = ORIENTED_EDGE('',*,*,#1522,.F.);
#1522 = EDGE_CURVE('',#1523,#1492,#1525,.T.);
#1523 = VERTEX_POINT('',#1524);
#1524 = CARTESIAN_POINT('',(2.015564437075,6.703543838896,15.75));
#1525 = SURFACE_CURVE('',#1526,(#1530,#1536),.PCURVE_S1.);
#1526 = LINE('',#1527,#1528);
#1527 = CARTESIAN_POINT('',(2.015564437075,19.,15.75));
#1528 = VECTOR('',#1529,1.);
#1529 = DIRECTION('',(0.,-1.,0.));
#1530 = PCURVE('',#725,#1531);
#1531 = DEFINITIONAL_REPRESENTATION('',(#1532),#1535);
#1532 = B_SPLINE_CURVE_WITH_KNOTS('',1,(#1533,#1534),.UNSPECIFIED.,.F.,
  .F.,(2,2),(10.6,16.0000006),.PIECEWISE_BEZIER_KNOTS.);
#1533 = CARTESIAN_POINT('',(0.460553991681,10.6));
#1534 = CARTESIAN_POINT('',(0.460553991681,16.0000006));
#1535 = ( GEOMETRIC_REPRESENTATION_CONTEXT(2) 
PARAMETRIC_REPRESENTATION_CONTEXT() REPRESENTATION_CONTEXT('2D SPACE',''
  ) );
#1536 = PCURVE('',#965,#1537);
#1537 = DEFINITIONAL_REPRESENTATION('',(#1538),#1541);
#1538 = B_SPLINE_CURVE_WITH_KNOTS('',1,(#1539,#1540),.UNSPECIFIED.,.F.,
  .F.,(2,2),(10.6,16.0000006),.PIECEWISE_BEZIER_KNOTS.);
#1539 = CARTESIAN_POINT('',(2.015564437075,8.4));
#1540 = CARTESIAN_POINT('',(2.015564437075,2.9999994));
#1541 = ( GEOMETRIC_REPRESENTATION_CONTEXT(2) 
PARAMETRIC_REPRESENTATION_CONTEXT() REPRESENTATION_CONTEXT('2D SPACE',''
  ) );
#1542 = ORIENTED_EDGE('',*,*,#1543,.F.);
#1543 = EDGE_CURVE('',#1544,#1523,#1546,.T.);
#1544 = VERTEX_POINT('',#1545);
#1545 = CARTESIAN_POINT('',(2.25,6.628536791781,14.75));
#1546 = SURFACE_CURVE('',#1547,(#1554,#1564),.PCURVE_S1.);
#1547 = B_SPLINE_CURVE_WITH_KNOTS('',5,(#1548,#1549,#1550,#1551,#1552,
    #1553),.UNSPECIFIED.,.F.,.F.,(6,6),(0.,1.),
  .PIECEWISE_BEZIER_KNOTS.);
#1548 = CARTESIAN_POINT('',(2.25,6.628536791781,14.75));
#1549 = CARTESIAN_POINT('',(2.25,6.628536791781,14.954774789791));
#1550 = CARTESIAN_POINT('',(2.226704021433,6.636444776032,
    15.159451251524));
#1551 = CARTESIAN_POINT('',(2.18015727861,6.652243019229,15.361834430136
    ));
#1552 = CARTESIAN_POINT('',(2.109986732402,6.675153752331,
    15.559685921767));
#1553 = CARTESIAN_POINT('',(2.015564139391,6.703543928401,15.7500006));
#1554 = PCURVE('',#725,#1555);
#1555 = DEFINITIONAL_REPRESENTATION('',(#1556),#1563);
#1556 = B_SPLINE_CURVE_WITH_KNOTS('',5,(#1557,#1558,#1559,#1560,#1561,
    #1562),.UNSPECIFIED.,.F.,.F.,(6,6),(0.,1.),
  .PIECEWISE_BEZIER_KNOTS.);
#1557 = CARTESIAN_POINT('',(0.,12.371463208219));
#1558 = CARTESIAN_POINT('',(9.101101768505E-02,12.371463208219));
#1559 = CARTESIAN_POINT('',(0.181977803765,12.363555223968));
#1560 = CARTESIAN_POINT('',(0.27349831568,12.347756980771));
#1561 = CARTESIAN_POINT('',(0.366131753007,12.324846247669));
#1562 = CARTESIAN_POINT('',(0.460554289365,12.296456071599));
#1563 = ( GEOMETRIC_REPRESENTATION_CONTEXT(2) 
PARAMETRIC_REPRESENTATION_CONTEXT() REPRESENTATION_CONTEXT('2D SPACE',''
  ) );
#1564 = PCURVE('',#918,#1565);
#1565 = DEFINITIONAL_REPRESENTATION('',(#1566),#1573);
#1566 = B_SPLINE_CURVE_WITH_KNOTS('',5,(#1567,#1568,#1569,#1570,#1571,
    #1572),.UNSPECIFIED.,.F.,.F.,(6,6),(0.,1.),
  .PIECEWISE_BEZIER_KNOTS.);
#1567 = CARTESIAN_POINT('',(1.243558596436,18.5));
#1568 = CARTESIAN_POINT('',(1.243558596436,18.704774789791));
#1569 = CARTESIAN_POINT('',(1.24707293909,18.909451251524));
#1570 = CARTESIAN_POINT('',(1.254095783969,19.111834430136));
#1571 = CARTESIAN_POINT('',(1.264638181435,19.309685921767));
#1572 = CARTESIAN_POINT('',(1.278723655331,19.5000006));
#1573 = ( GEOMETRIC_REPRESENTATION_CONTEXT(2) 
PARAMETRIC_REPRESENTATION_CONTEXT() REPRESENTATION_CONTEXT('2D SPACE',''
  ) );
#1574 = ORIENTED_EDGE('',*,*,#1575,.F.);
#1575 = EDGE_CURVE('',#614,#1544,#1576,.T.);
#1576 = SEAM_CURVE('',#1577,(#1581,#1588),.PCURVE_S1.);
#1577 = LINE('',#1578,#1579);
#1578 = CARTESIAN_POINT('',(2.25,19.,14.75));
#1579 = VECTOR('',#1580,1.);
#1580 = DIRECTION('',(0.,-1.,0.));
#1581 = PCURVE('',#725,#1582);
#1582 = DEFINITIONAL_REPRESENTATION('',(#1583),#1587);
#1583 = LINE('',#1584,#1585);
#1584 = CARTESIAN_POINT('',(6.28318530718,-0.));
#1585 = VECTOR('',#1586,1.);
#1586 = DIRECTION('',(0.,1.));
#1587 = ( GEOMETRIC_REPRESENTATION_CONTEXT(2) 
PARAMETRIC_REPRESENTATION_CONTEXT() REPRESENTATION_CONTEXT('2D SPACE',''
  ) );
#1588 = PCURVE('',#725,#1589);
#1589 = DEFINITIONAL_REPRESENTATION('',(#1590),#1594);
#1590 = LINE('',#1591,#1592);
#1591 = CARTESIAN_POINT('',(0.,-0.));
#1592 = VECTOR('',#1593,1.);
#1593 = DIRECTION('',(0.,1.));
#1594 = ( GEOMETRIC_REPRESENTATION_CONTEXT(2) 
PARAMETRIC_REPRESENTATION_CONTEXT() REPRESENTATION_CONTEXT('2D SPACE',''
  ) );
#1595 = ORIENTED_EDGE('',*,*,#613,.T.);
#1596 = ORIENTED_EDGE('',*,*,#1575,.T.);
#1597 = ORIENTED_EDGE('',*,*,#1598,.F.);
#1598 = EDGE_CURVE('',#1599,#1544,#1601,.T.);
#1599 = VERTEX_POINT('',#1600);
#1600 = CARTESIAN_POINT('',(-2.015564437075,6.703543838896,15.75));
#1601 = SURFACE_CURVE('',#1602,(#1640,#1681),.PCURVE_S1.);
#1602 = B_SPLINE_CURVE_WITH_KNOTS('',8,(#1603,#1604,#1605,#1606,#1607,
    #1608,#1609,#1610,#1611,#1612,#1613,#1614,#1615,#1616,#1617,#1618,
    #1619,#1620,#1621,#1622,#1623,#1624,#1625,#1626,#1627,#1628,#1629,
    #1630,#1631,#1632,#1633,#1634,#1635,#1636,#1637,#1638,#1639),
  .UNSPECIFIED.,.F.,.F.,(9,7,7,7,7,9),(0.,0.150713422917,0.418538317604,
    0.663212137685,0.831634557418,1.),.UNSPECIFIED.);
#1603 = CARTESIAN_POINT('',(-2.015564139391,6.703543928401,15.7500006));
#1604 = CARTESIAN_POINT('',(-2.073559964444,6.686106240745,
    15.633106364925));
#1605 = CARTESIAN_POINT('',(-2.123190257792,6.670558663841,
    15.513613322463));
#1606 = CARTESIAN_POINT('',(-2.164561811075,6.65717791259,
    15.392030706427));
#1607 = CARTESIAN_POINT('',(-2.197764377303,6.646183689225,
    15.268816433172));
#1608 = CARTESIAN_POINT('',(-2.222867940939,6.637740284582,
    15.14438899968));
#1609 = CARTESIAN_POINT('',(-2.239919987996,6.631958179367,
    15.019139381656));
#1610 = CARTESIAN_POINT('',(-2.248942776124,6.628895645426,
    14.893442931621));
#1611 = CARTESIAN_POINT('',(-2.251686022894,6.627964505851,
    14.54416908654));
#1612 = CARTESIAN_POINT('',(-2.228063913794,6.635981944085,
    14.321046261046));
#1613 = CARTESIAN_POINT('',(-2.179274891987,6.65257123534,
    14.100097413006));
#1614 = CARTESIAN_POINT('',(-2.105084242677,6.677234773379,
    13.883221533151));
#1615 = CARTESIAN_POINT('',(-2.004923430813,6.709005722877,
    13.672608826876));
#1616 = CARTESIAN_POINT('',(-1.877983584238,6.746365397644,
    13.470958876266));
#1617 = CARTESIAN_POINT('',(-1.723349283177,6.787142668773,
    13.281780113113));
#1618 = CARTESIAN_POINT('',(-1.372941637673,6.866180949915,
    12.952725431468));
#1619 = CARTESIAN_POINT('',(-1.174101038264,6.906109013472,
    12.80269628623));
#1620 = CARTESIAN_POINT('',(-0.945781054816,6.944626667115,
    12.671856097852));
#1621 = CARTESIAN_POINT('',(-0.692624754953,6.97716673433,
    12.569463672492));
#1622 = CARTESIAN_POINT('',(-0.421293229187,6.999359157921,
    12.502138200113));
#1623 = CARTESIAN_POINT('',(-0.139572221916,7.008517484422,
    12.474055170843));
#1624 = CARTESIAN_POINT('',(0.144164612622,7.004032526059,
    12.486928537227));
#1625 = CARTESIAN_POINT('',(0.612587440302,6.975768243221,
    12.576284970559));
#1626 = CARTESIAN_POINT('',(0.799924745049,6.958476814947,
    12.631567991639));
#1627 = CARTESIAN_POINT('',(0.981468656978,6.935908857853,
    12.705275882481));
#1628 = CARTESIAN_POINT('',(1.155139828325,6.908891522926,
    12.796697097991));
#1629 = CARTESIAN_POINT('',(1.31895412909,6.878560967289,12.90484595245)
  );
#1630 = CARTESIAN_POINT('',(1.471057485434,6.846292564514,
    13.028469062557));
#1631 = CARTESIAN_POINT('',(1.609772206012,6.813588129705,
    13.166047695642));
#1632 = CARTESIAN_POINT('',(1.857495477113,6.750262902189,
    13.465493690767));
#1633 = CARTESIAN_POINT('',(1.966684512483,6.71959774938,13.627559044237
    ));
#1634 = CARTESIAN_POINT('',(2.059643274381,6.691416722249,
    13.800184733485));
#1635 = CARTESIAN_POINT('',(2.135173362613,6.667166376364,
    13.981386719887));
#1636 = CARTESIAN_POINT('',(2.192412060488,6.64808431395,14.169087027032
    ));
#1637 = CARTESIAN_POINT('',(2.230789501458,6.635057689274,
    14.361173395266));
#1638 = CARTESIAN_POINT('',(2.25,6.628536791781,14.555525825764));
#1639 = CARTESIAN_POINT('',(2.25,6.628536791781,14.75));
#1640 = PCURVE('',#725,#1641);
#1641 = DEFINITIONAL_REPRESENTATION('',(#1642),#1680);
#1642 = B_SPLINE_CURVE_WITH_KNOTS('',8,(#1643,#1644,#1645,#1646,#1647,
    #1648,#1649,#1650,#1651,#1652,#1653,#1654,#1655,#1656,#1657,#1658,
    #1659,#1660,#1661,#1662,#1663,#1664,#1665,#1666,#1667,#1668,#1669,
    #1670,#1671,#1672,#1673,#1674,#1675,#1676,#1677,#1678,#1679),
  .UNSPECIFIED.,.F.,.F.,(9,7,7,7,7,9),(0.,0.150713422917,0.418538317604,
    0.663212137685,0.831634557418,1.),.UNSPECIFIED.);
#1643 = CARTESIAN_POINT('',(2.681038364225,12.296456071599));
#1644 = CARTESIAN_POINT('',(2.739034154481,12.313893759255));
#1645 = CARTESIAN_POINT('',(2.796412418024,12.329441336159));
#1646 = CARTESIAN_POINT('',(2.853287891344,12.34282208741));
#1647 = CARTESIAN_POINT('',(2.909767541066,12.353816310775));
#1648 = CARTESIAN_POINT('',(2.965953124318,12.362259715418));
#1649 = CARTESIAN_POINT('',(3.021943749109,12.368041820633));
#1650 = CARTESIAN_POINT('',(3.077838434696,12.371104354574));
#1651 = CARTESIAN_POINT('',(3.233076042625,12.372035494149));
#1652 = CARTESIAN_POINT('',(3.332155923215,12.364018055915));
#1653 = CARTESIAN_POINT('',(3.431676837148,12.34742876466));
#1654 = CARTESIAN_POINT('',(3.532251893371,12.322765226621));
#1655 = CARTESIAN_POINT('',(3.634508852117,12.290994277123));
#1656 = CARTESIAN_POINT('',(3.739105529334,12.253634602356));
#1657 = CARTESIAN_POINT('',(3.846761460372,12.212857331227));
#1658 = CARTESIAN_POINT('',(4.060401287214,12.133819050085));
#1659 = CARTESIAN_POINT('',(4.17046842507,12.093890986528));
#1660 = CARTESIAN_POINT('',(4.285863467245,12.055373332885));
#1661 = CARTESIAN_POINT('',(4.404966029632,12.02283326567));
#1662 = CARTESIAN_POINT('',(4.526743452056,12.000640842079));
#1663 = CARTESIAN_POINT('',(4.650408873649,11.991482515578));
#1664 = CARTESIAN_POINT('',(4.775352875284,11.995967473941));
#1665 = CARTESIAN_POINT('',(4.987294874184,12.024231756779));
#1666 = CARTESIAN_POINT('',(5.073684864875,12.041523185053));
#1667 = CARTESIAN_POINT('',(5.160064126649,12.064091142147));
#1668 = CARTESIAN_POINT('',(5.246444922679,12.091108477074));
#1669 = CARTESIAN_POINT('',(5.332837939354,12.121439032711));
#1670 = CARTESIAN_POINT('',(5.419246279962,12.153707435486));
#1671 = CARTESIAN_POINT('',(5.505657677038,12.186411870295));
#1672 = CARTESIAN_POINT('',(5.678382948398,12.249737097811));
#1673 = CARTESIAN_POINT('',(5.764815510388,12.28040225062));
#1674 = CARTESIAN_POINT('',(5.851247383208,12.308583277751));
#1675 = CARTESIAN_POINT('',(5.937648902467,12.332833623636));
#1676 = CARTESIAN_POINT('',(6.024017839844,12.35191568605));
#1677 = CARTESIAN_POINT('',(6.110373468243,12.364942310726));
#1678 = CARTESIAN_POINT('',(6.196752340853,12.371463208219));
#1679 = CARTESIAN_POINT('',(6.28318530718,12.371463208219));
#1680 = ( GEOMETRIC_REPRESENTATION_CONTEXT(2) 
PARAMETRIC_REPRESENTATION_CONTEXT() REPRESENTATION_CONTEXT('2D SPACE',''
  ) );
#1681 = PCURVE('',#918,#1682);
#1682 = DEFINITIONAL_REPRESENTATION('',(#1683),#1721);
#1683 = B_SPLINE_CURVE_WITH_KNOTS('',8,(#1684,#1685,#1686,#1687,#1688,
    #1689,#1690,#1691,#1692,#1693,#1694,#1695,#1696,#1697,#1698,#1699,
    #1700,#1701,#1702,#1703,#1704,#1705,#1706,#1707,#1708,#1709,#1710,
    #1711,#1712,#1713,#1714,#1715,#1716,#1717,#1718,#1719,#1720),
  .UNSPECIFIED.,.F.,.F.,(9,7,7,7,7,9),(0.,0.150713422917,0.418538317604,
    0.663212137685,0.831634557418,1.),.UNSPECIFIED.);
#1684 = CARTESIAN_POINT('',(1.862868998259,19.5000006));
#1685 = CARTESIAN_POINT('',(1.871520515378,19.383106364925));
#1686 = CARTESIAN_POINT('',(1.878949874384,19.263613322463));
#1687 = CARTESIAN_POINT('',(1.885161116851,19.142030706427));
#1688 = CARTESIAN_POINT('',(1.890157438884,19.018816433172));
#1689 = CARTESIAN_POINT('',(1.893941114952,18.89438899968));
#1690 = CARTESIAN_POINT('',(1.896513421723,18.769139381656));
#1691 = CARTESIAN_POINT('',(1.897874561887,18.643442931621));
#1692 = CARTESIAN_POINT('',(1.898288414463,18.29416908654));
#1693 = CARTESIAN_POINT('',(1.894724756712,18.071046261046));
#1694 = CARTESIAN_POINT('',(1.887363001842,17.850097413006));
#1695 = CARTESIAN_POINT('',(1.876194277767,17.633221533151));
#1696 = CARTESIAN_POINT('',(1.861186162542,17.422608826876));
#1697 = CARTESIAN_POINT('',(1.842292588424,17.220958876266));
#1698 = CARTESIAN_POINT('',(1.819461599847,17.031780113113));
#1699 = CARTESIAN_POINT('',(1.768145737655,16.702725431468));
#1700 = CARTESIAN_POINT('',(1.739181048828,16.55269628623));
#1701 = CARTESIAN_POINT('',(1.706129992042,16.421856097852));
#1702 = CARTESIAN_POINT('',(1.669727164584,16.319463672492));
#1703 = CARTESIAN_POINT('',(1.630925425701,16.252138200113));
#1704 = CARTESIAN_POINT('',(1.590735787349,16.224055170843));
#1705 = CARTESIAN_POINT('',(1.550236993572,16.236928537227));
#1706 = CARTESIAN_POINT('',(1.48319773989,16.326284970559));
#1707 = CARTESIAN_POINT('',(1.456335015005,16.381567991639));
#1708 = CARTESIAN_POINT('',(1.430222120983,16.455275882481));
#1709 = CARTESIAN_POINT('',(1.405135559388,16.546697097991));
#1710 = CARTESIAN_POINT('',(1.381352665841,16.65484595245));
#1711 = CARTESIAN_POINT('',(1.35914969789,16.778469062557));
#1712 = CARTESIAN_POINT('',(1.338793526524,16.916047695642));
#1713 = CARTESIAN_POINT('',(1.302266515695,17.215493690767));
#1714 = CARTESIAN_POINT('',(1.28606908961,17.377559044237));
#1715 = CARTESIAN_POINT('',(1.272196629687,17.550184733485));
#1716 = CARTESIAN_POINT('',(1.260865766996,17.731386719887));
#1717 = CARTESIAN_POINT('',(1.252246442212,17.919087027032));
#1718 = CARTESIAN_POINT('',(1.246456757031,18.111173395266));
#1719 = CARTESIAN_POINT('',(1.243558596436,18.305525825764));
#1720 = CARTESIAN_POINT('',(1.243558596436,18.5));
#1721 = ( GEOMETRIC_REPRESENTATION_CONTEXT(2) 
PARAMETRIC_REPRESENTATION_CONTEXT() REPRESENTATION_CONTEXT('2D SPACE',''
  ) );
#1722 = ORIENTED_EDGE('',*,*,#1723,.T.);
#1723 = EDGE_CURVE('',#1599,#1494,#1724,.T.);
#1724 = SURFACE_CURVE('',#1725,(#1729,#1735),.PCURVE_S1.);
#1725 = LINE('',#1726,#1727);
#1726 = CARTESIAN_POINT('',(-2.015564437075,19.,15.75));
#1727 = VECTOR('',#1728,1.);
#1728 = DIRECTION('',(0.,-1.,0.));
#1729 = PCURVE('',#725,#1730);
#1730 = DEFINITIONAL_REPRESENTATION('',(#1731),#1734);
#1731 = B_SPLINE_CURVE_WITH_KNOTS('',1,(#1732,#1733),.UNSPECIFIED.,.F.,
  .F.,(2,2),(10.6,16.0000006),.PIECEWISE_BEZIER_KNOTS.);
#1732 = CARTESIAN_POINT('',(2.681038661908,10.6));
#1733 = CARTESIAN_POINT('',(2.681038661908,16.0000006));
#1734 = ( GEOMETRIC_REPRESENTATION_CONTEXT(2) 
PARAMETRIC_REPRESENTATION_CONTEXT() REPRESENTATION_CONTEXT('2D SPACE',''
  ) );
#1735 = PCURVE('',#965,#1736);
#1736 = DEFINITIONAL_REPRESENTATION('',(#1737),#1740);
#1737 = B_SPLINE_CURVE_WITH_KNOTS('',1,(#1738,#1739),.UNSPECIFIED.,.F.,
  .F.,(2,2),(10.6,16.0000006),.PIECEWISE_BEZIER_KNOTS.);
#1738 = CARTESIAN_POINT('',(-2.015564437075,8.4));
#1739 = CARTESIAN_POINT('',(-2.015564437075,2.9999994));
#1740 = ( GEOMETRIC_REPRESENTATION_CONTEXT(2) 
PARAMETRIC_REPRESENTATION_CONTEXT() REPRESENTATION_CONTEXT('2D SPACE',''
  ) );
#1741 = ADVANCED_FACE('',(#1742),#827,.F.);
#1742 = FACE_BOUND('',#1743,.F.);
#1743 = EDGE_LOOP('',(#1744,#1745,#1746,#1747,#1748));
#1744 = ORIENTED_EDGE('',*,*,#1235,.F.);
#1745 = ORIENTED_EDGE('',*,*,#1099,.T.);
#1746 = ORIENTED_EDGE('',*,*,#810,.T.);
#1747 = ORIENTED_EDGE('',*,*,#1393,.T.);
#1748 = ORIENTED_EDGE('',*,*,#1164,.T.);
#1749 = ADVANCED_FACE('',(#1750),#918,.F.);
#1750 = FACE_BOUND('',#1751,.F.);
#1751 = EDGE_LOOP('',(#1752,#1773,#1774,#1775,#1776,#1798,#1799,#1800,
    #1822));
#1752 = ORIENTED_EDGE('',*,*,#1753,.F.);
#1753 = EDGE_CURVE('',#1364,#840,#1754,.T.);
#1754 = SEAM_CURVE('',#1755,(#1759,#1766),.PCURVE_S1.);
#1755 = LINE('',#1756,#1757);
#1756 = CARTESIAN_POINT('',(7.,-1.714505518806E-15,-3.75));
#1757 = VECTOR('',#1758,1.);
#1758 = DIRECTION('',(0.,0.,1.));
#1759 = PCURVE('',#918,#1760);
#1760 = DEFINITIONAL_REPRESENTATION('',(#1761),#1765);
#1761 = LINE('',#1762,#1763);
#1762 = CARTESIAN_POINT('',(0.,-0.));
#1763 = VECTOR('',#1764,1.);
#1764 = DIRECTION('',(0.,1.));
#1765 = ( GEOMETRIC_REPRESENTATION_CONTEXT(2) 
PARAMETRIC_REPRESENTATION_CONTEXT() REPRESENTATION_CONTEXT('2D SPACE',''
  ) );
#1766 = PCURVE('',#918,#1767);
#1767 = DEFINITIONAL_REPRESENTATION('',(#1768),#1772);
#1768 = LINE('',#1769,#1770);
#1769 = CARTESIAN_POINT('',(6.28318530718,-0.));
#1770 = VECTOR('',#1771,1.);
#1771 = DIRECTION('',(0.,1.));
#1772 = ( GEOMETRIC_REPRESENTATION_CONTEXT(2) 
PARAMETRIC_REPRESENTATION_CONTEXT() REPRESENTATION_CONTEXT('2D SPACE',''
  ) );
#1773 = ORIENTED_EDGE('',*,*,#1363,.T.);
#1774 = ORIENTED_EDGE('',*,*,#1753,.T.);
#1775 = ORIENTED_EDGE('',*,*,#1026,.F.);
#1776 = ORIENTED_EDGE('',*,*,#1777,.F.);
#1777 = EDGE_CURVE('',#1599,#1006,#1778,.T.);
#1778 = SURFACE_CURVE('',#1779,(#1784,#1791),.PCURVE_S1.);
#1779 = CIRCLE('',#1780,7.);
#1780 = AXIS2_PLACEMENT_3D('',#1781,#1782,#1783);
#1781 = CARTESIAN_POINT('',(0.,0.,15.75));
#1782 = DIRECTION('',(0.,0.,1.));
#1783 = DIRECTION('',(1.,0.,-0.));
#1784 = PCURVE('',#918,#1785);
#1785 = DEFINITIONAL_REPRESENTATION('',(#1786),#1790);
#1786 = LINE('',#1787,#1788);
#1787 = CARTESIAN_POINT('',(0.,19.5));
#1788 = VECTOR('',#1789,1.);
#1789 = DIRECTION('',(1.,0.));
#1790 = ( GEOMETRIC_REPRESENTATION_CONTEXT(2) 
PARAMETRIC_REPRESENTATION_CONTEXT() REPRESENTATION_CONTEXT('2D SPACE',''
  ) );
#1791 = PCURVE('',#965,#1792);
#1792 = DEFINITIONAL_REPRESENTATION('',(#1793),#1797);
#1793 = CIRCLE('',#1794,7.);
#1794 = AXIS2_PLACEMENT_2D('',#1795,#1796);
#1795 = CARTESIAN_POINT('',(0.,0.));
#1796 = DIRECTION('',(1.,0.));
#1797 = ( GEOMETRIC_REPRESENTATION_CONTEXT(2) 
PARAMETRIC_REPRESENTATION_CONTEXT() REPRESENTATION_CONTEXT('2D SPACE',''
  ) );
#1798 = ORIENTED_EDGE('',*,*,#1598,.T.);
#1799 = ORIENTED_EDGE('',*,*,#1543,.T.);
#1800 = ORIENTED_EDGE('',*,*,#1801,.F.);
#1801 = EDGE_CURVE('',#863,#1523,#1802,.T.);
#1802 = SURFACE_CURVE('',#1803,(#1808,#1815),.PCURVE_S1.);
#1803 = CIRCLE('',#1804,7.);
#1804 = AXIS2_PLACEMENT_3D('',#1805,#1806,#1807);
#1805 = CARTESIAN_POINT('',(0.,0.,15.75));
#1806 = DIRECTION('',(0.,0.,1.));
#1807 = DIRECTION('',(1.,0.,-0.));
#1808 = PCURVE('',#918,#1809);
#1809 = DEFINITIONAL_REPRESENTATION('',(#1810),#1814);
#1810 = LINE('',#1811,#1812);
#1811 = CARTESIAN_POINT('',(0.,19.5));
#1812 = VECTOR('',#1813,1.);
#1813 = DIRECTION('',(1.,0.));
#1814 = ( GEOMETRIC_REPRESENTATION_CONTEXT(2) 
PARAMETRIC_REPRESENTATION_CONTEXT() REPRESENTATION_CONTEXT('2D SPACE',''
  ) );
#1815 = PCURVE('',#965,#1816);
#1816 = DEFINITIONAL_REPRESENTATION('',(#1817),#1821);
#1817 = CIRCLE('',#1818,7.);
#1818 = AXIS2_PLACEMENT_2D('',#1819,#1820);
#1819 = CARTESIAN_POINT('',(0.,0.));
#1820 = DIRECTION('',(1.,0.));
#1821 = ( GEOMETRIC_REPRESENTATION_CONTEXT(2) 
PARAMETRIC_REPRESENTATION_CONTEXT() REPRESENTATION_CONTEXT('2D SPACE',''
  ) );
#1822 = ORIENTED_EDGE('',*,*,#862,.F.);
#1823 = ADVANCED_FACE('',(#1824),#965,.F.);
#1824 = FACE_BOUND('',#1825,.F.);
#1825 = EDGE_LOOP('',(#1826,#1845,#1846,#1847,#1848,#1867,#1868,#1869));
#1826 = ORIENTED_EDGE('',*,*,#1827,.T.);
#1827 = EDGE_CURVE('',#977,#951,#1828,.T.);
#1828 = SURFACE_CURVE('',#1829,(#1833,#1839),.PCURVE_S1.);
#1829 = LINE('',#1830,#1831);
#1830 = CARTESIAN_POINT('',(3.,0.,15.75));
#1831 = VECTOR('',#1832,1.);
#1832 = DIRECTION('',(0.,1.,0.));
#1833 = PCURVE('',#965,#1834);
#1834 = DEFINITIONAL_REPRESENTATION('',(#1835),#1838);
#1835 = B_SPLINE_CURVE_WITH_KNOTS('',1,(#1836,#1837),.UNSPECIFIED.,.F.,
  .F.,(2,2),(-2.25,2.25),.PIECEWISE_BEZIER_KNOTS.);
#1836 = CARTESIAN_POINT('',(3.,-2.25));
#1837 = CARTESIAN_POINT('',(3.,2.25));
#1838 = ( GEOMETRIC_REPRESENTATION_CONTEXT(2) 
PARAMETRIC_REPRESENTATION_CONTEXT() REPRESENTATION_CONTEXT('2D SPACE',''
  ) );
#1839 = PCURVE('',#993,#1840);
#1840 = DEFINITIONAL_REPRESENTATION('',(#1841),#1844);
#1841 = B_SPLINE_CURVE_WITH_KNOTS('',1,(#1842,#1843),.UNSPECIFIED.,.F.,
  .F.,(2,2),(-2.25,2.25),.PIECEWISE_BEZIER_KNOTS.);
#1842 = CARTESIAN_POINT('',(-1.,-2.25));
#1843 = CARTESIAN_POINT('',(-1.,2.25));
#1844 = ( GEOMETRIC_REPRESENTATION_CONTEXT(2) 
PARAMETRIC_REPRESENTATION_CONTEXT() REPRESENTATION_CONTEXT('2D SPACE',''
  ) );
#1845 = ORIENTED_EDGE('',*,*,#950,.T.);
#1846 = ORIENTED_EDGE('',*,*,#1801,.T.);
#1847 = ORIENTED_EDGE('',*,*,#1522,.T.);
#1848 = ORIENTED_EDGE('',*,*,#1849,.F.);
#1849 = EDGE_CURVE('',#1494,#1492,#1850,.T.);
#1850 = SURFACE_CURVE('',#1851,(#1855,#1861),.PCURVE_S1.);
#1851 = LINE('',#1852,#1853);
#1852 = CARTESIAN_POINT('',(0.,3.,15.75));
#1853 = VECTOR('',#1854,1.);
#1854 = DIRECTION('',(1.,0.,-0.));
#1855 = PCURVE('',#965,#1856);
#1856 = DEFINITIONAL_REPRESENTATION('',(#1857),#1860);
#1857 = B_SPLINE_CURVE_WITH_KNOTS('',1,(#1858,#1859),.UNSPECIFIED.,.F.,
  .F.,(2,2),(-2.25,2.25),.PIECEWISE_BEZIER_KNOTS.);
#1858 = CARTESIAN_POINT('',(-2.25,3.));
#1859 = CARTESIAN_POINT('',(2.25,3.));
#1860 = ( GEOMETRIC_REPRESENTATION_CONTEXT(2) 
PARAMETRIC_REPRESENTATION_CONTEXT() REPRESENTATION_CONTEXT('2D SPACE',''
  ) );
#1861 = PCURVE('',#1510,#1862);
#1862 = DEFINITIONAL_REPRESENTATION('',(#1863),#1866);
#1863 = B_SPLINE_CURVE_WITH_KNOTS('',1,(#1864,#1865),.UNSPECIFIED.,.F.,
  .F.,(2,2),(-2.25,2.25),.PIECEWISE_BEZIER_KNOTS.);
#1864 = CARTESIAN_POINT('',(-2.25,1.));
#1865 = CARTESIAN_POINT('',(2.25,1.));
#1866 = ( GEOMETRIC_REPRESENTATION_CONTEXT(2) 
PARAMETRIC_REPRESENTATION_CONTEXT() REPRESENTATION_CONTEXT('2D SPACE',''
  ) );
#1867 = ORIENTED_EDGE('',*,*,#1723,.F.);
#1868 = ORIENTED_EDGE('',*,*,#1777,.T.);
#1869 = ORIENTED_EDGE('',*,*,#1005,.F.);
#1870 = ADVANCED_FACE('',(#1871),#993,.T.);
#1871 = FACE_BOUND('',#1872,.T.);
#1872 = EDGE_LOOP('',(#1873,#1874));
#1873 = ORIENTED_EDGE('',*,*,#1827,.T.);
#1874 = ORIENTED_EDGE('',*,*,#976,.T.);
#1875 = ADVANCED_FACE('',(#1876),#1295,.T.);
#1876 = FACE_BOUND('',#1877,.T.);
#1877 = EDGE_LOOP('',(#1878,#1879,#1880,#1881));
#1878 = ORIENTED_EDGE('',*,*,#1281,.F.);
#1879 = ORIENTED_EDGE('',*,*,#1336,.T.);
#1880 = ORIENTED_EDGE('',*,*,#1439,.T.);
#1881 = ORIENTED_EDGE('',*,*,#1467,.F.);
#1882 = ADVANCED_FACE('',(#1883),#1510,.F.);
#1883 = FACE_BOUND('',#1884,.F.);
#1884 = EDGE_LOOP('',(#1885,#1886));
#1885 = ORIENTED_EDGE('',*,*,#1849,.T.);
#1886 = ORIENTED_EDGE('',*,*,#1491,.T.);
#1887 = ORIENTED_CLOSED_SHELL('',*,#1888,.F.);
#1888 = CLOSED_SHELL('',(#1889,#1977,#1981));
#1889 = ADVANCED_FACE('',(#1890),#1903,.T.);
#1890 = FACE_BOUND('',#1891,.T.);
#1891 = EDGE_LOOP('',(#1892,#1926,#1949,#1976));
#1892 = ORIENTED_EDGE('',*,*,#1893,.F.);
#1893 = EDGE_CURVE('',#1894,#1894,#1896,.T.);
#1894 = VERTEX_POINT('',#1895);
#1895 = CARTESIAN_POINT('',(0.5,-8.,14.75));
#1896 = SURFACE_CURVE('',#1897,(#1902,#1914),.PCURVE_S1.);
#1897 = CIRCLE('',#1898,0.5);
#1898 = AXIS2_PLACEMENT_3D('',#1899,#1900,#1901);
#1899 = CARTESIAN_POINT('',(0.,-8.,14.75));
#1900 = DIRECTION('',(0.,1.,0.));
#1901 = DIRECTION('',(1.,0.,-0.));
#1902 = PCURVE('',#1903,#1908);
#1903 = CONICAL_SURFACE('',#1904,2.75,0.27416745112);
#1904 = AXIS2_PLACEMENT_3D('',#1905,#1906,#1907);
#1905 = CARTESIAN_POINT('',(0.,-16.,14.75));
#1906 = DIRECTION('',(0.,-1.,0.));
#1907 = DIRECTION('',(1.,0.,-0.));
#1908 = DEFINITIONAL_REPRESENTATION('',(#1909),#1913);
#1909 = LINE('',#1910,#1911);
#1910 = CARTESIAN_POINT('',(-0.,-8.));
#1911 = VECTOR('',#1912,1.);
#1912 = DIRECTION('',(-1.,-0.));
#1913 = ( GEOMETRIC_REPRESENTATION_CONTEXT(2) 
PARAMETRIC_REPRESENTATION_CONTEXT() REPRESENTATION_CONTEXT('2D SPACE',''
  ) );
#1914 = PCURVE('',#1915,#1920);
#1915 = PLANE('',#1916);
#1916 = AXIS2_PLACEMENT_3D('',#1917,#1918,#1919);
#1917 = CARTESIAN_POINT('',(0.,-8.,14.75));
#1918 = DIRECTION('',(0.,1.,0.));
#1919 = DIRECTION('',(1.,0.,-0.));
#1920 = DEFINITIONAL_REPRESENTATION('',(#1921),#1925);
#1921 = CIRCLE('',#1922,0.5);
#1922 = AXIS2_PLACEMENT_2D('',#1923,#1924);
#1923 = CARTESIAN_POINT('',(0.,0.));
#1924 = DIRECTION('',(1.,0.));
#1925 = ( GEOMETRIC_REPRESENTATION_CONTEXT(2) 
PARAMETRIC_REPRESENTATION_CONTEXT() REPRESENTATION_CONTEXT('2D SPACE',''
  ) );
#1926 = ORIENTED_EDGE('',*,*,#1927,.F.);
#1927 = EDGE_CURVE('',#1928,#1894,#1930,.T.);
#1928 = VERTEX_POINT('',#1929);
#1929 = CARTESIAN_POINT('',(2.75,-16.,14.75));
#1930 = SEAM_CURVE('',#1931,(#1935,#1942),.PCURVE_S1.);
#1931 = LINE('',#1932,#1933);
#1932 = CARTESIAN_POINT('',(2.75,-16.,14.75));
#1933 = VECTOR('',#1934,1.);
#1934 = DIRECTION('',(-0.270745576918,0.962650940154,-6.631354083126E-17
    ));
#1935 = PCURVE('',#1903,#1936);
#1936 = DEFINITIONAL_REPRESENTATION('',(#1937),#1941);
#1937 = LINE('',#1938,#1939);
#1938 = CARTESIAN_POINT('',(-6.28318530718,0.));
#1939 = VECTOR('',#1940,1.);
#1940 = DIRECTION('',(-0.,-1.));
#1941 = ( GEOMETRIC_REPRESENTATION_CONTEXT(2) 
PARAMETRIC_REPRESENTATION_CONTEXT() REPRESENTATION_CONTEXT('2D SPACE',''
  ) );
#1942 = PCURVE('',#1903,#1943);
#1943 = DEFINITIONAL_REPRESENTATION('',(#1944),#1948);
#1944 = LINE('',#1945,#1946);
#1945 = CARTESIAN_POINT('',(0.,-0.));
#1946 = VECTOR('',#1947,1.);
#1947 = DIRECTION('',(-0.,-1.));
#1948 = ( GEOMETRIC_REPRESENTATION_CONTEXT(2) 
PARAMETRIC_REPRESENTATION_CONTEXT() REPRESENTATION_CONTEXT('2D SPACE',''
  ) );
#1949 = ORIENTED_EDGE('',*,*,#1950,.T.);
#1950 = EDGE_CURVE('',#1928,#1928,#1951,.T.);
#1951 = SURFACE_CURVE('',#1952,(#1957,#1964),.PCURVE_S1.);
#1952 = CIRCLE('',#1953,2.75);
#1953 = AXIS2_PLACEMENT_3D('',#1954,#1955,#1956);
#1954 = CARTESIAN_POINT('',(0.,-16.,14.75));
#1955 = DIRECTION('',(0.,1.,0.));
#1956 = DIRECTION('',(1.,0.,-0.));
#1957 = PCURVE('',#1903,#1958);
#1958 = DEFINITIONAL_REPRESENTATION('',(#1959),#1963);
#1959 = LINE('',#1960,#1961);
#1960 = CARTESIAN_POINT('',(-0.,-0.));
#1961 = VECTOR('',#1962,1.);
#1962 = DIRECTION('',(-1.,-0.));
#1963 = ( GEOMETRIC_REPRESENTATION_CONTEXT(2) 
PARAMETRIC_REPRESENTATION_CONTEXT() REPRESENTATION_CONTEXT('2D SPACE',''
  ) );
#1964 = PCURVE('',#1965,#1970);
#1965 = PLANE('',#1966);
#1966 = AXIS2_PLACEMENT_3D('',#1967,#1968,#1969);
#1967 = CARTESIAN_POINT('',(0.,-16.,14.75));
#1968 = DIRECTION('',(0.,1.,0.));
#1969 = DIRECTION('',(1.,0.,-0.));
#1970 = DEFINITIONAL_REPRESENTATION('',(#1971),#1975);
#1971 = CIRCLE('',#1972,2.75);
#1972 = AXIS2_PLACEMENT_2D('',#1973,#1974);
#1973 = CARTESIAN_POINT('',(0.,0.));
#1974 = DIRECTION('',(1.,0.));
#1975 = ( GEOMETRIC_REPRESENTATION_CONTEXT(2) 
PARAMETRIC_REPRESENTATION_CONTEXT() REPRESENTATION_CONTEXT('2D SPACE',''
  ) );
#1976 = ORIENTED_EDGE('',*,*,#1927,.T.);
#1977 = ADVANCED_FACE('',(#1978),#1915,.T.);
#1978 = FACE_BOUND('',#1979,.T.);
#1979 = EDGE_LOOP('',(#1980));
#1980 = ORIENTED_EDGE('',*,*,#1893,.T.);
#1981 = ADVANCED_FACE('',(#1982),#1965,.F.);
#1982 = FACE_BOUND('',#1983,.T.);
#1983 = EDGE_LOOP('',(#1984));
#1984 = ORIENTED_EDGE('',*,*,#1950,.F.);
#1985 = ORIENTED_CLOSED_SHELL('',*,#1986,.F.);
#1986 = CLOSED_SHELL('',(#1987,#2075,#2079));
#1987 = ADVANCED_FACE('',(#1988),#2001,.T.);
#1988 = FACE_BOUND('',#1989,.T.);
#1989 = EDGE_LOOP('',(#1990,#2024,#2047,#2074));
#1990 = ORIENTED_EDGE('',*,*,#1991,.F.);
#1991 = EDGE_CURVE('',#1992,#1992,#1994,.T.);
#1992 = VERTEX_POINT('',#1993);
#1993 = CARTESIAN_POINT('',(-16.,-1.224646799147E-16,15.25));
#1994 = SURFACE_CURVE('',#1995,(#2000,#2012),.PCURVE_S1.);
#1995 = CIRCLE('',#1996,0.5);
#1996 = AXIS2_PLACEMENT_3D('',#1997,#1998,#1999);
#1997 = CARTESIAN_POINT('',(-16.,0.,14.75));
#1998 = DIRECTION('',(-1.,-0.,0.));
#1999 = DIRECTION('',(0.,0.,1.));
#2000 = PCURVE('',#2001,#2006);
#2001 = CONICAL_SURFACE('',#2002,2.75,0.27416745112);
#2002 = AXIS2_PLACEMENT_3D('',#2003,#2004,#2005);
#2003 = CARTESIAN_POINT('',(-8.,0.,14.75));
#2004 = DIRECTION('',(1.,0.,-0.));
#2005 = DIRECTION('',(0.,0.,1.));
#2006 = DEFINITIONAL_REPRESENTATION('',(#2007),#2011);
#2007 = LINE('',#2008,#2009);
#2008 = CARTESIAN_POINT('',(-0.,-8.));
#2009 = VECTOR('',#2010,1.);
#2010 = DIRECTION('',(-1.,-0.));
#2011 = ( GEOMETRIC_REPRESENTATION_CONTEXT(2) 
PARAMETRIC_REPRESENTATION_CONTEXT() REPRESENTATION_CONTEXT('2D SPACE',''
  ) );
#2012 = PCURVE('',#2013,#2018);
#2013 = PLANE('',#2014);
#2014 = AXIS2_PLACEMENT_3D('',#2015,#2016,#2017);
#2015 = CARTESIAN_POINT('',(-16.,0.,14.75));
#2016 = DIRECTION('',(-1.,0.,0.));
#2017 = DIRECTION('',(0.,0.,1.));
#2018 = DEFINITIONAL_REPRESENTATION('',(#2019),#2023);
#2019 = CIRCLE('',#2020,0.5);
#2020 = AXIS2_PLACEMENT_2D('',#2021,#2022);
#2021 = CARTESIAN_POINT('',(0.,0.));
#2022 = DIRECTION('',(1.,0.));
#2023 = ( GEOMETRIC_REPRESENTATION_CONTEXT(2) 
PARAMETRIC_REPRESENTATION_CONTEXT() REPRESENTATION_CONTEXT('2D SPACE',''
  ) );
#2024 = ORIENTED_EDGE('',*,*,#2025,.F.);
#2025 = EDGE_CURVE('',#2026,#1992,#2028,.T.);
#2026 = VERTEX_POINT('',#2027);
#2027 = CARTESIAN_POINT('',(-8.,-6.73555739531E-16,17.5));
#2028 = SEAM_CURVE('',#2029,(#2033,#2040),.PCURVE_S1.);
#2029 = LINE('',#2030,#2031);
#2030 = CARTESIAN_POINT('',(-8.,-6.73555739531E-16,17.5));
#2031 = VECTOR('',#2032,1.);
#2032 = DIRECTION('',(-0.962650940154,6.631354083126E-17,-0.270745576918
    ));
#2033 = PCURVE('',#2001,#2034);
#2034 = DEFINITIONAL_REPRESENTATION('',(#2035),#2039);
#2035 = LINE('',#2036,#2037);
#2036 = CARTESIAN_POINT('',(-6.28318530718,0.));
#2037 = VECTOR('',#2038,1.);
#2038 = DIRECTION('',(-0.,-1.));
#2039 = ( GEOMETRIC_REPRESENTATION_CONTEXT(2) 
PARAMETRIC_REPRESENTATION_CONTEXT() REPRESENTATION_CONTEXT('2D SPACE',''
  ) );
#2040 = PCURVE('',#2001,#2041);
#2041 = DEFINITIONAL_REPRESENTATION('',(#2042),#2046);
#2042 = LINE('',#2043,#2044);
#2043 = CARTESIAN_POINT('',(0.,-0.));
#2044 = VECTOR('',#2045,1.);
#2045 = DIRECTION('',(-0.,-1.));
#2046 = ( GEOMETRIC_REPRESENTATION_CONTEXT(2) 
PARAMETRIC_REPRESENTATION_CONTEXT() REPRESENTATION_CONTEXT('2D SPACE',''
  ) );
#2047 = ORIENTED_EDGE('',*,*,#2048,.T.);
#2048 = EDGE_CURVE('',#2026,#2026,#2049,.T.);
#2049 = SURFACE_CURVE('',#2050,(#2055,#2062),.PCURVE_S1.);
#2050 = CIRCLE('',#2051,2.75);
#2051 = AXIS2_PLACEMENT_3D('',#2052,#2053,#2054);
#2052 = CARTESIAN_POINT('',(-8.,0.,14.75));
#2053 = DIRECTION('',(-1.,-0.,0.));
#2054 = DIRECTION('',(0.,0.,1.));
#2055 = PCURVE('',#2001,#2056);
#2056 = DEFINITIONAL_REPRESENTATION('',(#2057),#2061);
#2057 = LINE('',#2058,#2059);
#2058 = CARTESIAN_POINT('',(-0.,-0.));
#2059 = VECTOR('',#2060,1.);
#2060 = DIRECTION('',(-1.,-0.));
#2061 = ( GEOMETRIC_REPRESENTATION_CONTEXT(2) 
PARAMETRIC_REPRESENTATION_CONTEXT() REPRESENTATION_CONTEXT('2D SPACE',''
  ) );
#2062 = PCURVE('',#2063,#2068);
#2063 = PLANE('',#2064);
#2064 = AXIS2_PLACEMENT_3D('',#2065,#2066,#2067);
#2065 = CARTESIAN_POINT('',(-8.,0.,14.75));
#2066 = DIRECTION('',(-1.,0.,0.));
#2067 = DIRECTION('',(0.,0.,1.));
#2068 = DEFINITIONAL_REPRESENTATION('',(#2069),#2073);
#2069 = CIRCLE('',#2070,2.75);
#2070 = AXIS2_PLACEMENT_2D('',#2071,#2072);
#2071 = CARTESIAN_POINT('',(0.,0.));
#2072 = DIRECTION('',(1.,0.));
#2073 = ( GEOMETRIC_REPRESENTATION_CONTEXT(2) 
PARAMETRIC_REPRESENTATION_CONTEXT() REPRESENTATION_CONTEXT('2D SPACE',''
  ) );
#2074 = ORIENTED_EDGE('',*,*,#2025,.T.);
#2075 = ADVANCED_FACE('',(#2076),#2013,.T.);
#2076 = FACE_BOUND('',#2077,.T.);
#2077 = EDGE_LOOP('',(#2078));
#2078 = ORIENTED_EDGE('',*,*,#1991,.T.);
#2079 = ADVANCED_FACE('',(#2080),#2063,.F.);
#2080 = FACE_BOUND('',#2081,.T.);
#2081 = EDGE_LOOP('',(#2082));
#2082 = ORIENTED_EDGE('',*,*,#2048,.F.);
#2083 = ( GEOMETRIC_REPRESENTATION_CONTEXT(3) 
GLOBAL_UNCERTAINTY_ASSIGNED_CONTEXT((#2087)) 
GLOBAL_UNIT_ASSIGNED_CONTEXT((#2084,#2085,#2086)) REPRESENTATION_CONTEXT
('Context #1','3D Context with UNIT and UNCERTAINTY') );
#2084 = ( LENGTH_UNIT() NAMED_UNIT(*) SI_UNIT(.MILLI.,.METRE.) );
#2085 = ( NAMED_UNIT(*) PLANE_ANGLE_UNIT() SI_UNIT($,.RADIAN.) );
#2086 = ( NAMED_UNIT(*) SI_UNIT($,.STERADIAN.) SOLID_ANGLE_UNIT() );
#2087 = UNCERTAINTY_MEASURE_WITH_UNIT(LENGTH_MEASURE(1.E-07),#2084,
  'distance_accuracy_value','confusion accuracy');
#2088 = PRODUCT_RELATED_PRODUCT_CATEGORY('part',$,(#7));
ENDSEC;
END-ISO-10303-21;
