ISO-10303-21;
HEADER;
FILE_DESCRIPTION(('Open CASCADE Model'),'2;1');
FILE_NAME('Open CASCADE Shape Model','2026-10-03T14:41:46',('Author'),(
    'Open CASCADE'),'Open CASCADE STEP processor 7.9','build123d',
  'Unknown');
FILE_SCHEMA(('AUTOMOTIVE_DESIGN { 1 0 10303 214 1 1 1 1 }'));
ENDSEC;
DATA;
#1 = APPLICATION_PROTOCOL_DEFINITION('international standard',
  'automotive_design',2000,#2);
#2 = APPLICATION_CONTEXT(
  'core data for automotive mechanical design processes');
#3 = SHAPE_DEFINITION_REPRESENTATION(#4,#10);
#4 = PRODUCT_DEFINITION_SHAPE('','',#5);
#5 = PRODUCT_DEFINITION('design','',#6,#9);
#6 = PRODUCT_DEFINITION_FORMATION('','',#7);
#7 = PRODUCT('COMPOUND','COMPOUND','',(#8));
#8 = PRODUCT_CONTEXT('',#2,'mechanical');
#9 = PRODUCT_DEFINITION_CONTEXT('part definition',#2,'design');
#10 = SHAPE_REPRESENTATION('',(#11,#15,#653,#983,#1313,#1643,#1973,#2303
    ,#2633,#2963,#3293,#3623,#3953,#4283,#4613,#4943,#5273,#5603,#5933,
    #6263,#6593,#6923,#7253,#7583,#7913),#8243);
#11 = AXIS2_PLACEMENT_3D('',#12,#13,#14);
#12 = CARTESIAN_POINT('',(0.,0.,0.));
#13 = DIRECTION('',(0.,0.,1.));
#14 = DIRECTION('',(1.,0.,-0.));
#15 = MANIFOLD_SOLID_BREP('',#16);
#16 = CLOSED_SHELL('',(#17,#137,#213,#374,#423,#542,#567,#592,#619,#646)
  );
#17 = ADVANCED_FACE('',(#18),#32,.F.);
#18 = FACE_BOUND('',#19,.F.);
#19 = EDGE_LOOP('',(#20,#55,#83,#111));
#20 = ORIENTED_EDGE('',*,*,#21,.F.);
#21 = EDGE_CURVE('',#22,#24,#26,.T.);
#22 = VERTEX_POINT('',#23);
#23 = CARTESIAN_POINT('',(7.,4.525126265847,8.));
#24 = VERTEX_POINT('',#25);
#25 = CARTESIAN_POINT('',(7.,4.525126265847,19.));
#26 = SURFACE_CURVE('',#27,(#31,#43),.PCURVE_S1.);
#27 = LINE('',#28,#29);
#28 = CARTESIAN_POINT('',(7.,4.525126265847,8.));
#29 = VECTOR('',#30,1.);
#30 = DIRECTION('',(0.,0.,1.));
#31 = PCURVE('',#32,#37);
#32 = PLANE('',#33);
#33 = AXIS2_PLACEMENT_3D('',#34,#35,#36);
#34 = CARTESIAN_POINT('',(7.,4.525126265847,8.));
#35 = DIRECTION('',(0.707106781187,0.707106781187,0.));
#36 = DIRECTION('',(0.,0.,1.));
#37 = DEFINITIONAL_REPRESENTATION('',(#38),#42);
#38 = LINE('',#39,#40);
#39 = CARTESIAN_POINT('',(0.,0.));
#40 = VECTOR('',#41,1.);
#41 = DIRECTION('',(1.,0.));
#42 = ( GEOMETRIC_REPRESENTATION_CONTEXT(2) 
PARAMETRIC_REPRESENTATION_CONTEXT() REPRESENTATION_CONTEXT('2D SPACE',''
  ) );
#43 = PCURVE('',#44,#49);
#44 = PLANE('',#45);
#45 = AXIS2_PLACEMENT_3D('',#46,#47,#48);
#46 = CARTESIAN_POINT('',(7.,4.525126265847,8.));
#47 = DIRECTION('',(-0.707106781187,0.707106781187,0.));
#48 = DIRECTION('',(0.,0.,1.));
#49 = DEFINITIONAL_REPRESENTATION('',(#50),#54);
#50 = LINE('',#51,#52);
#51 = CARTESIAN_POINT('',(0.,0.));
#52 = VECTOR('',#53,1.);
#53 = DIRECTION('',(1.,0.));
#54 = ( GEOMETRIC_REPRESENTATION_CONTEXT(2) 
PARAMETRIC_REPRESENTATION_CONTEXT() REPRESENTATION_CONTEXT('2D SPACE',''
  ) );
#55 = ORIENTED_EDGE('',*,*,#56,.T.);
#56 = EDGE_CURVE('',#22,#57,#59,.T.);
#57 = VERTEX_POINT('',#58);
#58 = CARTESIAN_POINT('',(4.525126265847,7.,8.));
#59 = SURFACE_CURVE('',#60,(#64,#71),.PCURVE_S1.);
#60 = LINE('',#61,#62);
#61 = CARTESIAN_POINT('',(7.,4.525126265847,8.));
#62 = VECTOR('',#63,1.);
#63 = DIRECTION('',(-0.707106781187,0.707106781187,0.));
#64 = PCURVE('',#32,#65);
#65 = DEFINITIONAL_REPRESENTATION('',(#66),#70);
#66 = LINE('',#67,#68);
#67 = CARTESIAN_POINT('',(0.,0.));
#68 = VECTOR('',#69,1.);
#69 = DIRECTION('',(0.,-1.));
#70 = ( GEOMETRIC_REPRESENTATION_CONTEXT(2) 
PARAMETRIC_REPRESENTATION_CONTEXT() REPRESENTATION_CONTEXT('2D SPACE',''
  ) );
#71 = PCURVE('',#72,#77);
#72 = PLANE('',#73);
#73 = AXIS2_PLACEMENT_3D('',#74,#75,#76);
#74 = CARTESIAN_POINT('',(7.,4.525126265847,8.));
#75 = DIRECTION('',(0.,0.,1.));
#76 = DIRECTION('',(0.707106781187,0.707106781187,0.));
#77 = DEFINITIONAL_REPRESENTATION('',(#78),#82);
#78 = LINE('',#79,#80);
#79 = CARTESIAN_POINT('',(0.,0.));
#80 = VECTOR('',#81,1.);
#81 = DIRECTION('',(0.,1.));
#82 = ( GEOMETRIC_REPRESENTATION_CONTEXT(2) 
PARAMETRIC_REPRESENTATION_CONTEXT() REPRESENTATION_CONTEXT('2D SPACE',''
  ) );
#83 = ORIENTED_EDGE('',*,*,#84,.T.);
#84 = EDGE_CURVE('',#57,#85,#87,.T.);
#85 = VERTEX_POINT('',#86);
#86 = CARTESIAN_POINT('',(4.525126265847,7.,19.));
#87 = SURFACE_CURVE('',#88,(#92,#99),.PCURVE_S1.);
#88 = LINE('',#89,#90);
#89 = CARTESIAN_POINT('',(4.525126265847,7.,8.));
#90 = VECTOR('',#91,1.);
#91 = DIRECTION('',(0.,0.,1.));
#92 = PCURVE('',#32,#93);
#93 = DEFINITIONAL_REPRESENTATION('',(#94),#98);
#94 = LINE('',#95,#96);
#95 = CARTESIAN_POINT('',(0.,-3.5));
#96 = VECTOR('',#97,1.);
#97 = DIRECTION('',(1.,0.));
#98 = ( GEOMETRIC_REPRESENTATION_CONTEXT(2) 
PARAMETRIC_REPRESENTATION_CONTEXT() REPRESENTATION_CONTEXT('2D SPACE',''
  ) );
#99 = PCURVE('',#100,#105);
#100 = PLANE('',#101);
#101 = AXIS2_PLACEMENT_3D('',#102,#103,#104);
#102 = CARTESIAN_POINT('',(4.525126265847,7.,8.));
#103 = DIRECTION('',(-0.707106781187,0.707106781187,0.));
#104 = DIRECTION('',(0.,0.,1.));
#105 = DEFINITIONAL_REPRESENTATION('',(#106),#110);
#106 = LINE('',#107,#108);
#107 = CARTESIAN_POINT('',(0.,0.));
#108 = VECTOR('',#109,1.);
#109 = DIRECTION('',(1.,0.));
#110 = ( GEOMETRIC_REPRESENTATION_CONTEXT(2) 
PARAMETRIC_REPRESENTATION_CONTEXT() REPRESENTATION_CONTEXT('2D SPACE',''
  ) );
#111 = ORIENTED_EDGE('',*,*,#112,.F.);
#112 = EDGE_CURVE('',#24,#85,#113,.T.);
#113 = SURFACE_CURVE('',#114,(#118,#125),.PCURVE_S1.);
#114 = LINE('',#115,#116);
#115 = CARTESIAN_POINT('',(7.,4.525126265847,19.));
#116 = VECTOR('',#117,1.);
#117 = DIRECTION('',(-0.707106781187,0.707106781187,0.));
#118 = PCURVE('',#32,#119);
#119 = DEFINITIONAL_REPRESENTATION('',(#120),#124);
#120 = LINE('',#121,#122);
#121 = CARTESIAN_POINT('',(11.,0.));
#122 = VECTOR('',#123,1.);
#123 = DIRECTION('',(0.,-1.));
#124 = ( GEOMETRIC_REPRESENTATION_CONTEXT(2) 
PARAMETRIC_REPRESENTATION_CONTEXT() REPRESENTATION_CONTEXT('2D SPACE',''
  ) );
#125 = PCURVE('',#126,#131);
#126 = PLANE('',#127);
#127 = AXIS2_PLACEMENT_3D('',#128,#129,#130);
#128 = CARTESIAN_POINT('',(7.,4.525126265847,19.));
#129 = DIRECTION('',(0.,0.,1.));
#130 = DIRECTION('',(0.707106781187,0.707106781187,0.));
#131 = DEFINITIONAL_REPRESENTATION('',(#132),#136);
#132 = LINE('',#133,#134);
#133 = CARTESIAN_POINT('',(0.,0.));
#134 = VECTOR('',#135,1.);
#135 = DIRECTION('',(0.,1.));
#136 = ( GEOMETRIC_REPRESENTATION_CONTEXT(2) 
PARAMETRIC_REPRESENTATION_CONTEXT() REPRESENTATION_CONTEXT('2D SPACE',''
  ) );
#137 = ADVANCED_FACE('',(#138),#44,.F.);
#138 = FACE_BOUND('',#139,.F.);
#139 = EDGE_LOOP('',(#140,#163,#164,#187));
#140 = ORIENTED_EDGE('',*,*,#141,.F.);
#141 = EDGE_CURVE('',#22,#142,#144,.T.);
#142 = VERTEX_POINT('',#143);
#143 = CARTESIAN_POINT('',(9.474873734153,7.,8.));
#144 = SURFACE_CURVE('',#145,(#149,#156),.PCURVE_S1.);
#145 = LINE('',#146,#147);
#146 = CARTESIAN_POINT('',(7.,4.525126265847,8.));
#147 = VECTOR('',#148,1.);
#148 = DIRECTION('',(0.707106781187,0.707106781187,0.));
#149 = PCURVE('',#44,#150);
#150 = DEFINITIONAL_REPRESENTATION('',(#151),#155);
#151 = LINE('',#152,#153);
#152 = CARTESIAN_POINT('',(0.,0.));
#153 = VECTOR('',#154,1.);
#154 = DIRECTION('',(0.,1.));
#155 = ( GEOMETRIC_REPRESENTATION_CONTEXT(2) 
PARAMETRIC_REPRESENTATION_CONTEXT() REPRESENTATION_CONTEXT('2D SPACE',''
  ) );
#156 = PCURVE('',#72,#157);
#157 = DEFINITIONAL_REPRESENTATION('',(#158),#162);
#158 = LINE('',#159,#160);
#159 = CARTESIAN_POINT('',(0.,0.));
#160 = VECTOR('',#161,1.);
#161 = DIRECTION('',(1.,0.));
#162 = ( GEOMETRIC_REPRESENTATION_CONTEXT(2) 
PARAMETRIC_REPRESENTATION_CONTEXT() REPRESENTATION_CONTEXT('2D SPACE',''
  ) );
#163 = ORIENTED_EDGE('',*,*,#21,.T.);
#164 = ORIENTED_EDGE('',*,*,#165,.T.);
#165 = EDGE_CURVE('',#24,#166,#168,.T.);
#166 = VERTEX_POINT('',#167);
#167 = CARTESIAN_POINT('',(9.474873734153,7.,19.));
#168 = SURFACE_CURVE('',#169,(#173,#180),.PCURVE_S1.);
#169 = LINE('',#170,#171);
#170 = CARTESIAN_POINT('',(7.,4.525126265847,19.));
#171 = VECTOR('',#172,1.);
#172 = DIRECTION('',(0.707106781187,0.707106781187,0.));
#173 = PCURVE('',#44,#174);
#174 = DEFINITIONAL_REPRESENTATION('',(#175),#179);
#175 = LINE('',#176,#177);
#176 = CARTESIAN_POINT('',(11.,0.));
#177 = VECTOR('',#178,1.);
#178 = DIRECTION('',(0.,1.));
#179 = ( GEOMETRIC_REPRESENTATION_CONTEXT(2) 
PARAMETRIC_REPRESENTATION_CONTEXT() REPRESENTATION_CONTEXT('2D SPACE',''
  ) );
#180 = PCURVE('',#126,#181);
#181 = DEFINITIONAL_REPRESENTATION('',(#182),#186);
#182 = LINE('',#183,#184);
#183 = CARTESIAN_POINT('',(0.,0.));
#184 = VECTOR('',#185,1.);
#185 = DIRECTION('',(1.,0.));
#186 = ( GEOMETRIC_REPRESENTATION_CONTEXT(2) 
PARAMETRIC_REPRESENTATION_CONTEXT() REPRESENTATION_CONTEXT('2D SPACE',''
  ) );
#187 = ORIENTED_EDGE('',*,*,#188,.F.);
#188 = EDGE_CURVE('',#142,#166,#189,.T.);
#189 = SURFACE_CURVE('',#190,(#194,#201),.PCURVE_S1.);
#190 = LINE('',#191,#192);
#191 = CARTESIAN_POINT('',(9.474873734153,7.,8.));
#192 = VECTOR('',#193,1.);
#193 = DIRECTION('',(0.,0.,1.));
#194 = PCURVE('',#44,#195);
#195 = DEFINITIONAL_REPRESENTATION('',(#196),#200);
#196 = LINE('',#197,#198);
#197 = CARTESIAN_POINT('',(0.,3.5));
#198 = VECTOR('',#199,1.);
#199 = DIRECTION('',(1.,0.));
#200 = ( GEOMETRIC_REPRESENTATION_CONTEXT(2) 
PARAMETRIC_REPRESENTATION_CONTEXT() REPRESENTATION_CONTEXT('2D SPACE',''
  ) );
#201 = PCURVE('',#202,#207);
#202 = PLANE('',#203);
#203 = AXIS2_PLACEMENT_3D('',#204,#205,#206);
#204 = CARTESIAN_POINT('',(9.474873734153,7.,8.));
#205 = DIRECTION('',(0.707106781187,0.707106781187,0.));
#206 = DIRECTION('',(0.,0.,1.));
#207 = DEFINITIONAL_REPRESENTATION('',(#208),#212);
#208 = LINE('',#209,#210);
#209 = CARTESIAN_POINT('',(0.,0.));
#210 = VECTOR('',#211,1.);
#211 = DIRECTION('',(1.,0.));
#212 = ( GEOMETRIC_REPRESENTATION_CONTEXT(2) 
PARAMETRIC_REPRESENTATION_CONTEXT() REPRESENTATION_CONTEXT('2D SPACE',''
  ) );
#213 = ADVANCED_FACE('',(#214),#126,.T.);
#214 = FACE_BOUND('',#215,.T.);
#215 = EDGE_LOOP('',(#216,#239,#240,#241,#264,#292,#320,#348));
#216 = ORIENTED_EDGE('',*,*,#217,.F.);
#217 = EDGE_CURVE('',#85,#218,#220,.T.);
#218 = VERTEX_POINT('',#219);
#219 = CARTESIAN_POINT('',(7.,9.474873734153,19.));
#220 = SURFACE_CURVE('',#221,(#225,#232),.PCURVE_S1.);
#221 = LINE('',#222,#223);
#222 = CARTESIAN_POINT('',(4.525126265847,7.,19.));
#223 = VECTOR('',#224,1.);
#224 = DIRECTION('',(0.707106781187,0.707106781187,0.));
#225 = PCURVE('',#126,#226);
#226 = DEFINITIONAL_REPRESENTATION('',(#227),#231);
#227 = LINE('',#228,#229);
#228 = CARTESIAN_POINT('',(-4.440892098501E-16,3.5));
#229 = VECTOR('',#230,1.);
#230 = DIRECTION('',(1.,0.));
#231 = ( GEOMETRIC_REPRESENTATION_CONTEXT(2) 
PARAMETRIC_REPRESENTATION_CONTEXT() REPRESENTATION_CONTEXT('2D SPACE',''
  ) );
#232 = PCURVE('',#100,#233);
#233 = DEFINITIONAL_REPRESENTATION('',(#234),#238);
#234 = LINE('',#235,#236);
#235 = CARTESIAN_POINT('',(11.,0.));
#236 = VECTOR('',#237,1.);
#237 = DIRECTION('',(0.,1.));
#238 = ( GEOMETRIC_REPRESENTATION_CONTEXT(2) 
PARAMETRIC_REPRESENTATION_CONTEXT() REPRESENTATION_CONTEXT('2D SPACE',''
  ) );
#239 = ORIENTED_EDGE('',*,*,#112,.F.);
#240 = ORIENTED_EDGE('',*,*,#165,.T.);
#241 = ORIENTED_EDGE('',*,*,#242,.T.);
#242 = EDGE_CURVE('',#166,#243,#245,.T.);
#243 = VERTEX_POINT('',#244);
#244 = CARTESIAN_POINT('',(9.419780292716,7.055093441437,19.));
#245 = SURFACE_CURVE('',#246,(#250,#257),.PCURVE_S1.);
#246 = LINE('',#247,#248);
#247 = CARTESIAN_POINT('',(9.474873734153,7.,19.));
#248 = VECTOR('',#249,1.);
#249 = DIRECTION('',(-0.707106781187,0.707106781187,0.));
#250 = PCURVE('',#126,#251);
#251 = DEFINITIONAL_REPRESENTATION('',(#252),#256);
#252 = LINE('',#253,#254);
#253 = CARTESIAN_POINT('',(3.5,4.440892098501E-16));
#254 = VECTOR('',#255,1.);
#255 = DIRECTION('',(0.,1.));
#256 = ( GEOMETRIC_REPRESENTATION_CONTEXT(2) 
PARAMETRIC_REPRESENTATION_CONTEXT() REPRESENTATION_CONTEXT('2D SPACE',''
  ) );
#257 = PCURVE('',#202,#258);
#258 = DEFINITIONAL_REPRESENTATION('',(#259),#263);
#259 = LINE('',#260,#261);
#260 = CARTESIAN_POINT('',(11.,0.));
#261 = VECTOR('',#262,1.);
#262 = DIRECTION('',(0.,-1.));
#263 = ( GEOMETRIC_REPRESENTATION_CONTEXT(2) 
PARAMETRIC_REPRESENTATION_CONTEXT() REPRESENTATION_CONTEXT('2D SPACE',''
  ) );
#264 = ORIENTED_EDGE('',*,*,#265,.T.);
#265 = EDGE_CURVE('',#243,#266,#268,.T.);
#266 = VERTEX_POINT('',#267);
#267 = CARTESIAN_POINT('',(13.589419162443,9.462435565298,19.));
#268 = SURFACE_CURVE('',#269,(#273,#280),.PCURVE_S1.);
#269 = LINE('',#270,#271);
#270 = CARTESIAN_POINT('',(6.661215932168,5.462435565298,19.));
#271 = VECTOR('',#272,1.);
#272 = DIRECTION('',(0.866025403784,0.5,0.));
#273 = PCURVE('',#126,#274);
#274 = DEFINITIONAL_REPRESENTATION('',(#275),#279);
#275 = LINE('',#276,#277);
#276 = CARTESIAN_POINT('',(0.423221249989,0.902334273433));
#277 = VECTOR('',#278,1.);
#278 = DIRECTION('',(0.965925826289,-0.258819045103));
#279 = ( GEOMETRIC_REPRESENTATION_CONTEXT(2) 
PARAMETRIC_REPRESENTATION_CONTEXT() REPRESENTATION_CONTEXT('2D SPACE',''
  ) );
#280 = PCURVE('',#281,#286);
#281 = PLANE('',#282);
#282 = AXIS2_PLACEMENT_3D('',#283,#284,#285);
#283 = CARTESIAN_POINT('',(6.661215932168,5.462435565298,8.));
#284 = DIRECTION('',(-0.5,0.866025403784,0.));
#285 = DIRECTION('',(0.,0.,1.));
#286 = DEFINITIONAL_REPRESENTATION('',(#287),#291);
#287 = LINE('',#288,#289);
#288 = CARTESIAN_POINT('',(11.,0.));
#289 = VECTOR('',#290,1.);
#290 = DIRECTION('',(0.,1.));
#291 = ( GEOMETRIC_REPRESENTATION_CONTEXT(2) 
PARAMETRIC_REPRESENTATION_CONTEXT() REPRESENTATION_CONTEXT('2D SPACE',''
  ) );
#292 = ORIENTED_EDGE('',*,*,#293,.T.);
#293 = EDGE_CURVE('',#266,#294,#296,.T.);
#294 = VERTEX_POINT('',#295);
#295 = CARTESIAN_POINT('',(12.989419162443,10.50166604984,19.));
#296 = SURFACE_CURVE('',#297,(#301,#308),.PCURVE_S1.);
#297 = LINE('',#298,#299);
#298 = CARTESIAN_POINT('',(13.589419162443,9.462435565298,19.));
#299 = VECTOR('',#300,1.);
#300 = DIRECTION('',(-0.5,0.866025403784,0.));
#301 = PCURVE('',#126,#302);
#302 = DEFINITIONAL_REPRESENTATION('',(#303),#307);
#303 = LINE('',#304,#305);
#304 = CARTESIAN_POINT('',(8.150627860301,-1.168218087387));
#305 = VECTOR('',#306,1.);
#306 = DIRECTION('',(0.258819045103,0.965925826289));
#307 = ( GEOMETRIC_REPRESENTATION_CONTEXT(2) 
PARAMETRIC_REPRESENTATION_CONTEXT() REPRESENTATION_CONTEXT('2D SPACE',''
  ) );
#308 = PCURVE('',#309,#314);
#309 = PLANE('',#310);
#310 = AXIS2_PLACEMENT_3D('',#311,#312,#313);
#311 = CARTESIAN_POINT('',(13.589419162443,9.462435565298,8.));
#312 = DIRECTION('',(0.866025403784,0.5,0.));
#313 = DIRECTION('',(0.,0.,1.));
#314 = DEFINITIONAL_REPRESENTATION('',(#315),#319);
#315 = LINE('',#316,#317);
#316 = CARTESIAN_POINT('',(11.,0.));
#317 = VECTOR('',#318,1.);
#318 = DIRECTION('',(0.,-1.));
#319 = ( GEOMETRIC_REPRESENTATION_CONTEXT(2) 
PARAMETRIC_REPRESENTATION_CONTEXT() REPRESENTATION_CONTEXT('2D SPACE',''
  ) );
#320 = ORIENTED_EDGE('',*,*,#321,.F.);
#321 = EDGE_CURVE('',#322,#294,#324,.T.);
#322 = VERTEX_POINT('',#323);
#323 = CARTESIAN_POINT('',(8.541319323633,7.93355441052,19.));
#324 = SURFACE_CURVE('',#325,(#329,#336),.PCURVE_S1.);
#325 = LINE('',#326,#327);
#326 = CARTESIAN_POINT('',(6.061215932168,6.50166604984,19.));
#327 = VECTOR('',#328,1.);
#328 = DIRECTION('',(0.866025403784,0.5,0.));
#329 = PCURVE('',#126,#330);
#330 = DEFINITIONAL_REPRESENTATION('',(#331),#335);
#331 = LINE('',#332,#333);
#332 = CARTESIAN_POINT('',(0.733804104112,2.06144526498));
#333 = VECTOR('',#334,1.);
#334 = DIRECTION('',(0.965925826289,-0.258819045103));
#335 = ( GEOMETRIC_REPRESENTATION_CONTEXT(2) 
PARAMETRIC_REPRESENTATION_CONTEXT() REPRESENTATION_CONTEXT('2D SPACE',''
  ) );
#336 = PCURVE('',#337,#342);
#337 = PLANE('',#338);
#338 = AXIS2_PLACEMENT_3D('',#339,#340,#341);
#339 = CARTESIAN_POINT('',(6.061215932168,6.50166604984,8.));
#340 = DIRECTION('',(-0.5,0.866025403784,0.));
#341 = DIRECTION('',(0.,0.,1.));
#342 = DEFINITIONAL_REPRESENTATION('',(#343),#347);
#343 = LINE('',#344,#345);
#344 = CARTESIAN_POINT('',(11.,0.));
#345 = VECTOR('',#346,1.);
#346 = DIRECTION('',(0.,1.));
#347 = ( GEOMETRIC_REPRESENTATION_CONTEXT(2) 
PARAMETRIC_REPRESENTATION_CONTEXT() REPRESENTATION_CONTEXT('2D SPACE',''
  ) );
#348 = ORIENTED_EDGE('',*,*,#349,.T.);
#349 = EDGE_CURVE('',#322,#218,#350,.T.);
#350 = SURFACE_CURVE('',#351,(#355,#362),.PCURVE_S1.);
#351 = LINE('',#352,#353);
#352 = CARTESIAN_POINT('',(9.474873734153,7.,19.));
#353 = VECTOR('',#354,1.);
#354 = DIRECTION('',(-0.707106781187,0.707106781187,0.));
#355 = PCURVE('',#126,#356);
#356 = DEFINITIONAL_REPRESENTATION('',(#357),#361);
#357 = LINE('',#358,#359);
#358 = CARTESIAN_POINT('',(3.5,4.440892098501E-16));
#359 = VECTOR('',#360,1.);
#360 = DIRECTION('',(0.,1.));
#361 = ( GEOMETRIC_REPRESENTATION_CONTEXT(2) 
PARAMETRIC_REPRESENTATION_CONTEXT() REPRESENTATION_CONTEXT('2D SPACE',''
  ) );
#362 = PCURVE('',#363,#368);
#363 = PLANE('',#364);
#364 = AXIS2_PLACEMENT_3D('',#365,#366,#367);
#365 = CARTESIAN_POINT('',(9.474873734153,7.,8.));
#366 = DIRECTION('',(0.707106781187,0.707106781187,0.));
#367 = DIRECTION('',(0.,0.,1.));
#368 = DEFINITIONAL_REPRESENTATION('',(#369),#373);
#369 = LINE('',#370,#371);
#370 = CARTESIAN_POINT('',(11.,0.));
#371 = VECTOR('',#372,1.);
#372 = DIRECTION('',(0.,-1.));
#373 = ( GEOMETRIC_REPRESENTATION_CONTEXT(2) 
PARAMETRIC_REPRESENTATION_CONTEXT() REPRESENTATION_CONTEXT('2D SPACE',''
  ) );
#374 = ADVANCED_FACE('',(#375),#100,.T.);
#375 = FACE_BOUND('',#376,.T.);
#376 = EDGE_LOOP('',(#377,#400,#401,#402));
#377 = ORIENTED_EDGE('',*,*,#378,.F.);
#378 = EDGE_CURVE('',#57,#379,#381,.T.);
#379 = VERTEX_POINT('',#380);
#380 = CARTESIAN_POINT('',(7.,9.474873734153,8.));
#381 = SURFACE_CURVE('',#382,(#386,#393),.PCURVE_S1.);
#382 = LINE('',#383,#384);
#383 = CARTESIAN_POINT('',(4.525126265847,7.,8.));
#384 = VECTOR('',#385,1.);
#385 = DIRECTION('',(0.707106781187,0.707106781187,0.));
#386 = PCURVE('',#100,#387);
#387 = DEFINITIONAL_REPRESENTATION('',(#388),#392);
#388 = LINE('',#389,#390);
#389 = CARTESIAN_POINT('',(0.,0.));
#390 = VECTOR('',#391,1.);
#391 = DIRECTION('',(0.,1.));
#392 = ( GEOMETRIC_REPRESENTATION_CONTEXT(2) 
PARAMETRIC_REPRESENTATION_CONTEXT() REPRESENTATION_CONTEXT('2D SPACE',''
  ) );
#393 = PCURVE('',#72,#394);
#394 = DEFINITIONAL_REPRESENTATION('',(#395),#399);
#395 = LINE('',#396,#397);
#396 = CARTESIAN_POINT('',(-4.440892098501E-16,3.5));
#397 = VECTOR('',#398,1.);
#398 = DIRECTION('',(1.,0.));
#399 = ( GEOMETRIC_REPRESENTATION_CONTEXT(2) 
PARAMETRIC_REPRESENTATION_CONTEXT() REPRESENTATION_CONTEXT('2D SPACE',''
  ) );
#400 = ORIENTED_EDGE('',*,*,#84,.T.);
#401 = ORIENTED_EDGE('',*,*,#217,.T.);
#402 = ORIENTED_EDGE('',*,*,#403,.F.);
#403 = EDGE_CURVE('',#379,#218,#404,.T.);
#404 = SURFACE_CURVE('',#405,(#409,#416),.PCURVE_S1.);
#405 = LINE('',#406,#407);
#406 = CARTESIAN_POINT('',(7.,9.474873734153,8.));
#407 = VECTOR('',#408,1.);
#408 = DIRECTION('',(0.,0.,1.));
#409 = PCURVE('',#100,#410);
#410 = DEFINITIONAL_REPRESENTATION('',(#411),#415);
#411 = LINE('',#412,#413);
#412 = CARTESIAN_POINT('',(0.,3.5));
#413 = VECTOR('',#414,1.);
#414 = DIRECTION('',(1.,0.));
#415 = ( GEOMETRIC_REPRESENTATION_CONTEXT(2) 
PARAMETRIC_REPRESENTATION_CONTEXT() REPRESENTATION_CONTEXT('2D SPACE',''
  ) );
#416 = PCURVE('',#363,#417);
#417 = DEFINITIONAL_REPRESENTATION('',(#418),#422);
#418 = LINE('',#419,#420);
#419 = CARTESIAN_POINT('',(0.,-3.5));
#420 = VECTOR('',#421,1.);
#421 = DIRECTION('',(1.,0.));
#422 = ( GEOMETRIC_REPRESENTATION_CONTEXT(2) 
PARAMETRIC_REPRESENTATION_CONTEXT() REPRESENTATION_CONTEXT('2D SPACE',''
  ) );
#423 = ADVANCED_FACE('',(#424),#72,.F.);
#424 = FACE_BOUND('',#425,.F.);
#425 = EDGE_LOOP('',(#426,#427,#428,#429,#452,#475,#498,#521));
#426 = ORIENTED_EDGE('',*,*,#378,.F.);
#427 = ORIENTED_EDGE('',*,*,#56,.F.);
#428 = ORIENTED_EDGE('',*,*,#141,.T.);
#429 = ORIENTED_EDGE('',*,*,#430,.T.);
#430 = EDGE_CURVE('',#142,#431,#433,.T.);
#431 = VERTEX_POINT('',#432);
#432 = CARTESIAN_POINT('',(9.419780292716,7.055093441437,8.));
#433 = SURFACE_CURVE('',#434,(#438,#445),.PCURVE_S1.);
#434 = LINE('',#435,#436);
#435 = CARTESIAN_POINT('',(9.474873734153,7.,8.));
#436 = VECTOR('',#437,1.);
#437 = DIRECTION('',(-0.707106781187,0.707106781187,0.));
#438 = PCURVE('',#72,#439);
#439 = DEFINITIONAL_REPRESENTATION('',(#440),#444);
#440 = LINE('',#441,#442);
#441 = CARTESIAN_POINT('',(3.5,4.440892098501E-16));
#442 = VECTOR('',#443,1.);
#443 = DIRECTION('',(0.,1.));
#444 = ( GEOMETRIC_REPRESENTATION_CONTEXT(2) 
PARAMETRIC_REPRESENTATION_CONTEXT() REPRESENTATION_CONTEXT('2D SPACE',''
  ) );
#445 = PCURVE('',#202,#446);
#446 = DEFINITIONAL_REPRESENTATION('',(#447),#451);
#447 = LINE('',#448,#449);
#448 = CARTESIAN_POINT('',(0.,0.));
#449 = VECTOR('',#450,1.);
#450 = DIRECTION('',(0.,-1.));
#451 = ( GEOMETRIC_REPRESENTATION_CONTEXT(2) 
PARAMETRIC_REPRESENTATION_CONTEXT() REPRESENTATION_CONTEXT('2D SPACE',''
  ) );
#452 = ORIENTED_EDGE('',*,*,#453,.T.);
#453 = EDGE_CURVE('',#431,#454,#456,.T.);
#454 = VERTEX_POINT('',#455);
#455 = CARTESIAN_POINT('',(13.589419162443,9.462435565298,8.));
#456 = SURFACE_CURVE('',#457,(#461,#468),.PCURVE_S1.);
#457 = LINE('',#458,#459);
#458 = CARTESIAN_POINT('',(6.661215932168,5.462435565298,8.));
#459 = VECTOR('',#460,1.);
#460 = DIRECTION('',(0.866025403784,0.5,0.));
#461 = PCURVE('',#72,#462);
#462 = DEFINITIONAL_REPRESENTATION('',(#463),#467);
#463 = LINE('',#464,#465);
#464 = CARTESIAN_POINT('',(0.423221249989,0.902334273433));
#465 = VECTOR('',#466,1.);
#466 = DIRECTION('',(0.965925826289,-0.258819045103));
#467 = ( GEOMETRIC_REPRESENTATION_CONTEXT(2) 
PARAMETRIC_REPRESENTATION_CONTEXT() REPRESENTATION_CONTEXT('2D SPACE',''
  ) );
#468 = PCURVE('',#281,#469);
#469 = DEFINITIONAL_REPRESENTATION('',(#470),#474);
#470 = LINE('',#471,#472);
#471 = CARTESIAN_POINT('',(0.,0.));
#472 = VECTOR('',#473,1.);
#473 = DIRECTION('',(0.,1.));
#474 = ( GEOMETRIC_REPRESENTATION_CONTEXT(2) 
PARAMETRIC_REPRESENTATION_CONTEXT() REPRESENTATION_CONTEXT('2D SPACE',''
  ) );
#475 = ORIENTED_EDGE('',*,*,#476,.T.);
#476 = EDGE_CURVE('',#454,#477,#479,.T.);
#477 = VERTEX_POINT('',#478);
#478 = CARTESIAN_POINT('',(12.989419162443,10.50166604984,8.));
#479 = SURFACE_CURVE('',#480,(#484,#491),.PCURVE_S1.);
#480 = LINE('',#481,#482);
#481 = CARTESIAN_POINT('',(13.589419162443,9.462435565298,8.));
#482 = VECTOR('',#483,1.);
#483 = DIRECTION('',(-0.5,0.866025403784,0.));
#484 = PCURVE('',#72,#485);
#485 = DEFINITIONAL_REPRESENTATION('',(#486),#490);
#486 = LINE('',#487,#488);
#487 = CARTESIAN_POINT('',(8.150627860301,-1.168218087387));
#488 = VECTOR('',#489,1.);
#489 = DIRECTION('',(0.258819045103,0.965925826289));
#490 = ( GEOMETRIC_REPRESENTATION_CONTEXT(2) 
PARAMETRIC_REPRESENTATION_CONTEXT() REPRESENTATION_CONTEXT('2D SPACE',''
  ) );
#491 = PCURVE('',#309,#492);
#492 = DEFINITIONAL_REPRESENTATION('',(#493),#497);
#493 = LINE('',#494,#495);
#494 = CARTESIAN_POINT('',(0.,0.));
#495 = VECTOR('',#496,1.);
#496 = DIRECTION('',(0.,-1.));
#497 = ( GEOMETRIC_REPRESENTATION_CONTEXT(2) 
PARAMETRIC_REPRESENTATION_CONTEXT() REPRESENTATION_CONTEXT('2D SPACE',''
  ) );
#498 = ORIENTED_EDGE('',*,*,#499,.F.);
#499 = EDGE_CURVE('',#500,#477,#502,.T.);
#500 = VERTEX_POINT('',#501);
#501 = CARTESIAN_POINT('',(8.541319323633,7.93355441052,8.));
#502 = SURFACE_CURVE('',#503,(#507,#514),.PCURVE_S1.);
#503 = LINE('',#504,#505);
#504 = CARTESIAN_POINT('',(6.061215932168,6.50166604984,8.));
#505 = VECTOR('',#506,1.);
#506 = DIRECTION('',(0.866025403784,0.5,0.));
#507 = PCURVE('',#72,#508);
#508 = DEFINITIONAL_REPRESENTATION('',(#509),#513);
#509 = LINE('',#510,#511);
#510 = CARTESIAN_POINT('',(0.733804104112,2.06144526498));
#511 = VECTOR('',#512,1.);
#512 = DIRECTION('',(0.965925826289,-0.258819045103));
#513 = ( GEOMETRIC_REPRESENTATION_CONTEXT(2) 
PARAMETRIC_REPRESENTATION_CONTEXT() REPRESENTATION_CONTEXT('2D SPACE',''
  ) );
#514 = PCURVE('',#337,#515);
#515 = DEFINITIONAL_REPRESENTATION('',(#516),#520);
#516 = LINE('',#517,#518);
#517 = CARTESIAN_POINT('',(0.,0.));
#518 = VECTOR('',#519,1.);
#519 = DIRECTION('',(0.,1.));
#520 = ( GEOMETRIC_REPRESENTATION_CONTEXT(2) 
PARAMETRIC_REPRESENTATION_CONTEXT() REPRESENTATION_CONTEXT('2D SPACE',''
  ) );
#521 = ORIENTED_EDGE('',*,*,#522,.T.);
#522 = EDGE_CURVE('',#500,#379,#523,.T.);
#523 = SURFACE_CURVE('',#524,(#528,#535),.PCURVE_S1.);
#524 = LINE('',#525,#526);
#525 = CARTESIAN_POINT('',(9.474873734153,7.,8.));
#526 = VECTOR('',#527,1.);
#527 = DIRECTION('',(-0.707106781187,0.707106781187,0.));
#528 = PCURVE('',#72,#529);
#529 = DEFINITIONAL_REPRESENTATION('',(#530),#534);
#530 = LINE('',#531,#532);
#531 = CARTESIAN_POINT('',(3.5,4.440892098501E-16));
#532 = VECTOR('',#533,1.);
#533 = DIRECTION('',(0.,1.));
#534 = ( GEOMETRIC_REPRESENTATION_CONTEXT(2) 
PARAMETRIC_REPRESENTATION_CONTEXT() REPRESENTATION_CONTEXT('2D SPACE',''
  ) );
#535 = PCURVE('',#363,#536);
#536 = DEFINITIONAL_REPRESENTATION('',(#537),#541);
#537 = LINE('',#538,#539);
#538 = CARTESIAN_POINT('',(0.,0.));
#539 = VECTOR('',#540,1.);
#540 = DIRECTION('',(0.,-1.));
#541 = ( GEOMETRIC_REPRESENTATION_CONTEXT(2) 
PARAMETRIC_REPRESENTATION_CONTEXT() REPRESENTATION_CONTEXT('2D SPACE',''
  ) );
#542 = ADVANCED_FACE('',(#543),#202,.T.);
#543 = FACE_BOUND('',#544,.T.);
#544 = EDGE_LOOP('',(#545,#546,#547,#548));
#545 = ORIENTED_EDGE('',*,*,#242,.F.);
#546 = ORIENTED_EDGE('',*,*,#188,.F.);
#547 = ORIENTED_EDGE('',*,*,#430,.T.);
#548 = ORIENTED_EDGE('',*,*,#549,.F.);
#549 = EDGE_CURVE('',#243,#431,#550,.T.);
#550 = SURFACE_CURVE('',#551,(#555,#561),.PCURVE_S1.);
#551 = LINE('',#552,#553);
#552 = CARTESIAN_POINT('',(9.419780292716,7.055093441437,8.));
#553 = VECTOR('',#554,1.);
#554 = DIRECTION('',(0.,0.,-1.));
#555 = PCURVE('',#202,#556);
#556 = DEFINITIONAL_REPRESENTATION('',(#557),#560);
#557 = B_SPLINE_CURVE_WITH_KNOTS('',1,(#558,#559),.UNSPECIFIED.,.F.,.F.,
  (2,2),(-11.,0.),.PIECEWISE_BEZIER_KNOTS.);
#558 = CARTESIAN_POINT('',(11.,-7.791389207857E-02));
#559 = CARTESIAN_POINT('',(0.,-7.791389207857E-02));
#560 = ( GEOMETRIC_REPRESENTATION_CONTEXT(2) 
PARAMETRIC_REPRESENTATION_CONTEXT() REPRESENTATION_CONTEXT('2D SPACE',''
  ) );
#561 = PCURVE('',#281,#562);
#562 = DEFINITIONAL_REPRESENTATION('',(#563),#566);
#563 = B_SPLINE_CURVE_WITH_KNOTS('',1,(#564,#565),.UNSPECIFIED.,.F.,.F.,
  (2,2),(-11.,0.),.PIECEWISE_BEZIER_KNOTS.);
#564 = CARTESIAN_POINT('',(11.,3.185315752278));
#565 = CARTESIAN_POINT('',(0.,3.185315752278));
#566 = ( GEOMETRIC_REPRESENTATION_CONTEXT(2) 
PARAMETRIC_REPRESENTATION_CONTEXT() REPRESENTATION_CONTEXT('2D SPACE',''
  ) );
#567 = ADVANCED_FACE('',(#568),#363,.T.);
#568 = FACE_BOUND('',#569,.T.);
#569 = EDGE_LOOP('',(#570,#571,#590,#591));
#570 = ORIENTED_EDGE('',*,*,#349,.F.);
#571 = ORIENTED_EDGE('',*,*,#572,.T.);
#572 = EDGE_CURVE('',#322,#500,#573,.T.);
#573 = SURFACE_CURVE('',#574,(#578,#584),.PCURVE_S1.);
#574 = LINE('',#575,#576);
#575 = CARTESIAN_POINT('',(8.541319323633,7.93355441052,8.));
#576 = VECTOR('',#577,1.);
#577 = DIRECTION('',(0.,0.,-1.));
#578 = PCURVE('',#363,#579);
#579 = DEFINITIONAL_REPRESENTATION('',(#580),#583);
#580 = B_SPLINE_CURVE_WITH_KNOTS('',1,(#581,#582),.UNSPECIFIED.,.F.,.F.,
  (2,2),(-11.,0.),.PIECEWISE_BEZIER_KNOTS.);
#581 = CARTESIAN_POINT('',(11.,-1.320245308571));
#582 = CARTESIAN_POINT('',(0.,-1.320245308571));
#583 = ( GEOMETRIC_REPRESENTATION_CONTEXT(2) 
PARAMETRIC_REPRESENTATION_CONTEXT() REPRESENTATION_CONTEXT('2D SPACE',''
  ) );
#584 = PCURVE('',#337,#585);
#585 = DEFINITIONAL_REPRESENTATION('',(#586),#589);
#586 = B_SPLINE_CURVE_WITH_KNOTS('',1,(#587,#588),.UNSPECIFIED.,.F.,.F.,
  (2,2),(-11.,0.),.PIECEWISE_BEZIER_KNOTS.);
#587 = CARTESIAN_POINT('',(11.,2.863776721361));
#588 = CARTESIAN_POINT('',(0.,2.863776721361));
#589 = ( GEOMETRIC_REPRESENTATION_CONTEXT(2) 
PARAMETRIC_REPRESENTATION_CONTEXT() REPRESENTATION_CONTEXT('2D SPACE',''
  ) );
#590 = ORIENTED_EDGE('',*,*,#522,.T.);
#591 = ORIENTED_EDGE('',*,*,#403,.T.);
#592 = ADVANCED_FACE('',(#593),#281,.F.);
#593 = FACE_BOUND('',#594,.F.);
#594 = EDGE_LOOP('',(#595,#596,#597,#598));
#595 = ORIENTED_EDGE('',*,*,#453,.F.);
#596 = ORIENTED_EDGE('',*,*,#549,.F.);
#597 = ORIENTED_EDGE('',*,*,#265,.T.);
#598 = ORIENTED_EDGE('',*,*,#599,.F.);
#599 = EDGE_CURVE('',#454,#266,#600,.T.);
#600 = SURFACE_CURVE('',#601,(#605,#612),.PCURVE_S1.);
#601 = LINE('',#602,#603);
#602 = CARTESIAN_POINT('',(13.589419162443,9.462435565298,8.));
#603 = VECTOR('',#604,1.);
#604 = DIRECTION('',(0.,0.,1.));
#605 = PCURVE('',#281,#606);
#606 = DEFINITIONAL_REPRESENTATION('',(#607),#611);
#607 = LINE('',#608,#609);
#608 = CARTESIAN_POINT('',(0.,8.));
#609 = VECTOR('',#610,1.);
#610 = DIRECTION('',(1.,0.));
#611 = ( GEOMETRIC_REPRESENTATION_CONTEXT(2) 
PARAMETRIC_REPRESENTATION_CONTEXT() REPRESENTATION_CONTEXT('2D SPACE',''
  ) );
#612 = PCURVE('',#309,#613);
#613 = DEFINITIONAL_REPRESENTATION('',(#614),#618);
#614 = LINE('',#615,#616);
#615 = CARTESIAN_POINT('',(0.,0.));
#616 = VECTOR('',#617,1.);
#617 = DIRECTION('',(1.,0.));
#618 = ( GEOMETRIC_REPRESENTATION_CONTEXT(2) 
PARAMETRIC_REPRESENTATION_CONTEXT() REPRESENTATION_CONTEXT('2D SPACE',''
  ) );
#619 = ADVANCED_FACE('',(#620),#337,.T.);
#620 = FACE_BOUND('',#621,.T.);
#621 = EDGE_LOOP('',(#622,#623,#624,#625));
#622 = ORIENTED_EDGE('',*,*,#499,.F.);
#623 = ORIENTED_EDGE('',*,*,#572,.F.);
#624 = ORIENTED_EDGE('',*,*,#321,.T.);
#625 = ORIENTED_EDGE('',*,*,#626,.F.);
#626 = EDGE_CURVE('',#477,#294,#627,.T.);
#627 = SURFACE_CURVE('',#628,(#632,#639),.PCURVE_S1.);
#628 = LINE('',#629,#630);
#629 = CARTESIAN_POINT('',(12.989419162443,10.50166604984,8.));
#630 = VECTOR('',#631,1.);
#631 = DIRECTION('',(0.,0.,1.));
#632 = PCURVE('',#337,#633);
#633 = DEFINITIONAL_REPRESENTATION('',(#634),#638);
#634 = LINE('',#635,#636);
#635 = CARTESIAN_POINT('',(0.,8.));
#636 = VECTOR('',#637,1.);
#637 = DIRECTION('',(1.,0.));
#638 = ( GEOMETRIC_REPRESENTATION_CONTEXT(2) 
PARAMETRIC_REPRESENTATION_CONTEXT() REPRESENTATION_CONTEXT('2D SPACE',''
  ) );
#639 = PCURVE('',#309,#640);
#640 = DEFINITIONAL_REPRESENTATION('',(#641),#645);
#641 = LINE('',#642,#643);
#642 = CARTESIAN_POINT('',(0.,-1.2));
#643 = VECTOR('',#644,1.);
#644 = DIRECTION('',(1.,0.));
#645 = ( GEOMETRIC_REPRESENTATION_CONTEXT(2) 
PARAMETRIC_REPRESENTATION_CONTEXT() REPRESENTATION_CONTEXT('2D SPACE',''
  ) );
#646 = ADVANCED_FACE('',(#647),#309,.T.);
#647 = FACE_BOUND('',#648,.T.);
#648 = EDGE_LOOP('',(#649,#650,#651,#652));
#649 = ORIENTED_EDGE('',*,*,#599,.F.);
#650 = ORIENTED_EDGE('',*,*,#476,.T.);
#651 = ORIENTED_EDGE('',*,*,#626,.T.);
#652 = ORIENTED_EDGE('',*,*,#293,.F.);
#653 = MANIFOLD_SOLID_BREP('',#654);
#654 = CLOSED_SHELL('',(#655,#775,#875,#922,#969,#976));
#655 = ADVANCED_FACE('',(#656),#670,.F.);
#656 = FACE_BOUND('',#657,.F.);
#657 = EDGE_LOOP('',(#658,#693,#721,#749));
#658 = ORIENTED_EDGE('',*,*,#659,.F.);
#659 = EDGE_CURVE('',#660,#662,#664,.T.);
#660 = VERTEX_POINT('',#661);
#661 = CARTESIAN_POINT('',(14.158546261218,-4.364070751306,8.));
#662 = VERTEX_POINT('',#663);
#663 = CARTESIAN_POINT('',(14.158546261218,-4.364070751306,19.));
#664 = SURFACE_CURVE('',#665,(#669,#681),.PCURVE_S1.);
#665 = LINE('',#666,#667);
#666 = CARTESIAN_POINT('',(14.158546261218,-4.364070751306,8.));
#667 = VECTOR('',#668,1.);
#668 = DIRECTION('',(0.,0.,1.));
#669 = PCURVE('',#670,#675);
#670 = PLANE('',#671);
#671 = AXIS2_PLACEMENT_3D('',#672,#673,#674);
#672 = CARTESIAN_POINT('',(14.158546261218,-4.364070751306,8.));
#673 = DIRECTION('',(0.996194698092,8.715574274766E-02,0.));
#674 = DIRECTION('',(0.,0.,1.));
#675 = DEFINITIONAL_REPRESENTATION('',(#676),#680);
#676 = LINE('',#677,#678);
#677 = CARTESIAN_POINT('',(0.,0.));
#678 = VECTOR('',#679,1.);
#679 = DIRECTION('',(1.,0.));
#680 = ( GEOMETRIC_REPRESENTATION_CONTEXT(2) 
PARAMETRIC_REPRESENTATION_CONTEXT() REPRESENTATION_CONTEXT('2D SPACE',''
  ) );
#681 = PCURVE('',#682,#687);
#682 = PLANE('',#683);
#683 = AXIS2_PLACEMENT_3D('',#684,#685,#686);
#684 = CARTESIAN_POINT('',(14.158546261218,-4.364070751306,8.));
#685 = DIRECTION('',(-8.715574274766E-02,0.996194698092,0.));
#686 = DIRECTION('',(0.,0.,1.));
#687 = DEFINITIONAL_REPRESENTATION('',(#688),#692);
#688 = LINE('',#689,#690);
#689 = CARTESIAN_POINT('',(0.,0.));
#690 = VECTOR('',#691,1.);
#691 = DIRECTION('',(1.,0.));
#692 = ( GEOMETRIC_REPRESENTATION_CONTEXT(2) 
PARAMETRIC_REPRESENTATION_CONTEXT() REPRESENTATION_CONTEXT('2D SPACE',''
  ) );
#693 = ORIENTED_EDGE('',*,*,#694,.T.);
#694 = EDGE_CURVE('',#660,#695,#697,.T.);
#695 = VERTEX_POINT('',#696);
#696 = CARTESIAN_POINT('',(14.071390518471,-3.367876053214,8.));
#697 = SURFACE_CURVE('',#698,(#702,#709),.PCURVE_S1.);
#698 = LINE('',#699,#700);
#699 = CARTESIAN_POINT('',(14.158546261218,-4.364070751306,8.));
#700 = VECTOR('',#701,1.);
#701 = DIRECTION('',(-8.715574274766E-02,0.996194698092,0.));
#702 = PCURVE('',#670,#703);
#703 = DEFINITIONAL_REPRESENTATION('',(#704),#708);
#704 = LINE('',#705,#706);
#705 = CARTESIAN_POINT('',(0.,0.));
#706 = VECTOR('',#707,1.);
#707 = DIRECTION('',(0.,-1.));
#708 = ( GEOMETRIC_REPRESENTATION_CONTEXT(2) 
PARAMETRIC_REPRESENTATION_CONTEXT() REPRESENTATION_CONTEXT('2D SPACE',''
  ) );
#709 = PCURVE('',#710,#715);
#710 = PLANE('',#711);
#711 = AXIS2_PLACEMENT_3D('',#712,#713,#714);
#712 = CARTESIAN_POINT('',(14.158546261218,-4.364070751306,8.));
#713 = DIRECTION('',(0.,0.,1.));
#714 = DIRECTION('',(0.996194698092,8.715574274766E-02,0.));
#715 = DEFINITIONAL_REPRESENTATION('',(#716),#720);
#716 = LINE('',#717,#718);
#717 = CARTESIAN_POINT('',(0.,0.));
#718 = VECTOR('',#719,1.);
#719 = DIRECTION('',(0.,1.));
#720 = ( GEOMETRIC_REPRESENTATION_CONTEXT(2) 
PARAMETRIC_REPRESENTATION_CONTEXT() REPRESENTATION_CONTEXT('2D SPACE',''
  ) );
#721 = ORIENTED_EDGE('',*,*,#722,.T.);
#722 = EDGE_CURVE('',#695,#723,#725,.T.);
#723 = VERTEX_POINT('',#724);
#724 = CARTESIAN_POINT('',(14.071390518471,-3.367876053214,19.));
#725 = SURFACE_CURVE('',#726,(#730,#737),.PCURVE_S1.);
#726 = LINE('',#727,#728);
#727 = CARTESIAN_POINT('',(14.071390518471,-3.367876053214,8.));
#728 = VECTOR('',#729,1.);
#729 = DIRECTION('',(0.,0.,1.));
#730 = PCURVE('',#670,#731);
#731 = DEFINITIONAL_REPRESENTATION('',(#732),#736);
#732 = LINE('',#733,#734);
#733 = CARTESIAN_POINT('',(0.,-1.));
#734 = VECTOR('',#735,1.);
#735 = DIRECTION('',(1.,0.));
#736 = ( GEOMETRIC_REPRESENTATION_CONTEXT(2) 
PARAMETRIC_REPRESENTATION_CONTEXT() REPRESENTATION_CONTEXT('2D SPACE',''
  ) );
#737 = PCURVE('',#738,#743);
#738 = PLANE('',#739);
#739 = AXIS2_PLACEMENT_3D('',#740,#741,#742);
#740 = CARTESIAN_POINT('',(14.071390518471,-3.367876053214,8.));
#741 = DIRECTION('',(-8.715574274766E-02,0.996194698092,0.));
#742 = DIRECTION('',(0.,0.,1.));
#743 = DEFINITIONAL_REPRESENTATION('',(#744),#748);
#744 = LINE('',#745,#746);
#745 = CARTESIAN_POINT('',(0.,0.));
#746 = VECTOR('',#747,1.);
#747 = DIRECTION('',(1.,0.));
#748 = ( GEOMETRIC_REPRESENTATION_CONTEXT(2) 
PARAMETRIC_REPRESENTATION_CONTEXT() REPRESENTATION_CONTEXT('2D SPACE',''
  ) );
#749 = ORIENTED_EDGE('',*,*,#750,.F.);
#750 = EDGE_CURVE('',#662,#723,#751,.T.);
#751 = SURFACE_CURVE('',#752,(#756,#763),.PCURVE_S1.);
#752 = LINE('',#753,#754);
#753 = CARTESIAN_POINT('',(14.158546261218,-4.364070751306,19.));
#754 = VECTOR('',#755,1.);
#755 = DIRECTION('',(-8.715574274766E-02,0.996194698092,0.));
#756 = PCURVE('',#670,#757);
#757 = DEFINITIONAL_REPRESENTATION('',(#758),#762);
#758 = LINE('',#759,#760);
#759 = CARTESIAN_POINT('',(11.,0.));
#760 = VECTOR('',#761,1.);
#761 = DIRECTION('',(0.,-1.));
#762 = ( GEOMETRIC_REPRESENTATION_CONTEXT(2) 
PARAMETRIC_REPRESENTATION_CONTEXT() REPRESENTATION_CONTEXT('2D SPACE',''
  ) );
#763 = PCURVE('',#764,#769);
#764 = PLANE('',#765);
#765 = AXIS2_PLACEMENT_3D('',#766,#767,#768);
#766 = CARTESIAN_POINT('',(14.158546261218,-4.364070751306,19.));
#767 = DIRECTION('',(0.,0.,1.));
#768 = DIRECTION('',(0.996194698092,8.715574274766E-02,0.));
#769 = DEFINITIONAL_REPRESENTATION('',(#770),#774);
#770 = LINE('',#771,#772);
#771 = CARTESIAN_POINT('',(0.,0.));
#772 = VECTOR('',#773,1.);
#773 = DIRECTION('',(0.,1.));
#774 = ( GEOMETRIC_REPRESENTATION_CONTEXT(2) 
PARAMETRIC_REPRESENTATION_CONTEXT() REPRESENTATION_CONTEXT('2D SPACE',''
  ) );
#775 = ADVANCED_FACE('',(#776),#790,.T.);
#776 = FACE_BOUND('',#777,.T.);
#777 = EDGE_LOOP('',(#778,#808,#831,#854));
#778 = ORIENTED_EDGE('',*,*,#779,.F.);
#779 = EDGE_CURVE('',#780,#782,#784,.T.);
#780 = VERTEX_POINT('',#781);
#781 = CARTESIAN_POINT('',(18.641422402631,-3.971869908941,8.));
#782 = VERTEX_POINT('',#783);
#783 = CARTESIAN_POINT('',(18.641422402631,-3.971869908941,19.));
#784 = SURFACE_CURVE('',#785,(#789,#801),.PCURVE_S1.);
#785 = LINE('',#786,#787);
#786 = CARTESIAN_POINT('',(18.641422402631,-3.971869908941,8.));
#787 = VECTOR('',#788,1.);
#788 = DIRECTION('',(0.,0.,1.));
#789 = PCURVE('',#790,#795);
#790 = PLANE('',#791);
#791 = AXIS2_PLACEMENT_3D('',#792,#793,#794);
#792 = CARTESIAN_POINT('',(18.641422402631,-3.971869908941,8.));
#793 = DIRECTION('',(0.996194698092,8.715574274766E-02,0.));
#794 = DIRECTION('',(0.,0.,1.));
#795 = DEFINITIONAL_REPRESENTATION('',(#796),#800);
#796 = LINE('',#797,#798);
#797 = CARTESIAN_POINT('',(0.,0.));
#798 = VECTOR('',#799,1.);
#799 = DIRECTION('',(1.,0.));
#800 = ( GEOMETRIC_REPRESENTATION_CONTEXT(2) 
PARAMETRIC_REPRESENTATION_CONTEXT() REPRESENTATION_CONTEXT('2D SPACE',''
  ) );
#801 = PCURVE('',#682,#802);
#802 = DEFINITIONAL_REPRESENTATION('',(#803),#807);
#803 = LINE('',#804,#805);
#804 = CARTESIAN_POINT('',(0.,4.5));
#805 = VECTOR('',#806,1.);
#806 = DIRECTION('',(1.,0.));
#807 = ( GEOMETRIC_REPRESENTATION_CONTEXT(2) 
PARAMETRIC_REPRESENTATION_CONTEXT() REPRESENTATION_CONTEXT('2D SPACE',''
  ) );
#808 = ORIENTED_EDGE('',*,*,#809,.T.);
#809 = EDGE_CURVE('',#780,#810,#812,.T.);
#810 = VERTEX_POINT('',#811);
#811 = CARTESIAN_POINT('',(18.554266659884,-2.97567521085,8.));
#812 = SURFACE_CURVE('',#813,(#817,#824),.PCURVE_S1.);
#813 = LINE('',#814,#815);
#814 = CARTESIAN_POINT('',(18.641422402631,-3.971869908941,8.));
#815 = VECTOR('',#816,1.);
#816 = DIRECTION('',(-8.715574274766E-02,0.996194698092,0.));
#817 = PCURVE('',#790,#818);
#818 = DEFINITIONAL_REPRESENTATION('',(#819),#823);
#819 = LINE('',#820,#821);
#820 = CARTESIAN_POINT('',(0.,0.));
#821 = VECTOR('',#822,1.);
#822 = DIRECTION('',(0.,-1.));
#823 = ( GEOMETRIC_REPRESENTATION_CONTEXT(2) 
PARAMETRIC_REPRESENTATION_CONTEXT() REPRESENTATION_CONTEXT('2D SPACE',''
  ) );
#824 = PCURVE('',#710,#825);
#825 = DEFINITIONAL_REPRESENTATION('',(#826),#830);
#826 = LINE('',#827,#828);
#827 = CARTESIAN_POINT('',(4.5,0.));
#828 = VECTOR('',#829,1.);
#829 = DIRECTION('',(0.,1.));
#830 = ( GEOMETRIC_REPRESENTATION_CONTEXT(2) 
PARAMETRIC_REPRESENTATION_CONTEXT() REPRESENTATION_CONTEXT('2D SPACE',''
  ) );
#831 = ORIENTED_EDGE('',*,*,#832,.T.);
#832 = EDGE_CURVE('',#810,#833,#835,.T.);
#833 = VERTEX_POINT('',#834);
#834 = CARTESIAN_POINT('',(18.554266659884,-2.97567521085,19.));
#835 = SURFACE_CURVE('',#836,(#840,#847),.PCURVE_S1.);
#836 = LINE('',#837,#838);
#837 = CARTESIAN_POINT('',(18.554266659884,-2.97567521085,8.));
#838 = VECTOR('',#839,1.);
#839 = DIRECTION('',(0.,0.,1.));
#840 = PCURVE('',#790,#841);
#841 = DEFINITIONAL_REPRESENTATION('',(#842),#846);
#842 = LINE('',#843,#844);
#843 = CARTESIAN_POINT('',(0.,-1.));
#844 = VECTOR('',#845,1.);
#845 = DIRECTION('',(1.,0.));
#846 = ( GEOMETRIC_REPRESENTATION_CONTEXT(2) 
PARAMETRIC_REPRESENTATION_CONTEXT() REPRESENTATION_CONTEXT('2D SPACE',''
  ) );
#847 = PCURVE('',#738,#848);
#848 = DEFINITIONAL_REPRESENTATION('',(#849),#853);
#849 = LINE('',#850,#851);
#850 = CARTESIAN_POINT('',(0.,4.5));
#851 = VECTOR('',#852,1.);
#852 = DIRECTION('',(1.,0.));
#853 = ( GEOMETRIC_REPRESENTATION_CONTEXT(2) 
PARAMETRIC_REPRESENTATION_CONTEXT() REPRESENTATION_CONTEXT('2D SPACE',''
  ) );
#854 = ORIENTED_EDGE('',*,*,#855,.F.);
#855 = EDGE_CURVE('',#782,#833,#856,.T.);
#856 = SURFACE_CURVE('',#857,(#861,#868),.PCURVE_S1.);
#857 = LINE('',#858,#859);
#858 = CARTESIAN_POINT('',(18.641422402631,-3.971869908941,19.));
#859 = VECTOR('',#860,1.);
#860 = DIRECTION('',(-8.715574274766E-02,0.996194698092,0.));
#861 = PCURVE('',#790,#862);
#862 = DEFINITIONAL_REPRESENTATION('',(#863),#867);
#863 = LINE('',#864,#865);
#864 = CARTESIAN_POINT('',(11.,0.));
#865 = VECTOR('',#866,1.);
#866 = DIRECTION('',(0.,-1.));
#867 = ( GEOMETRIC_REPRESENTATION_CONTEXT(2) 
PARAMETRIC_REPRESENTATION_CONTEXT() REPRESENTATION_CONTEXT('2D SPACE',''
  ) );
#868 = PCURVE('',#764,#869);
#869 = DEFINITIONAL_REPRESENTATION('',(#870),#874);
#870 = LINE('',#871,#872);
#871 = CARTESIAN_POINT('',(4.5,0.));
#872 = VECTOR('',#873,1.);
#873 = DIRECTION('',(0.,1.));
#874 = ( GEOMETRIC_REPRESENTATION_CONTEXT(2) 
PARAMETRIC_REPRESENTATION_CONTEXT() REPRESENTATION_CONTEXT('2D SPACE',''
  ) );
#875 = ADVANCED_FACE('',(#876),#682,.F.);
#876 = FACE_BOUND('',#877,.F.);
#877 = EDGE_LOOP('',(#878,#899,#900,#921));
#878 = ORIENTED_EDGE('',*,*,#879,.F.);
#879 = EDGE_CURVE('',#660,#780,#880,.T.);
#880 = SURFACE_CURVE('',#881,(#885,#892),.PCURVE_S1.);
#881 = LINE('',#882,#883);
#882 = CARTESIAN_POINT('',(14.158546261218,-4.364070751306,8.));
#883 = VECTOR('',#884,1.);
#884 = DIRECTION('',(0.996194698092,8.715574274766E-02,0.));
#885 = PCURVE('',#682,#886);
#886 = DEFINITIONAL_REPRESENTATION('',(#887),#891);
#887 = LINE('',#888,#889);
#888 = CARTESIAN_POINT('',(0.,0.));
#889 = VECTOR('',#890,1.);
#890 = DIRECTION('',(0.,1.));
#891 = ( GEOMETRIC_REPRESENTATION_CONTEXT(2) 
PARAMETRIC_REPRESENTATION_CONTEXT() REPRESENTATION_CONTEXT('2D SPACE',''
  ) );
#892 = PCURVE('',#710,#893);
#893 = DEFINITIONAL_REPRESENTATION('',(#894),#898);
#894 = LINE('',#895,#896);
#895 = CARTESIAN_POINT('',(0.,0.));
#896 = VECTOR('',#897,1.);
#897 = DIRECTION('',(1.,0.));
#898 = ( GEOMETRIC_REPRESENTATION_CONTEXT(2) 
PARAMETRIC_REPRESENTATION_CONTEXT() REPRESENTATION_CONTEXT('2D SPACE',''
  ) );
#899 = ORIENTED_EDGE('',*,*,#659,.T.);
#900 = ORIENTED_EDGE('',*,*,#901,.T.);
#901 = EDGE_CURVE('',#662,#782,#902,.T.);
#902 = SURFACE_CURVE('',#903,(#907,#914),.PCURVE_S1.);
#903 = LINE('',#904,#905);
#904 = CARTESIAN_POINT('',(14.158546261218,-4.364070751306,19.));
#905 = VECTOR('',#906,1.);
#906 = DIRECTION('',(0.996194698092,8.715574274766E-02,0.));
#907 = PCURVE('',#682,#908);
#908 = DEFINITIONAL_REPRESENTATION('',(#909),#913);
#909 = LINE('',#910,#911);
#910 = CARTESIAN_POINT('',(11.,0.));
#911 = VECTOR('',#912,1.);
#912 = DIRECTION('',(0.,1.));
#913 = ( GEOMETRIC_REPRESENTATION_CONTEXT(2) 
PARAMETRIC_REPRESENTATION_CONTEXT() REPRESENTATION_CONTEXT('2D SPACE',''
  ) );
#914 = PCURVE('',#764,#915);
#915 = DEFINITIONAL_REPRESENTATION('',(#916),#920);
#916 = LINE('',#917,#918);
#917 = CARTESIAN_POINT('',(0.,0.));
#918 = VECTOR('',#919,1.);
#919 = DIRECTION('',(1.,0.));
#920 = ( GEOMETRIC_REPRESENTATION_CONTEXT(2) 
PARAMETRIC_REPRESENTATION_CONTEXT() REPRESENTATION_CONTEXT('2D SPACE',''
  ) );
#921 = ORIENTED_EDGE('',*,*,#779,.F.);
#922 = ADVANCED_FACE('',(#923),#738,.T.);
#923 = FACE_BOUND('',#924,.T.);
#924 = EDGE_LOOP('',(#925,#946,#947,#968));
#925 = ORIENTED_EDGE('',*,*,#926,.F.);
#926 = EDGE_CURVE('',#695,#810,#927,.T.);
#927 = SURFACE_CURVE('',#928,(#932,#939),.PCURVE_S1.);
#928 = LINE('',#929,#930);
#929 = CARTESIAN_POINT('',(14.071390518471,-3.367876053214,8.));
#930 = VECTOR('',#931,1.);
#931 = DIRECTION('',(0.996194698092,8.715574274766E-02,0.));
#932 = PCURVE('',#738,#933);
#933 = DEFINITIONAL_REPRESENTATION('',(#934),#938);
#934 = LINE('',#935,#936);
#935 = CARTESIAN_POINT('',(0.,0.));
#936 = VECTOR('',#937,1.);
#937 = DIRECTION('',(0.,1.));
#938 = ( GEOMETRIC_REPRESENTATION_CONTEXT(2) 
PARAMETRIC_REPRESENTATION_CONTEXT() REPRESENTATION_CONTEXT('2D SPACE',''
  ) );
#939 = PCURVE('',#710,#940);
#940 = DEFINITIONAL_REPRESENTATION('',(#941),#945);
#941 = LINE('',#942,#943);
#942 = CARTESIAN_POINT('',(0.,1.));
#943 = VECTOR('',#944,1.);
#944 = DIRECTION('',(1.,0.));
#945 = ( GEOMETRIC_REPRESENTATION_CONTEXT(2) 
PARAMETRIC_REPRESENTATION_CONTEXT() REPRESENTATION_CONTEXT('2D SPACE',''
  ) );
#946 = ORIENTED_EDGE('',*,*,#722,.T.);
#947 = ORIENTED_EDGE('',*,*,#948,.T.);
#948 = EDGE_CURVE('',#723,#833,#949,.T.);
#949 = SURFACE_CURVE('',#950,(#954,#961),.PCURVE_S1.);
#950 = LINE('',#951,#952);
#951 = CARTESIAN_POINT('',(14.071390518471,-3.367876053214,19.));
#952 = VECTOR('',#953,1.);
#953 = DIRECTION('',(0.996194698092,8.715574274766E-02,0.));
#954 = PCURVE('',#738,#955);
#955 = DEFINITIONAL_REPRESENTATION('',(#956),#960);
#956 = LINE('',#957,#958);
#957 = CARTESIAN_POINT('',(11.,0.));
#958 = VECTOR('',#959,1.);
#959 = DIRECTION('',(0.,1.));
#960 = ( GEOMETRIC_REPRESENTATION_CONTEXT(2) 
PARAMETRIC_REPRESENTATION_CONTEXT() REPRESENTATION_CONTEXT('2D SPACE',''
  ) );
#961 = PCURVE('',#764,#962);
#962 = DEFINITIONAL_REPRESENTATION('',(#963),#967);
#963 = LINE('',#964,#965);
#964 = CARTESIAN_POINT('',(0.,1.));
#965 = VECTOR('',#966,1.);
#966 = DIRECTION('',(1.,0.));
#967 = ( GEOMETRIC_REPRESENTATION_CONTEXT(2) 
PARAMETRIC_REPRESENTATION_CONTEXT() REPRESENTATION_CONTEXT('2D SPACE',''
  ) );
#968 = ORIENTED_EDGE('',*,*,#832,.F.);
#969 = ADVANCED_FACE('',(#970),#710,.F.);
#970 = FACE_BOUND('',#971,.F.);
#971 = EDGE_LOOP('',(#972,#973,#974,#975));
#972 = ORIENTED_EDGE('',*,*,#694,.F.);
#973 = ORIENTED_EDGE('',*,*,#879,.T.);
#974 = ORIENTED_EDGE('',*,*,#809,.T.);
#975 = ORIENTED_EDGE('',*,*,#926,.F.);
#976 = ADVANCED_FACE('',(#977),#764,.T.);
#977 = FACE_BOUND('',#978,.T.);
#978 = EDGE_LOOP('',(#979,#980,#981,#982));
#979 = ORIENTED_EDGE('',*,*,#750,.F.);
#980 = ORIENTED_EDGE('',*,*,#901,.T.);
#981 = ORIENTED_EDGE('',*,*,#855,.T.);
#982 = ORIENTED_EDGE('',*,*,#948,.F.);
#983 = MANIFOLD_SOLID_BREP('',#984);
#984 = CLOSED_SHELL('',(#985,#1105,#1205,#1252,#1299,#1306));
#985 = ADVANCED_FACE('',(#986),#1000,.F.);
#986 = FACE_BOUND('',#987,.F.);
#987 = EDGE_LOOP('',(#988,#1023,#1051,#1079));
#988 = ORIENTED_EDGE('',*,*,#989,.F.);
#989 = EDGE_CURVE('',#990,#992,#994,.T.);
#990 = VERTEX_POINT('',#991);
#991 = CARTESIAN_POINT('',(8.061215932168,-3.037564434702,8.));
#992 = VERTEX_POINT('',#993);
#993 = CARTESIAN_POINT('',(8.061215932168,-3.037564434702,19.));
#994 = SURFACE_CURVE('',#995,(#999,#1011),.PCURVE_S1.);
#995 = LINE('',#996,#997);
#996 = CARTESIAN_POINT('',(8.061215932168,-3.037564434702,8.));
#997 = VECTOR('',#998,1.);
#998 = DIRECTION('',(0.,0.,1.));
#999 = PCURVE('',#1000,#1005);
#1000 = PLANE('',#1001);
#1001 = AXIS2_PLACEMENT_3D('',#1002,#1003,#1004);
#1002 = CARTESIAN_POINT('',(8.061215932168,-3.037564434702,8.));
#1003 = DIRECTION('',(0.866025403784,-0.5,0.));
#1004 = DIRECTION('',(0.,0.,1.));
#1005 = DEFINITIONAL_REPRESENTATION('',(#1006),#1010);
#1006 = LINE('',#1007,#1008);
#1007 = CARTESIAN_POINT('',(0.,0.));
#1008 = VECTOR('',#1009,1.);
#1009 = DIRECTION('',(1.,0.));
#1010 = ( GEOMETRIC_REPRESENTATION_CONTEXT(2) 
PARAMETRIC_REPRESENTATION_CONTEXT() REPRESENTATION_CONTEXT('2D SPACE',''
  ) );
#1011 = PCURVE('',#1012,#1017);
#1012 = PLANE('',#1013);
#1013 = AXIS2_PLACEMENT_3D('',#1014,#1015,#1016);
#1014 = CARTESIAN_POINT('',(8.061215932168,-3.037564434702,8.));
#1015 = DIRECTION('',(0.5,0.866025403784,0.));
#1016 = DIRECTION('',(0.,0.,1.));
#1017 = DEFINITIONAL_REPRESENTATION('',(#1018),#1022);
#1018 = LINE('',#1019,#1020);
#1019 = CARTESIAN_POINT('',(0.,0.));
#1020 = VECTOR('',#1021,1.);
#1021 = DIRECTION('',(1.,0.));
#1022 = ( GEOMETRIC_REPRESENTATION_CONTEXT(2) 
PARAMETRIC_REPRESENTATION_CONTEXT() REPRESENTATION_CONTEXT('2D SPACE',''
  ) );
#1023 = ORIENTED_EDGE('',*,*,#1024,.T.);
#1024 = EDGE_CURVE('',#990,#1025,#1027,.T.);
#1025 = VERTEX_POINT('',#1026);
#1026 = CARTESIAN_POINT('',(8.661215932168,-1.99833395016,8.));
#1027 = SURFACE_CURVE('',#1028,(#1032,#1039),.PCURVE_S1.);
#1028 = LINE('',#1029,#1030);
#1029 = CARTESIAN_POINT('',(8.061215932168,-3.037564434702,8.));
#1030 = VECTOR('',#1031,1.);
#1031 = DIRECTION('',(0.5,0.866025403784,0.));
#1032 = PCURVE('',#1000,#1033);
#1033 = DEFINITIONAL_REPRESENTATION('',(#1034),#1038);
#1034 = LINE('',#1035,#1036);
#1035 = CARTESIAN_POINT('',(0.,0.));
#1036 = VECTOR('',#1037,1.);
#1037 = DIRECTION('',(0.,-1.));
#1038 = ( GEOMETRIC_REPRESENTATION_CONTEXT(2) 
PARAMETRIC_REPRESENTATION_CONTEXT() REPRESENTATION_CONTEXT('2D SPACE',''
  ) );
#1039 = PCURVE('',#1040,#1045);
#1040 = PLANE('',#1041);
#1041 = AXIS2_PLACEMENT_3D('',#1042,#1043,#1044);
#1042 = CARTESIAN_POINT('',(8.061215932168,-3.037564434702,8.));
#1043 = DIRECTION('',(0.,0.,1.));
#1044 = DIRECTION('',(0.866025403784,-0.5,0.));
#1045 = DEFINITIONAL_REPRESENTATION('',(#1046),#1050);
#1046 = LINE('',#1047,#1048);
#1047 = CARTESIAN_POINT('',(0.,0.));
#1048 = VECTOR('',#1049,1.);
#1049 = DIRECTION('',(0.,1.));
#1050 = ( GEOMETRIC_REPRESENTATION_CONTEXT(2) 
PARAMETRIC_REPRESENTATION_CONTEXT() REPRESENTATION_CONTEXT('2D SPACE',''
  ) );
#1051 = ORIENTED_EDGE('',*,*,#1052,.T.);
#1052 = EDGE_CURVE('',#1025,#1053,#1055,.T.);
#1053 = VERTEX_POINT('',#1054);
#1054 = CARTESIAN_POINT('',(8.661215932168,-1.99833395016,19.));
#1055 = SURFACE_CURVE('',#1056,(#1060,#1067),.PCURVE_S1.);
#1056 = LINE('',#1057,#1058);
#1057 = CARTESIAN_POINT('',(8.661215932168,-1.99833395016,8.));
#1058 = VECTOR('',#1059,1.);
#1059 = DIRECTION('',(0.,0.,1.));
#1060 = PCURVE('',#1000,#1061);
#1061 = DEFINITIONAL_REPRESENTATION('',(#1062),#1066);
#1062 = LINE('',#1063,#1064);
#1063 = CARTESIAN_POINT('',(0.,-1.2));
#1064 = VECTOR('',#1065,1.);
#1065 = DIRECTION('',(1.,0.));
#1066 = ( GEOMETRIC_REPRESENTATION_CONTEXT(2) 
PARAMETRIC_REPRESENTATION_CONTEXT() REPRESENTATION_CONTEXT('2D SPACE',''
  ) );
#1067 = PCURVE('',#1068,#1073);
#1068 = PLANE('',#1069);
#1069 = AXIS2_PLACEMENT_3D('',#1070,#1071,#1072);
#1070 = CARTESIAN_POINT('',(8.661215932168,-1.99833395016,8.));
#1071 = DIRECTION('',(0.5,0.866025403784,0.));
#1072 = DIRECTION('',(0.,0.,1.));
#1073 = DEFINITIONAL_REPRESENTATION('',(#1074),#1078);
#1074 = LINE('',#1075,#1076);
#1075 = CARTESIAN_POINT('',(0.,0.));
#1076 = VECTOR('',#1077,1.);
#1077 = DIRECTION('',(1.,0.));
#1078 = ( GEOMETRIC_REPRESENTATION_CONTEXT(2) 
PARAMETRIC_REPRESENTATION_CONTEXT() REPRESENTATION_CONTEXT('2D SPACE',''
  ) );
#1079 = ORIENTED_EDGE('',*,*,#1080,.F.);
#1080 = EDGE_CURVE('',#992,#1053,#1081,.T.);
#1081 = SURFACE_CURVE('',#1082,(#1086,#1093),.PCURVE_S1.);
#1082 = LINE('',#1083,#1084);
#1083 = CARTESIAN_POINT('',(8.061215932168,-3.037564434702,19.));
#1084 = VECTOR('',#1085,1.);
#1085 = DIRECTION('',(0.5,0.866025403784,0.));
#1086 = PCURVE('',#1000,#1087);
#1087 = DEFINITIONAL_REPRESENTATION('',(#1088),#1092);
#1088 = LINE('',#1089,#1090);
#1089 = CARTESIAN_POINT('',(11.,0.));
#1090 = VECTOR('',#1091,1.);
#1091 = DIRECTION('',(0.,-1.));
#1092 = ( GEOMETRIC_REPRESENTATION_CONTEXT(2) 
PARAMETRIC_REPRESENTATION_CONTEXT() REPRESENTATION_CONTEXT('2D SPACE',''
  ) );
#1093 = PCURVE('',#1094,#1099);
#1094 = PLANE('',#1095);
#1095 = AXIS2_PLACEMENT_3D('',#1096,#1097,#1098);
#1096 = CARTESIAN_POINT('',(8.061215932168,-3.037564434702,19.));
#1097 = DIRECTION('',(0.,0.,1.));
#1098 = DIRECTION('',(0.866025403784,-0.5,0.));
#1099 = DEFINITIONAL_REPRESENTATION('',(#1100),#1104);
#1100 = LINE('',#1101,#1102);
#1101 = CARTESIAN_POINT('',(0.,0.));
#1102 = VECTOR('',#1103,1.);
#1103 = DIRECTION('',(0.,1.));
#1104 = ( GEOMETRIC_REPRESENTATION_CONTEXT(2) 
PARAMETRIC_REPRESENTATION_CONTEXT() REPRESENTATION_CONTEXT('2D SPACE',''
  ) );
#1105 = ADVANCED_FACE('',(#1106),#1120,.T.);
#1106 = FACE_BOUND('',#1107,.T.);
#1107 = EDGE_LOOP('',(#1108,#1138,#1161,#1184));
#1108 = ORIENTED_EDGE('',*,*,#1109,.F.);
#1109 = EDGE_CURVE('',#1110,#1112,#1114,.T.);
#1110 = VERTEX_POINT('',#1111);
#1111 = CARTESIAN_POINT('',(14.989419162443,-7.037564434702,8.));
#1112 = VERTEX_POINT('',#1113);
#1113 = CARTESIAN_POINT('',(14.989419162443,-7.037564434702,19.));
#1114 = SURFACE_CURVE('',#1115,(#1119,#1131),.PCURVE_S1.);
#1115 = LINE('',#1116,#1117);
#1116 = CARTESIAN_POINT('',(14.989419162443,-7.037564434702,8.));
#1117 = VECTOR('',#1118,1.);
#1118 = DIRECTION('',(0.,0.,1.));
#1119 = PCURVE('',#1120,#1125);
#1120 = PLANE('',#1121);
#1121 = AXIS2_PLACEMENT_3D('',#1122,#1123,#1124);
#1122 = CARTESIAN_POINT('',(14.989419162443,-7.037564434702,8.));
#1123 = DIRECTION('',(0.866025403784,-0.5,0.));
#1124 = DIRECTION('',(0.,0.,1.));
#1125 = DEFINITIONAL_REPRESENTATION('',(#1126),#1130);
#1126 = LINE('',#1127,#1128);
#1127 = CARTESIAN_POINT('',(0.,0.));
#1128 = VECTOR('',#1129,1.);
#1129 = DIRECTION('',(1.,0.));
#1130 = ( GEOMETRIC_REPRESENTATION_CONTEXT(2) 
PARAMETRIC_REPRESENTATION_CONTEXT() REPRESENTATION_CONTEXT('2D SPACE',''
  ) );
#1131 = PCURVE('',#1012,#1132);
#1132 = DEFINITIONAL_REPRESENTATION('',(#1133),#1137);
#1133 = LINE('',#1134,#1135);
#1134 = CARTESIAN_POINT('',(0.,8.));
#1135 = VECTOR('',#1136,1.);
#1136 = DIRECTION('',(1.,0.));
#1137 = ( GEOMETRIC_REPRESENTATION_CONTEXT(2) 
PARAMETRIC_REPRESENTATION_CONTEXT() REPRESENTATION_CONTEXT('2D SPACE',''
  ) );
#1138 = ORIENTED_EDGE('',*,*,#1139,.T.);
#1139 = EDGE_CURVE('',#1110,#1140,#1142,.T.);
#1140 = VERTEX_POINT('',#1141);
#1141 = CARTESIAN_POINT('',(15.589419162443,-5.99833395016,8.));
#1142 = SURFACE_CURVE('',#1143,(#1147,#1154),.PCURVE_S1.);
#1143 = LINE('',#1144,#1145);
#1144 = CARTESIAN_POINT('',(14.989419162443,-7.037564434702,8.));
#1145 = VECTOR('',#1146,1.);
#1146 = DIRECTION('',(0.5,0.866025403784,0.));
#1147 = PCURVE('',#1120,#1148);
#1148 = DEFINITIONAL_REPRESENTATION('',(#1149),#1153);
#1149 = LINE('',#1150,#1151);
#1150 = CARTESIAN_POINT('',(0.,0.));
#1151 = VECTOR('',#1152,1.);
#1152 = DIRECTION('',(0.,-1.));
#1153 = ( GEOMETRIC_REPRESENTATION_CONTEXT(2) 
PARAMETRIC_REPRESENTATION_CONTEXT() REPRESENTATION_CONTEXT('2D SPACE',''
  ) );
#1154 = PCURVE('',#1040,#1155);
#1155 = DEFINITIONAL_REPRESENTATION('',(#1156),#1160);
#1156 = LINE('',#1157,#1158);
#1157 = CARTESIAN_POINT('',(8.,0.));
#1158 = VECTOR('',#1159,1.);
#1159 = DIRECTION('',(0.,1.));
#1160 = ( GEOMETRIC_REPRESENTATION_CONTEXT(2) 
PARAMETRIC_REPRESENTATION_CONTEXT() REPRESENTATION_CONTEXT('2D SPACE',''
  ) );
#1161 = ORIENTED_EDGE('',*,*,#1162,.T.);
#1162 = EDGE_CURVE('',#1140,#1163,#1165,.T.);
#1163 = VERTEX_POINT('',#1164);
#1164 = CARTESIAN_POINT('',(15.589419162443,-5.99833395016,19.));
#1165 = SURFACE_CURVE('',#1166,(#1170,#1177),.PCURVE_S1.);
#1166 = LINE('',#1167,#1168);
#1167 = CARTESIAN_POINT('',(15.589419162443,-5.99833395016,8.));
#1168 = VECTOR('',#1169,1.);
#1169 = DIRECTION('',(0.,0.,1.));
#1170 = PCURVE('',#1120,#1171);
#1171 = DEFINITIONAL_REPRESENTATION('',(#1172),#1176);
#1172 = LINE('',#1173,#1174);
#1173 = CARTESIAN_POINT('',(0.,-1.2));
#1174 = VECTOR('',#1175,1.);
#1175 = DIRECTION('',(1.,0.));
#1176 = ( GEOMETRIC_REPRESENTATION_CONTEXT(2) 
PARAMETRIC_REPRESENTATION_CONTEXT() REPRESENTATION_CONTEXT('2D SPACE',''
  ) );
#1177 = PCURVE('',#1068,#1178);
#1178 = DEFINITIONAL_REPRESENTATION('',(#1179),#1183);
#1179 = LINE('',#1180,#1181);
#1180 = CARTESIAN_POINT('',(0.,8.));
#1181 = VECTOR('',#1182,1.);
#1182 = DIRECTION('',(1.,0.));
#1183 = ( GEOMETRIC_REPRESENTATION_CONTEXT(2) 
PARAMETRIC_REPRESENTATION_CONTEXT() REPRESENTATION_CONTEXT('2D SPACE',''
  ) );
#1184 = ORIENTED_EDGE('',*,*,#1185,.F.);
#1185 = EDGE_CURVE('',#1112,#1163,#1186,.T.);
#1186 = SURFACE_CURVE('',#1187,(#1191,#1198),.PCURVE_S1.);
#1187 = LINE('',#1188,#1189);
#1188 = CARTESIAN_POINT('',(14.989419162443,-7.037564434702,19.));
#1189 = VECTOR('',#1190,1.);
#1190 = DIRECTION('',(0.5,0.866025403784,0.));
#1191 = PCURVE('',#1120,#1192);
#1192 = DEFINITIONAL_REPRESENTATION('',(#1193),#1197);
#1193 = LINE('',#1194,#1195);
#1194 = CARTESIAN_POINT('',(11.,0.));
#1195 = VECTOR('',#1196,1.);
#1196 = DIRECTION('',(0.,-1.));
#1197 = ( GEOMETRIC_REPRESENTATION_CONTEXT(2) 
PARAMETRIC_REPRESENTATION_CONTEXT() REPRESENTATION_CONTEXT('2D SPACE',''
  ) );
#1198 = PCURVE('',#1094,#1199);
#1199 = DEFINITIONAL_REPRESENTATION('',(#1200),#1204);
#1200 = LINE('',#1201,#1202);
#1201 = CARTESIAN_POINT('',(8.,0.));
#1202 = VECTOR('',#1203,1.);
#1203 = DIRECTION('',(0.,1.));
#1204 = ( GEOMETRIC_REPRESENTATION_CONTEXT(2) 
PARAMETRIC_REPRESENTATION_CONTEXT() REPRESENTATION_CONTEXT('2D SPACE',''
  ) );
#1205 = ADVANCED_FACE('',(#1206),#1012,.F.);
#1206 = FACE_BOUND('',#1207,.F.);
#1207 = EDGE_LOOP('',(#1208,#1229,#1230,#1251));
#1208 = ORIENTED_EDGE('',*,*,#1209,.F.);
#1209 = EDGE_CURVE('',#990,#1110,#1210,.T.);
#1210 = SURFACE_CURVE('',#1211,(#1215,#1222),.PCURVE_S1.);
#1211 = LINE('',#1212,#1213);
#1212 = CARTESIAN_POINT('',(8.061215932168,-3.037564434702,8.));
#1213 = VECTOR('',#1214,1.);
#1214 = DIRECTION('',(0.866025403784,-0.5,0.));
#1215 = PCURVE('',#1012,#1216);
#1216 = DEFINITIONAL_REPRESENTATION('',(#1217),#1221);
#1217 = LINE('',#1218,#1219);
#1218 = CARTESIAN_POINT('',(0.,0.));
#1219 = VECTOR('',#1220,1.);
#1220 = DIRECTION('',(0.,1.));
#1221 = ( GEOMETRIC_REPRESENTATION_CONTEXT(2) 
PARAMETRIC_REPRESENTATION_CONTEXT() REPRESENTATION_CONTEXT('2D SPACE',''
  ) );
#1222 = PCURVE('',#1040,#1223);
#1223 = DEFINITIONAL_REPRESENTATION('',(#1224),#1228);
#1224 = LINE('',#1225,#1226);
#1225 = CARTESIAN_POINT('',(0.,0.));
#1226 = VECTOR('',#1227,1.);
#1227 = DIRECTION('',(1.,0.));
#1228 = ( GEOMETRIC_REPRESENTATION_CONTEXT(2) 
PARAMETRIC_REPRESENTATION_CONTEXT() REPRESENTATION_CONTEXT('2D SPACE',''
  ) );
#1229 = ORIENTED_EDGE('',*,*,#989,.T.);
#1230 = ORIENTED_EDGE('',*,*,#1231,.T.);
#1231 = EDGE_CURVE('',#992,#1112,#1232,.T.);
#1232 = SURFACE_CURVE('',#1233,(#1237,#1244),.PCURVE_S1.);
#1233 = LINE('',#1234,#1235);
#1234 = CARTESIAN_POINT('',(8.061215932168,-3.037564434702,19.));
#1235 = VECTOR('',#1236,1.);
#1236 = DIRECTION('',(0.866025403784,-0.5,0.));
#1237 = PCURVE('',#1012,#1238);
#1238 = DEFINITIONAL_REPRESENTATION('',(#1239),#1243);
#1239 = LINE('',#1240,#1241);
#1240 = CARTESIAN_POINT('',(11.,0.));
#1241 = VECTOR('',#1242,1.);
#1242 = DIRECTION('',(0.,1.));
#1243 = ( GEOMETRIC_REPRESENTATION_CONTEXT(2) 
PARAMETRIC_REPRESENTATION_CONTEXT() REPRESENTATION_CONTEXT('2D SPACE',''
  ) );
#1244 = PCURVE('',#1094,#1245);
#1245 = DEFINITIONAL_REPRESENTATION('',(#1246),#1250);
#1246 = LINE('',#1247,#1248);
#1247 = CARTESIAN_POINT('',(0.,0.));
#1248 = VECTOR('',#1249,1.);
#1249 = DIRECTION('',(1.,0.));
#1250 = ( GEOMETRIC_REPRESENTATION_CONTEXT(2) 
PARAMETRIC_REPRESENTATION_CONTEXT() REPRESENTATION_CONTEXT('2D SPACE',''
  ) );
#1251 = ORIENTED_EDGE('',*,*,#1109,.F.);
#1252 = ADVANCED_FACE('',(#1253),#1068,.T.);
#1253 = FACE_BOUND('',#1254,.T.);
#1254 = EDGE_LOOP('',(#1255,#1276,#1277,#1298));
#1255 = ORIENTED_EDGE('',*,*,#1256,.F.);
#1256 = EDGE_CURVE('',#1025,#1140,#1257,.T.);
#1257 = SURFACE_CURVE('',#1258,(#1262,#1269),.PCURVE_S1.);
#1258 = LINE('',#1259,#1260);
#1259 = CARTESIAN_POINT('',(8.661215932168,-1.99833395016,8.));
#1260 = VECTOR('',#1261,1.);
#1261 = DIRECTION('',(0.866025403784,-0.5,0.));
#1262 = PCURVE('',#1068,#1263);
#1263 = DEFINITIONAL_REPRESENTATION('',(#1264),#1268);
#1264 = LINE('',#1265,#1266);
#1265 = CARTESIAN_POINT('',(0.,0.));
#1266 = VECTOR('',#1267,1.);
#1267 = DIRECTION('',(0.,1.));
#1268 = ( GEOMETRIC_REPRESENTATION_CONTEXT(2) 
PARAMETRIC_REPRESENTATION_CONTEXT() REPRESENTATION_CONTEXT('2D SPACE',''
  ) );
#1269 = PCURVE('',#1040,#1270);
#1270 = DEFINITIONAL_REPRESENTATION('',(#1271),#1275);
#1271 = LINE('',#1272,#1273);
#1272 = CARTESIAN_POINT('',(0.,1.2));
#1273 = VECTOR('',#1274,1.);
#1274 = DIRECTION('',(1.,0.));
#1275 = ( GEOMETRIC_REPRESENTATION_CONTEXT(2) 
PARAMETRIC_REPRESENTATION_CONTEXT() REPRESENTATION_CONTEXT('2D SPACE',''
  ) );
#1276 = ORIENTED_EDGE('',*,*,#1052,.T.);
#1277 = ORIENTED_EDGE('',*,*,#1278,.T.);
#1278 = EDGE_CURVE('',#1053,#1163,#1279,.T.);
#1279 = SURFACE_CURVE('',#1280,(#1284,#1291),.PCURVE_S1.);
#1280 = LINE('',#1281,#1282);
#1281 = CARTESIAN_POINT('',(8.661215932168,-1.99833395016,19.));
#1282 = VECTOR('',#1283,1.);
#1283 = DIRECTION('',(0.866025403784,-0.5,0.));
#1284 = PCURVE('',#1068,#1285);
#1285 = DEFINITIONAL_REPRESENTATION('',(#1286),#1290);
#1286 = LINE('',#1287,#1288);
#1287 = CARTESIAN_POINT('',(11.,0.));
#1288 = VECTOR('',#1289,1.);
#1289 = DIRECTION('',(0.,1.));
#1290 = ( GEOMETRIC_REPRESENTATION_CONTEXT(2) 
PARAMETRIC_REPRESENTATION_CONTEXT() REPRESENTATION_CONTEXT('2D SPACE',''
  ) );
#1291 = PCURVE('',#1094,#1292);
#1292 = DEFINITIONAL_REPRESENTATION('',(#1293),#1297);
#1293 = LINE('',#1294,#1295);
#1294 = CARTESIAN_POINT('',(0.,1.2));
#1295 = VECTOR('',#1296,1.);
#1296 = DIRECTION('',(1.,0.));
#1297 = ( GEOMETRIC_REPRESENTATION_CONTEXT(2) 
PARAMETRIC_REPRESENTATION_CONTEXT() REPRESENTATION_CONTEXT('2D SPACE',''
  ) );
#1298 = ORIENTED_EDGE('',*,*,#1162,.F.);
#1299 = ADVANCED_FACE('',(#1300),#1040,.F.);
#1300 = FACE_BOUND('',#1301,.F.);
#1301 = EDGE_LOOP('',(#1302,#1303,#1304,#1305));
#1302 = ORIENTED_EDGE('',*,*,#1024,.F.);
#1303 = ORIENTED_EDGE('',*,*,#1209,.T.);
#1304 = ORIENTED_EDGE('',*,*,#1139,.T.);
#1305 = ORIENTED_EDGE('',*,*,#1256,.F.);
#1306 = ADVANCED_FACE('',(#1307),#1094,.T.);
#1307 = FACE_BOUND('',#1308,.T.);
#1308 = EDGE_LOOP('',(#1309,#1310,#1311,#1312));
#1309 = ORIENTED_EDGE('',*,*,#1080,.F.);
#1310 = ORIENTED_EDGE('',*,*,#1231,.T.);
#1311 = ORIENTED_EDGE('',*,*,#1185,.T.);
#1312 = ORIENTED_EDGE('',*,*,#1278,.F.);
#1313 = MANIFOLD_SOLID_BREP('',#1314);
#1314 = CLOSED_SHELL('',(#1315,#1435,#1535,#1582,#1629,#1636));
#1315 = ADVANCED_FACE('',(#1316),#1330,.F.);
#1316 = FACE_BOUND('',#1317,.F.);
#1317 = EDGE_LOOP('',(#1318,#1353,#1381,#1409));
#1318 = ORIENTED_EDGE('',*,*,#1319,.F.);
#1319 = EDGE_CURVE('',#1320,#1322,#1324,.T.);
#1320 = VERTEX_POINT('',#1321);
#1321 = CARTESIAN_POINT('',(10.079625367219,-10.85866926515,8.));
#1322 = VERTEX_POINT('',#1323);
#1323 = CARTESIAN_POINT('',(10.079625367219,-10.85866926515,19.));
#1324 = SURFACE_CURVE('',#1325,(#1329,#1341),.PCURVE_S1.);
#1325 = LINE('',#1326,#1327);
#1326 = CARTESIAN_POINT('',(10.079625367219,-10.85866926515,8.));
#1327 = VECTOR('',#1328,1.);
#1328 = DIRECTION('',(0.,0.,1.));
#1329 = PCURVE('',#1330,#1335);
#1330 = PLANE('',#1331);
#1331 = AXIS2_PLACEMENT_3D('',#1332,#1333,#1334);
#1332 = CARTESIAN_POINT('',(10.079625367219,-10.85866926515,8.));
#1333 = DIRECTION('',(0.906307787037,-0.422618261741,0.));
#1334 = DIRECTION('',(0.,0.,1.));
#1335 = DEFINITIONAL_REPRESENTATION('',(#1336),#1340);
#1336 = LINE('',#1337,#1338);
#1337 = CARTESIAN_POINT('',(0.,0.));
#1338 = VECTOR('',#1339,1.);
#1339 = DIRECTION('',(1.,0.));
#1340 = ( GEOMETRIC_REPRESENTATION_CONTEXT(2) 
PARAMETRIC_REPRESENTATION_CONTEXT() REPRESENTATION_CONTEXT('2D SPACE',''
  ) );
#1341 = PCURVE('',#1342,#1347);
#1342 = PLANE('',#1343);
#1343 = AXIS2_PLACEMENT_3D('',#1344,#1345,#1346);
#1344 = CARTESIAN_POINT('',(10.079625367219,-10.85866926515,8.));
#1345 = DIRECTION('',(0.422618261741,0.906307787037,0.));
#1346 = DIRECTION('',(0.,0.,1.));
#1347 = DEFINITIONAL_REPRESENTATION('',(#1348),#1352);
#1348 = LINE('',#1349,#1350);
#1349 = CARTESIAN_POINT('',(0.,0.));
#1350 = VECTOR('',#1351,1.);
#1351 = DIRECTION('',(1.,0.));
#1352 = ( GEOMETRIC_REPRESENTATION_CONTEXT(2) 
PARAMETRIC_REPRESENTATION_CONTEXT() REPRESENTATION_CONTEXT('2D SPACE',''
  ) );
#1353 = ORIENTED_EDGE('',*,*,#1354,.T.);
#1354 = EDGE_CURVE('',#1320,#1355,#1357,.T.);
#1355 = VERTEX_POINT('',#1356);
#1356 = CARTESIAN_POINT('',(10.50224362896,-9.952361478116,8.));
#1357 = SURFACE_CURVE('',#1358,(#1362,#1369),.PCURVE_S1.);
#1358 = LINE('',#1359,#1360);
#1359 = CARTESIAN_POINT('',(10.079625367219,-10.85866926515,8.));
#1360 = VECTOR('',#1361,1.);
#1361 = DIRECTION('',(0.422618261741,0.906307787037,0.));
#1362 = PCURVE('',#1330,#1363);
#1363 = DEFINITIONAL_REPRESENTATION('',(#1364),#1368);
#1364 = LINE('',#1365,#1366);
#1365 = CARTESIAN_POINT('',(0.,0.));
#1366 = VECTOR('',#1367,1.);
#1367 = DIRECTION('',(0.,-1.));
#1368 = ( GEOMETRIC_REPRESENTATION_CONTEXT(2) 
PARAMETRIC_REPRESENTATION_CONTEXT() REPRESENTATION_CONTEXT('2D SPACE',''
  ) );
#1369 = PCURVE('',#1370,#1375);
#1370 = PLANE('',#1371);
#1371 = AXIS2_PLACEMENT_3D('',#1372,#1373,#1374);
#1372 = CARTESIAN_POINT('',(10.079625367219,-10.85866926515,8.));
#1373 = DIRECTION('',(0.,0.,1.));
#1374 = DIRECTION('',(0.906307787037,-0.422618261741,0.));
#1375 = DEFINITIONAL_REPRESENTATION('',(#1376),#1380);
#1376 = LINE('',#1377,#1378);
#1377 = CARTESIAN_POINT('',(0.,0.));
#1378 = VECTOR('',#1379,1.);
#1379 = DIRECTION('',(0.,1.));
#1380 = ( GEOMETRIC_REPRESENTATION_CONTEXT(2) 
PARAMETRIC_REPRESENTATION_CONTEXT() REPRESENTATION_CONTEXT('2D SPACE',''
  ) );
#1381 = ORIENTED_EDGE('',*,*,#1382,.T.);
#1382 = EDGE_CURVE('',#1355,#1383,#1385,.T.);
#1383 = VERTEX_POINT('',#1384);
#1384 = CARTESIAN_POINT('',(10.50224362896,-9.952361478116,19.));
#1385 = SURFACE_CURVE('',#1386,(#1390,#1397),.PCURVE_S1.);
#1386 = LINE('',#1387,#1388);
#1387 = CARTESIAN_POINT('',(10.50224362896,-9.952361478116,8.));
#1388 = VECTOR('',#1389,1.);
#1389 = DIRECTION('',(0.,0.,1.));
#1390 = PCURVE('',#1330,#1391);
#1391 = DEFINITIONAL_REPRESENTATION('',(#1392),#1396);
#1392 = LINE('',#1393,#1394);
#1393 = CARTESIAN_POINT('',(0.,-1.));
#1394 = VECTOR('',#1395,1.);
#1395 = DIRECTION('',(1.,0.));
#1396 = ( GEOMETRIC_REPRESENTATION_CONTEXT(2) 
PARAMETRIC_REPRESENTATION_CONTEXT() REPRESENTATION_CONTEXT('2D SPACE',''
  ) );
#1397 = PCURVE('',#1398,#1403);
#1398 = PLANE('',#1399);
#1399 = AXIS2_PLACEMENT_3D('',#1400,#1401,#1402);
#1400 = CARTESIAN_POINT('',(10.50224362896,-9.952361478116,8.));
#1401 = DIRECTION('',(0.422618261741,0.906307787037,0.));
#1402 = DIRECTION('',(0.,0.,1.));
#1403 = DEFINITIONAL_REPRESENTATION('',(#1404),#1408);
#1404 = LINE('',#1405,#1406);
#1405 = CARTESIAN_POINT('',(0.,0.));
#1406 = VECTOR('',#1407,1.);
#1407 = DIRECTION('',(1.,0.));
#1408 = ( GEOMETRIC_REPRESENTATION_CONTEXT(2) 
PARAMETRIC_REPRESENTATION_CONTEXT() REPRESENTATION_CONTEXT('2D SPACE',''
  ) );
#1409 = ORIENTED_EDGE('',*,*,#1410,.F.);
#1410 = EDGE_CURVE('',#1322,#1383,#1411,.T.);
#1411 = SURFACE_CURVE('',#1412,(#1416,#1423),.PCURVE_S1.);
#1412 = LINE('',#1413,#1414);
#1413 = CARTESIAN_POINT('',(10.079625367219,-10.85866926515,19.));
#1414 = VECTOR('',#1415,1.);
#1415 = DIRECTION('',(0.422618261741,0.906307787037,0.));
#1416 = PCURVE('',#1330,#1417);
#1417 = DEFINITIONAL_REPRESENTATION('',(#1418),#1422);
#1418 = LINE('',#1419,#1420);
#1419 = CARTESIAN_POINT('',(11.,0.));
#1420 = VECTOR('',#1421,1.);
#1421 = DIRECTION('',(0.,-1.));
#1422 = ( GEOMETRIC_REPRESENTATION_CONTEXT(2) 
PARAMETRIC_REPRESENTATION_CONTEXT() REPRESENTATION_CONTEXT('2D SPACE',''
  ) );
#1423 = PCURVE('',#1424,#1429);
#1424 = PLANE('',#1425);
#1425 = AXIS2_PLACEMENT_3D('',#1426,#1427,#1428);
#1426 = CARTESIAN_POINT('',(10.079625367219,-10.85866926515,19.));
#1427 = DIRECTION('',(0.,0.,1.));
#1428 = DIRECTION('',(0.906307787037,-0.422618261741,0.));
#1429 = DEFINITIONAL_REPRESENTATION('',(#1430),#1434);
#1430 = LINE('',#1431,#1432);
#1431 = CARTESIAN_POINT('',(0.,0.));
#1432 = VECTOR('',#1433,1.);
#1433 = DIRECTION('',(0.,1.));
#1434 = ( GEOMETRIC_REPRESENTATION_CONTEXT(2) 
PARAMETRIC_REPRESENTATION_CONTEXT() REPRESENTATION_CONTEXT('2D SPACE',''
  ) );
#1435 = ADVANCED_FACE('',(#1436),#1450,.T.);
#1436 = FACE_BOUND('',#1437,.T.);
#1437 = EDGE_LOOP('',(#1438,#1468,#1491,#1514));
#1438 = ORIENTED_EDGE('',*,*,#1439,.F.);
#1439 = EDGE_CURVE('',#1440,#1442,#1444,.T.);
#1440 = VERTEX_POINT('',#1441);
#1441 = CARTESIAN_POINT('',(14.158010408884,-12.76045144298,8.));
#1442 = VERTEX_POINT('',#1443);
#1443 = CARTESIAN_POINT('',(14.158010408884,-12.76045144298,19.));
#1444 = SURFACE_CURVE('',#1445,(#1449,#1461),.PCURVE_S1.);
#1445 = LINE('',#1446,#1447);
#1446 = CARTESIAN_POINT('',(14.158010408884,-12.76045144298,8.));
#1447 = VECTOR('',#1448,1.);
#1448 = DIRECTION('',(0.,0.,1.));
#1449 = PCURVE('',#1450,#1455);
#1450 = PLANE('',#1451);
#1451 = AXIS2_PLACEMENT_3D('',#1452,#1453,#1454);
#1452 = CARTESIAN_POINT('',(14.158010408884,-12.76045144298,8.));
#1453 = DIRECTION('',(0.906307787037,-0.422618261741,0.));
#1454 = DIRECTION('',(0.,0.,1.));
#1455 = DEFINITIONAL_REPRESENTATION('',(#1456),#1460);
#1456 = LINE('',#1457,#1458);
#1457 = CARTESIAN_POINT('',(0.,0.));
#1458 = VECTOR('',#1459,1.);
#1459 = DIRECTION('',(1.,0.));
#1460 = ( GEOMETRIC_REPRESENTATION_CONTEXT(2) 
PARAMETRIC_REPRESENTATION_CONTEXT() REPRESENTATION_CONTEXT('2D SPACE',''
  ) );
#1461 = PCURVE('',#1342,#1462);
#1462 = DEFINITIONAL_REPRESENTATION('',(#1463),#1467);
#1463 = LINE('',#1464,#1465);
#1464 = CARTESIAN_POINT('',(0.,4.5));
#1465 = VECTOR('',#1466,1.);
#1466 = DIRECTION('',(1.,0.));
#1467 = ( GEOMETRIC_REPRESENTATION_CONTEXT(2) 
PARAMETRIC_REPRESENTATION_CONTEXT() REPRESENTATION_CONTEXT('2D SPACE',''
  ) );
#1468 = ORIENTED_EDGE('',*,*,#1469,.T.);
#1469 = EDGE_CURVE('',#1440,#1470,#1472,.T.);
#1470 = VERTEX_POINT('',#1471);
#1471 = CARTESIAN_POINT('',(14.580628670625,-11.85414365594,8.));
#1472 = SURFACE_CURVE('',#1473,(#1477,#1484),.PCURVE_S1.);
#1473 = LINE('',#1474,#1475);
#1474 = CARTESIAN_POINT('',(14.158010408884,-12.76045144298,8.));
#1475 = VECTOR('',#1476,1.);
#1476 = DIRECTION('',(0.422618261741,0.906307787037,0.));
#1477 = PCURVE('',#1450,#1478);
#1478 = DEFINITIONAL_REPRESENTATION('',(#1479),#1483);
#1479 = LINE('',#1480,#1481);
#1480 = CARTESIAN_POINT('',(0.,0.));
#1481 = VECTOR('',#1482,1.);
#1482 = DIRECTION('',(0.,-1.));
#1483 = ( GEOMETRIC_REPRESENTATION_CONTEXT(2) 
PARAMETRIC_REPRESENTATION_CONTEXT() REPRESENTATION_CONTEXT('2D SPACE',''
  ) );
#1484 = PCURVE('',#1370,#1485);
#1485 = DEFINITIONAL_REPRESENTATION('',(#1486),#1490);
#1486 = LINE('',#1487,#1488);
#1487 = CARTESIAN_POINT('',(4.5,0.));
#1488 = VECTOR('',#1489,1.);
#1489 = DIRECTION('',(0.,1.));
#1490 = ( GEOMETRIC_REPRESENTATION_CONTEXT(2) 
PARAMETRIC_REPRESENTATION_CONTEXT() REPRESENTATION_CONTEXT('2D SPACE',''
  ) );
#1491 = ORIENTED_EDGE('',*,*,#1492,.T.);
#1492 = EDGE_CURVE('',#1470,#1493,#1495,.T.);
#1493 = VERTEX_POINT('',#1494);
#1494 = CARTESIAN_POINT('',(14.580628670625,-11.85414365594,19.));
#1495 = SURFACE_CURVE('',#1496,(#1500,#1507),.PCURVE_S1.);
#1496 = LINE('',#1497,#1498);
#1497 = CARTESIAN_POINT('',(14.580628670625,-11.85414365594,8.));
#1498 = VECTOR('',#1499,1.);
#1499 = DIRECTION('',(0.,0.,1.));
#1500 = PCURVE('',#1450,#1501);
#1501 = DEFINITIONAL_REPRESENTATION('',(#1502),#1506);
#1502 = LINE('',#1503,#1504);
#1503 = CARTESIAN_POINT('',(0.,-1.));
#1504 = VECTOR('',#1505,1.);
#1505 = DIRECTION('',(1.,0.));
#1506 = ( GEOMETRIC_REPRESENTATION_CONTEXT(2) 
PARAMETRIC_REPRESENTATION_CONTEXT() REPRESENTATION_CONTEXT('2D SPACE',''
  ) );
#1507 = PCURVE('',#1398,#1508);
#1508 = DEFINITIONAL_REPRESENTATION('',(#1509),#1513);
#1509 = LINE('',#1510,#1511);
#1510 = CARTESIAN_POINT('',(0.,4.5));
#1511 = VECTOR('',#1512,1.);
#1512 = DIRECTION('',(1.,0.));
#1513 = ( GEOMETRIC_REPRESENTATION_CONTEXT(2) 
PARAMETRIC_REPRESENTATION_CONTEXT() REPRESENTATION_CONTEXT('2D SPACE',''
  ) );
#1514 = ORIENTED_EDGE('',*,*,#1515,.F.);
#1515 = EDGE_CURVE('',#1442,#1493,#1516,.T.);
#1516 = SURFACE_CURVE('',#1517,(#1521,#1528),.PCURVE_S1.);
#1517 = LINE('',#1518,#1519);
#1518 = CARTESIAN_POINT('',(14.158010408884,-12.76045144298,19.));
#1519 = VECTOR('',#1520,1.);
#1520 = DIRECTION('',(0.422618261741,0.906307787037,0.));
#1521 = PCURVE('',#1450,#1522);
#1522 = DEFINITIONAL_REPRESENTATION('',(#1523),#1527);
#1523 = LINE('',#1524,#1525);
#1524 = CARTESIAN_POINT('',(11.,0.));
#1525 = VECTOR('',#1526,1.);
#1526 = DIRECTION('',(0.,-1.));
#1527 = ( GEOMETRIC_REPRESENTATION_CONTEXT(2) 
PARAMETRIC_REPRESENTATION_CONTEXT() REPRESENTATION_CONTEXT('2D SPACE',''
  ) );
#1528 = PCURVE('',#1424,#1529);
#1529 = DEFINITIONAL_REPRESENTATION('',(#1530),#1534);
#1530 = LINE('',#1531,#1532);
#1531 = CARTESIAN_POINT('',(4.5,0.));
#1532 = VECTOR('',#1533,1.);
#1533 = DIRECTION('',(0.,1.));
#1534 = ( GEOMETRIC_REPRESENTATION_CONTEXT(2) 
PARAMETRIC_REPRESENTATION_CONTEXT() REPRESENTATION_CONTEXT('2D SPACE',''
  ) );
#1535 = ADVANCED_FACE('',(#1536),#1342,.F.);
#1536 = FACE_BOUND('',#1537,.F.);
#1537 = EDGE_LOOP('',(#1538,#1559,#1560,#1581));
#1538 = ORIENTED_EDGE('',*,*,#1539,.F.);
#1539 = EDGE_CURVE('',#1320,#1440,#1540,.T.);
#1540 = SURFACE_CURVE('',#1541,(#1545,#1552),.PCURVE_S1.);
#1541 = LINE('',#1542,#1543);
#1542 = CARTESIAN_POINT('',(10.079625367219,-10.85866926515,8.));
#1543 = VECTOR('',#1544,1.);
#1544 = DIRECTION('',(0.906307787037,-0.422618261741,0.));
#1545 = PCURVE('',#1342,#1546);
#1546 = DEFINITIONAL_REPRESENTATION('',(#1547),#1551);
#1547 = LINE('',#1548,#1549);
#1548 = CARTESIAN_POINT('',(0.,0.));
#1549 = VECTOR('',#1550,1.);
#1550 = DIRECTION('',(0.,1.));
#1551 = ( GEOMETRIC_REPRESENTATION_CONTEXT(2) 
PARAMETRIC_REPRESENTATION_CONTEXT() REPRESENTATION_CONTEXT('2D SPACE',''
  ) );
#1552 = PCURVE('',#1370,#1553);
#1553 = DEFINITIONAL_REPRESENTATION('',(#1554),#1558);
#1554 = LINE('',#1555,#1556);
#1555 = CARTESIAN_POINT('',(0.,0.));
#1556 = VECTOR('',#1557,1.);
#1557 = DIRECTION('',(1.,0.));
#1558 = ( GEOMETRIC_REPRESENTATION_CONTEXT(2) 
PARAMETRIC_REPRESENTATION_CONTEXT() REPRESENTATION_CONTEXT('2D SPACE',''
  ) );
#1559 = ORIENTED_EDGE('',*,*,#1319,.T.);
#1560 = ORIENTED_EDGE('',*,*,#1561,.T.);
#1561 = EDGE_CURVE('',#1322,#1442,#1562,.T.);
#1562 = SURFACE_CURVE('',#1563,(#1567,#1574),.PCURVE_S1.);
#1563 = LINE('',#1564,#1565);
#1564 = CARTESIAN_POINT('',(10.079625367219,-10.85866926515,19.));
#1565 = VECTOR('',#1566,1.);
#1566 = DIRECTION('',(0.906307787037,-0.422618261741,0.));
#1567 = PCURVE('',#1342,#1568);
#1568 = DEFINITIONAL_REPRESENTATION('',(#1569),#1573);
#1569 = LINE('',#1570,#1571);
#1570 = CARTESIAN_POINT('',(11.,0.));
#1571 = VECTOR('',#1572,1.);
#1572 = DIRECTION('',(0.,1.));
#1573 = ( GEOMETRIC_REPRESENTATION_CONTEXT(2) 
PARAMETRIC_REPRESENTATION_CONTEXT() REPRESENTATION_CONTEXT('2D SPACE',''
  ) );
#1574 = PCURVE('',#1424,#1575);
#1575 = DEFINITIONAL_REPRESENTATION('',(#1576),#1580);
#1576 = LINE('',#1577,#1578);
#1577 = CARTESIAN_POINT('',(0.,0.));
#1578 = VECTOR('',#1579,1.);
#1579 = DIRECTION('',(1.,0.));
#1580 = ( GEOMETRIC_REPRESENTATION_CONTEXT(2) 
PARAMETRIC_REPRESENTATION_CONTEXT() REPRESENTATION_CONTEXT('2D SPACE',''
  ) );
#1581 = ORIENTED_EDGE('',*,*,#1439,.F.);
#1582 = ADVANCED_FACE('',(#1583),#1398,.T.);
#1583 = FACE_BOUND('',#1584,.T.);
#1584 = EDGE_LOOP('',(#1585,#1606,#1607,#1628));
#1585 = ORIENTED_EDGE('',*,*,#1586,.F.);
#1586 = EDGE_CURVE('',#1355,#1470,#1587,.T.);
#1587 = SURFACE_CURVE('',#1588,(#1592,#1599),.PCURVE_S1.);
#1588 = LINE('',#1589,#1590);
#1589 = CARTESIAN_POINT('',(10.50224362896,-9.952361478116,8.));
#1590 = VECTOR('',#1591,1.);
#1591 = DIRECTION('',(0.906307787037,-0.422618261741,0.));
#1592 = PCURVE('',#1398,#1593);
#1593 = DEFINITIONAL_REPRESENTATION('',(#1594),#1598);
#1594 = LINE('',#1595,#1596);
#1595 = CARTESIAN_POINT('',(0.,0.));
#1596 = VECTOR('',#1597,1.);
#1597 = DIRECTION('',(0.,1.));
#1598 = ( GEOMETRIC_REPRESENTATION_CONTEXT(2) 
PARAMETRIC_REPRESENTATION_CONTEXT() REPRESENTATION_CONTEXT('2D SPACE',''
  ) );
#1599 = PCURVE('',#1370,#1600);
#1600 = DEFINITIONAL_REPRESENTATION('',(#1601),#1605);
#1601 = LINE('',#1602,#1603);
#1602 = CARTESIAN_POINT('',(0.,1.));
#1603 = VECTOR('',#1604,1.);
#1604 = DIRECTION('',(1.,0.));
#1605 = ( GEOMETRIC_REPRESENTATION_CONTEXT(2) 
PARAMETRIC_REPRESENTATION_CONTEXT() REPRESENTATION_CONTEXT('2D SPACE',''
  ) );
#1606 = ORIENTED_EDGE('',*,*,#1382,.T.);
#1607 = ORIENTED_EDGE('',*,*,#1608,.T.);
#1608 = EDGE_CURVE('',#1383,#1493,#1609,.T.);
#1609 = SURFACE_CURVE('',#1610,(#1614,#1621),.PCURVE_S1.);
#1610 = LINE('',#1611,#1612);
#1611 = CARTESIAN_POINT('',(10.50224362896,-9.952361478116,19.));
#1612 = VECTOR('',#1613,1.);
#1613 = DIRECTION('',(0.906307787037,-0.422618261741,0.));
#1614 = PCURVE('',#1398,#1615);
#1615 = DEFINITIONAL_REPRESENTATION('',(#1616),#1620);
#1616 = LINE('',#1617,#1618);
#1617 = CARTESIAN_POINT('',(11.,0.));
#1618 = VECTOR('',#1619,1.);
#1619 = DIRECTION('',(0.,1.));
#1620 = ( GEOMETRIC_REPRESENTATION_CONTEXT(2) 
PARAMETRIC_REPRESENTATION_CONTEXT() REPRESENTATION_CONTEXT('2D SPACE',''
  ) );
#1621 = PCURVE('',#1424,#1622);
#1622 = DEFINITIONAL_REPRESENTATION('',(#1623),#1627);
#1623 = LINE('',#1624,#1625);
#1624 = CARTESIAN_POINT('',(0.,1.));
#1625 = VECTOR('',#1626,1.);
#1626 = DIRECTION('',(1.,0.));
#1627 = ( GEOMETRIC_REPRESENTATION_CONTEXT(2) 
PARAMETRIC_REPRESENTATION_CONTEXT() REPRESENTATION_CONTEXT('2D SPACE',''
  ) );
#1628 = ORIENTED_EDGE('',*,*,#1492,.F.);
#1629 = ADVANCED_FACE('',(#1630),#1370,.F.);
#1630 = FACE_BOUND('',#1631,.F.);
#1631 = EDGE_LOOP('',(#1632,#1633,#1634,#1635));
#1632 = ORIENTED_EDGE('',*,*,#1354,.F.);
#1633 = ORIENTED_EDGE('',*,*,#1539,.T.);
#1634 = ORIENTED_EDGE('',*,*,#1469,.T.);
#1635 = ORIENTED_EDGE('',*,*,#1586,.F.);
#1636 = ADVANCED_FACE('',(#1637),#1424,.T.);
#1637 = FACE_BOUND('',#1638,.T.);
#1638 = EDGE_LOOP('',(#1639,#1640,#1641,#1642));
#1639 = ORIENTED_EDGE('',*,*,#1410,.F.);
#1640 = ORIENTED_EDGE('',*,*,#1561,.T.);
#1641 = ORIENTED_EDGE('',*,*,#1515,.T.);
#1642 = ORIENTED_EDGE('',*,*,#1608,.F.);
#1643 = MANIFOLD_SOLID_BREP('',#1644);
#1644 = CLOSED_SHELL('',(#1645,#1765,#1865,#1912,#1959,#1966));
#1645 = ADVANCED_FACE('',(#1646),#1660,.F.);
#1646 = FACE_BOUND('',#1647,.F.);
#1647 = EDGE_LOOP('',(#1648,#1683,#1711,#1739));
#1648 = ORIENTED_EDGE('',*,*,#1649,.F.);
#1649 = EDGE_CURVE('',#1650,#1652,#1654,.T.);
#1650 = VERTEX_POINT('',#1651);
#1651 = CARTESIAN_POINT('',(5.462435565298,-6.661215932168,8.));
#1652 = VERTEX_POINT('',#1653);
#1653 = CARTESIAN_POINT('',(5.462435565298,-6.661215932168,19.));
#1654 = SURFACE_CURVE('',#1655,(#1659,#1671),.PCURVE_S1.);
#1655 = LINE('',#1656,#1657);
#1656 = CARTESIAN_POINT('',(5.462435565298,-6.661215932168,8.));
#1657 = VECTOR('',#1658,1.);
#1658 = DIRECTION('',(0.,0.,1.));
#1659 = PCURVE('',#1660,#1665);
#1660 = PLANE('',#1661);
#1661 = AXIS2_PLACEMENT_3D('',#1662,#1663,#1664);
#1662 = CARTESIAN_POINT('',(5.462435565298,-6.661215932168,8.));
#1663 = DIRECTION('',(0.5,-0.866025403784,0.));
#1664 = DIRECTION('',(0.,0.,1.));
#1665 = DEFINITIONAL_REPRESENTATION('',(#1666),#1670);
#1666 = LINE('',#1667,#1668);
#1667 = CARTESIAN_POINT('',(0.,0.));
#1668 = VECTOR('',#1669,1.);
#1669 = DIRECTION('',(1.,0.));
#1670 = ( GEOMETRIC_REPRESENTATION_CONTEXT(2) 
PARAMETRIC_REPRESENTATION_CONTEXT() REPRESENTATION_CONTEXT('2D SPACE',''
  ) );
#1671 = PCURVE('',#1672,#1677);
#1672 = PLANE('',#1673);
#1673 = AXIS2_PLACEMENT_3D('',#1674,#1675,#1676);
#1674 = CARTESIAN_POINT('',(5.462435565298,-6.661215932168,8.));
#1675 = DIRECTION('',(0.866025403784,0.5,0.));
#1676 = DIRECTION('',(0.,0.,1.));
#1677 = DEFINITIONAL_REPRESENTATION('',(#1678),#1682);
#1678 = LINE('',#1679,#1680);
#1679 = CARTESIAN_POINT('',(0.,0.));
#1680 = VECTOR('',#1681,1.);
#1681 = DIRECTION('',(1.,0.));
#1682 = ( GEOMETRIC_REPRESENTATION_CONTEXT(2) 
PARAMETRIC_REPRESENTATION_CONTEXT() REPRESENTATION_CONTEXT('2D SPACE',''
  ) );
#1683 = ORIENTED_EDGE('',*,*,#1684,.T.);
#1684 = EDGE_CURVE('',#1650,#1685,#1687,.T.);
#1685 = VERTEX_POINT('',#1686);
#1686 = CARTESIAN_POINT('',(6.50166604984,-6.061215932168,8.));
#1687 = SURFACE_CURVE('',#1688,(#1692,#1699),.PCURVE_S1.);
#1688 = LINE('',#1689,#1690);
#1689 = CARTESIAN_POINT('',(5.462435565298,-6.661215932168,8.));
#1690 = VECTOR('',#1691,1.);
#1691 = DIRECTION('',(0.866025403784,0.5,0.));
#1692 = PCURVE('',#1660,#1693);
#1693 = DEFINITIONAL_REPRESENTATION('',(#1694),#1698);
#1694 = LINE('',#1695,#1696);
#1695 = CARTESIAN_POINT('',(0.,0.));
#1696 = VECTOR('',#1697,1.);
#1697 = DIRECTION('',(0.,-1.));
#1698 = ( GEOMETRIC_REPRESENTATION_CONTEXT(2) 
PARAMETRIC_REPRESENTATION_CONTEXT() REPRESENTATION_CONTEXT('2D SPACE',''
  ) );
#1699 = PCURVE('',#1700,#1705);
#1700 = PLANE('',#1701);
#1701 = AXIS2_PLACEMENT_3D('',#1702,#1703,#1704);
#1702 = CARTESIAN_POINT('',(5.462435565298,-6.661215932168,8.));
#1703 = DIRECTION('',(0.,0.,1.));
#1704 = DIRECTION('',(0.5,-0.866025403784,0.));
#1705 = DEFINITIONAL_REPRESENTATION('',(#1706),#1710);
#1706 = LINE('',#1707,#1708);
#1707 = CARTESIAN_POINT('',(0.,0.));
#1708 = VECTOR('',#1709,1.);
#1709 = DIRECTION('',(0.,1.));
#1710 = ( GEOMETRIC_REPRESENTATION_CONTEXT(2) 
PARAMETRIC_REPRESENTATION_CONTEXT() REPRESENTATION_CONTEXT('2D SPACE',''
  ) );
#1711 = ORIENTED_EDGE('',*,*,#1712,.T.);
#1712 = EDGE_CURVE('',#1685,#1713,#1715,.T.);
#1713 = VERTEX_POINT('',#1714);
#1714 = CARTESIAN_POINT('',(6.50166604984,-6.061215932168,19.));
#1715 = SURFACE_CURVE('',#1716,(#1720,#1727),.PCURVE_S1.);
#1716 = LINE('',#1717,#1718);
#1717 = CARTESIAN_POINT('',(6.50166604984,-6.061215932168,8.));
#1718 = VECTOR('',#1719,1.);
#1719 = DIRECTION('',(0.,0.,1.));
#1720 = PCURVE('',#1660,#1721);
#1721 = DEFINITIONAL_REPRESENTATION('',(#1722),#1726);
#1722 = LINE('',#1723,#1724);
#1723 = CARTESIAN_POINT('',(0.,-1.2));
#1724 = VECTOR('',#1725,1.);
#1725 = DIRECTION('',(1.,0.));
#1726 = ( GEOMETRIC_REPRESENTATION_CONTEXT(2) 
PARAMETRIC_REPRESENTATION_CONTEXT() REPRESENTATION_CONTEXT('2D SPACE',''
  ) );
#1727 = PCURVE('',#1728,#1733);
#1728 = PLANE('',#1729);
#1729 = AXIS2_PLACEMENT_3D('',#1730,#1731,#1732);
#1730 = CARTESIAN_POINT('',(6.50166604984,-6.061215932168,8.));
#1731 = DIRECTION('',(0.866025403784,0.5,0.));
#1732 = DIRECTION('',(0.,0.,1.));
#1733 = DEFINITIONAL_REPRESENTATION('',(#1734),#1738);
#1734 = LINE('',#1735,#1736);
#1735 = CARTESIAN_POINT('',(0.,0.));
#1736 = VECTOR('',#1737,1.);
#1737 = DIRECTION('',(1.,0.));
#1738 = ( GEOMETRIC_REPRESENTATION_CONTEXT(2) 
PARAMETRIC_REPRESENTATION_CONTEXT() REPRESENTATION_CONTEXT('2D SPACE',''
  ) );
#1739 = ORIENTED_EDGE('',*,*,#1740,.F.);
#1740 = EDGE_CURVE('',#1652,#1713,#1741,.T.);
#1741 = SURFACE_CURVE('',#1742,(#1746,#1753),.PCURVE_S1.);
#1742 = LINE('',#1743,#1744);
#1743 = CARTESIAN_POINT('',(5.462435565298,-6.661215932168,19.));
#1744 = VECTOR('',#1745,1.);
#1745 = DIRECTION('',(0.866025403784,0.5,0.));
#1746 = PCURVE('',#1660,#1747);
#1747 = DEFINITIONAL_REPRESENTATION('',(#1748),#1752);
#1748 = LINE('',#1749,#1750);
#1749 = CARTESIAN_POINT('',(11.,0.));
#1750 = VECTOR('',#1751,1.);
#1751 = DIRECTION('',(0.,-1.));
#1752 = ( GEOMETRIC_REPRESENTATION_CONTEXT(2) 
PARAMETRIC_REPRESENTATION_CONTEXT() REPRESENTATION_CONTEXT('2D SPACE',''
  ) );
#1753 = PCURVE('',#1754,#1759);
#1754 = PLANE('',#1755);
#1755 = AXIS2_PLACEMENT_3D('',#1756,#1757,#1758);
#1756 = CARTESIAN_POINT('',(5.462435565298,-6.661215932168,19.));
#1757 = DIRECTION('',(0.,0.,1.));
#1758 = DIRECTION('',(0.5,-0.866025403784,0.));
#1759 = DEFINITIONAL_REPRESENTATION('',(#1760),#1764);
#1760 = LINE('',#1761,#1762);
#1761 = CARTESIAN_POINT('',(0.,0.));
#1762 = VECTOR('',#1763,1.);
#1763 = DIRECTION('',(0.,1.));
#1764 = ( GEOMETRIC_REPRESENTATION_CONTEXT(2) 
PARAMETRIC_REPRESENTATION_CONTEXT() REPRESENTATION_CONTEXT('2D SPACE',''
  ) );
#1765 = ADVANCED_FACE('',(#1766),#1780,.T.);
#1766 = FACE_BOUND('',#1767,.T.);
#1767 = EDGE_LOOP('',(#1768,#1798,#1821,#1844));
#1768 = ORIENTED_EDGE('',*,*,#1769,.F.);
#1769 = EDGE_CURVE('',#1770,#1772,#1774,.T.);
#1770 = VERTEX_POINT('',#1771);
#1771 = CARTESIAN_POINT('',(9.462435565298,-13.58941916244,8.));
#1772 = VERTEX_POINT('',#1773);
#1773 = CARTESIAN_POINT('',(9.462435565298,-13.58941916244,19.));
#1774 = SURFACE_CURVE('',#1775,(#1779,#1791),.PCURVE_S1.);
#1775 = LINE('',#1776,#1777);
#1776 = CARTESIAN_POINT('',(9.462435565298,-13.58941916244,8.));
#1777 = VECTOR('',#1778,1.);
#1778 = DIRECTION('',(0.,0.,1.));
#1779 = PCURVE('',#1780,#1785);
#1780 = PLANE('',#1781);
#1781 = AXIS2_PLACEMENT_3D('',#1782,#1783,#1784);
#1782 = CARTESIAN_POINT('',(9.462435565298,-13.58941916244,8.));
#1783 = DIRECTION('',(0.5,-0.866025403784,0.));
#1784 = DIRECTION('',(0.,0.,1.));
#1785 = DEFINITIONAL_REPRESENTATION('',(#1786),#1790);
#1786 = LINE('',#1787,#1788);
#1787 = CARTESIAN_POINT('',(0.,0.));
#1788 = VECTOR('',#1789,1.);
#1789 = DIRECTION('',(1.,0.));
#1790 = ( GEOMETRIC_REPRESENTATION_CONTEXT(2) 
PARAMETRIC_REPRESENTATION_CONTEXT() REPRESENTATION_CONTEXT('2D SPACE',''
  ) );
#1791 = PCURVE('',#1672,#1792);
#1792 = DEFINITIONAL_REPRESENTATION('',(#1793),#1797);
#1793 = LINE('',#1794,#1795);
#1794 = CARTESIAN_POINT('',(0.,8.));
#1795 = VECTOR('',#1796,1.);
#1796 = DIRECTION('',(1.,0.));
#1797 = ( GEOMETRIC_REPRESENTATION_CONTEXT(2) 
PARAMETRIC_REPRESENTATION_CONTEXT() REPRESENTATION_CONTEXT('2D SPACE',''
  ) );
#1798 = ORIENTED_EDGE('',*,*,#1799,.T.);
#1799 = EDGE_CURVE('',#1770,#1800,#1802,.T.);
#1800 = VERTEX_POINT('',#1801);
#1801 = CARTESIAN_POINT('',(10.50166604984,-12.98941916244,8.));
#1802 = SURFACE_CURVE('',#1803,(#1807,#1814),.PCURVE_S1.);
#1803 = LINE('',#1804,#1805);
#1804 = CARTESIAN_POINT('',(9.462435565298,-13.58941916244,8.));
#1805 = VECTOR('',#1806,1.);
#1806 = DIRECTION('',(0.866025403784,0.5,0.));
#1807 = PCURVE('',#1780,#1808);
#1808 = DEFINITIONAL_REPRESENTATION('',(#1809),#1813);
#1809 = LINE('',#1810,#1811);
#1810 = CARTESIAN_POINT('',(0.,0.));
#1811 = VECTOR('',#1812,1.);
#1812 = DIRECTION('',(0.,-1.));
#1813 = ( GEOMETRIC_REPRESENTATION_CONTEXT(2) 
PARAMETRIC_REPRESENTATION_CONTEXT() REPRESENTATION_CONTEXT('2D SPACE',''
  ) );
#1814 = PCURVE('',#1700,#1815);
#1815 = DEFINITIONAL_REPRESENTATION('',(#1816),#1820);
#1816 = LINE('',#1817,#1818);
#1817 = CARTESIAN_POINT('',(8.,0.));
#1818 = VECTOR('',#1819,1.);
#1819 = DIRECTION('',(0.,1.));
#1820 = ( GEOMETRIC_REPRESENTATION_CONTEXT(2) 
PARAMETRIC_REPRESENTATION_CONTEXT() REPRESENTATION_CONTEXT('2D SPACE',''
  ) );
#1821 = ORIENTED_EDGE('',*,*,#1822,.T.);
#1822 = EDGE_CURVE('',#1800,#1823,#1825,.T.);
#1823 = VERTEX_POINT('',#1824);
#1824 = CARTESIAN_POINT('',(10.50166604984,-12.98941916244,19.));
#1825 = SURFACE_CURVE('',#1826,(#1830,#1837),.PCURVE_S1.);
#1826 = LINE('',#1827,#1828);
#1827 = CARTESIAN_POINT('',(10.50166604984,-12.98941916244,8.));
#1828 = VECTOR('',#1829,1.);
#1829 = DIRECTION('',(0.,0.,1.));
#1830 = PCURVE('',#1780,#1831);
#1831 = DEFINITIONAL_REPRESENTATION('',(#1832),#1836);
#1832 = LINE('',#1833,#1834);
#1833 = CARTESIAN_POINT('',(0.,-1.2));
#1834 = VECTOR('',#1835,1.);
#1835 = DIRECTION('',(1.,0.));
#1836 = ( GEOMETRIC_REPRESENTATION_CONTEXT(2) 
PARAMETRIC_REPRESENTATION_CONTEXT() REPRESENTATION_CONTEXT('2D SPACE',''
  ) );
#1837 = PCURVE('',#1728,#1838);
#1838 = DEFINITIONAL_REPRESENTATION('',(#1839),#1843);
#1839 = LINE('',#1840,#1841);
#1840 = CARTESIAN_POINT('',(0.,8.));
#1841 = VECTOR('',#1842,1.);
#1842 = DIRECTION('',(1.,0.));
#1843 = ( GEOMETRIC_REPRESENTATION_CONTEXT(2) 
PARAMETRIC_REPRESENTATION_CONTEXT() REPRESENTATION_CONTEXT('2D SPACE',''
  ) );
#1844 = ORIENTED_EDGE('',*,*,#1845,.F.);
#1845 = EDGE_CURVE('',#1772,#1823,#1846,.T.);
#1846 = SURFACE_CURVE('',#1847,(#1851,#1858),.PCURVE_S1.);
#1847 = LINE('',#1848,#1849);
#1848 = CARTESIAN_POINT('',(9.462435565298,-13.58941916244,19.));
#1849 = VECTOR('',#1850,1.);
#1850 = DIRECTION('',(0.866025403784,0.5,0.));
#1851 = PCURVE('',#1780,#1852);
#1852 = DEFINITIONAL_REPRESENTATION('',(#1853),#1857);
#1853 = LINE('',#1854,#1855);
#1854 = CARTESIAN_POINT('',(11.,0.));
#1855 = VECTOR('',#1856,1.);
#1856 = DIRECTION('',(0.,-1.));
#1857 = ( GEOMETRIC_REPRESENTATION_CONTEXT(2) 
PARAMETRIC_REPRESENTATION_CONTEXT() REPRESENTATION_CONTEXT('2D SPACE',''
  ) );
#1858 = PCURVE('',#1754,#1859);
#1859 = DEFINITIONAL_REPRESENTATION('',(#1860),#1864);
#1860 = LINE('',#1861,#1862);
#1861 = CARTESIAN_POINT('',(8.,0.));
#1862 = VECTOR('',#1863,1.);
#1863 = DIRECTION('',(0.,1.));
#1864 = ( GEOMETRIC_REPRESENTATION_CONTEXT(2) 
PARAMETRIC_REPRESENTATION_CONTEXT() REPRESENTATION_CONTEXT('2D SPACE',''
  ) );
#1865 = ADVANCED_FACE('',(#1866),#1672,.F.);
#1866 = FACE_BOUND('',#1867,.F.);
#1867 = EDGE_LOOP('',(#1868,#1889,#1890,#1911));
#1868 = ORIENTED_EDGE('',*,*,#1869,.F.);
#1869 = EDGE_CURVE('',#1650,#1770,#1870,.T.);
#1870 = SURFACE_CURVE('',#1871,(#1875,#1882),.PCURVE_S1.);
#1871 = LINE('',#1872,#1873);
#1872 = CARTESIAN_POINT('',(5.462435565298,-6.661215932168,8.));
#1873 = VECTOR('',#1874,1.);
#1874 = DIRECTION('',(0.5,-0.866025403784,0.));
#1875 = PCURVE('',#1672,#1876);
#1876 = DEFINITIONAL_REPRESENTATION('',(#1877),#1881);
#1877 = LINE('',#1878,#1879);
#1878 = CARTESIAN_POINT('',(0.,0.));
#1879 = VECTOR('',#1880,1.);
#1880 = DIRECTION('',(0.,1.));
#1881 = ( GEOMETRIC_REPRESENTATION_CONTEXT(2) 
PARAMETRIC_REPRESENTATION_CONTEXT() REPRESENTATION_CONTEXT('2D SPACE',''
  ) );
#1882 = PCURVE('',#1700,#1883);
#1883 = DEFINITIONAL_REPRESENTATION('',(#1884),#1888);
#1884 = LINE('',#1885,#1886);
#1885 = CARTESIAN_POINT('',(0.,0.));
#1886 = VECTOR('',#1887,1.);
#1887 = DIRECTION('',(1.,0.));
#1888 = ( GEOMETRIC_REPRESENTATION_CONTEXT(2) 
PARAMETRIC_REPRESENTATION_CONTEXT() REPRESENTATION_CONTEXT('2D SPACE',''
  ) );
#1889 = ORIENTED_EDGE('',*,*,#1649,.T.);
#1890 = ORIENTED_EDGE('',*,*,#1891,.T.);
#1891 = EDGE_CURVE('',#1652,#1772,#1892,.T.);
#1892 = SURFACE_CURVE('',#1893,(#1897,#1904),.PCURVE_S1.);
#1893 = LINE('',#1894,#1895);
#1894 = CARTESIAN_POINT('',(5.462435565298,-6.661215932168,19.));
#1895 = VECTOR('',#1896,1.);
#1896 = DIRECTION('',(0.5,-0.866025403784,0.));
#1897 = PCURVE('',#1672,#1898);
#1898 = DEFINITIONAL_REPRESENTATION('',(#1899),#1903);
#1899 = LINE('',#1900,#1901);
#1900 = CARTESIAN_POINT('',(11.,0.));
#1901 = VECTOR('',#1902,1.);
#1902 = DIRECTION('',(0.,1.));
#1903 = ( GEOMETRIC_REPRESENTATION_CONTEXT(2) 
PARAMETRIC_REPRESENTATION_CONTEXT() REPRESENTATION_CONTEXT('2D SPACE',''
  ) );
#1904 = PCURVE('',#1754,#1905);
#1905 = DEFINITIONAL_REPRESENTATION('',(#1906),#1910);
#1906 = LINE('',#1907,#1908);
#1907 = CARTESIAN_POINT('',(0.,0.));
#1908 = VECTOR('',#1909,1.);
#1909 = DIRECTION('',(1.,0.));
#1910 = ( GEOMETRIC_REPRESENTATION_CONTEXT(2) 
PARAMETRIC_REPRESENTATION_CONTEXT() REPRESENTATION_CONTEXT('2D SPACE',''
  ) );
#1911 = ORIENTED_EDGE('',*,*,#1769,.F.);
#1912 = ADVANCED_FACE('',(#1913),#1728,.T.);
#1913 = FACE_BOUND('',#1914,.T.);
#1914 = EDGE_LOOP('',(#1915,#1936,#1937,#1958));
#1915 = ORIENTED_EDGE('',*,*,#1916,.F.);
#1916 = EDGE_CURVE('',#1685,#1800,#1917,.T.);
#1917 = SURFACE_CURVE('',#1918,(#1922,#1929),.PCURVE_S1.);
#1918 = LINE('',#1919,#1920);
#1919 = CARTESIAN_POINT('',(6.50166604984,-6.061215932168,8.));
#1920 = VECTOR('',#1921,1.);
#1921 = DIRECTION('',(0.5,-0.866025403784,0.));
#1922 = PCURVE('',#1728,#1923);
#1923 = DEFINITIONAL_REPRESENTATION('',(#1924),#1928);
#1924 = LINE('',#1925,#1926);
#1925 = CARTESIAN_POINT('',(0.,0.));
#1926 = VECTOR('',#1927,1.);
#1927 = DIRECTION('',(0.,1.));
#1928 = ( GEOMETRIC_REPRESENTATION_CONTEXT(2) 
PARAMETRIC_REPRESENTATION_CONTEXT() REPRESENTATION_CONTEXT('2D SPACE',''
  ) );
#1929 = PCURVE('',#1700,#1930);
#1930 = DEFINITIONAL_REPRESENTATION('',(#1931),#1935);
#1931 = LINE('',#1932,#1933);
#1932 = CARTESIAN_POINT('',(0.,1.2));
#1933 = VECTOR('',#1934,1.);
#1934 = DIRECTION('',(1.,0.));
#1935 = ( GEOMETRIC_REPRESENTATION_CONTEXT(2) 
PARAMETRIC_REPRESENTATION_CONTEXT() REPRESENTATION_CONTEXT('2D SPACE',''
  ) );
#1936 = ORIENTED_EDGE('',*,*,#1712,.T.);
#1937 = ORIENTED_EDGE('',*,*,#1938,.T.);
#1938 = EDGE_CURVE('',#1713,#1823,#1939,.T.);
#1939 = SURFACE_CURVE('',#1940,(#1944,#1951),.PCURVE_S1.);
#1940 = LINE('',#1941,#1942);
#1941 = CARTESIAN_POINT('',(6.50166604984,-6.061215932168,19.));
#1942 = VECTOR('',#1943,1.);
#1943 = DIRECTION('',(0.5,-0.866025403784,0.));
#1944 = PCURVE('',#1728,#1945);
#1945 = DEFINITIONAL_REPRESENTATION('',(#1946),#1950);
#1946 = LINE('',#1947,#1948);
#1947 = CARTESIAN_POINT('',(11.,0.));
#1948 = VECTOR('',#1949,1.);
#1949 = DIRECTION('',(0.,1.));
#1950 = ( GEOMETRIC_REPRESENTATION_CONTEXT(2) 
PARAMETRIC_REPRESENTATION_CONTEXT() REPRESENTATION_CONTEXT('2D SPACE',''
  ) );
#1951 = PCURVE('',#1754,#1952);
#1952 = DEFINITIONAL_REPRESENTATION('',(#1953),#1957);
#1953 = LINE('',#1954,#1955);
#1954 = CARTESIAN_POINT('',(0.,1.2));
#1955 = VECTOR('',#1956,1.);
#1956 = DIRECTION('',(1.,0.));
#1957 = ( GEOMETRIC_REPRESENTATION_CONTEXT(2) 
PARAMETRIC_REPRESENTATION_CONTEXT() REPRESENTATION_CONTEXT('2D SPACE',''
  ) );
#1958 = ORIENTED_EDGE('',*,*,#1822,.F.);
#1959 = ADVANCED_FACE('',(#1960),#1700,.F.);
#1960 = FACE_BOUND('',#1961,.F.);
#1961 = EDGE_LOOP('',(#1962,#1963,#1964,#1965));
#1962 = ORIENTED_EDGE('',*,*,#1684,.F.);
#1963 = ORIENTED_EDGE('',*,*,#1869,.T.);
#1964 = ORIENTED_EDGE('',*,*,#1799,.T.);
#1965 = ORIENTED_EDGE('',*,*,#1916,.F.);
#1966 = ADVANCED_FACE('',(#1967),#1754,.T.);
#1967 = FACE_BOUND('',#1968,.T.);
#1968 = EDGE_LOOP('',(#1969,#1970,#1971,#1972));
#1969 = ORIENTED_EDGE('',*,*,#1740,.F.);
#1970 = ORIENTED_EDGE('',*,*,#1891,.T.);
#1971 = ORIENTED_EDGE('',*,*,#1845,.T.);
#1972 = ORIENTED_EDGE('',*,*,#1938,.F.);
#1973 = MANIFOLD_SOLID_BREP('',#1974);
#1974 = CLOSED_SHELL('',(#1975,#2095,#2195,#2242,#2289,#2296));
#1975 = ADVANCED_FACE('',(#1976),#1990,.F.);
#1976 = FACE_BOUND('',#1977,.F.);
#1977 = EDGE_LOOP('',(#1978,#2013,#2041,#2069));
#1978 = ORIENTED_EDGE('',*,*,#1979,.F.);
#1979 = EDGE_CURVE('',#1980,#1982,#1984,.T.);
#1980 = VERTEX_POINT('',#1981);
#1981 = CARTESIAN_POINT('',(3.299876996066,-14.44369611852,8.));
#1982 = VERTEX_POINT('',#1983);
#1983 = CARTESIAN_POINT('',(3.299876996066,-14.44369611852,19.));
#1984 = SURFACE_CURVE('',#1985,(#1989,#2001),.PCURVE_S1.);
#1985 = LINE('',#1986,#1987);
#1986 = CARTESIAN_POINT('',(3.299876996066,-14.44369611852,8.));
#1987 = VECTOR('',#1988,1.);
#1988 = DIRECTION('',(0.,0.,1.));
#1989 = PCURVE('',#1990,#1995);
#1990 = PLANE('',#1991);
#1991 = AXIS2_PLACEMENT_3D('',#1992,#1993,#1994);
#1992 = CARTESIAN_POINT('',(3.299876996066,-14.44369611852,8.));
#1993 = DIRECTION('',(0.573576436351,-0.819152044289,0.));
#1994 = DIRECTION('',(0.,0.,1.));
#1995 = DEFINITIONAL_REPRESENTATION('',(#1996),#2000);
#1996 = LINE('',#1997,#1998);
#1997 = CARTESIAN_POINT('',(0.,0.));
#1998 = VECTOR('',#1999,1.);
#1999 = DIRECTION('',(1.,0.));
#2000 = ( GEOMETRIC_REPRESENTATION_CONTEXT(2) 
PARAMETRIC_REPRESENTATION_CONTEXT() REPRESENTATION_CONTEXT('2D SPACE',''
  ) );
#2001 = PCURVE('',#2002,#2007);
#2002 = PLANE('',#2003);
#2003 = AXIS2_PLACEMENT_3D('',#2004,#2005,#2006);
#2004 = CARTESIAN_POINT('',(3.299876996066,-14.44369611852,8.));
#2005 = DIRECTION('',(0.819152044289,0.573576436351,0.));
#2006 = DIRECTION('',(0.,0.,1.));
#2007 = DEFINITIONAL_REPRESENTATION('',(#2008),#2012);
#2008 = LINE('',#2009,#2010);
#2009 = CARTESIAN_POINT('',(0.,0.));
#2010 = VECTOR('',#2011,1.);
#2011 = DIRECTION('',(1.,0.));
#2012 = ( GEOMETRIC_REPRESENTATION_CONTEXT(2) 
PARAMETRIC_REPRESENTATION_CONTEXT() REPRESENTATION_CONTEXT('2D SPACE',''
  ) );
#2013 = ORIENTED_EDGE('',*,*,#2014,.T.);
#2014 = EDGE_CURVE('',#1980,#2015,#2017,.T.);
#2015 = VERTEX_POINT('',#2016);
#2016 = CARTESIAN_POINT('',(4.119029040355,-13.87011968217,8.));
#2017 = SURFACE_CURVE('',#2018,(#2022,#2029),.PCURVE_S1.);
#2018 = LINE('',#2019,#2020);
#2019 = CARTESIAN_POINT('',(3.299876996066,-14.44369611852,8.));
#2020 = VECTOR('',#2021,1.);
#2021 = DIRECTION('',(0.819152044289,0.573576436351,0.));
#2022 = PCURVE('',#1990,#2023);
#2023 = DEFINITIONAL_REPRESENTATION('',(#2024),#2028);
#2024 = LINE('',#2025,#2026);
#2025 = CARTESIAN_POINT('',(0.,0.));
#2026 = VECTOR('',#2027,1.);
#2027 = DIRECTION('',(0.,-1.));
#2028 = ( GEOMETRIC_REPRESENTATION_CONTEXT(2) 
PARAMETRIC_REPRESENTATION_CONTEXT() REPRESENTATION_CONTEXT('2D SPACE',''
  ) );
#2029 = PCURVE('',#2030,#2035);
#2030 = PLANE('',#2031);
#2031 = AXIS2_PLACEMENT_3D('',#2032,#2033,#2034);
#2032 = CARTESIAN_POINT('',(3.299876996066,-14.44369611852,8.));
#2033 = DIRECTION('',(0.,0.,1.));
#2034 = DIRECTION('',(0.573576436351,-0.819152044289,0.));
#2035 = DEFINITIONAL_REPRESENTATION('',(#2036),#2040);
#2036 = LINE('',#2037,#2038);
#2037 = CARTESIAN_POINT('',(0.,0.));
#2038 = VECTOR('',#2039,1.);
#2039 = DIRECTION('',(0.,1.));
#2040 = ( GEOMETRIC_REPRESENTATION_CONTEXT(2) 
PARAMETRIC_REPRESENTATION_CONTEXT() REPRESENTATION_CONTEXT('2D SPACE',''
  ) );
#2041 = ORIENTED_EDGE('',*,*,#2042,.T.);
#2042 = EDGE_CURVE('',#2015,#2043,#2045,.T.);
#2043 = VERTEX_POINT('',#2044);
#2044 = CARTESIAN_POINT('',(4.119029040355,-13.87011968217,19.));
#2045 = SURFACE_CURVE('',#2046,(#2050,#2057),.PCURVE_S1.);
#2046 = LINE('',#2047,#2048);
#2047 = CARTESIAN_POINT('',(4.119029040355,-13.87011968217,8.));
#2048 = VECTOR('',#2049,1.);
#2049 = DIRECTION('',(0.,0.,1.));
#2050 = PCURVE('',#1990,#2051);
#2051 = DEFINITIONAL_REPRESENTATION('',(#2052),#2056);
#2052 = LINE('',#2053,#2054);
#2053 = CARTESIAN_POINT('',(0.,-1.));
#2054 = VECTOR('',#2055,1.);
#2055 = DIRECTION('',(1.,0.));
#2056 = ( GEOMETRIC_REPRESENTATION_CONTEXT(2) 
PARAMETRIC_REPRESENTATION_CONTEXT() REPRESENTATION_CONTEXT('2D SPACE',''
  ) );
#2057 = PCURVE('',#2058,#2063);
#2058 = PLANE('',#2059);
#2059 = AXIS2_PLACEMENT_3D('',#2060,#2061,#2062);
#2060 = CARTESIAN_POINT('',(4.119029040355,-13.87011968217,8.));
#2061 = DIRECTION('',(0.819152044289,0.573576436351,0.));
#2062 = DIRECTION('',(0.,0.,1.));
#2063 = DEFINITIONAL_REPRESENTATION('',(#2064),#2068);
#2064 = LINE('',#2065,#2066);
#2065 = CARTESIAN_POINT('',(0.,0.));
#2066 = VECTOR('',#2067,1.);
#2067 = DIRECTION('',(1.,0.));
#2068 = ( GEOMETRIC_REPRESENTATION_CONTEXT(2) 
PARAMETRIC_REPRESENTATION_CONTEXT() REPRESENTATION_CONTEXT('2D SPACE',''
  ) );
#2069 = ORIENTED_EDGE('',*,*,#2070,.F.);
#2070 = EDGE_CURVE('',#1982,#2043,#2071,.T.);
#2071 = SURFACE_CURVE('',#2072,(#2076,#2083),.PCURVE_S1.);
#2072 = LINE('',#2073,#2074);
#2073 = CARTESIAN_POINT('',(3.299876996066,-14.44369611852,19.));
#2074 = VECTOR('',#2075,1.);
#2075 = DIRECTION('',(0.819152044289,0.573576436351,0.));
#2076 = PCURVE('',#1990,#2077);
#2077 = DEFINITIONAL_REPRESENTATION('',(#2078),#2082);
#2078 = LINE('',#2079,#2080);
#2079 = CARTESIAN_POINT('',(11.,0.));
#2080 = VECTOR('',#2081,1.);
#2081 = DIRECTION('',(0.,-1.));
#2082 = ( GEOMETRIC_REPRESENTATION_CONTEXT(2) 
PARAMETRIC_REPRESENTATION_CONTEXT() REPRESENTATION_CONTEXT('2D SPACE',''
  ) );
#2083 = PCURVE('',#2084,#2089);
#2084 = PLANE('',#2085);
#2085 = AXIS2_PLACEMENT_3D('',#2086,#2087,#2088);
#2086 = CARTESIAN_POINT('',(3.299876996066,-14.44369611852,19.));
#2087 = DIRECTION('',(0.,0.,1.));
#2088 = DIRECTION('',(0.573576436351,-0.819152044289,0.));
#2089 = DEFINITIONAL_REPRESENTATION('',(#2090),#2094);
#2090 = LINE('',#2091,#2092);
#2091 = CARTESIAN_POINT('',(0.,0.));
#2092 = VECTOR('',#2093,1.);
#2093 = DIRECTION('',(0.,1.));
#2094 = ( GEOMETRIC_REPRESENTATION_CONTEXT(2) 
PARAMETRIC_REPRESENTATION_CONTEXT() REPRESENTATION_CONTEXT('2D SPACE',''
  ) );
#2095 = ADVANCED_FACE('',(#2096),#2110,.T.);
#2096 = FACE_BOUND('',#2097,.T.);
#2097 = EDGE_LOOP('',(#2098,#2128,#2151,#2174));
#2098 = ORIENTED_EDGE('',*,*,#2099,.F.);
#2099 = EDGE_CURVE('',#2100,#2102,#2104,.T.);
#2100 = VERTEX_POINT('',#2101);
#2101 = CARTESIAN_POINT('',(5.880970959645,-18.12988031782,8.));
#2102 = VERTEX_POINT('',#2103);
#2103 = CARTESIAN_POINT('',(5.880970959645,-18.12988031782,19.));
#2104 = SURFACE_CURVE('',#2105,(#2109,#2121),.PCURVE_S1.);
#2105 = LINE('',#2106,#2107);
#2106 = CARTESIAN_POINT('',(5.880970959645,-18.12988031782,8.));
#2107 = VECTOR('',#2108,1.);
#2108 = DIRECTION('',(0.,0.,1.));
#2109 = PCURVE('',#2110,#2115);
#2110 = PLANE('',#2111);
#2111 = AXIS2_PLACEMENT_3D('',#2112,#2113,#2114);
#2112 = CARTESIAN_POINT('',(5.880970959645,-18.12988031782,8.));
#2113 = DIRECTION('',(0.573576436351,-0.819152044289,0.));
#2114 = DIRECTION('',(0.,0.,1.));
#2115 = DEFINITIONAL_REPRESENTATION('',(#2116),#2120);
#2116 = LINE('',#2117,#2118);
#2117 = CARTESIAN_POINT('',(0.,0.));
#2118 = VECTOR('',#2119,1.);
#2119 = DIRECTION('',(1.,0.));
#2120 = ( GEOMETRIC_REPRESENTATION_CONTEXT(2) 
PARAMETRIC_REPRESENTATION_CONTEXT() REPRESENTATION_CONTEXT('2D SPACE',''
  ) );
#2121 = PCURVE('',#2002,#2122);
#2122 = DEFINITIONAL_REPRESENTATION('',(#2123),#2127);
#2123 = LINE('',#2124,#2125);
#2124 = CARTESIAN_POINT('',(0.,4.5));
#2125 = VECTOR('',#2126,1.);
#2126 = DIRECTION('',(1.,0.));
#2127 = ( GEOMETRIC_REPRESENTATION_CONTEXT(2) 
PARAMETRIC_REPRESENTATION_CONTEXT() REPRESENTATION_CONTEXT('2D SPACE',''
  ) );
#2128 = ORIENTED_EDGE('',*,*,#2129,.T.);
#2129 = EDGE_CURVE('',#2100,#2130,#2132,.T.);
#2130 = VERTEX_POINT('',#2131);
#2131 = CARTESIAN_POINT('',(6.700123003934,-17.55630388147,8.));
#2132 = SURFACE_CURVE('',#2133,(#2137,#2144),.PCURVE_S1.);
#2133 = LINE('',#2134,#2135);
#2134 = CARTESIAN_POINT('',(5.880970959645,-18.12988031782,8.));
#2135 = VECTOR('',#2136,1.);
#2136 = DIRECTION('',(0.819152044289,0.573576436351,0.));
#2137 = PCURVE('',#2110,#2138);
#2138 = DEFINITIONAL_REPRESENTATION('',(#2139),#2143);
#2139 = LINE('',#2140,#2141);
#2140 = CARTESIAN_POINT('',(0.,0.));
#2141 = VECTOR('',#2142,1.);
#2142 = DIRECTION('',(0.,-1.));
#2143 = ( GEOMETRIC_REPRESENTATION_CONTEXT(2) 
PARAMETRIC_REPRESENTATION_CONTEXT() REPRESENTATION_CONTEXT('2D SPACE',''
  ) );
#2144 = PCURVE('',#2030,#2145);
#2145 = DEFINITIONAL_REPRESENTATION('',(#2146),#2150);
#2146 = LINE('',#2147,#2148);
#2147 = CARTESIAN_POINT('',(4.5,0.));
#2148 = VECTOR('',#2149,1.);
#2149 = DIRECTION('',(0.,1.));
#2150 = ( GEOMETRIC_REPRESENTATION_CONTEXT(2) 
PARAMETRIC_REPRESENTATION_CONTEXT() REPRESENTATION_CONTEXT('2D SPACE',''
  ) );
#2151 = ORIENTED_EDGE('',*,*,#2152,.T.);
#2152 = EDGE_CURVE('',#2130,#2153,#2155,.T.);
#2153 = VERTEX_POINT('',#2154);
#2154 = CARTESIAN_POINT('',(6.700123003934,-17.55630388147,19.));
#2155 = SURFACE_CURVE('',#2156,(#2160,#2167),.PCURVE_S1.);
#2156 = LINE('',#2157,#2158);
#2157 = CARTESIAN_POINT('',(6.700123003934,-17.55630388147,8.));
#2158 = VECTOR('',#2159,1.);
#2159 = DIRECTION('',(0.,0.,1.));
#2160 = PCURVE('',#2110,#2161);
#2161 = DEFINITIONAL_REPRESENTATION('',(#2162),#2166);
#2162 = LINE('',#2163,#2164);
#2163 = CARTESIAN_POINT('',(0.,-1.));
#2164 = VECTOR('',#2165,1.);
#2165 = DIRECTION('',(1.,0.));
#2166 = ( GEOMETRIC_REPRESENTATION_CONTEXT(2) 
PARAMETRIC_REPRESENTATION_CONTEXT() REPRESENTATION_CONTEXT('2D SPACE',''
  ) );
#2167 = PCURVE('',#2058,#2168);
#2168 = DEFINITIONAL_REPRESENTATION('',(#2169),#2173);
#2169 = LINE('',#2170,#2171);
#2170 = CARTESIAN_POINT('',(0.,4.5));
#2171 = VECTOR('',#2172,1.);
#2172 = DIRECTION('',(1.,0.));
#2173 = ( GEOMETRIC_REPRESENTATION_CONTEXT(2) 
PARAMETRIC_REPRESENTATION_CONTEXT() REPRESENTATION_CONTEXT('2D SPACE',''
  ) );
#2174 = ORIENTED_EDGE('',*,*,#2175,.F.);
#2175 = EDGE_CURVE('',#2102,#2153,#2176,.T.);
#2176 = SURFACE_CURVE('',#2177,(#2181,#2188),.PCURVE_S1.);
#2177 = LINE('',#2178,#2179);
#2178 = CARTESIAN_POINT('',(5.880970959645,-18.12988031782,19.));
#2179 = VECTOR('',#2180,1.);
#2180 = DIRECTION('',(0.819152044289,0.573576436351,0.));
#2181 = PCURVE('',#2110,#2182);
#2182 = DEFINITIONAL_REPRESENTATION('',(#2183),#2187);
#2183 = LINE('',#2184,#2185);
#2184 = CARTESIAN_POINT('',(11.,0.));
#2185 = VECTOR('',#2186,1.);
#2186 = DIRECTION('',(0.,-1.));
#2187 = ( GEOMETRIC_REPRESENTATION_CONTEXT(2) 
PARAMETRIC_REPRESENTATION_CONTEXT() REPRESENTATION_CONTEXT('2D SPACE',''
  ) );
#2188 = PCURVE('',#2084,#2189);
#2189 = DEFINITIONAL_REPRESENTATION('',(#2190),#2194);
#2190 = LINE('',#2191,#2192);
#2191 = CARTESIAN_POINT('',(4.5,0.));
#2192 = VECTOR('',#2193,1.);
#2193 = DIRECTION('',(0.,1.));
#2194 = ( GEOMETRIC_REPRESENTATION_CONTEXT(2) 
PARAMETRIC_REPRESENTATION_CONTEXT() REPRESENTATION_CONTEXT('2D SPACE',''
  ) );
#2195 = ADVANCED_FACE('',(#2196),#2002,.F.);
#2196 = FACE_BOUND('',#2197,.F.);
#2197 = EDGE_LOOP('',(#2198,#2219,#2220,#2241));
#2198 = ORIENTED_EDGE('',*,*,#2199,.F.);
#2199 = EDGE_CURVE('',#1980,#2100,#2200,.T.);
#2200 = SURFACE_CURVE('',#2201,(#2205,#2212),.PCURVE_S1.);
#2201 = LINE('',#2202,#2203);
#2202 = CARTESIAN_POINT('',(3.299876996066,-14.44369611852,8.));
#2203 = VECTOR('',#2204,1.);
#2204 = DIRECTION('',(0.573576436351,-0.819152044289,0.));
#2205 = PCURVE('',#2002,#2206);
#2206 = DEFINITIONAL_REPRESENTATION('',(#2207),#2211);
#2207 = LINE('',#2208,#2209);
#2208 = CARTESIAN_POINT('',(0.,0.));
#2209 = VECTOR('',#2210,1.);
#2210 = DIRECTION('',(0.,1.));
#2211 = ( GEOMETRIC_REPRESENTATION_CONTEXT(2) 
PARAMETRIC_REPRESENTATION_CONTEXT() REPRESENTATION_CONTEXT('2D SPACE',''
  ) );
#2212 = PCURVE('',#2030,#2213);
#2213 = DEFINITIONAL_REPRESENTATION('',(#2214),#2218);
#2214 = LINE('',#2215,#2216);
#2215 = CARTESIAN_POINT('',(0.,0.));
#2216 = VECTOR('',#2217,1.);
#2217 = DIRECTION('',(1.,0.));
#2218 = ( GEOMETRIC_REPRESENTATION_CONTEXT(2) 
PARAMETRIC_REPRESENTATION_CONTEXT() REPRESENTATION_CONTEXT('2D SPACE',''
  ) );
#2219 = ORIENTED_EDGE('',*,*,#1979,.T.);
#2220 = ORIENTED_EDGE('',*,*,#2221,.T.);
#2221 = EDGE_CURVE('',#1982,#2102,#2222,.T.);
#2222 = SURFACE_CURVE('',#2223,(#2227,#2234),.PCURVE_S1.);
#2223 = LINE('',#2224,#2225);
#2224 = CARTESIAN_POINT('',(3.299876996066,-14.44369611852,19.));
#2225 = VECTOR('',#2226,1.);
#2226 = DIRECTION('',(0.573576436351,-0.819152044289,0.));
#2227 = PCURVE('',#2002,#2228);
#2228 = DEFINITIONAL_REPRESENTATION('',(#2229),#2233);
#2229 = LINE('',#2230,#2231);
#2230 = CARTESIAN_POINT('',(11.,0.));
#2231 = VECTOR('',#2232,1.);
#2232 = DIRECTION('',(0.,1.));
#2233 = ( GEOMETRIC_REPRESENTATION_CONTEXT(2) 
PARAMETRIC_REPRESENTATION_CONTEXT() REPRESENTATION_CONTEXT('2D SPACE',''
  ) );
#2234 = PCURVE('',#2084,#2235);
#2235 = DEFINITIONAL_REPRESENTATION('',(#2236),#2240);
#2236 = LINE('',#2237,#2238);
#2237 = CARTESIAN_POINT('',(0.,0.));
#2238 = VECTOR('',#2239,1.);
#2239 = DIRECTION('',(1.,0.));
#2240 = ( GEOMETRIC_REPRESENTATION_CONTEXT(2) 
PARAMETRIC_REPRESENTATION_CONTEXT() REPRESENTATION_CONTEXT('2D SPACE',''
  ) );
#2241 = ORIENTED_EDGE('',*,*,#2099,.F.);
#2242 = ADVANCED_FACE('',(#2243),#2058,.T.);
#2243 = FACE_BOUND('',#2244,.T.);
#2244 = EDGE_LOOP('',(#2245,#2266,#2267,#2288));
#2245 = ORIENTED_EDGE('',*,*,#2246,.F.);
#2246 = EDGE_CURVE('',#2015,#2130,#2247,.T.);
#2247 = SURFACE_CURVE('',#2248,(#2252,#2259),.PCURVE_S1.);
#2248 = LINE('',#2249,#2250);
#2249 = CARTESIAN_POINT('',(4.119029040355,-13.87011968217,8.));
#2250 = VECTOR('',#2251,1.);
#2251 = DIRECTION('',(0.573576436351,-0.819152044289,0.));
#2252 = PCURVE('',#2058,#2253);
#2253 = DEFINITIONAL_REPRESENTATION('',(#2254),#2258);
#2254 = LINE('',#2255,#2256);
#2255 = CARTESIAN_POINT('',(0.,0.));
#2256 = VECTOR('',#2257,1.);
#2257 = DIRECTION('',(0.,1.));
#2258 = ( GEOMETRIC_REPRESENTATION_CONTEXT(2) 
PARAMETRIC_REPRESENTATION_CONTEXT() REPRESENTATION_CONTEXT('2D SPACE',''
  ) );
#2259 = PCURVE('',#2030,#2260);
#2260 = DEFINITIONAL_REPRESENTATION('',(#2261),#2265);
#2261 = LINE('',#2262,#2263);
#2262 = CARTESIAN_POINT('',(0.,1.));
#2263 = VECTOR('',#2264,1.);
#2264 = DIRECTION('',(1.,0.));
#2265 = ( GEOMETRIC_REPRESENTATION_CONTEXT(2) 
PARAMETRIC_REPRESENTATION_CONTEXT() REPRESENTATION_CONTEXT('2D SPACE',''
  ) );
#2266 = ORIENTED_EDGE('',*,*,#2042,.T.);
#2267 = ORIENTED_EDGE('',*,*,#2268,.T.);
#2268 = EDGE_CURVE('',#2043,#2153,#2269,.T.);
#2269 = SURFACE_CURVE('',#2270,(#2274,#2281),.PCURVE_S1.);
#2270 = LINE('',#2271,#2272);
#2271 = CARTESIAN_POINT('',(4.119029040355,-13.87011968217,19.));
#2272 = VECTOR('',#2273,1.);
#2273 = DIRECTION('',(0.573576436351,-0.819152044289,0.));
#2274 = PCURVE('',#2058,#2275);
#2275 = DEFINITIONAL_REPRESENTATION('',(#2276),#2280);
#2276 = LINE('',#2277,#2278);
#2277 = CARTESIAN_POINT('',(11.,0.));
#2278 = VECTOR('',#2279,1.);
#2279 = DIRECTION('',(0.,1.));
#2280 = ( GEOMETRIC_REPRESENTATION_CONTEXT(2) 
PARAMETRIC_REPRESENTATION_CONTEXT() REPRESENTATION_CONTEXT('2D SPACE',''
  ) );
#2281 = PCURVE('',#2084,#2282);
#2282 = DEFINITIONAL_REPRESENTATION('',(#2283),#2287);
#2283 = LINE('',#2284,#2285);
#2284 = CARTESIAN_POINT('',(0.,1.));
#2285 = VECTOR('',#2286,1.);
#2286 = DIRECTION('',(1.,0.));
#2287 = ( GEOMETRIC_REPRESENTATION_CONTEXT(2) 
PARAMETRIC_REPRESENTATION_CONTEXT() REPRESENTATION_CONTEXT('2D SPACE',''
  ) );
#2288 = ORIENTED_EDGE('',*,*,#2152,.F.);
#2289 = ADVANCED_FACE('',(#2290),#2030,.F.);
#2290 = FACE_BOUND('',#2291,.F.);
#2291 = EDGE_LOOP('',(#2292,#2293,#2294,#2295));
#2292 = ORIENTED_EDGE('',*,*,#2014,.F.);
#2293 = ORIENTED_EDGE('',*,*,#2199,.T.);
#2294 = ORIENTED_EDGE('',*,*,#2129,.T.);
#2295 = ORIENTED_EDGE('',*,*,#2246,.F.);
#2296 = ADVANCED_FACE('',(#2297),#2084,.T.);
#2297 = FACE_BOUND('',#2298,.T.);
#2298 = EDGE_LOOP('',(#2299,#2300,#2301,#2302));
#2299 = ORIENTED_EDGE('',*,*,#2070,.F.);
#2300 = ORIENTED_EDGE('',*,*,#2221,.T.);
#2301 = ORIENTED_EDGE('',*,*,#2175,.T.);
#2302 = ORIENTED_EDGE('',*,*,#2268,.F.);
#2303 = MANIFOLD_SOLID_BREP('',#2304);
#2304 = CLOSED_SHELL('',(#2305,#2425,#2525,#2572,#2619,#2626));
#2305 = ADVANCED_FACE('',(#2306),#2320,.F.);
#2306 = FACE_BOUND('',#2307,.F.);
#2307 = EDGE_LOOP('',(#2308,#2343,#2371,#2399));
#2308 = ORIENTED_EDGE('',*,*,#2309,.F.);
#2309 = EDGE_CURVE('',#2310,#2312,#2314,.T.);
#2310 = VERTEX_POINT('',#2311);
#2311 = CARTESIAN_POINT('',(1.4,-8.5,8.));
#2312 = VERTEX_POINT('',#2313);
#2313 = CARTESIAN_POINT('',(1.4,-8.5,19.));
#2314 = SURFACE_CURVE('',#2315,(#2319,#2331),.PCURVE_S1.);
#2315 = LINE('',#2316,#2317);
#2316 = CARTESIAN_POINT('',(1.4,-8.5,8.));
#2317 = VECTOR('',#2318,1.);
#2318 = DIRECTION('',(0.,0.,1.));
#2319 = PCURVE('',#2320,#2325);
#2320 = PLANE('',#2321);
#2321 = AXIS2_PLACEMENT_3D('',#2322,#2323,#2324);
#2322 = CARTESIAN_POINT('',(1.4,-8.5,8.));
#2323 = DIRECTION('',(-2.22044604925E-16,-1.,0.));
#2324 = DIRECTION('',(0.,0.,1.));
#2325 = DEFINITIONAL_REPRESENTATION('',(#2326),#2330);
#2326 = LINE('',#2327,#2328);
#2327 = CARTESIAN_POINT('',(0.,0.));
#2328 = VECTOR('',#2329,1.);
#2329 = DIRECTION('',(1.,0.));
#2330 = ( GEOMETRIC_REPRESENTATION_CONTEXT(2) 
PARAMETRIC_REPRESENTATION_CONTEXT() REPRESENTATION_CONTEXT('2D SPACE',''
  ) );
#2331 = PCURVE('',#2332,#2337);
#2332 = PLANE('',#2333);
#2333 = AXIS2_PLACEMENT_3D('',#2334,#2335,#2336);
#2334 = CARTESIAN_POINT('',(1.4,-8.5,8.));
#2335 = DIRECTION('',(1.,-2.22044604925E-16,0.));
#2336 = DIRECTION('',(0.,0.,1.));
#2337 = DEFINITIONAL_REPRESENTATION('',(#2338),#2342);
#2338 = LINE('',#2339,#2340);
#2339 = CARTESIAN_POINT('',(0.,0.));
#2340 = VECTOR('',#2341,1.);
#2341 = DIRECTION('',(1.,0.));
#2342 = ( GEOMETRIC_REPRESENTATION_CONTEXT(2) 
PARAMETRIC_REPRESENTATION_CONTEXT() REPRESENTATION_CONTEXT('2D SPACE',''
  ) );
#2343 = ORIENTED_EDGE('',*,*,#2344,.T.);
#2344 = EDGE_CURVE('',#2310,#2345,#2347,.T.);
#2345 = VERTEX_POINT('',#2346);
#2346 = CARTESIAN_POINT('',(2.6,-8.5,8.));
#2347 = SURFACE_CURVE('',#2348,(#2352,#2359),.PCURVE_S1.);
#2348 = LINE('',#2349,#2350);
#2349 = CARTESIAN_POINT('',(1.4,-8.5,8.));
#2350 = VECTOR('',#2351,1.);
#2351 = DIRECTION('',(1.,-2.22044604925E-16,0.));
#2352 = PCURVE('',#2320,#2353);
#2353 = DEFINITIONAL_REPRESENTATION('',(#2354),#2358);
#2354 = LINE('',#2355,#2356);
#2355 = CARTESIAN_POINT('',(0.,0.));
#2356 = VECTOR('',#2357,1.);
#2357 = DIRECTION('',(0.,-1.));
#2358 = ( GEOMETRIC_REPRESENTATION_CONTEXT(2) 
PARAMETRIC_REPRESENTATION_CONTEXT() REPRESENTATION_CONTEXT('2D SPACE',''
  ) );
#2359 = PCURVE('',#2360,#2365);
#2360 = PLANE('',#2361);
#2361 = AXIS2_PLACEMENT_3D('',#2362,#2363,#2364);
#2362 = CARTESIAN_POINT('',(1.4,-8.5,8.));
#2363 = DIRECTION('',(0.,0.,1.));
#2364 = DIRECTION('',(-2.22044604925E-16,-1.,0.));
#2365 = DEFINITIONAL_REPRESENTATION('',(#2366),#2370);
#2366 = LINE('',#2367,#2368);
#2367 = CARTESIAN_POINT('',(0.,0.));
#2368 = VECTOR('',#2369,1.);
#2369 = DIRECTION('',(0.,1.));
#2370 = ( GEOMETRIC_REPRESENTATION_CONTEXT(2) 
PARAMETRIC_REPRESENTATION_CONTEXT() REPRESENTATION_CONTEXT('2D SPACE',''
  ) );
#2371 = ORIENTED_EDGE('',*,*,#2372,.T.);
#2372 = EDGE_CURVE('',#2345,#2373,#2375,.T.);
#2373 = VERTEX_POINT('',#2374);
#2374 = CARTESIAN_POINT('',(2.6,-8.5,19.));
#2375 = SURFACE_CURVE('',#2376,(#2380,#2387),.PCURVE_S1.);
#2376 = LINE('',#2377,#2378);
#2377 = CARTESIAN_POINT('',(2.6,-8.5,8.));
#2378 = VECTOR('',#2379,1.);
#2379 = DIRECTION('',(0.,0.,1.));
#2380 = PCURVE('',#2320,#2381);
#2381 = DEFINITIONAL_REPRESENTATION('',(#2382),#2386);
#2382 = LINE('',#2383,#2384);
#2383 = CARTESIAN_POINT('',(0.,-1.2));
#2384 = VECTOR('',#2385,1.);
#2385 = DIRECTION('',(1.,0.));
#2386 = ( GEOMETRIC_REPRESENTATION_CONTEXT(2) 
PARAMETRIC_REPRESENTATION_CONTEXT() REPRESENTATION_CONTEXT('2D SPACE',''
  ) );
#2387 = PCURVE('',#2388,#2393);
#2388 = PLANE('',#2389);
#2389 = AXIS2_PLACEMENT_3D('',#2390,#2391,#2392);
#2390 = CARTESIAN_POINT('',(2.6,-8.5,8.));
#2391 = DIRECTION('',(1.,-2.22044604925E-16,0.));
#2392 = DIRECTION('',(0.,0.,1.));
#2393 = DEFINITIONAL_REPRESENTATION('',(#2394),#2398);
#2394 = LINE('',#2395,#2396);
#2395 = CARTESIAN_POINT('',(0.,0.));
#2396 = VECTOR('',#2397,1.);
#2397 = DIRECTION('',(1.,0.));
#2398 = ( GEOMETRIC_REPRESENTATION_CONTEXT(2) 
PARAMETRIC_REPRESENTATION_CONTEXT() REPRESENTATION_CONTEXT('2D SPACE',''
  ) );
#2399 = ORIENTED_EDGE('',*,*,#2400,.F.);
#2400 = EDGE_CURVE('',#2312,#2373,#2401,.T.);
#2401 = SURFACE_CURVE('',#2402,(#2406,#2413),.PCURVE_S1.);
#2402 = LINE('',#2403,#2404);
#2403 = CARTESIAN_POINT('',(1.4,-8.5,19.));
#2404 = VECTOR('',#2405,1.);
#2405 = DIRECTION('',(1.,-2.22044604925E-16,0.));
#2406 = PCURVE('',#2320,#2407);
#2407 = DEFINITIONAL_REPRESENTATION('',(#2408),#2412);
#2408 = LINE('',#2409,#2410);
#2409 = CARTESIAN_POINT('',(11.,0.));
#2410 = VECTOR('',#2411,1.);
#2411 = DIRECTION('',(0.,-1.));
#2412 = ( GEOMETRIC_REPRESENTATION_CONTEXT(2) 
PARAMETRIC_REPRESENTATION_CONTEXT() REPRESENTATION_CONTEXT('2D SPACE',''
  ) );
#2413 = PCURVE('',#2414,#2419);
#2414 = PLANE('',#2415);
#2415 = AXIS2_PLACEMENT_3D('',#2416,#2417,#2418);
#2416 = CARTESIAN_POINT('',(1.4,-8.5,19.));
#2417 = DIRECTION('',(0.,0.,1.));
#2418 = DIRECTION('',(-2.22044604925E-16,-1.,0.));
#2419 = DEFINITIONAL_REPRESENTATION('',(#2420),#2424);
#2420 = LINE('',#2421,#2422);
#2421 = CARTESIAN_POINT('',(0.,0.));
#2422 = VECTOR('',#2423,1.);
#2423 = DIRECTION('',(0.,1.));
#2424 = ( GEOMETRIC_REPRESENTATION_CONTEXT(2) 
PARAMETRIC_REPRESENTATION_CONTEXT() REPRESENTATION_CONTEXT('2D SPACE',''
  ) );
#2425 = ADVANCED_FACE('',(#2426),#2440,.T.);
#2426 = FACE_BOUND('',#2427,.T.);
#2427 = EDGE_LOOP('',(#2428,#2458,#2481,#2504));
#2428 = ORIENTED_EDGE('',*,*,#2429,.F.);
#2429 = EDGE_CURVE('',#2430,#2432,#2434,.T.);
#2430 = VERTEX_POINT('',#2431);
#2431 = CARTESIAN_POINT('',(1.4,-16.5,8.));
#2432 = VERTEX_POINT('',#2433);
#2433 = CARTESIAN_POINT('',(1.4,-16.5,19.));
#2434 = SURFACE_CURVE('',#2435,(#2439,#2451),.PCURVE_S1.);
#2435 = LINE('',#2436,#2437);
#2436 = CARTESIAN_POINT('',(1.4,-16.5,8.));
#2437 = VECTOR('',#2438,1.);
#2438 = DIRECTION('',(0.,0.,1.));
#2439 = PCURVE('',#2440,#2445);
#2440 = PLANE('',#2441);
#2441 = AXIS2_PLACEMENT_3D('',#2442,#2443,#2444);
#2442 = CARTESIAN_POINT('',(1.4,-16.5,8.));
#2443 = DIRECTION('',(-2.22044604925E-16,-1.,0.));
#2444 = DIRECTION('',(0.,0.,1.));
#2445 = DEFINITIONAL_REPRESENTATION('',(#2446),#2450);
#2446 = LINE('',#2447,#2448);
#2447 = CARTESIAN_POINT('',(0.,0.));
#2448 = VECTOR('',#2449,1.);
#2449 = DIRECTION('',(1.,0.));
#2450 = ( GEOMETRIC_REPRESENTATION_CONTEXT(2) 
PARAMETRIC_REPRESENTATION_CONTEXT() REPRESENTATION_CONTEXT('2D SPACE',''
  ) );
#2451 = PCURVE('',#2332,#2452);
#2452 = DEFINITIONAL_REPRESENTATION('',(#2453),#2457);
#2453 = LINE('',#2454,#2455);
#2454 = CARTESIAN_POINT('',(0.,8.));
#2455 = VECTOR('',#2456,1.);
#2456 = DIRECTION('',(1.,0.));
#2457 = ( GEOMETRIC_REPRESENTATION_CONTEXT(2) 
PARAMETRIC_REPRESENTATION_CONTEXT() REPRESENTATION_CONTEXT('2D SPACE',''
  ) );
#2458 = ORIENTED_EDGE('',*,*,#2459,.T.);
#2459 = EDGE_CURVE('',#2430,#2460,#2462,.T.);
#2460 = VERTEX_POINT('',#2461);
#2461 = CARTESIAN_POINT('',(2.6,-16.5,8.));
#2462 = SURFACE_CURVE('',#2463,(#2467,#2474),.PCURVE_S1.);
#2463 = LINE('',#2464,#2465);
#2464 = CARTESIAN_POINT('',(1.4,-16.5,8.));
#2465 = VECTOR('',#2466,1.);
#2466 = DIRECTION('',(1.,-2.22044604925E-16,0.));
#2467 = PCURVE('',#2440,#2468);
#2468 = DEFINITIONAL_REPRESENTATION('',(#2469),#2473);
#2469 = LINE('',#2470,#2471);
#2470 = CARTESIAN_POINT('',(0.,0.));
#2471 = VECTOR('',#2472,1.);
#2472 = DIRECTION('',(0.,-1.));
#2473 = ( GEOMETRIC_REPRESENTATION_CONTEXT(2) 
PARAMETRIC_REPRESENTATION_CONTEXT() REPRESENTATION_CONTEXT('2D SPACE',''
  ) );
#2474 = PCURVE('',#2360,#2475);
#2475 = DEFINITIONAL_REPRESENTATION('',(#2476),#2480);
#2476 = LINE('',#2477,#2478);
#2477 = CARTESIAN_POINT('',(8.,0.));
#2478 = VECTOR('',#2479,1.);
#2479 = DIRECTION('',(0.,1.));
#2480 = ( GEOMETRIC_REPRESENTATION_CONTEXT(2) 
PARAMETRIC_REPRESENTATION_CONTEXT() REPRESENTATION_CONTEXT('2D SPACE',''
  ) );
#2481 = ORIENTED_EDGE('',*,*,#2482,.T.);
#2482 = EDGE_CURVE('',#2460,#2483,#2485,.T.);
#2483 = VERTEX_POINT('',#2484);
#2484 = CARTESIAN_POINT('',(2.6,-16.5,19.));
#2485 = SURFACE_CURVE('',#2486,(#2490,#2497),.PCURVE_S1.);
#2486 = LINE('',#2487,#2488);
#2487 = CARTESIAN_POINT('',(2.6,-16.5,8.));
#2488 = VECTOR('',#2489,1.);
#2489 = DIRECTION('',(0.,0.,1.));
#2490 = PCURVE('',#2440,#2491);
#2491 = DEFINITIONAL_REPRESENTATION('',(#2492),#2496);
#2492 = LINE('',#2493,#2494);
#2493 = CARTESIAN_POINT('',(0.,-1.2));
#2494 = VECTOR('',#2495,1.);
#2495 = DIRECTION('',(1.,0.));
#2496 = ( GEOMETRIC_REPRESENTATION_CONTEXT(2) 
PARAMETRIC_REPRESENTATION_CONTEXT() REPRESENTATION_CONTEXT('2D SPACE',''
  ) );
#2497 = PCURVE('',#2388,#2498);
#2498 = DEFINITIONAL_REPRESENTATION('',(#2499),#2503);
#2499 = LINE('',#2500,#2501);
#2500 = CARTESIAN_POINT('',(0.,8.));
#2501 = VECTOR('',#2502,1.);
#2502 = DIRECTION('',(1.,0.));
#2503 = ( GEOMETRIC_REPRESENTATION_CONTEXT(2) 
PARAMETRIC_REPRESENTATION_CONTEXT() REPRESENTATION_CONTEXT('2D SPACE',''
  ) );
#2504 = ORIENTED_EDGE('',*,*,#2505,.F.);
#2505 = EDGE_CURVE('',#2432,#2483,#2506,.T.);
#2506 = SURFACE_CURVE('',#2507,(#2511,#2518),.PCURVE_S1.);
#2507 = LINE('',#2508,#2509);
#2508 = CARTESIAN_POINT('',(1.4,-16.5,19.));
#2509 = VECTOR('',#2510,1.);
#2510 = DIRECTION('',(1.,-2.22044604925E-16,0.));
#2511 = PCURVE('',#2440,#2512);
#2512 = DEFINITIONAL_REPRESENTATION('',(#2513),#2517);
#2513 = LINE('',#2514,#2515);
#2514 = CARTESIAN_POINT('',(11.,0.));
#2515 = VECTOR('',#2516,1.);
#2516 = DIRECTION('',(0.,-1.));
#2517 = ( GEOMETRIC_REPRESENTATION_CONTEXT(2) 
PARAMETRIC_REPRESENTATION_CONTEXT() REPRESENTATION_CONTEXT('2D SPACE',''
  ) );
#2518 = PCURVE('',#2414,#2519);
#2519 = DEFINITIONAL_REPRESENTATION('',(#2520),#2524);
#2520 = LINE('',#2521,#2522);
#2521 = CARTESIAN_POINT('',(8.,0.));
#2522 = VECTOR('',#2523,1.);
#2523 = DIRECTION('',(0.,1.));
#2524 = ( GEOMETRIC_REPRESENTATION_CONTEXT(2) 
PARAMETRIC_REPRESENTATION_CONTEXT() REPRESENTATION_CONTEXT('2D SPACE',''
  ) );
#2525 = ADVANCED_FACE('',(#2526),#2332,.F.);
#2526 = FACE_BOUND('',#2527,.F.);
#2527 = EDGE_LOOP('',(#2528,#2549,#2550,#2571));
#2528 = ORIENTED_EDGE('',*,*,#2529,.F.);
#2529 = EDGE_CURVE('',#2310,#2430,#2530,.T.);
#2530 = SURFACE_CURVE('',#2531,(#2535,#2542),.PCURVE_S1.);
#2531 = LINE('',#2532,#2533);
#2532 = CARTESIAN_POINT('',(1.4,-8.5,8.));
#2533 = VECTOR('',#2534,1.);
#2534 = DIRECTION('',(-2.22044604925E-16,-1.,0.));
#2535 = PCURVE('',#2332,#2536);
#2536 = DEFINITIONAL_REPRESENTATION('',(#2537),#2541);
#2537 = LINE('',#2538,#2539);
#2538 = CARTESIAN_POINT('',(0.,0.));
#2539 = VECTOR('',#2540,1.);
#2540 = DIRECTION('',(0.,1.));
#2541 = ( GEOMETRIC_REPRESENTATION_CONTEXT(2) 
PARAMETRIC_REPRESENTATION_CONTEXT() REPRESENTATION_CONTEXT('2D SPACE',''
  ) );
#2542 = PCURVE('',#2360,#2543);
#2543 = DEFINITIONAL_REPRESENTATION('',(#2544),#2548);
#2544 = LINE('',#2545,#2546);
#2545 = CARTESIAN_POINT('',(0.,0.));
#2546 = VECTOR('',#2547,1.);
#2547 = DIRECTION('',(1.,0.));
#2548 = ( GEOMETRIC_REPRESENTATION_CONTEXT(2) 
PARAMETRIC_REPRESENTATION_CONTEXT() REPRESENTATION_CONTEXT('2D SPACE',''
  ) );
#2549 = ORIENTED_EDGE('',*,*,#2309,.T.);
#2550 = ORIENTED_EDGE('',*,*,#2551,.T.);
#2551 = EDGE_CURVE('',#2312,#2432,#2552,.T.);
#2552 = SURFACE_CURVE('',#2553,(#2557,#2564),.PCURVE_S1.);
#2553 = LINE('',#2554,#2555);
#2554 = CARTESIAN_POINT('',(1.4,-8.5,19.));
#2555 = VECTOR('',#2556,1.);
#2556 = DIRECTION('',(-2.22044604925E-16,-1.,0.));
#2557 = PCURVE('',#2332,#2558);
#2558 = DEFINITIONAL_REPRESENTATION('',(#2559),#2563);
#2559 = LINE('',#2560,#2561);
#2560 = CARTESIAN_POINT('',(11.,0.));
#2561 = VECTOR('',#2562,1.);
#2562 = DIRECTION('',(0.,1.));
#2563 = ( GEOMETRIC_REPRESENTATION_CONTEXT(2) 
PARAMETRIC_REPRESENTATION_CONTEXT() REPRESENTATION_CONTEXT('2D SPACE',''
  ) );
#2564 = PCURVE('',#2414,#2565);
#2565 = DEFINITIONAL_REPRESENTATION('',(#2566),#2570);
#2566 = LINE('',#2567,#2568);
#2567 = CARTESIAN_POINT('',(0.,0.));
#2568 = VECTOR('',#2569,1.);
#2569 = DIRECTION('',(1.,0.));
#2570 = ( GEOMETRIC_REPRESENTATION_CONTEXT(2) 
PARAMETRIC_REPRESENTATION_CONTEXT() REPRESENTATION_CONTEXT('2D SPACE',''
  ) );
#2571 = ORIENTED_EDGE('',*,*,#2429,.F.);
#2572 = ADVANCED_FACE('',(#2573),#2388,.T.);
#2573 = FACE_BOUND('',#2574,.T.);
#2574 = EDGE_LOOP('',(#2575,#2596,#2597,#2618));
#2575 = ORIENTED_EDGE('',*,*,#2576,.F.);
#2576 = EDGE_CURVE('',#2345,#2460,#2577,.T.);
#2577 = SURFACE_CURVE('',#2578,(#2582,#2589),.PCURVE_S1.);
#2578 = LINE('',#2579,#2580);
#2579 = CARTESIAN_POINT('',(2.6,-8.5,8.));
#2580 = VECTOR('',#2581,1.);
#2581 = DIRECTION('',(-2.22044604925E-16,-1.,0.));
#2582 = PCURVE('',#2388,#2583);
#2583 = DEFINITIONAL_REPRESENTATION('',(#2584),#2588);
#2584 = LINE('',#2585,#2586);
#2585 = CARTESIAN_POINT('',(0.,0.));
#2586 = VECTOR('',#2587,1.);
#2587 = DIRECTION('',(0.,1.));
#2588 = ( GEOMETRIC_REPRESENTATION_CONTEXT(2) 
PARAMETRIC_REPRESENTATION_CONTEXT() REPRESENTATION_CONTEXT('2D SPACE',''
  ) );
#2589 = PCURVE('',#2360,#2590);
#2590 = DEFINITIONAL_REPRESENTATION('',(#2591),#2595);
#2591 = LINE('',#2592,#2593);
#2592 = CARTESIAN_POINT('',(0.,1.2));
#2593 = VECTOR('',#2594,1.);
#2594 = DIRECTION('',(1.,0.));
#2595 = ( GEOMETRIC_REPRESENTATION_CONTEXT(2) 
PARAMETRIC_REPRESENTATION_CONTEXT() REPRESENTATION_CONTEXT('2D SPACE',''
  ) );
#2596 = ORIENTED_EDGE('',*,*,#2372,.T.);
#2597 = ORIENTED_EDGE('',*,*,#2598,.T.);
#2598 = EDGE_CURVE('',#2373,#2483,#2599,.T.);
#2599 = SURFACE_CURVE('',#2600,(#2604,#2611),.PCURVE_S1.);
#2600 = LINE('',#2601,#2602);
#2601 = CARTESIAN_POINT('',(2.6,-8.5,19.));
#2602 = VECTOR('',#2603,1.);
#2603 = DIRECTION('',(-2.22044604925E-16,-1.,0.));
#2604 = PCURVE('',#2388,#2605);
#2605 = DEFINITIONAL_REPRESENTATION('',(#2606),#2610);
#2606 = LINE('',#2607,#2608);
#2607 = CARTESIAN_POINT('',(11.,0.));
#2608 = VECTOR('',#2609,1.);
#2609 = DIRECTION('',(0.,1.));
#2610 = ( GEOMETRIC_REPRESENTATION_CONTEXT(2) 
PARAMETRIC_REPRESENTATION_CONTEXT() REPRESENTATION_CONTEXT('2D SPACE',''
  ) );
#2611 = PCURVE('',#2414,#2612);
#2612 = DEFINITIONAL_REPRESENTATION('',(#2613),#2617);
#2613 = LINE('',#2614,#2615);
#2614 = CARTESIAN_POINT('',(0.,1.2));
#2615 = VECTOR('',#2616,1.);
#2616 = DIRECTION('',(1.,0.));
#2617 = ( GEOMETRIC_REPRESENTATION_CONTEXT(2) 
PARAMETRIC_REPRESENTATION_CONTEXT() REPRESENTATION_CONTEXT('2D SPACE',''
  ) );
#2618 = ORIENTED_EDGE('',*,*,#2482,.F.);
#2619 = ADVANCED_FACE('',(#2620),#2360,.F.);
#2620 = FACE_BOUND('',#2621,.F.);
#2621 = EDGE_LOOP('',(#2622,#2623,#2624,#2625));
#2622 = ORIENTED_EDGE('',*,*,#2344,.F.);
#2623 = ORIENTED_EDGE('',*,*,#2529,.T.);
#2624 = ORIENTED_EDGE('',*,*,#2459,.T.);
#2625 = ORIENTED_EDGE('',*,*,#2576,.F.);
#2626 = ADVANCED_FACE('',(#2627),#2414,.T.);
#2627 = FACE_BOUND('',#2628,.T.);
#2628 = EDGE_LOOP('',(#2629,#2630,#2631,#2632));
#2629 = ORIENTED_EDGE('',*,*,#2400,.F.);
#2630 = ORIENTED_EDGE('',*,*,#2551,.T.);
#2631 = ORIENTED_EDGE('',*,*,#2505,.T.);
#2632 = ORIENTED_EDGE('',*,*,#2598,.F.);
#2633 = MANIFOLD_SOLID_BREP('',#2634);
#2634 = CLOSED_SHELL('',(#2635,#2755,#2855,#2902,#2949,#2956));
#2635 = ADVANCED_FACE('',(#2636),#2650,.F.);
#2636 = FACE_BOUND('',#2637,.F.);
#2637 = EDGE_LOOP('',(#2638,#2673,#2701,#2729));
#2638 = ORIENTED_EDGE('',*,*,#2639,.F.);
#2639 = EDGE_CURVE('',#2640,#2642,#2644,.T.);
#2640 = VERTEX_POINT('',#2641);
#2641 = CARTESIAN_POINT('',(-4.364070751306,-14.15854626121,8.));
#2642 = VERTEX_POINT('',#2643);
#2643 = CARTESIAN_POINT('',(-4.364070751306,-14.15854626121,19.));
#2644 = SURFACE_CURVE('',#2645,(#2649,#2661),.PCURVE_S1.);
#2645 = LINE('',#2646,#2647);
#2646 = CARTESIAN_POINT('',(-4.364070751306,-14.15854626121,8.));
#2647 = VECTOR('',#2648,1.);
#2648 = DIRECTION('',(0.,0.,1.));
#2649 = PCURVE('',#2650,#2655);
#2650 = PLANE('',#2651);
#2651 = AXIS2_PLACEMENT_3D('',#2652,#2653,#2654);
#2652 = CARTESIAN_POINT('',(-4.364070751306,-14.15854626121,8.));
#2653 = DIRECTION('',(8.715574274766E-02,-0.996194698092,0.));
#2654 = DIRECTION('',(0.,0.,1.));
#2655 = DEFINITIONAL_REPRESENTATION('',(#2656),#2660);
#2656 = LINE('',#2657,#2658);
#2657 = CARTESIAN_POINT('',(0.,0.));
#2658 = VECTOR('',#2659,1.);
#2659 = DIRECTION('',(1.,0.));
#2660 = ( GEOMETRIC_REPRESENTATION_CONTEXT(2) 
PARAMETRIC_REPRESENTATION_CONTEXT() REPRESENTATION_CONTEXT('2D SPACE',''
  ) );
#2661 = PCURVE('',#2662,#2667);
#2662 = PLANE('',#2663);
#2663 = AXIS2_PLACEMENT_3D('',#2664,#2665,#2666);
#2664 = CARTESIAN_POINT('',(-4.364070751306,-14.15854626121,8.));
#2665 = DIRECTION('',(0.996194698092,8.715574274766E-02,0.));
#2666 = DIRECTION('',(0.,0.,1.));
#2667 = DEFINITIONAL_REPRESENTATION('',(#2668),#2672);
#2668 = LINE('',#2669,#2670);
#2669 = CARTESIAN_POINT('',(0.,0.));
#2670 = VECTOR('',#2671,1.);
#2671 = DIRECTION('',(1.,0.));
#2672 = ( GEOMETRIC_REPRESENTATION_CONTEXT(2) 
PARAMETRIC_REPRESENTATION_CONTEXT() REPRESENTATION_CONTEXT('2D SPACE',''
  ) );
#2673 = ORIENTED_EDGE('',*,*,#2674,.T.);
#2674 = EDGE_CURVE('',#2640,#2675,#2677,.T.);
#2675 = VERTEX_POINT('',#2676);
#2676 = CARTESIAN_POINT('',(-3.367876053214,-14.07139051847,8.));
#2677 = SURFACE_CURVE('',#2678,(#2682,#2689),.PCURVE_S1.);
#2678 = LINE('',#2679,#2680);
#2679 = CARTESIAN_POINT('',(-4.364070751306,-14.15854626121,8.));
#2680 = VECTOR('',#2681,1.);
#2681 = DIRECTION('',(0.996194698092,8.715574274766E-02,0.));
#2682 = PCURVE('',#2650,#2683);
#2683 = DEFINITIONAL_REPRESENTATION('',(#2684),#2688);
#2684 = LINE('',#2685,#2686);
#2685 = CARTESIAN_POINT('',(0.,0.));
#2686 = VECTOR('',#2687,1.);
#2687 = DIRECTION('',(0.,-1.));
#2688 = ( GEOMETRIC_REPRESENTATION_CONTEXT(2) 
PARAMETRIC_REPRESENTATION_CONTEXT() REPRESENTATION_CONTEXT('2D SPACE',''
  ) );
#2689 = PCURVE('',#2690,#2695);
#2690 = PLANE('',#2691);
#2691 = AXIS2_PLACEMENT_3D('',#2692,#2693,#2694);
#2692 = CARTESIAN_POINT('',(-4.364070751306,-14.15854626121,8.));
#2693 = DIRECTION('',(0.,0.,1.));
#2694 = DIRECTION('',(8.715574274766E-02,-0.996194698092,0.));
#2695 = DEFINITIONAL_REPRESENTATION('',(#2696),#2700);
#2696 = LINE('',#2697,#2698);
#2697 = CARTESIAN_POINT('',(0.,0.));
#2698 = VECTOR('',#2699,1.);
#2699 = DIRECTION('',(0.,1.));
#2700 = ( GEOMETRIC_REPRESENTATION_CONTEXT(2) 
PARAMETRIC_REPRESENTATION_CONTEXT() REPRESENTATION_CONTEXT('2D SPACE',''
  ) );
#2701 = ORIENTED_EDGE('',*,*,#2702,.T.);
#2702 = EDGE_CURVE('',#2675,#2703,#2705,.T.);
#2703 = VERTEX_POINT('',#2704);
#2704 = CARTESIAN_POINT('',(-3.367876053214,-14.07139051847,19.));
#2705 = SURFACE_CURVE('',#2706,(#2710,#2717),.PCURVE_S1.);
#2706 = LINE('',#2707,#2708);
#2707 = CARTESIAN_POINT('',(-3.367876053214,-14.07139051847,8.));
#2708 = VECTOR('',#2709,1.);
#2709 = DIRECTION('',(0.,0.,1.));
#2710 = PCURVE('',#2650,#2711);
#2711 = DEFINITIONAL_REPRESENTATION('',(#2712),#2716);
#2712 = LINE('',#2713,#2714);
#2713 = CARTESIAN_POINT('',(0.,-1.));
#2714 = VECTOR('',#2715,1.);
#2715 = DIRECTION('',(1.,0.));
#2716 = ( GEOMETRIC_REPRESENTATION_CONTEXT(2) 
PARAMETRIC_REPRESENTATION_CONTEXT() REPRESENTATION_CONTEXT('2D SPACE',''
  ) );
#2717 = PCURVE('',#2718,#2723);
#2718 = PLANE('',#2719);
#2719 = AXIS2_PLACEMENT_3D('',#2720,#2721,#2722);
#2720 = CARTESIAN_POINT('',(-3.367876053214,-14.07139051847,8.));
#2721 = DIRECTION('',(0.996194698092,8.715574274766E-02,0.));
#2722 = DIRECTION('',(0.,0.,1.));
#2723 = DEFINITIONAL_REPRESENTATION('',(#2724),#2728);
#2724 = LINE('',#2725,#2726);
#2725 = CARTESIAN_POINT('',(0.,0.));
#2726 = VECTOR('',#2727,1.);
#2727 = DIRECTION('',(1.,0.));
#2728 = ( GEOMETRIC_REPRESENTATION_CONTEXT(2) 
PARAMETRIC_REPRESENTATION_CONTEXT() REPRESENTATION_CONTEXT('2D SPACE',''
  ) );
#2729 = ORIENTED_EDGE('',*,*,#2730,.F.);
#2730 = EDGE_CURVE('',#2642,#2703,#2731,.T.);
#2731 = SURFACE_CURVE('',#2732,(#2736,#2743),.PCURVE_S1.);
#2732 = LINE('',#2733,#2734);
#2733 = CARTESIAN_POINT('',(-4.364070751306,-14.15854626121,19.));
#2734 = VECTOR('',#2735,1.);
#2735 = DIRECTION('',(0.996194698092,8.715574274766E-02,0.));
#2736 = PCURVE('',#2650,#2737);
#2737 = DEFINITIONAL_REPRESENTATION('',(#2738),#2742);
#2738 = LINE('',#2739,#2740);
#2739 = CARTESIAN_POINT('',(11.,0.));
#2740 = VECTOR('',#2741,1.);
#2741 = DIRECTION('',(0.,-1.));
#2742 = ( GEOMETRIC_REPRESENTATION_CONTEXT(2) 
PARAMETRIC_REPRESENTATION_CONTEXT() REPRESENTATION_CONTEXT('2D SPACE',''
  ) );
#2743 = PCURVE('',#2744,#2749);
#2744 = PLANE('',#2745);
#2745 = AXIS2_PLACEMENT_3D('',#2746,#2747,#2748);
#2746 = CARTESIAN_POINT('',(-4.364070751306,-14.15854626121,19.));
#2747 = DIRECTION('',(0.,0.,1.));
#2748 = DIRECTION('',(8.715574274766E-02,-0.996194698092,0.));
#2749 = DEFINITIONAL_REPRESENTATION('',(#2750),#2754);
#2750 = LINE('',#2751,#2752);
#2751 = CARTESIAN_POINT('',(0.,0.));
#2752 = VECTOR('',#2753,1.);
#2753 = DIRECTION('',(0.,1.));
#2754 = ( GEOMETRIC_REPRESENTATION_CONTEXT(2) 
PARAMETRIC_REPRESENTATION_CONTEXT() REPRESENTATION_CONTEXT('2D SPACE',''
  ) );
#2755 = ADVANCED_FACE('',(#2756),#2770,.T.);
#2756 = FACE_BOUND('',#2757,.T.);
#2757 = EDGE_LOOP('',(#2758,#2788,#2811,#2834));
#2758 = ORIENTED_EDGE('',*,*,#2759,.F.);
#2759 = EDGE_CURVE('',#2760,#2762,#2764,.T.);
#2760 = VERTEX_POINT('',#2761);
#2761 = CARTESIAN_POINT('',(-3.971869908941,-18.64142240263,8.));
#2762 = VERTEX_POINT('',#2763);
#2763 = CARTESIAN_POINT('',(-3.971869908941,-18.64142240263,19.));
#2764 = SURFACE_CURVE('',#2765,(#2769,#2781),.PCURVE_S1.);
#2765 = LINE('',#2766,#2767);
#2766 = CARTESIAN_POINT('',(-3.971869908941,-18.64142240263,8.));
#2767 = VECTOR('',#2768,1.);
#2768 = DIRECTION('',(0.,0.,1.));
#2769 = PCURVE('',#2770,#2775);
#2770 = PLANE('',#2771);
#2771 = AXIS2_PLACEMENT_3D('',#2772,#2773,#2774);
#2772 = CARTESIAN_POINT('',(-3.971869908941,-18.64142240263,8.));
#2773 = DIRECTION('',(8.715574274766E-02,-0.996194698092,0.));
#2774 = DIRECTION('',(0.,0.,1.));
#2775 = DEFINITIONAL_REPRESENTATION('',(#2776),#2780);
#2776 = LINE('',#2777,#2778);
#2777 = CARTESIAN_POINT('',(0.,0.));
#2778 = VECTOR('',#2779,1.);
#2779 = DIRECTION('',(1.,0.));
#2780 = ( GEOMETRIC_REPRESENTATION_CONTEXT(2) 
PARAMETRIC_REPRESENTATION_CONTEXT() REPRESENTATION_CONTEXT('2D SPACE',''
  ) );
#2781 = PCURVE('',#2662,#2782);
#2782 = DEFINITIONAL_REPRESENTATION('',(#2783),#2787);
#2783 = LINE('',#2784,#2785);
#2784 = CARTESIAN_POINT('',(0.,4.5));
#2785 = VECTOR('',#2786,1.);
#2786 = DIRECTION('',(1.,0.));
#2787 = ( GEOMETRIC_REPRESENTATION_CONTEXT(2) 
PARAMETRIC_REPRESENTATION_CONTEXT() REPRESENTATION_CONTEXT('2D SPACE',''
  ) );
#2788 = ORIENTED_EDGE('',*,*,#2789,.T.);
#2789 = EDGE_CURVE('',#2760,#2790,#2792,.T.);
#2790 = VERTEX_POINT('',#2791);
#2791 = CARTESIAN_POINT('',(-2.97567521085,-18.55426665988,8.));
#2792 = SURFACE_CURVE('',#2793,(#2797,#2804),.PCURVE_S1.);
#2793 = LINE('',#2794,#2795);
#2794 = CARTESIAN_POINT('',(-3.971869908941,-18.64142240263,8.));
#2795 = VECTOR('',#2796,1.);
#2796 = DIRECTION('',(0.996194698092,8.715574274766E-02,0.));
#2797 = PCURVE('',#2770,#2798);
#2798 = DEFINITIONAL_REPRESENTATION('',(#2799),#2803);
#2799 = LINE('',#2800,#2801);
#2800 = CARTESIAN_POINT('',(0.,0.));
#2801 = VECTOR('',#2802,1.);
#2802 = DIRECTION('',(0.,-1.));
#2803 = ( GEOMETRIC_REPRESENTATION_CONTEXT(2) 
PARAMETRIC_REPRESENTATION_CONTEXT() REPRESENTATION_CONTEXT('2D SPACE',''
  ) );
#2804 = PCURVE('',#2690,#2805);
#2805 = DEFINITIONAL_REPRESENTATION('',(#2806),#2810);
#2806 = LINE('',#2807,#2808);
#2807 = CARTESIAN_POINT('',(4.5,0.));
#2808 = VECTOR('',#2809,1.);
#2809 = DIRECTION('',(0.,1.));
#2810 = ( GEOMETRIC_REPRESENTATION_CONTEXT(2) 
PARAMETRIC_REPRESENTATION_CONTEXT() REPRESENTATION_CONTEXT('2D SPACE',''
  ) );
#2811 = ORIENTED_EDGE('',*,*,#2812,.T.);
#2812 = EDGE_CURVE('',#2790,#2813,#2815,.T.);
#2813 = VERTEX_POINT('',#2814);
#2814 = CARTESIAN_POINT('',(-2.97567521085,-18.55426665988,19.));
#2815 = SURFACE_CURVE('',#2816,(#2820,#2827),.PCURVE_S1.);
#2816 = LINE('',#2817,#2818);
#2817 = CARTESIAN_POINT('',(-2.97567521085,-18.55426665988,8.));
#2818 = VECTOR('',#2819,1.);
#2819 = DIRECTION('',(0.,0.,1.));
#2820 = PCURVE('',#2770,#2821);
#2821 = DEFINITIONAL_REPRESENTATION('',(#2822),#2826);
#2822 = LINE('',#2823,#2824);
#2823 = CARTESIAN_POINT('',(0.,-1.));
#2824 = VECTOR('',#2825,1.);
#2825 = DIRECTION('',(1.,0.));
#2826 = ( GEOMETRIC_REPRESENTATION_CONTEXT(2) 
PARAMETRIC_REPRESENTATION_CONTEXT() REPRESENTATION_CONTEXT('2D SPACE',''
  ) );
#2827 = PCURVE('',#2718,#2828);
#2828 = DEFINITIONAL_REPRESENTATION('',(#2829),#2833);
#2829 = LINE('',#2830,#2831);
#2830 = CARTESIAN_POINT('',(0.,4.5));
#2831 = VECTOR('',#2832,1.);
#2832 = DIRECTION('',(1.,0.));
#2833 = ( GEOMETRIC_REPRESENTATION_CONTEXT(2) 
PARAMETRIC_REPRESENTATION_CONTEXT() REPRESENTATION_CONTEXT('2D SPACE',''
  ) );
#2834 = ORIENTED_EDGE('',*,*,#2835,.F.);
#2835 = EDGE_CURVE('',#2762,#2813,#2836,.T.);
#2836 = SURFACE_CURVE('',#2837,(#2841,#2848),.PCURVE_S1.);
#2837 = LINE('',#2838,#2839);
#2838 = CARTESIAN_POINT('',(-3.971869908941,-18.64142240263,19.));
#2839 = VECTOR('',#2840,1.);
#2840 = DIRECTION('',(0.996194698092,8.715574274766E-02,0.));
#2841 = PCURVE('',#2770,#2842);
#2842 = DEFINITIONAL_REPRESENTATION('',(#2843),#2847);
#2843 = LINE('',#2844,#2845);
#2844 = CARTESIAN_POINT('',(11.,0.));
#2845 = VECTOR('',#2846,1.);
#2846 = DIRECTION('',(0.,-1.));
#2847 = ( GEOMETRIC_REPRESENTATION_CONTEXT(2) 
PARAMETRIC_REPRESENTATION_CONTEXT() REPRESENTATION_CONTEXT('2D SPACE',''
  ) );
#2848 = PCURVE('',#2744,#2849);
#2849 = DEFINITIONAL_REPRESENTATION('',(#2850),#2854);
#2850 = LINE('',#2851,#2852);
#2851 = CARTESIAN_POINT('',(4.5,0.));
#2852 = VECTOR('',#2853,1.);
#2853 = DIRECTION('',(0.,1.));
#2854 = ( GEOMETRIC_REPRESENTATION_CONTEXT(2) 
PARAMETRIC_REPRESENTATION_CONTEXT() REPRESENTATION_CONTEXT('2D SPACE',''
  ) );
#2855 = ADVANCED_FACE('',(#2856),#2662,.F.);
#2856 = FACE_BOUND('',#2857,.F.);
#2857 = EDGE_LOOP('',(#2858,#2879,#2880,#2901));
#2858 = ORIENTED_EDGE('',*,*,#2859,.F.);
#2859 = EDGE_CURVE('',#2640,#2760,#2860,.T.);
#2860 = SURFACE_CURVE('',#2861,(#2865,#2872),.PCURVE_S1.);
#2861 = LINE('',#2862,#2863);
#2862 = CARTESIAN_POINT('',(-4.364070751306,-14.15854626121,8.));
#2863 = VECTOR('',#2864,1.);
#2864 = DIRECTION('',(8.715574274766E-02,-0.996194698092,0.));
#2865 = PCURVE('',#2662,#2866);
#2866 = DEFINITIONAL_REPRESENTATION('',(#2867),#2871);
#2867 = LINE('',#2868,#2869);
#2868 = CARTESIAN_POINT('',(0.,0.));
#2869 = VECTOR('',#2870,1.);
#2870 = DIRECTION('',(0.,1.));
#2871 = ( GEOMETRIC_REPRESENTATION_CONTEXT(2) 
PARAMETRIC_REPRESENTATION_CONTEXT() REPRESENTATION_CONTEXT('2D SPACE',''
  ) );
#2872 = PCURVE('',#2690,#2873);
#2873 = DEFINITIONAL_REPRESENTATION('',(#2874),#2878);
#2874 = LINE('',#2875,#2876);
#2875 = CARTESIAN_POINT('',(0.,0.));
#2876 = VECTOR('',#2877,1.);
#2877 = DIRECTION('',(1.,0.));
#2878 = ( GEOMETRIC_REPRESENTATION_CONTEXT(2) 
PARAMETRIC_REPRESENTATION_CONTEXT() REPRESENTATION_CONTEXT('2D SPACE',''
  ) );
#2879 = ORIENTED_EDGE('',*,*,#2639,.T.);
#2880 = ORIENTED_EDGE('',*,*,#2881,.T.);
#2881 = EDGE_CURVE('',#2642,#2762,#2882,.T.);
#2882 = SURFACE_CURVE('',#2883,(#2887,#2894),.PCURVE_S1.);
#2883 = LINE('',#2884,#2885);
#2884 = CARTESIAN_POINT('',(-4.364070751306,-14.15854626121,19.));
#2885 = VECTOR('',#2886,1.);
#2886 = DIRECTION('',(8.715574274766E-02,-0.996194698092,0.));
#2887 = PCURVE('',#2662,#2888);
#2888 = DEFINITIONAL_REPRESENTATION('',(#2889),#2893);
#2889 = LINE('',#2890,#2891);
#2890 = CARTESIAN_POINT('',(11.,0.));
#2891 = VECTOR('',#2892,1.);
#2892 = DIRECTION('',(0.,1.));
#2893 = ( GEOMETRIC_REPRESENTATION_CONTEXT(2) 
PARAMETRIC_REPRESENTATION_CONTEXT() REPRESENTATION_CONTEXT('2D SPACE',''
  ) );
#2894 = PCURVE('',#2744,#2895);
#2895 = DEFINITIONAL_REPRESENTATION('',(#2896),#2900);
#2896 = LINE('',#2897,#2898);
#2897 = CARTESIAN_POINT('',(0.,0.));
#2898 = VECTOR('',#2899,1.);
#2899 = DIRECTION('',(1.,0.));
#2900 = ( GEOMETRIC_REPRESENTATION_CONTEXT(2) 
PARAMETRIC_REPRESENTATION_CONTEXT() REPRESENTATION_CONTEXT('2D SPACE',''
  ) );
#2901 = ORIENTED_EDGE('',*,*,#2759,.F.);
#2902 = ADVANCED_FACE('',(#2903),#2718,.T.);
#2903 = FACE_BOUND('',#2904,.T.);
#2904 = EDGE_LOOP('',(#2905,#2926,#2927,#2948));
#2905 = ORIENTED_EDGE('',*,*,#2906,.F.);
#2906 = EDGE_CURVE('',#2675,#2790,#2907,.T.);
#2907 = SURFACE_CURVE('',#2908,(#2912,#2919),.PCURVE_S1.);
#2908 = LINE('',#2909,#2910);
#2909 = CARTESIAN_POINT('',(-3.367876053214,-14.07139051847,8.));
#2910 = VECTOR('',#2911,1.);
#2911 = DIRECTION('',(8.715574274766E-02,-0.996194698092,0.));
#2912 = PCURVE('',#2718,#2913);
#2913 = DEFINITIONAL_REPRESENTATION('',(#2914),#2918);
#2914 = LINE('',#2915,#2916);
#2915 = CARTESIAN_POINT('',(0.,0.));
#2916 = VECTOR('',#2917,1.);
#2917 = DIRECTION('',(0.,1.));
#2918 = ( GEOMETRIC_REPRESENTATION_CONTEXT(2) 
PARAMETRIC_REPRESENTATION_CONTEXT() REPRESENTATION_CONTEXT('2D SPACE',''
  ) );
#2919 = PCURVE('',#2690,#2920);
#2920 = DEFINITIONAL_REPRESENTATION('',(#2921),#2925);
#2921 = LINE('',#2922,#2923);
#2922 = CARTESIAN_POINT('',(0.,1.));
#2923 = VECTOR('',#2924,1.);
#2924 = DIRECTION('',(1.,0.));
#2925 = ( GEOMETRIC_REPRESENTATION_CONTEXT(2) 
PARAMETRIC_REPRESENTATION_CONTEXT() REPRESENTATION_CONTEXT('2D SPACE',''
  ) );
#2926 = ORIENTED_EDGE('',*,*,#2702,.T.);
#2927 = ORIENTED_EDGE('',*,*,#2928,.T.);
#2928 = EDGE_CURVE('',#2703,#2813,#2929,.T.);
#2929 = SURFACE_CURVE('',#2930,(#2934,#2941),.PCURVE_S1.);
#2930 = LINE('',#2931,#2932);
#2931 = CARTESIAN_POINT('',(-3.367876053214,-14.07139051847,19.));
#2932 = VECTOR('',#2933,1.);
#2933 = DIRECTION('',(8.715574274766E-02,-0.996194698092,0.));
#2934 = PCURVE('',#2718,#2935);
#2935 = DEFINITIONAL_REPRESENTATION('',(#2936),#2940);
#2936 = LINE('',#2937,#2938);
#2937 = CARTESIAN_POINT('',(11.,0.));
#2938 = VECTOR('',#2939,1.);
#2939 = DIRECTION('',(0.,1.));
#2940 = ( GEOMETRIC_REPRESENTATION_CONTEXT(2) 
PARAMETRIC_REPRESENTATION_CONTEXT() REPRESENTATION_CONTEXT('2D SPACE',''
  ) );
#2941 = PCURVE('',#2744,#2942);
#2942 = DEFINITIONAL_REPRESENTATION('',(#2943),#2947);
#2943 = LINE('',#2944,#2945);
#2944 = CARTESIAN_POINT('',(0.,1.));
#2945 = VECTOR('',#2946,1.);
#2946 = DIRECTION('',(1.,0.));
#2947 = ( GEOMETRIC_REPRESENTATION_CONTEXT(2) 
PARAMETRIC_REPRESENTATION_CONTEXT() REPRESENTATION_CONTEXT('2D SPACE',''
  ) );
#2948 = ORIENTED_EDGE('',*,*,#2812,.F.);
#2949 = ADVANCED_FACE('',(#2950),#2690,.F.);
#2950 = FACE_BOUND('',#2951,.F.);
#2951 = EDGE_LOOP('',(#2952,#2953,#2954,#2955));
#2952 = ORIENTED_EDGE('',*,*,#2674,.F.);
#2953 = ORIENTED_EDGE('',*,*,#2859,.T.);
#2954 = ORIENTED_EDGE('',*,*,#2789,.T.);
#2955 = ORIENTED_EDGE('',*,*,#2906,.F.);
#2956 = ADVANCED_FACE('',(#2957),#2744,.T.);
#2957 = FACE_BOUND('',#2958,.T.);
#2958 = EDGE_LOOP('',(#2959,#2960,#2961,#2962));
#2959 = ORIENTED_EDGE('',*,*,#2730,.F.);
#2960 = ORIENTED_EDGE('',*,*,#2881,.T.);
#2961 = ORIENTED_EDGE('',*,*,#2835,.T.);
#2962 = ORIENTED_EDGE('',*,*,#2928,.F.);
#2963 = MANIFOLD_SOLID_BREP('',#2964);
#2964 = CLOSED_SHELL('',(#2965,#3085,#3185,#3232,#3279,#3286));
#2965 = ADVANCED_FACE('',(#2966),#2980,.F.);
#2966 = FACE_BOUND('',#2967,.F.);
#2967 = EDGE_LOOP('',(#2968,#3003,#3031,#3059));
#2968 = ORIENTED_EDGE('',*,*,#2969,.F.);
#2969 = EDGE_CURVE('',#2970,#2972,#2974,.T.);
#2970 = VERTEX_POINT('',#2971);
#2971 = CARTESIAN_POINT('',(-3.037564434702,-8.061215932168,8.));
#2972 = VERTEX_POINT('',#2973);
#2973 = CARTESIAN_POINT('',(-3.037564434702,-8.061215932168,19.));
#2974 = SURFACE_CURVE('',#2975,(#2979,#2991),.PCURVE_S1.);
#2975 = LINE('',#2976,#2977);
#2976 = CARTESIAN_POINT('',(-3.037564434702,-8.061215932168,8.));
#2977 = VECTOR('',#2978,1.);
#2978 = DIRECTION('',(0.,0.,1.));
#2979 = PCURVE('',#2980,#2985);
#2980 = PLANE('',#2981);
#2981 = AXIS2_PLACEMENT_3D('',#2982,#2983,#2984);
#2982 = CARTESIAN_POINT('',(-3.037564434702,-8.061215932168,8.));
#2983 = DIRECTION('',(-0.5,-0.866025403784,0.));
#2984 = DIRECTION('',(0.,0.,1.));
#2985 = DEFINITIONAL_REPRESENTATION('',(#2986),#2990);
#2986 = LINE('',#2987,#2988);
#2987 = CARTESIAN_POINT('',(0.,0.));
#2988 = VECTOR('',#2989,1.);
#2989 = DIRECTION('',(1.,0.));
#2990 = ( GEOMETRIC_REPRESENTATION_CONTEXT(2) 
PARAMETRIC_REPRESENTATION_CONTEXT() REPRESENTATION_CONTEXT('2D SPACE',''
  ) );
#2991 = PCURVE('',#2992,#2997);
#2992 = PLANE('',#2993);
#2993 = AXIS2_PLACEMENT_3D('',#2994,#2995,#2996);
#2994 = CARTESIAN_POINT('',(-3.037564434702,-8.061215932168,8.));
#2995 = DIRECTION('',(0.866025403784,-0.5,0.));
#2996 = DIRECTION('',(0.,0.,1.));
#2997 = DEFINITIONAL_REPRESENTATION('',(#2998),#3002);
#2998 = LINE('',#2999,#3000);
#2999 = CARTESIAN_POINT('',(0.,0.));
#3000 = VECTOR('',#3001,1.);
#3001 = DIRECTION('',(1.,0.));
#3002 = ( GEOMETRIC_REPRESENTATION_CONTEXT(2) 
PARAMETRIC_REPRESENTATION_CONTEXT() REPRESENTATION_CONTEXT('2D SPACE',''
  ) );
#3003 = ORIENTED_EDGE('',*,*,#3004,.T.);
#3004 = EDGE_CURVE('',#2970,#3005,#3007,.T.);
#3005 = VERTEX_POINT('',#3006);
#3006 = CARTESIAN_POINT('',(-1.99833395016,-8.661215932168,8.));
#3007 = SURFACE_CURVE('',#3008,(#3012,#3019),.PCURVE_S1.);
#3008 = LINE('',#3009,#3010);
#3009 = CARTESIAN_POINT('',(-3.037564434702,-8.061215932168,8.));
#3010 = VECTOR('',#3011,1.);
#3011 = DIRECTION('',(0.866025403784,-0.5,0.));
#3012 = PCURVE('',#2980,#3013);
#3013 = DEFINITIONAL_REPRESENTATION('',(#3014),#3018);
#3014 = LINE('',#3015,#3016);
#3015 = CARTESIAN_POINT('',(0.,0.));
#3016 = VECTOR('',#3017,1.);
#3017 = DIRECTION('',(0.,-1.));
#3018 = ( GEOMETRIC_REPRESENTATION_CONTEXT(2) 
PARAMETRIC_REPRESENTATION_CONTEXT() REPRESENTATION_CONTEXT('2D SPACE',''
  ) );
#3019 = PCURVE('',#3020,#3025);
#3020 = PLANE('',#3021);
#3021 = AXIS2_PLACEMENT_3D('',#3022,#3023,#3024);
#3022 = CARTESIAN_POINT('',(-3.037564434702,-8.061215932168,8.));
#3023 = DIRECTION('',(0.,0.,1.));
#3024 = DIRECTION('',(-0.5,-0.866025403784,0.));
#3025 = DEFINITIONAL_REPRESENTATION('',(#3026),#3030);
#3026 = LINE('',#3027,#3028);
#3027 = CARTESIAN_POINT('',(0.,0.));
#3028 = VECTOR('',#3029,1.);
#3029 = DIRECTION('',(0.,1.));
#3030 = ( GEOMETRIC_REPRESENTATION_CONTEXT(2) 
PARAMETRIC_REPRESENTATION_CONTEXT() REPRESENTATION_CONTEXT('2D SPACE',''
  ) );
#3031 = ORIENTED_EDGE('',*,*,#3032,.T.);
#3032 = EDGE_CURVE('',#3005,#3033,#3035,.T.);
#3033 = VERTEX_POINT('',#3034);
#3034 = CARTESIAN_POINT('',(-1.99833395016,-8.661215932168,19.));
#3035 = SURFACE_CURVE('',#3036,(#3040,#3047),.PCURVE_S1.);
#3036 = LINE('',#3037,#3038);
#3037 = CARTESIAN_POINT('',(-1.99833395016,-8.661215932168,8.));
#3038 = VECTOR('',#3039,1.);
#3039 = DIRECTION('',(0.,0.,1.));
#3040 = PCURVE('',#2980,#3041);
#3041 = DEFINITIONAL_REPRESENTATION('',(#3042),#3046);
#3042 = LINE('',#3043,#3044);
#3043 = CARTESIAN_POINT('',(0.,-1.2));
#3044 = VECTOR('',#3045,1.);
#3045 = DIRECTION('',(1.,0.));
#3046 = ( GEOMETRIC_REPRESENTATION_CONTEXT(2) 
PARAMETRIC_REPRESENTATION_CONTEXT() REPRESENTATION_CONTEXT('2D SPACE',''
  ) );
#3047 = PCURVE('',#3048,#3053);
#3048 = PLANE('',#3049);
#3049 = AXIS2_PLACEMENT_3D('',#3050,#3051,#3052);
#3050 = CARTESIAN_POINT('',(-1.99833395016,-8.661215932168,8.));
#3051 = DIRECTION('',(0.866025403784,-0.5,0.));
#3052 = DIRECTION('',(0.,0.,1.));
#3053 = DEFINITIONAL_REPRESENTATION('',(#3054),#3058);
#3054 = LINE('',#3055,#3056);
#3055 = CARTESIAN_POINT('',(0.,0.));
#3056 = VECTOR('',#3057,1.);
#3057 = DIRECTION('',(1.,0.));
#3058 = ( GEOMETRIC_REPRESENTATION_CONTEXT(2) 
PARAMETRIC_REPRESENTATION_CONTEXT() REPRESENTATION_CONTEXT('2D SPACE',''
  ) );
#3059 = ORIENTED_EDGE('',*,*,#3060,.F.);
#3060 = EDGE_CURVE('',#2972,#3033,#3061,.T.);
#3061 = SURFACE_CURVE('',#3062,(#3066,#3073),.PCURVE_S1.);
#3062 = LINE('',#3063,#3064);
#3063 = CARTESIAN_POINT('',(-3.037564434702,-8.061215932168,19.));
#3064 = VECTOR('',#3065,1.);
#3065 = DIRECTION('',(0.866025403784,-0.5,0.));
#3066 = PCURVE('',#2980,#3067);
#3067 = DEFINITIONAL_REPRESENTATION('',(#3068),#3072);
#3068 = LINE('',#3069,#3070);
#3069 = CARTESIAN_POINT('',(11.,0.));
#3070 = VECTOR('',#3071,1.);
#3071 = DIRECTION('',(0.,-1.));
#3072 = ( GEOMETRIC_REPRESENTATION_CONTEXT(2) 
PARAMETRIC_REPRESENTATION_CONTEXT() REPRESENTATION_CONTEXT('2D SPACE',''
  ) );
#3073 = PCURVE('',#3074,#3079);
#3074 = PLANE('',#3075);
#3075 = AXIS2_PLACEMENT_3D('',#3076,#3077,#3078);
#3076 = CARTESIAN_POINT('',(-3.037564434702,-8.061215932168,19.));
#3077 = DIRECTION('',(0.,0.,1.));
#3078 = DIRECTION('',(-0.5,-0.866025403784,0.));
#3079 = DEFINITIONAL_REPRESENTATION('',(#3080),#3084);
#3080 = LINE('',#3081,#3082);
#3081 = CARTESIAN_POINT('',(0.,0.));
#3082 = VECTOR('',#3083,1.);
#3083 = DIRECTION('',(0.,1.));
#3084 = ( GEOMETRIC_REPRESENTATION_CONTEXT(2) 
PARAMETRIC_REPRESENTATION_CONTEXT() REPRESENTATION_CONTEXT('2D SPACE',''
  ) );
#3085 = ADVANCED_FACE('',(#3086),#3100,.T.);
#3086 = FACE_BOUND('',#3087,.T.);
#3087 = EDGE_LOOP('',(#3088,#3118,#3141,#3164));
#3088 = ORIENTED_EDGE('',*,*,#3089,.F.);
#3089 = EDGE_CURVE('',#3090,#3092,#3094,.T.);
#3090 = VERTEX_POINT('',#3091);
#3091 = CARTESIAN_POINT('',(-7.037564434702,-14.98941916244,8.));
#3092 = VERTEX_POINT('',#3093);
#3093 = CARTESIAN_POINT('',(-7.037564434702,-14.98941916244,19.));
#3094 = SURFACE_CURVE('',#3095,(#3099,#3111),.PCURVE_S1.);
#3095 = LINE('',#3096,#3097);
#3096 = CARTESIAN_POINT('',(-7.037564434702,-14.98941916244,8.));
#3097 = VECTOR('',#3098,1.);
#3098 = DIRECTION('',(0.,0.,1.));
#3099 = PCURVE('',#3100,#3105);
#3100 = PLANE('',#3101);
#3101 = AXIS2_PLACEMENT_3D('',#3102,#3103,#3104);
#3102 = CARTESIAN_POINT('',(-7.037564434702,-14.98941916244,8.));
#3103 = DIRECTION('',(-0.5,-0.866025403784,0.));
#3104 = DIRECTION('',(0.,0.,1.));
#3105 = DEFINITIONAL_REPRESENTATION('',(#3106),#3110);
#3106 = LINE('',#3107,#3108);
#3107 = CARTESIAN_POINT('',(0.,0.));
#3108 = VECTOR('',#3109,1.);
#3109 = DIRECTION('',(1.,0.));
#3110 = ( GEOMETRIC_REPRESENTATION_CONTEXT(2) 
PARAMETRIC_REPRESENTATION_CONTEXT() REPRESENTATION_CONTEXT('2D SPACE',''
  ) );
#3111 = PCURVE('',#2992,#3112);
#3112 = DEFINITIONAL_REPRESENTATION('',(#3113),#3117);
#3113 = LINE('',#3114,#3115);
#3114 = CARTESIAN_POINT('',(0.,8.));
#3115 = VECTOR('',#3116,1.);
#3116 = DIRECTION('',(1.,0.));
#3117 = ( GEOMETRIC_REPRESENTATION_CONTEXT(2) 
PARAMETRIC_REPRESENTATION_CONTEXT() REPRESENTATION_CONTEXT('2D SPACE',''
  ) );
#3118 = ORIENTED_EDGE('',*,*,#3119,.T.);
#3119 = EDGE_CURVE('',#3090,#3120,#3122,.T.);
#3120 = VERTEX_POINT('',#3121);
#3121 = CARTESIAN_POINT('',(-5.99833395016,-15.58941916244,8.));
#3122 = SURFACE_CURVE('',#3123,(#3127,#3134),.PCURVE_S1.);
#3123 = LINE('',#3124,#3125);
#3124 = CARTESIAN_POINT('',(-7.037564434702,-14.98941916244,8.));
#3125 = VECTOR('',#3126,1.);
#3126 = DIRECTION('',(0.866025403784,-0.5,0.));
#3127 = PCURVE('',#3100,#3128);
#3128 = DEFINITIONAL_REPRESENTATION('',(#3129),#3133);
#3129 = LINE('',#3130,#3131);
#3130 = CARTESIAN_POINT('',(0.,0.));
#3131 = VECTOR('',#3132,1.);
#3132 = DIRECTION('',(0.,-1.));
#3133 = ( GEOMETRIC_REPRESENTATION_CONTEXT(2) 
PARAMETRIC_REPRESENTATION_CONTEXT() REPRESENTATION_CONTEXT('2D SPACE',''
  ) );
#3134 = PCURVE('',#3020,#3135);
#3135 = DEFINITIONAL_REPRESENTATION('',(#3136),#3140);
#3136 = LINE('',#3137,#3138);
#3137 = CARTESIAN_POINT('',(8.,0.));
#3138 = VECTOR('',#3139,1.);
#3139 = DIRECTION('',(0.,1.));
#3140 = ( GEOMETRIC_REPRESENTATION_CONTEXT(2) 
PARAMETRIC_REPRESENTATION_CONTEXT() REPRESENTATION_CONTEXT('2D SPACE',''
  ) );
#3141 = ORIENTED_EDGE('',*,*,#3142,.T.);
#3142 = EDGE_CURVE('',#3120,#3143,#3145,.T.);
#3143 = VERTEX_POINT('',#3144);
#3144 = CARTESIAN_POINT('',(-5.99833395016,-15.58941916244,19.));
#3145 = SURFACE_CURVE('',#3146,(#3150,#3157),.PCURVE_S1.);
#3146 = LINE('',#3147,#3148);
#3147 = CARTESIAN_POINT('',(-5.99833395016,-15.58941916244,8.));
#3148 = VECTOR('',#3149,1.);
#3149 = DIRECTION('',(0.,0.,1.));
#3150 = PCURVE('',#3100,#3151);
#3151 = DEFINITIONAL_REPRESENTATION('',(#3152),#3156);
#3152 = LINE('',#3153,#3154);
#3153 = CARTESIAN_POINT('',(0.,-1.2));
#3154 = VECTOR('',#3155,1.);
#3155 = DIRECTION('',(1.,0.));
#3156 = ( GEOMETRIC_REPRESENTATION_CONTEXT(2) 
PARAMETRIC_REPRESENTATION_CONTEXT() REPRESENTATION_CONTEXT('2D SPACE',''
  ) );
#3157 = PCURVE('',#3048,#3158);
#3158 = DEFINITIONAL_REPRESENTATION('',(#3159),#3163);
#3159 = LINE('',#3160,#3161);
#3160 = CARTESIAN_POINT('',(0.,8.));
#3161 = VECTOR('',#3162,1.);
#3162 = DIRECTION('',(1.,0.));
#3163 = ( GEOMETRIC_REPRESENTATION_CONTEXT(2) 
PARAMETRIC_REPRESENTATION_CONTEXT() REPRESENTATION_CONTEXT('2D SPACE',''
  ) );
#3164 = ORIENTED_EDGE('',*,*,#3165,.F.);
#3165 = EDGE_CURVE('',#3092,#3143,#3166,.T.);
#3166 = SURFACE_CURVE('',#3167,(#3171,#3178),.PCURVE_S1.);
#3167 = LINE('',#3168,#3169);
#3168 = CARTESIAN_POINT('',(-7.037564434702,-14.98941916244,19.));
#3169 = VECTOR('',#3170,1.);
#3170 = DIRECTION('',(0.866025403784,-0.5,0.));
#3171 = PCURVE('',#3100,#3172);
#3172 = DEFINITIONAL_REPRESENTATION('',(#3173),#3177);
#3173 = LINE('',#3174,#3175);
#3174 = CARTESIAN_POINT('',(11.,0.));
#3175 = VECTOR('',#3176,1.);
#3176 = DIRECTION('',(0.,-1.));
#3177 = ( GEOMETRIC_REPRESENTATION_CONTEXT(2) 
PARAMETRIC_REPRESENTATION_CONTEXT() REPRESENTATION_CONTEXT('2D SPACE',''
  ) );
#3178 = PCURVE('',#3074,#3179);
#3179 = DEFINITIONAL_REPRESENTATION('',(#3180),#3184);
#3180 = LINE('',#3181,#3182);
#3181 = CARTESIAN_POINT('',(8.,0.));
#3182 = VECTOR('',#3183,1.);
#3183 = DIRECTION('',(0.,1.));
#3184 = ( GEOMETRIC_REPRESENTATION_CONTEXT(2) 
PARAMETRIC_REPRESENTATION_CONTEXT() REPRESENTATION_CONTEXT('2D SPACE',''
  ) );
#3185 = ADVANCED_FACE('',(#3186),#2992,.F.);
#3186 = FACE_BOUND('',#3187,.F.);
#3187 = EDGE_LOOP('',(#3188,#3209,#3210,#3231));
#3188 = ORIENTED_EDGE('',*,*,#3189,.F.);
#3189 = EDGE_CURVE('',#2970,#3090,#3190,.T.);
#3190 = SURFACE_CURVE('',#3191,(#3195,#3202),.PCURVE_S1.);
#3191 = LINE('',#3192,#3193);
#3192 = CARTESIAN_POINT('',(-3.037564434702,-8.061215932168,8.));
#3193 = VECTOR('',#3194,1.);
#3194 = DIRECTION('',(-0.5,-0.866025403784,0.));
#3195 = PCURVE('',#2992,#3196);
#3196 = DEFINITIONAL_REPRESENTATION('',(#3197),#3201);
#3197 = LINE('',#3198,#3199);
#3198 = CARTESIAN_POINT('',(0.,0.));
#3199 = VECTOR('',#3200,1.);
#3200 = DIRECTION('',(0.,1.));
#3201 = ( GEOMETRIC_REPRESENTATION_CONTEXT(2) 
PARAMETRIC_REPRESENTATION_CONTEXT() REPRESENTATION_CONTEXT('2D SPACE',''
  ) );
#3202 = PCURVE('',#3020,#3203);
#3203 = DEFINITIONAL_REPRESENTATION('',(#3204),#3208);
#3204 = LINE('',#3205,#3206);
#3205 = CARTESIAN_POINT('',(0.,0.));
#3206 = VECTOR('',#3207,1.);
#3207 = DIRECTION('',(1.,0.));
#3208 = ( GEOMETRIC_REPRESENTATION_CONTEXT(2) 
PARAMETRIC_REPRESENTATION_CONTEXT() REPRESENTATION_CONTEXT('2D SPACE',''
  ) );
#3209 = ORIENTED_EDGE('',*,*,#2969,.T.);
#3210 = ORIENTED_EDGE('',*,*,#3211,.T.);
#3211 = EDGE_CURVE('',#2972,#3092,#3212,.T.);
#3212 = SURFACE_CURVE('',#3213,(#3217,#3224),.PCURVE_S1.);
#3213 = LINE('',#3214,#3215);
#3214 = CARTESIAN_POINT('',(-3.037564434702,-8.061215932168,19.));
#3215 = VECTOR('',#3216,1.);
#3216 = DIRECTION('',(-0.5,-0.866025403784,0.));
#3217 = PCURVE('',#2992,#3218);
#3218 = DEFINITIONAL_REPRESENTATION('',(#3219),#3223);
#3219 = LINE('',#3220,#3221);
#3220 = CARTESIAN_POINT('',(11.,0.));
#3221 = VECTOR('',#3222,1.);
#3222 = DIRECTION('',(0.,1.));
#3223 = ( GEOMETRIC_REPRESENTATION_CONTEXT(2) 
PARAMETRIC_REPRESENTATION_CONTEXT() REPRESENTATION_CONTEXT('2D SPACE',''
  ) );
#3224 = PCURVE('',#3074,#3225);
#3225 = DEFINITIONAL_REPRESENTATION('',(#3226),#3230);
#3226 = LINE('',#3227,#3228);
#3227 = CARTESIAN_POINT('',(0.,0.));
#3228 = VECTOR('',#3229,1.);
#3229 = DIRECTION('',(1.,0.));
#3230 = ( GEOMETRIC_REPRESENTATION_CONTEXT(2) 
PARAMETRIC_REPRESENTATION_CONTEXT() REPRESENTATION_CONTEXT('2D SPACE',''
  ) );
#3231 = ORIENTED_EDGE('',*,*,#3089,.F.);
#3232 = ADVANCED_FACE('',(#3233),#3048,.T.);
#3233 = FACE_BOUND('',#3234,.T.);
#3234 = EDGE_LOOP('',(#3235,#3256,#3257,#3278));
#3235 = ORIENTED_EDGE('',*,*,#3236,.F.);
#3236 = EDGE_CURVE('',#3005,#3120,#3237,.T.);
#3237 = SURFACE_CURVE('',#3238,(#3242,#3249),.PCURVE_S1.);
#3238 = LINE('',#3239,#3240);
#3239 = CARTESIAN_POINT('',(-1.99833395016,-8.661215932168,8.));
#3240 = VECTOR('',#3241,1.);
#3241 = DIRECTION('',(-0.5,-0.866025403784,0.));
#3242 = PCURVE('',#3048,#3243);
#3243 = DEFINITIONAL_REPRESENTATION('',(#3244),#3248);
#3244 = LINE('',#3245,#3246);
#3245 = CARTESIAN_POINT('',(0.,0.));
#3246 = VECTOR('',#3247,1.);
#3247 = DIRECTION('',(0.,1.));
#3248 = ( GEOMETRIC_REPRESENTATION_CONTEXT(2) 
PARAMETRIC_REPRESENTATION_CONTEXT() REPRESENTATION_CONTEXT('2D SPACE',''
  ) );
#3249 = PCURVE('',#3020,#3250);
#3250 = DEFINITIONAL_REPRESENTATION('',(#3251),#3255);
#3251 = LINE('',#3252,#3253);
#3252 = CARTESIAN_POINT('',(0.,1.2));
#3253 = VECTOR('',#3254,1.);
#3254 = DIRECTION('',(1.,0.));
#3255 = ( GEOMETRIC_REPRESENTATION_CONTEXT(2) 
PARAMETRIC_REPRESENTATION_CONTEXT() REPRESENTATION_CONTEXT('2D SPACE',''
  ) );
#3256 = ORIENTED_EDGE('',*,*,#3032,.T.);
#3257 = ORIENTED_EDGE('',*,*,#3258,.T.);
#3258 = EDGE_CURVE('',#3033,#3143,#3259,.T.);
#3259 = SURFACE_CURVE('',#3260,(#3264,#3271),.PCURVE_S1.);
#3260 = LINE('',#3261,#3262);
#3261 = CARTESIAN_POINT('',(-1.99833395016,-8.661215932168,19.));
#3262 = VECTOR('',#3263,1.);
#3263 = DIRECTION('',(-0.5,-0.866025403784,0.));
#3264 = PCURVE('',#3048,#3265);
#3265 = DEFINITIONAL_REPRESENTATION('',(#3266),#3270);
#3266 = LINE('',#3267,#3268);
#3267 = CARTESIAN_POINT('',(11.,0.));
#3268 = VECTOR('',#3269,1.);
#3269 = DIRECTION('',(0.,1.));
#3270 = ( GEOMETRIC_REPRESENTATION_CONTEXT(2) 
PARAMETRIC_REPRESENTATION_CONTEXT() REPRESENTATION_CONTEXT('2D SPACE',''
  ) );
#3271 = PCURVE('',#3074,#3272);
#3272 = DEFINITIONAL_REPRESENTATION('',(#3273),#3277);
#3273 = LINE('',#3274,#3275);
#3274 = CARTESIAN_POINT('',(0.,1.2));
#3275 = VECTOR('',#3276,1.);
#3276 = DIRECTION('',(1.,0.));
#3277 = ( GEOMETRIC_REPRESENTATION_CONTEXT(2) 
PARAMETRIC_REPRESENTATION_CONTEXT() REPRESENTATION_CONTEXT('2D SPACE',''
  ) );
#3278 = ORIENTED_EDGE('',*,*,#3142,.F.);
#3279 = ADVANCED_FACE('',(#3280),#3020,.F.);
#3280 = FACE_BOUND('',#3281,.F.);
#3281 = EDGE_LOOP('',(#3282,#3283,#3284,#3285));
#3282 = ORIENTED_EDGE('',*,*,#3004,.F.);
#3283 = ORIENTED_EDGE('',*,*,#3189,.T.);
#3284 = ORIENTED_EDGE('',*,*,#3119,.T.);
#3285 = ORIENTED_EDGE('',*,*,#3236,.F.);
#3286 = ADVANCED_FACE('',(#3287),#3074,.T.);
#3287 = FACE_BOUND('',#3288,.T.);
#3288 = EDGE_LOOP('',(#3289,#3290,#3291,#3292));
#3289 = ORIENTED_EDGE('',*,*,#3060,.F.);
#3290 = ORIENTED_EDGE('',*,*,#3211,.T.);
#3291 = ORIENTED_EDGE('',*,*,#3165,.T.);
#3292 = ORIENTED_EDGE('',*,*,#3258,.F.);
#3293 = MANIFOLD_SOLID_BREP('',#3294);
#3294 = CLOSED_SHELL('',(#3295,#3415,#3515,#3562,#3609,#3616));
#3295 = ADVANCED_FACE('',(#3296),#3310,.F.);
#3296 = FACE_BOUND('',#3297,.F.);
#3297 = EDGE_LOOP('',(#3298,#3333,#3361,#3389));
#3298 = ORIENTED_EDGE('',*,*,#3299,.F.);
#3299 = EDGE_CURVE('',#3300,#3302,#3304,.T.);
#3300 = VERTEX_POINT('',#3301);
#3301 = CARTESIAN_POINT('',(-10.85866926515,-10.07962536721,8.));
#3302 = VERTEX_POINT('',#3303);
#3303 = CARTESIAN_POINT('',(-10.85866926515,-10.07962536721,19.));
#3304 = SURFACE_CURVE('',#3305,(#3309,#3321),.PCURVE_S1.);
#3305 = LINE('',#3306,#3307);
#3306 = CARTESIAN_POINT('',(-10.85866926515,-10.07962536721,8.));
#3307 = VECTOR('',#3308,1.);
#3308 = DIRECTION('',(0.,0.,1.));
#3309 = PCURVE('',#3310,#3315);
#3310 = PLANE('',#3311);
#3311 = AXIS2_PLACEMENT_3D('',#3312,#3313,#3314);
#3312 = CARTESIAN_POINT('',(-10.85866926515,-10.07962536721,8.));
#3313 = DIRECTION('',(-0.422618261741,-0.906307787037,0.));
#3314 = DIRECTION('',(0.,0.,1.));
#3315 = DEFINITIONAL_REPRESENTATION('',(#3316),#3320);
#3316 = LINE('',#3317,#3318);
#3317 = CARTESIAN_POINT('',(0.,0.));
#3318 = VECTOR('',#3319,1.);
#3319 = DIRECTION('',(1.,0.));
#3320 = ( GEOMETRIC_REPRESENTATION_CONTEXT(2) 
PARAMETRIC_REPRESENTATION_CONTEXT() REPRESENTATION_CONTEXT('2D SPACE',''
  ) );
#3321 = PCURVE('',#3322,#3327);
#3322 = PLANE('',#3323);
#3323 = AXIS2_PLACEMENT_3D('',#3324,#3325,#3326);
#3324 = CARTESIAN_POINT('',(-10.85866926515,-10.07962536721,8.));
#3325 = DIRECTION('',(0.906307787037,-0.422618261741,0.));
#3326 = DIRECTION('',(0.,0.,1.));
#3327 = DEFINITIONAL_REPRESENTATION('',(#3328),#3332);
#3328 = LINE('',#3329,#3330);
#3329 = CARTESIAN_POINT('',(0.,0.));
#3330 = VECTOR('',#3331,1.);
#3331 = DIRECTION('',(1.,0.));
#3332 = ( GEOMETRIC_REPRESENTATION_CONTEXT(2) 
PARAMETRIC_REPRESENTATION_CONTEXT() REPRESENTATION_CONTEXT('2D SPACE',''
  ) );
#3333 = ORIENTED_EDGE('',*,*,#3334,.T.);
#3334 = EDGE_CURVE('',#3300,#3335,#3337,.T.);
#3335 = VERTEX_POINT('',#3336);
#3336 = CARTESIAN_POINT('',(-9.952361478116,-10.50224362896,8.));
#3337 = SURFACE_CURVE('',#3338,(#3342,#3349),.PCURVE_S1.);
#3338 = LINE('',#3339,#3340);
#3339 = CARTESIAN_POINT('',(-10.85866926515,-10.07962536721,8.));
#3340 = VECTOR('',#3341,1.);
#3341 = DIRECTION('',(0.906307787037,-0.422618261741,0.));
#3342 = PCURVE('',#3310,#3343);
#3343 = DEFINITIONAL_REPRESENTATION('',(#3344),#3348);
#3344 = LINE('',#3345,#3346);
#3345 = CARTESIAN_POINT('',(0.,0.));
#3346 = VECTOR('',#3347,1.);
#3347 = DIRECTION('',(0.,-1.));
#3348 = ( GEOMETRIC_REPRESENTATION_CONTEXT(2) 
PARAMETRIC_REPRESENTATION_CONTEXT() REPRESENTATION_CONTEXT('2D SPACE',''
  ) );
#3349 = PCURVE('',#3350,#3355);
#3350 = PLANE('',#3351);
#3351 = AXIS2_PLACEMENT_3D('',#3352,#3353,#3354);
#3352 = CARTESIAN_POINT('',(-10.85866926515,-10.07962536721,8.));
#3353 = DIRECTION('',(0.,0.,1.));
#3354 = DIRECTION('',(-0.422618261741,-0.906307787037,0.));
#3355 = DEFINITIONAL_REPRESENTATION('',(#3356),#3360);
#3356 = LINE('',#3357,#3358);
#3357 = CARTESIAN_POINT('',(0.,0.));
#3358 = VECTOR('',#3359,1.);
#3359 = DIRECTION('',(0.,1.));
#3360 = ( GEOMETRIC_REPRESENTATION_CONTEXT(2) 
PARAMETRIC_REPRESENTATION_CONTEXT() REPRESENTATION_CONTEXT('2D SPACE',''
  ) );
#3361 = ORIENTED_EDGE('',*,*,#3362,.T.);
#3362 = EDGE_CURVE('',#3335,#3363,#3365,.T.);
#3363 = VERTEX_POINT('',#3364);
#3364 = CARTESIAN_POINT('',(-9.952361478116,-10.50224362896,19.));
#3365 = SURFACE_CURVE('',#3366,(#3370,#3377),.PCURVE_S1.);
#3366 = LINE('',#3367,#3368);
#3367 = CARTESIAN_POINT('',(-9.952361478116,-10.50224362896,8.));
#3368 = VECTOR('',#3369,1.);
#3369 = DIRECTION('',(0.,0.,1.));
#3370 = PCURVE('',#3310,#3371);
#3371 = DEFINITIONAL_REPRESENTATION('',(#3372),#3376);
#3372 = LINE('',#3373,#3374);
#3373 = CARTESIAN_POINT('',(0.,-1.));
#3374 = VECTOR('',#3375,1.);
#3375 = DIRECTION('',(1.,0.));
#3376 = ( GEOMETRIC_REPRESENTATION_CONTEXT(2) 
PARAMETRIC_REPRESENTATION_CONTEXT() REPRESENTATION_CONTEXT('2D SPACE',''
  ) );
#3377 = PCURVE('',#3378,#3383);
#3378 = PLANE('',#3379);
#3379 = AXIS2_PLACEMENT_3D('',#3380,#3381,#3382);
#3380 = CARTESIAN_POINT('',(-9.952361478116,-10.50224362896,8.));
#3381 = DIRECTION('',(0.906307787037,-0.422618261741,0.));
#3382 = DIRECTION('',(0.,0.,1.));
#3383 = DEFINITIONAL_REPRESENTATION('',(#3384),#3388);
#3384 = LINE('',#3385,#3386);
#3385 = CARTESIAN_POINT('',(0.,0.));
#3386 = VECTOR('',#3387,1.);
#3387 = DIRECTION('',(1.,0.));
#3388 = ( GEOMETRIC_REPRESENTATION_CONTEXT(2) 
PARAMETRIC_REPRESENTATION_CONTEXT() REPRESENTATION_CONTEXT('2D SPACE',''
  ) );
#3389 = ORIENTED_EDGE('',*,*,#3390,.F.);
#3390 = EDGE_CURVE('',#3302,#3363,#3391,.T.);
#3391 = SURFACE_CURVE('',#3392,(#3396,#3403),.PCURVE_S1.);
#3392 = LINE('',#3393,#3394);
#3393 = CARTESIAN_POINT('',(-10.85866926515,-10.07962536721,19.));
#3394 = VECTOR('',#3395,1.);
#3395 = DIRECTION('',(0.906307787037,-0.422618261741,0.));
#3396 = PCURVE('',#3310,#3397);
#3397 = DEFINITIONAL_REPRESENTATION('',(#3398),#3402);
#3398 = LINE('',#3399,#3400);
#3399 = CARTESIAN_POINT('',(11.,0.));
#3400 = VECTOR('',#3401,1.);
#3401 = DIRECTION('',(0.,-1.));
#3402 = ( GEOMETRIC_REPRESENTATION_CONTEXT(2) 
PARAMETRIC_REPRESENTATION_CONTEXT() REPRESENTATION_CONTEXT('2D SPACE',''
  ) );
#3403 = PCURVE('',#3404,#3409);
#3404 = PLANE('',#3405);
#3405 = AXIS2_PLACEMENT_3D('',#3406,#3407,#3408);
#3406 = CARTESIAN_POINT('',(-10.85866926515,-10.07962536721,19.));
#3407 = DIRECTION('',(0.,0.,1.));
#3408 = DIRECTION('',(-0.422618261741,-0.906307787037,0.));
#3409 = DEFINITIONAL_REPRESENTATION('',(#3410),#3414);
#3410 = LINE('',#3411,#3412);
#3411 = CARTESIAN_POINT('',(0.,0.));
#3412 = VECTOR('',#3413,1.);
#3413 = DIRECTION('',(0.,1.));
#3414 = ( GEOMETRIC_REPRESENTATION_CONTEXT(2) 
PARAMETRIC_REPRESENTATION_CONTEXT() REPRESENTATION_CONTEXT('2D SPACE',''
  ) );
#3415 = ADVANCED_FACE('',(#3416),#3430,.T.);
#3416 = FACE_BOUND('',#3417,.T.);
#3417 = EDGE_LOOP('',(#3418,#3448,#3471,#3494));
#3418 = ORIENTED_EDGE('',*,*,#3419,.F.);
#3419 = EDGE_CURVE('',#3420,#3422,#3424,.T.);
#3420 = VERTEX_POINT('',#3421);
#3421 = CARTESIAN_POINT('',(-12.76045144298,-14.15801040888,8.));
#3422 = VERTEX_POINT('',#3423);
#3423 = CARTESIAN_POINT('',(-12.76045144298,-14.15801040888,19.));
#3424 = SURFACE_CURVE('',#3425,(#3429,#3441),.PCURVE_S1.);
#3425 = LINE('',#3426,#3427);
#3426 = CARTESIAN_POINT('',(-12.76045144298,-14.15801040888,8.));
#3427 = VECTOR('',#3428,1.);
#3428 = DIRECTION('',(0.,0.,1.));
#3429 = PCURVE('',#3430,#3435);
#3430 = PLANE('',#3431);
#3431 = AXIS2_PLACEMENT_3D('',#3432,#3433,#3434);
#3432 = CARTESIAN_POINT('',(-12.76045144298,-14.15801040888,8.));
#3433 = DIRECTION('',(-0.422618261741,-0.906307787037,0.));
#3434 = DIRECTION('',(0.,0.,1.));
#3435 = DEFINITIONAL_REPRESENTATION('',(#3436),#3440);
#3436 = LINE('',#3437,#3438);
#3437 = CARTESIAN_POINT('',(0.,0.));
#3438 = VECTOR('',#3439,1.);
#3439 = DIRECTION('',(1.,0.));
#3440 = ( GEOMETRIC_REPRESENTATION_CONTEXT(2) 
PARAMETRIC_REPRESENTATION_CONTEXT() REPRESENTATION_CONTEXT('2D SPACE',''
  ) );
#3441 = PCURVE('',#3322,#3442);
#3442 = DEFINITIONAL_REPRESENTATION('',(#3443),#3447);
#3443 = LINE('',#3444,#3445);
#3444 = CARTESIAN_POINT('',(0.,4.5));
#3445 = VECTOR('',#3446,1.);
#3446 = DIRECTION('',(1.,0.));
#3447 = ( GEOMETRIC_REPRESENTATION_CONTEXT(2) 
PARAMETRIC_REPRESENTATION_CONTEXT() REPRESENTATION_CONTEXT('2D SPACE',''
  ) );
#3448 = ORIENTED_EDGE('',*,*,#3449,.T.);
#3449 = EDGE_CURVE('',#3420,#3450,#3452,.T.);
#3450 = VERTEX_POINT('',#3451);
#3451 = CARTESIAN_POINT('',(-11.85414365594,-14.58062867062,8.));
#3452 = SURFACE_CURVE('',#3453,(#3457,#3464),.PCURVE_S1.);
#3453 = LINE('',#3454,#3455);
#3454 = CARTESIAN_POINT('',(-12.76045144298,-14.15801040888,8.));
#3455 = VECTOR('',#3456,1.);
#3456 = DIRECTION('',(0.906307787037,-0.422618261741,0.));
#3457 = PCURVE('',#3430,#3458);
#3458 = DEFINITIONAL_REPRESENTATION('',(#3459),#3463);
#3459 = LINE('',#3460,#3461);
#3460 = CARTESIAN_POINT('',(0.,0.));
#3461 = VECTOR('',#3462,1.);
#3462 = DIRECTION('',(0.,-1.));
#3463 = ( GEOMETRIC_REPRESENTATION_CONTEXT(2) 
PARAMETRIC_REPRESENTATION_CONTEXT() REPRESENTATION_CONTEXT('2D SPACE',''
  ) );
#3464 = PCURVE('',#3350,#3465);
#3465 = DEFINITIONAL_REPRESENTATION('',(#3466),#3470);
#3466 = LINE('',#3467,#3468);
#3467 = CARTESIAN_POINT('',(4.5,0.));
#3468 = VECTOR('',#3469,1.);
#3469 = DIRECTION('',(0.,1.));
#3470 = ( GEOMETRIC_REPRESENTATION_CONTEXT(2) 
PARAMETRIC_REPRESENTATION_CONTEXT() REPRESENTATION_CONTEXT('2D SPACE',''
  ) );
#3471 = ORIENTED_EDGE('',*,*,#3472,.T.);
#3472 = EDGE_CURVE('',#3450,#3473,#3475,.T.);
#3473 = VERTEX_POINT('',#3474);
#3474 = CARTESIAN_POINT('',(-11.85414365594,-14.58062867062,19.));
#3475 = SURFACE_CURVE('',#3476,(#3480,#3487),.PCURVE_S1.);
#3476 = LINE('',#3477,#3478);
#3477 = CARTESIAN_POINT('',(-11.85414365594,-14.58062867062,8.));
#3478 = VECTOR('',#3479,1.);
#3479 = DIRECTION('',(0.,0.,1.));
#3480 = PCURVE('',#3430,#3481);
#3481 = DEFINITIONAL_REPRESENTATION('',(#3482),#3486);
#3482 = LINE('',#3483,#3484);
#3483 = CARTESIAN_POINT('',(0.,-1.));
#3484 = VECTOR('',#3485,1.);
#3485 = DIRECTION('',(1.,0.));
#3486 = ( GEOMETRIC_REPRESENTATION_CONTEXT(2) 
PARAMETRIC_REPRESENTATION_CONTEXT() REPRESENTATION_CONTEXT('2D SPACE',''
  ) );
#3487 = PCURVE('',#3378,#3488);
#3488 = DEFINITIONAL_REPRESENTATION('',(#3489),#3493);
#3489 = LINE('',#3490,#3491);
#3490 = CARTESIAN_POINT('',(0.,4.5));
#3491 = VECTOR('',#3492,1.);
#3492 = DIRECTION('',(1.,0.));
#3493 = ( GEOMETRIC_REPRESENTATION_CONTEXT(2) 
PARAMETRIC_REPRESENTATION_CONTEXT() REPRESENTATION_CONTEXT('2D SPACE',''
  ) );
#3494 = ORIENTED_EDGE('',*,*,#3495,.F.);
#3495 = EDGE_CURVE('',#3422,#3473,#3496,.T.);
#3496 = SURFACE_CURVE('',#3497,(#3501,#3508),.PCURVE_S1.);
#3497 = LINE('',#3498,#3499);
#3498 = CARTESIAN_POINT('',(-12.76045144298,-14.15801040888,19.));
#3499 = VECTOR('',#3500,1.);
#3500 = DIRECTION('',(0.906307787037,-0.422618261741,0.));
#3501 = PCURVE('',#3430,#3502);
#3502 = DEFINITIONAL_REPRESENTATION('',(#3503),#3507);
#3503 = LINE('',#3504,#3505);
#3504 = CARTESIAN_POINT('',(11.,0.));
#3505 = VECTOR('',#3506,1.);
#3506 = DIRECTION('',(0.,-1.));
#3507 = ( GEOMETRIC_REPRESENTATION_CONTEXT(2) 
PARAMETRIC_REPRESENTATION_CONTEXT() REPRESENTATION_CONTEXT('2D SPACE',''
  ) );
#3508 = PCURVE('',#3404,#3509);
#3509 = DEFINITIONAL_REPRESENTATION('',(#3510),#3514);
#3510 = LINE('',#3511,#3512);
#3511 = CARTESIAN_POINT('',(4.5,0.));
#3512 = VECTOR('',#3513,1.);
#3513 = DIRECTION('',(0.,1.));
#3514 = ( GEOMETRIC_REPRESENTATION_CONTEXT(2) 
PARAMETRIC_REPRESENTATION_CONTEXT() REPRESENTATION_CONTEXT('2D SPACE',''
  ) );
#3515 = ADVANCED_FACE('',(#3516),#3322,.F.);
#3516 = FACE_BOUND('',#3517,.F.);
#3517 = EDGE_LOOP('',(#3518,#3539,#3540,#3561));
#3518 = ORIENTED_EDGE('',*,*,#3519,.F.);
#3519 = EDGE_CURVE('',#3300,#3420,#3520,.T.);
#3520 = SURFACE_CURVE('',#3521,(#3525,#3532),.PCURVE_S1.);
#3521 = LINE('',#3522,#3523);
#3522 = CARTESIAN_POINT('',(-10.85866926515,-10.07962536721,8.));
#3523 = VECTOR('',#3524,1.);
#3524 = DIRECTION('',(-0.422618261741,-0.906307787037,0.));
#3525 = PCURVE('',#3322,#3526);
#3526 = DEFINITIONAL_REPRESENTATION('',(#3527),#3531);
#3527 = LINE('',#3528,#3529);
#3528 = CARTESIAN_POINT('',(0.,0.));
#3529 = VECTOR('',#3530,1.);
#3530 = DIRECTION('',(0.,1.));
#3531 = ( GEOMETRIC_REPRESENTATION_CONTEXT(2) 
PARAMETRIC_REPRESENTATION_CONTEXT() REPRESENTATION_CONTEXT('2D SPACE',''
  ) );
#3532 = PCURVE('',#3350,#3533);
#3533 = DEFINITIONAL_REPRESENTATION('',(#3534),#3538);
#3534 = LINE('',#3535,#3536);
#3535 = CARTESIAN_POINT('',(0.,0.));
#3536 = VECTOR('',#3537,1.);
#3537 = DIRECTION('',(1.,0.));
#3538 = ( GEOMETRIC_REPRESENTATION_CONTEXT(2) 
PARAMETRIC_REPRESENTATION_CONTEXT() REPRESENTATION_CONTEXT('2D SPACE',''
  ) );
#3539 = ORIENTED_EDGE('',*,*,#3299,.T.);
#3540 = ORIENTED_EDGE('',*,*,#3541,.T.);
#3541 = EDGE_CURVE('',#3302,#3422,#3542,.T.);
#3542 = SURFACE_CURVE('',#3543,(#3547,#3554),.PCURVE_S1.);
#3543 = LINE('',#3544,#3545);
#3544 = CARTESIAN_POINT('',(-10.85866926515,-10.07962536721,19.));
#3545 = VECTOR('',#3546,1.);
#3546 = DIRECTION('',(-0.422618261741,-0.906307787037,0.));
#3547 = PCURVE('',#3322,#3548);
#3548 = DEFINITIONAL_REPRESENTATION('',(#3549),#3553);
#3549 = LINE('',#3550,#3551);
#3550 = CARTESIAN_POINT('',(11.,0.));
#3551 = VECTOR('',#3552,1.);
#3552 = DIRECTION('',(0.,1.));
#3553 = ( GEOMETRIC_REPRESENTATION_CONTEXT(2) 
PARAMETRIC_REPRESENTATION_CONTEXT() REPRESENTATION_CONTEXT('2D SPACE',''
  ) );
#3554 = PCURVE('',#3404,#3555);
#3555 = DEFINITIONAL_REPRESENTATION('',(#3556),#3560);
#3556 = LINE('',#3557,#3558);
#3557 = CARTESIAN_POINT('',(0.,0.));
#3558 = VECTOR('',#3559,1.);
#3559 = DIRECTION('',(1.,0.));
#3560 = ( GEOMETRIC_REPRESENTATION_CONTEXT(2) 
PARAMETRIC_REPRESENTATION_CONTEXT() REPRESENTATION_CONTEXT('2D SPACE',''
  ) );
#3561 = ORIENTED_EDGE('',*,*,#3419,.F.);
#3562 = ADVANCED_FACE('',(#3563),#3378,.T.);
#3563 = FACE_BOUND('',#3564,.T.);
#3564 = EDGE_LOOP('',(#3565,#3586,#3587,#3608));
#3565 = ORIENTED_EDGE('',*,*,#3566,.F.);
#3566 = EDGE_CURVE('',#3335,#3450,#3567,.T.);
#3567 = SURFACE_CURVE('',#3568,(#3572,#3579),.PCURVE_S1.);
#3568 = LINE('',#3569,#3570);
#3569 = CARTESIAN_POINT('',(-9.952361478116,-10.50224362896,8.));
#3570 = VECTOR('',#3571,1.);
#3571 = DIRECTION('',(-0.422618261741,-0.906307787037,0.));
#3572 = PCURVE('',#3378,#3573);
#3573 = DEFINITIONAL_REPRESENTATION('',(#3574),#3578);
#3574 = LINE('',#3575,#3576);
#3575 = CARTESIAN_POINT('',(0.,0.));
#3576 = VECTOR('',#3577,1.);
#3577 = DIRECTION('',(0.,1.));
#3578 = ( GEOMETRIC_REPRESENTATION_CONTEXT(2) 
PARAMETRIC_REPRESENTATION_CONTEXT() REPRESENTATION_CONTEXT('2D SPACE',''
  ) );
#3579 = PCURVE('',#3350,#3580);
#3580 = DEFINITIONAL_REPRESENTATION('',(#3581),#3585);
#3581 = LINE('',#3582,#3583);
#3582 = CARTESIAN_POINT('',(0.,1.));
#3583 = VECTOR('',#3584,1.);
#3584 = DIRECTION('',(1.,0.));
#3585 = ( GEOMETRIC_REPRESENTATION_CONTEXT(2) 
PARAMETRIC_REPRESENTATION_CONTEXT() REPRESENTATION_CONTEXT('2D SPACE',''
  ) );
#3586 = ORIENTED_EDGE('',*,*,#3362,.T.);
#3587 = ORIENTED_EDGE('',*,*,#3588,.T.);
#3588 = EDGE_CURVE('',#3363,#3473,#3589,.T.);
#3589 = SURFACE_CURVE('',#3590,(#3594,#3601),.PCURVE_S1.);
#3590 = LINE('',#3591,#3592);
#3591 = CARTESIAN_POINT('',(-9.952361478116,-10.50224362896,19.));
#3592 = VECTOR('',#3593,1.);
#3593 = DIRECTION('',(-0.422618261741,-0.906307787037,0.));
#3594 = PCURVE('',#3378,#3595);
#3595 = DEFINITIONAL_REPRESENTATION('',(#3596),#3600);
#3596 = LINE('',#3597,#3598);
#3597 = CARTESIAN_POINT('',(11.,0.));
#3598 = VECTOR('',#3599,1.);
#3599 = DIRECTION('',(0.,1.));
#3600 = ( GEOMETRIC_REPRESENTATION_CONTEXT(2) 
PARAMETRIC_REPRESENTATION_CONTEXT() REPRESENTATION_CONTEXT('2D SPACE',''
  ) );
#3601 = PCURVE('',#3404,#3602);
#3602 = DEFINITIONAL_REPRESENTATION('',(#3603),#3607);
#3603 = LINE('',#3604,#3605);
#3604 = CARTESIAN_POINT('',(0.,1.));
#3605 = VECTOR('',#3606,1.);
#3606 = DIRECTION('',(1.,0.));
#3607 = ( GEOMETRIC_REPRESENTATION_CONTEXT(2) 
PARAMETRIC_REPRESENTATION_CONTEXT() REPRESENTATION_CONTEXT('2D SPACE',''
  ) );
#3608 = ORIENTED_EDGE('',*,*,#3472,.F.);
#3609 = ADVANCED_FACE('',(#3610),#3350,.F.);
#3610 = FACE_BOUND('',#3611,.F.);
#3611 = EDGE_LOOP('',(#3612,#3613,#3614,#3615));
#3612 = ORIENTED_EDGE('',*,*,#3334,.F.);
#3613 = ORIENTED_EDGE('',*,*,#3519,.T.);
#3614 = ORIENTED_EDGE('',*,*,#3449,.T.);
#3615 = ORIENTED_EDGE('',*,*,#3566,.F.);
#3616 = ADVANCED_FACE('',(#3617),#3404,.T.);
#3617 = FACE_BOUND('',#3618,.T.);
#3618 = EDGE_LOOP('',(#3619,#3620,#3621,#3622));
#3619 = ORIENTED_EDGE('',*,*,#3390,.F.);
#3620 = ORIENTED_EDGE('',*,*,#3541,.T.);
#3621 = ORIENTED_EDGE('',*,*,#3495,.T.);
#3622 = ORIENTED_EDGE('',*,*,#3588,.F.);
#3623 = MANIFOLD_SOLID_BREP('',#3624);
#3624 = CLOSED_SHELL('',(#3625,#3745,#3845,#3892,#3939,#3946));
#3625 = ADVANCED_FACE('',(#3626),#3640,.F.);
#3626 = FACE_BOUND('',#3627,.F.);
#3627 = EDGE_LOOP('',(#3628,#3663,#3691,#3719));
#3628 = ORIENTED_EDGE('',*,*,#3629,.F.);
#3629 = EDGE_CURVE('',#3630,#3632,#3634,.T.);
#3630 = VERTEX_POINT('',#3631);
#3631 = CARTESIAN_POINT('',(-6.661215932168,-5.462435565298,8.));
#3632 = VERTEX_POINT('',#3633);
#3633 = CARTESIAN_POINT('',(-6.661215932168,-5.462435565298,19.));
#3634 = SURFACE_CURVE('',#3635,(#3639,#3651),.PCURVE_S1.);
#3635 = LINE('',#3636,#3637);
#3636 = CARTESIAN_POINT('',(-6.661215932168,-5.462435565298,8.));
#3637 = VECTOR('',#3638,1.);
#3638 = DIRECTION('',(0.,0.,1.));
#3639 = PCURVE('',#3640,#3645);
#3640 = PLANE('',#3641);
#3641 = AXIS2_PLACEMENT_3D('',#3642,#3643,#3644);
#3642 = CARTESIAN_POINT('',(-6.661215932168,-5.462435565298,8.));
#3643 = DIRECTION('',(-0.866025403784,-0.5,0.));
#3644 = DIRECTION('',(0.,0.,1.));
#3645 = DEFINITIONAL_REPRESENTATION('',(#3646),#3650);
#3646 = LINE('',#3647,#3648);
#3647 = CARTESIAN_POINT('',(0.,0.));
#3648 = VECTOR('',#3649,1.);
#3649 = DIRECTION('',(1.,0.));
#3650 = ( GEOMETRIC_REPRESENTATION_CONTEXT(2) 
PARAMETRIC_REPRESENTATION_CONTEXT() REPRESENTATION_CONTEXT('2D SPACE',''
  ) );
#3651 = PCURVE('',#3652,#3657);
#3652 = PLANE('',#3653);
#3653 = AXIS2_PLACEMENT_3D('',#3654,#3655,#3656);
#3654 = CARTESIAN_POINT('',(-6.661215932168,-5.462435565298,8.));
#3655 = DIRECTION('',(0.5,-0.866025403784,0.));
#3656 = DIRECTION('',(0.,0.,1.));
#3657 = DEFINITIONAL_REPRESENTATION('',(#3658),#3662);
#3658 = LINE('',#3659,#3660);
#3659 = CARTESIAN_POINT('',(0.,0.));
#3660 = VECTOR('',#3661,1.);
#3661 = DIRECTION('',(1.,0.));
#3662 = ( GEOMETRIC_REPRESENTATION_CONTEXT(2) 
PARAMETRIC_REPRESENTATION_CONTEXT() REPRESENTATION_CONTEXT('2D SPACE',''
  ) );
#3663 = ORIENTED_EDGE('',*,*,#3664,.T.);
#3664 = EDGE_CURVE('',#3630,#3665,#3667,.T.);
#3665 = VERTEX_POINT('',#3666);
#3666 = CARTESIAN_POINT('',(-6.061215932168,-6.50166604984,8.));
#3667 = SURFACE_CURVE('',#3668,(#3672,#3679),.PCURVE_S1.);
#3668 = LINE('',#3669,#3670);
#3669 = CARTESIAN_POINT('',(-6.661215932168,-5.462435565298,8.));
#3670 = VECTOR('',#3671,1.);
#3671 = DIRECTION('',(0.5,-0.866025403784,0.));
#3672 = PCURVE('',#3640,#3673);
#3673 = DEFINITIONAL_REPRESENTATION('',(#3674),#3678);
#3674 = LINE('',#3675,#3676);
#3675 = CARTESIAN_POINT('',(0.,0.));
#3676 = VECTOR('',#3677,1.);
#3677 = DIRECTION('',(0.,-1.));
#3678 = ( GEOMETRIC_REPRESENTATION_CONTEXT(2) 
PARAMETRIC_REPRESENTATION_CONTEXT() REPRESENTATION_CONTEXT('2D SPACE',''
  ) );
#3679 = PCURVE('',#3680,#3685);
#3680 = PLANE('',#3681);
#3681 = AXIS2_PLACEMENT_3D('',#3682,#3683,#3684);
#3682 = CARTESIAN_POINT('',(-6.661215932168,-5.462435565298,8.));
#3683 = DIRECTION('',(0.,0.,1.));
#3684 = DIRECTION('',(-0.866025403784,-0.5,0.));
#3685 = DEFINITIONAL_REPRESENTATION('',(#3686),#3690);
#3686 = LINE('',#3687,#3688);
#3687 = CARTESIAN_POINT('',(0.,0.));
#3688 = VECTOR('',#3689,1.);
#3689 = DIRECTION('',(0.,1.));
#3690 = ( GEOMETRIC_REPRESENTATION_CONTEXT(2) 
PARAMETRIC_REPRESENTATION_CONTEXT() REPRESENTATION_CONTEXT('2D SPACE',''
  ) );
#3691 = ORIENTED_EDGE('',*,*,#3692,.T.);
#3692 = EDGE_CURVE('',#3665,#3693,#3695,.T.);
#3693 = VERTEX_POINT('',#3694);
#3694 = CARTESIAN_POINT('',(-6.061215932168,-6.50166604984,19.));
#3695 = SURFACE_CURVE('',#3696,(#3700,#3707),.PCURVE_S1.);
#3696 = LINE('',#3697,#3698);
#3697 = CARTESIAN_POINT('',(-6.061215932168,-6.50166604984,8.));
#3698 = VECTOR('',#3699,1.);
#3699 = DIRECTION('',(0.,0.,1.));
#3700 = PCURVE('',#3640,#3701);
#3701 = DEFINITIONAL_REPRESENTATION('',(#3702),#3706);
#3702 = LINE('',#3703,#3704);
#3703 = CARTESIAN_POINT('',(0.,-1.2));
#3704 = VECTOR('',#3705,1.);
#3705 = DIRECTION('',(1.,0.));
#3706 = ( GEOMETRIC_REPRESENTATION_CONTEXT(2) 
PARAMETRIC_REPRESENTATION_CONTEXT() REPRESENTATION_CONTEXT('2D SPACE',''
  ) );
#3707 = PCURVE('',#3708,#3713);
#3708 = PLANE('',#3709);
#3709 = AXIS2_PLACEMENT_3D('',#3710,#3711,#3712);
#3710 = CARTESIAN_POINT('',(-6.061215932168,-6.50166604984,8.));
#3711 = DIRECTION('',(0.5,-0.866025403784,0.));
#3712 = DIRECTION('',(0.,0.,1.));
#3713 = DEFINITIONAL_REPRESENTATION('',(#3714),#3718);
#3714 = LINE('',#3715,#3716);
#3715 = CARTESIAN_POINT('',(0.,0.));
#3716 = VECTOR('',#3717,1.);
#3717 = DIRECTION('',(1.,0.));
#3718 = ( GEOMETRIC_REPRESENTATION_CONTEXT(2) 
PARAMETRIC_REPRESENTATION_CONTEXT() REPRESENTATION_CONTEXT('2D SPACE',''
  ) );
#3719 = ORIENTED_EDGE('',*,*,#3720,.F.);
#3720 = EDGE_CURVE('',#3632,#3693,#3721,.T.);
#3721 = SURFACE_CURVE('',#3722,(#3726,#3733),.PCURVE_S1.);
#3722 = LINE('',#3723,#3724);
#3723 = CARTESIAN_POINT('',(-6.661215932168,-5.462435565298,19.));
#3724 = VECTOR('',#3725,1.);
#3725 = DIRECTION('',(0.5,-0.866025403784,0.));
#3726 = PCURVE('',#3640,#3727);
#3727 = DEFINITIONAL_REPRESENTATION('',(#3728),#3732);
#3728 = LINE('',#3729,#3730);
#3729 = CARTESIAN_POINT('',(11.,0.));
#3730 = VECTOR('',#3731,1.);
#3731 = DIRECTION('',(0.,-1.));
#3732 = ( GEOMETRIC_REPRESENTATION_CONTEXT(2) 
PARAMETRIC_REPRESENTATION_CONTEXT() REPRESENTATION_CONTEXT('2D SPACE',''
  ) );
#3733 = PCURVE('',#3734,#3739);
#3734 = PLANE('',#3735);
#3735 = AXIS2_PLACEMENT_3D('',#3736,#3737,#3738);
#3736 = CARTESIAN_POINT('',(-6.661215932168,-5.462435565298,19.));
#3737 = DIRECTION('',(0.,0.,1.));
#3738 = DIRECTION('',(-0.866025403784,-0.5,0.));
#3739 = DEFINITIONAL_REPRESENTATION('',(#3740),#3744);
#3740 = LINE('',#3741,#3742);
#3741 = CARTESIAN_POINT('',(0.,0.));
#3742 = VECTOR('',#3743,1.);
#3743 = DIRECTION('',(0.,1.));
#3744 = ( GEOMETRIC_REPRESENTATION_CONTEXT(2) 
PARAMETRIC_REPRESENTATION_CONTEXT() REPRESENTATION_CONTEXT('2D SPACE',''
  ) );
#3745 = ADVANCED_FACE('',(#3746),#3760,.T.);
#3746 = FACE_BOUND('',#3747,.T.);
#3747 = EDGE_LOOP('',(#3748,#3778,#3801,#3824));
#3748 = ORIENTED_EDGE('',*,*,#3749,.F.);
#3749 = EDGE_CURVE('',#3750,#3752,#3754,.T.);
#3750 = VERTEX_POINT('',#3751);
#3751 = CARTESIAN_POINT('',(-13.58941916244,-9.462435565298,8.));
#3752 = VERTEX_POINT('',#3753);
#3753 = CARTESIAN_POINT('',(-13.58941916244,-9.462435565298,19.));
#3754 = SURFACE_CURVE('',#3755,(#3759,#3771),.PCURVE_S1.);
#3755 = LINE('',#3756,#3757);
#3756 = CARTESIAN_POINT('',(-13.58941916244,-9.462435565298,8.));
#3757 = VECTOR('',#3758,1.);
#3758 = DIRECTION('',(0.,0.,1.));
#3759 = PCURVE('',#3760,#3765);
#3760 = PLANE('',#3761);
#3761 = AXIS2_PLACEMENT_3D('',#3762,#3763,#3764);
#3762 = CARTESIAN_POINT('',(-13.58941916244,-9.462435565298,8.));
#3763 = DIRECTION('',(-0.866025403784,-0.5,0.));
#3764 = DIRECTION('',(0.,0.,1.));
#3765 = DEFINITIONAL_REPRESENTATION('',(#3766),#3770);
#3766 = LINE('',#3767,#3768);
#3767 = CARTESIAN_POINT('',(0.,0.));
#3768 = VECTOR('',#3769,1.);
#3769 = DIRECTION('',(1.,0.));
#3770 = ( GEOMETRIC_REPRESENTATION_CONTEXT(2) 
PARAMETRIC_REPRESENTATION_CONTEXT() REPRESENTATION_CONTEXT('2D SPACE',''
  ) );
#3771 = PCURVE('',#3652,#3772);
#3772 = DEFINITIONAL_REPRESENTATION('',(#3773),#3777);
#3773 = LINE('',#3774,#3775);
#3774 = CARTESIAN_POINT('',(0.,8.));
#3775 = VECTOR('',#3776,1.);
#3776 = DIRECTION('',(1.,0.));
#3777 = ( GEOMETRIC_REPRESENTATION_CONTEXT(2) 
PARAMETRIC_REPRESENTATION_CONTEXT() REPRESENTATION_CONTEXT('2D SPACE',''
  ) );
#3778 = ORIENTED_EDGE('',*,*,#3779,.T.);
#3779 = EDGE_CURVE('',#3750,#3780,#3782,.T.);
#3780 = VERTEX_POINT('',#3781);
#3781 = CARTESIAN_POINT('',(-12.98941916244,-10.50166604984,8.));
#3782 = SURFACE_CURVE('',#3783,(#3787,#3794),.PCURVE_S1.);
#3783 = LINE('',#3784,#3785);
#3784 = CARTESIAN_POINT('',(-13.58941916244,-9.462435565298,8.));
#3785 = VECTOR('',#3786,1.);
#3786 = DIRECTION('',(0.5,-0.866025403784,0.));
#3787 = PCURVE('',#3760,#3788);
#3788 = DEFINITIONAL_REPRESENTATION('',(#3789),#3793);
#3789 = LINE('',#3790,#3791);
#3790 = CARTESIAN_POINT('',(0.,0.));
#3791 = VECTOR('',#3792,1.);
#3792 = DIRECTION('',(0.,-1.));
#3793 = ( GEOMETRIC_REPRESENTATION_CONTEXT(2) 
PARAMETRIC_REPRESENTATION_CONTEXT() REPRESENTATION_CONTEXT('2D SPACE',''
  ) );
#3794 = PCURVE('',#3680,#3795);
#3795 = DEFINITIONAL_REPRESENTATION('',(#3796),#3800);
#3796 = LINE('',#3797,#3798);
#3797 = CARTESIAN_POINT('',(8.,0.));
#3798 = VECTOR('',#3799,1.);
#3799 = DIRECTION('',(0.,1.));
#3800 = ( GEOMETRIC_REPRESENTATION_CONTEXT(2) 
PARAMETRIC_REPRESENTATION_CONTEXT() REPRESENTATION_CONTEXT('2D SPACE',''
  ) );
#3801 = ORIENTED_EDGE('',*,*,#3802,.T.);
#3802 = EDGE_CURVE('',#3780,#3803,#3805,.T.);
#3803 = VERTEX_POINT('',#3804);
#3804 = CARTESIAN_POINT('',(-12.98941916244,-10.50166604984,19.));
#3805 = SURFACE_CURVE('',#3806,(#3810,#3817),.PCURVE_S1.);
#3806 = LINE('',#3807,#3808);
#3807 = CARTESIAN_POINT('',(-12.98941916244,-10.50166604984,8.));
#3808 = VECTOR('',#3809,1.);
#3809 = DIRECTION('',(0.,0.,1.));
#3810 = PCURVE('',#3760,#3811);
#3811 = DEFINITIONAL_REPRESENTATION('',(#3812),#3816);
#3812 = LINE('',#3813,#3814);
#3813 = CARTESIAN_POINT('',(0.,-1.2));
#3814 = VECTOR('',#3815,1.);
#3815 = DIRECTION('',(1.,0.));
#3816 = ( GEOMETRIC_REPRESENTATION_CONTEXT(2) 
PARAMETRIC_REPRESENTATION_CONTEXT() REPRESENTATION_CONTEXT('2D SPACE',''
  ) );
#3817 = PCURVE('',#3708,#3818);
#3818 = DEFINITIONAL_REPRESENTATION('',(#3819),#3823);
#3819 = LINE('',#3820,#3821);
#3820 = CARTESIAN_POINT('',(0.,8.));
#3821 = VECTOR('',#3822,1.);
#3822 = DIRECTION('',(1.,0.));
#3823 = ( GEOMETRIC_REPRESENTATION_CONTEXT(2) 
PARAMETRIC_REPRESENTATION_CONTEXT() REPRESENTATION_CONTEXT('2D SPACE',''
  ) );
#3824 = ORIENTED_EDGE('',*,*,#3825,.F.);
#3825 = EDGE_CURVE('',#3752,#3803,#3826,.T.);
#3826 = SURFACE_CURVE('',#3827,(#3831,#3838),.PCURVE_S1.);
#3827 = LINE('',#3828,#3829);
#3828 = CARTESIAN_POINT('',(-13.58941916244,-9.462435565298,19.));
#3829 = VECTOR('',#3830,1.);
#3830 = DIRECTION('',(0.5,-0.866025403784,0.));
#3831 = PCURVE('',#3760,#3832);
#3832 = DEFINITIONAL_REPRESENTATION('',(#3833),#3837);
#3833 = LINE('',#3834,#3835);
#3834 = CARTESIAN_POINT('',(11.,0.));
#3835 = VECTOR('',#3836,1.);
#3836 = DIRECTION('',(0.,-1.));
#3837 = ( GEOMETRIC_REPRESENTATION_CONTEXT(2) 
PARAMETRIC_REPRESENTATION_CONTEXT() REPRESENTATION_CONTEXT('2D SPACE',''
  ) );
#3838 = PCURVE('',#3734,#3839);
#3839 = DEFINITIONAL_REPRESENTATION('',(#3840),#3844);
#3840 = LINE('',#3841,#3842);
#3841 = CARTESIAN_POINT('',(8.,0.));
#3842 = VECTOR('',#3843,1.);
#3843 = DIRECTION('',(0.,1.));
#3844 = ( GEOMETRIC_REPRESENTATION_CONTEXT(2) 
PARAMETRIC_REPRESENTATION_CONTEXT() REPRESENTATION_CONTEXT('2D SPACE',''
  ) );
#3845 = ADVANCED_FACE('',(#3846),#3652,.F.);
#3846 = FACE_BOUND('',#3847,.F.);
#3847 = EDGE_LOOP('',(#3848,#3869,#3870,#3891));
#3848 = ORIENTED_EDGE('',*,*,#3849,.F.);
#3849 = EDGE_CURVE('',#3630,#3750,#3850,.T.);
#3850 = SURFACE_CURVE('',#3851,(#3855,#3862),.PCURVE_S1.);
#3851 = LINE('',#3852,#3853);
#3852 = CARTESIAN_POINT('',(-6.661215932168,-5.462435565298,8.));
#3853 = VECTOR('',#3854,1.);
#3854 = DIRECTION('',(-0.866025403784,-0.5,0.));
#3855 = PCURVE('',#3652,#3856);
#3856 = DEFINITIONAL_REPRESENTATION('',(#3857),#3861);
#3857 = LINE('',#3858,#3859);
#3858 = CARTESIAN_POINT('',(0.,0.));
#3859 = VECTOR('',#3860,1.);
#3860 = DIRECTION('',(0.,1.));
#3861 = ( GEOMETRIC_REPRESENTATION_CONTEXT(2) 
PARAMETRIC_REPRESENTATION_CONTEXT() REPRESENTATION_CONTEXT('2D SPACE',''
  ) );
#3862 = PCURVE('',#3680,#3863);
#3863 = DEFINITIONAL_REPRESENTATION('',(#3864),#3868);
#3864 = LINE('',#3865,#3866);
#3865 = CARTESIAN_POINT('',(0.,0.));
#3866 = VECTOR('',#3867,1.);
#3867 = DIRECTION('',(1.,0.));
#3868 = ( GEOMETRIC_REPRESENTATION_CONTEXT(2) 
PARAMETRIC_REPRESENTATION_CONTEXT() REPRESENTATION_CONTEXT('2D SPACE',''
  ) );
#3869 = ORIENTED_EDGE('',*,*,#3629,.T.);
#3870 = ORIENTED_EDGE('',*,*,#3871,.T.);
#3871 = EDGE_CURVE('',#3632,#3752,#3872,.T.);
#3872 = SURFACE_CURVE('',#3873,(#3877,#3884),.PCURVE_S1.);
#3873 = LINE('',#3874,#3875);
#3874 = CARTESIAN_POINT('',(-6.661215932168,-5.462435565298,19.));
#3875 = VECTOR('',#3876,1.);
#3876 = DIRECTION('',(-0.866025403784,-0.5,0.));
#3877 = PCURVE('',#3652,#3878);
#3878 = DEFINITIONAL_REPRESENTATION('',(#3879),#3883);
#3879 = LINE('',#3880,#3881);
#3880 = CARTESIAN_POINT('',(11.,0.));
#3881 = VECTOR('',#3882,1.);
#3882 = DIRECTION('',(0.,1.));
#3883 = ( GEOMETRIC_REPRESENTATION_CONTEXT(2) 
PARAMETRIC_REPRESENTATION_CONTEXT() REPRESENTATION_CONTEXT('2D SPACE',''
  ) );
#3884 = PCURVE('',#3734,#3885);
#3885 = DEFINITIONAL_REPRESENTATION('',(#3886),#3890);
#3886 = LINE('',#3887,#3888);
#3887 = CARTESIAN_POINT('',(0.,0.));
#3888 = VECTOR('',#3889,1.);
#3889 = DIRECTION('',(1.,0.));
#3890 = ( GEOMETRIC_REPRESENTATION_CONTEXT(2) 
PARAMETRIC_REPRESENTATION_CONTEXT() REPRESENTATION_CONTEXT('2D SPACE',''
  ) );
#3891 = ORIENTED_EDGE('',*,*,#3749,.F.);
#3892 = ADVANCED_FACE('',(#3893),#3708,.T.);
#3893 = FACE_BOUND('',#3894,.T.);
#3894 = EDGE_LOOP('',(#3895,#3916,#3917,#3938));
#3895 = ORIENTED_EDGE('',*,*,#3896,.F.);
#3896 = EDGE_CURVE('',#3665,#3780,#3897,.T.);
#3897 = SURFACE_CURVE('',#3898,(#3902,#3909),.PCURVE_S1.);
#3898 = LINE('',#3899,#3900);
#3899 = CARTESIAN_POINT('',(-6.061215932168,-6.50166604984,8.));
#3900 = VECTOR('',#3901,1.);
#3901 = DIRECTION('',(-0.866025403784,-0.5,0.));
#3902 = PCURVE('',#3708,#3903);
#3903 = DEFINITIONAL_REPRESENTATION('',(#3904),#3908);
#3904 = LINE('',#3905,#3906);
#3905 = CARTESIAN_POINT('',(0.,0.));
#3906 = VECTOR('',#3907,1.);
#3907 = DIRECTION('',(0.,1.));
#3908 = ( GEOMETRIC_REPRESENTATION_CONTEXT(2) 
PARAMETRIC_REPRESENTATION_CONTEXT() REPRESENTATION_CONTEXT('2D SPACE',''
  ) );
#3909 = PCURVE('',#3680,#3910);
#3910 = DEFINITIONAL_REPRESENTATION('',(#3911),#3915);
#3911 = LINE('',#3912,#3913);
#3912 = CARTESIAN_POINT('',(0.,1.2));
#3913 = VECTOR('',#3914,1.);
#3914 = DIRECTION('',(1.,0.));
#3915 = ( GEOMETRIC_REPRESENTATION_CONTEXT(2) 
PARAMETRIC_REPRESENTATION_CONTEXT() REPRESENTATION_CONTEXT('2D SPACE',''
  ) );
#3916 = ORIENTED_EDGE('',*,*,#3692,.T.);
#3917 = ORIENTED_EDGE('',*,*,#3918,.T.);
#3918 = EDGE_CURVE('',#3693,#3803,#3919,.T.);
#3919 = SURFACE_CURVE('',#3920,(#3924,#3931),.PCURVE_S1.);
#3920 = LINE('',#3921,#3922);
#3921 = CARTESIAN_POINT('',(-6.061215932168,-6.50166604984,19.));
#3922 = VECTOR('',#3923,1.);
#3923 = DIRECTION('',(-0.866025403784,-0.5,0.));
#3924 = PCURVE('',#3708,#3925);
#3925 = DEFINITIONAL_REPRESENTATION('',(#3926),#3930);
#3926 = LINE('',#3927,#3928);
#3927 = CARTESIAN_POINT('',(11.,0.));
#3928 = VECTOR('',#3929,1.);
#3929 = DIRECTION('',(0.,1.));
#3930 = ( GEOMETRIC_REPRESENTATION_CONTEXT(2) 
PARAMETRIC_REPRESENTATION_CONTEXT() REPRESENTATION_CONTEXT('2D SPACE',''
  ) );
#3931 = PCURVE('',#3734,#3932);
#3932 = DEFINITIONAL_REPRESENTATION('',(#3933),#3937);
#3933 = LINE('',#3934,#3935);
#3934 = CARTESIAN_POINT('',(0.,1.2));
#3935 = VECTOR('',#3936,1.);
#3936 = DIRECTION('',(1.,0.));
#3937 = ( GEOMETRIC_REPRESENTATION_CONTEXT(2) 
PARAMETRIC_REPRESENTATION_CONTEXT() REPRESENTATION_CONTEXT('2D SPACE',''
  ) );
#3938 = ORIENTED_EDGE('',*,*,#3802,.F.);
#3939 = ADVANCED_FACE('',(#3940),#3680,.F.);
#3940 = FACE_BOUND('',#3941,.F.);
#3941 = EDGE_LOOP('',(#3942,#3943,#3944,#3945));
#3942 = ORIENTED_EDGE('',*,*,#3664,.F.);
#3943 = ORIENTED_EDGE('',*,*,#3849,.T.);
#3944 = ORIENTED_EDGE('',*,*,#3779,.T.);
#3945 = ORIENTED_EDGE('',*,*,#3896,.F.);
#3946 = ADVANCED_FACE('',(#3947),#3734,.T.);
#3947 = FACE_BOUND('',#3948,.T.);
#3948 = EDGE_LOOP('',(#3949,#3950,#3951,#3952));
#3949 = ORIENTED_EDGE('',*,*,#3720,.F.);
#3950 = ORIENTED_EDGE('',*,*,#3871,.T.);
#3951 = ORIENTED_EDGE('',*,*,#3825,.T.);
#3952 = ORIENTED_EDGE('',*,*,#3918,.F.);
#3953 = MANIFOLD_SOLID_BREP('',#3954);
#3954 = CLOSED_SHELL('',(#3955,#4075,#4175,#4222,#4269,#4276));
#3955 = ADVANCED_FACE('',(#3956),#3970,.F.);
#3956 = FACE_BOUND('',#3957,.F.);
#3957 = EDGE_LOOP('',(#3958,#3993,#4021,#4049));
#3958 = ORIENTED_EDGE('',*,*,#3959,.F.);
#3959 = EDGE_CURVE('',#3960,#3962,#3964,.T.);
#3960 = VERTEX_POINT('',#3961);
#3961 = CARTESIAN_POINT('',(-14.44369611852,-3.299876996066,8.));
#3962 = VERTEX_POINT('',#3963);
#3963 = CARTESIAN_POINT('',(-14.44369611852,-3.299876996066,19.));
#3964 = SURFACE_CURVE('',#3965,(#3969,#3981),.PCURVE_S1.);
#3965 = LINE('',#3966,#3967);
#3966 = CARTESIAN_POINT('',(-14.44369611852,-3.299876996066,8.));
#3967 = VECTOR('',#3968,1.);
#3968 = DIRECTION('',(0.,0.,1.));
#3969 = PCURVE('',#3970,#3975);
#3970 = PLANE('',#3971);
#3971 = AXIS2_PLACEMENT_3D('',#3972,#3973,#3974);
#3972 = CARTESIAN_POINT('',(-14.44369611852,-3.299876996066,8.));
#3973 = DIRECTION('',(-0.819152044289,-0.573576436351,0.));
#3974 = DIRECTION('',(0.,0.,1.));
#3975 = DEFINITIONAL_REPRESENTATION('',(#3976),#3980);
#3976 = LINE('',#3977,#3978);
#3977 = CARTESIAN_POINT('',(0.,0.));
#3978 = VECTOR('',#3979,1.);
#3979 = DIRECTION('',(1.,0.));
#3980 = ( GEOMETRIC_REPRESENTATION_CONTEXT(2) 
PARAMETRIC_REPRESENTATION_CONTEXT() REPRESENTATION_CONTEXT('2D SPACE',''
  ) );
#3981 = PCURVE('',#3982,#3987);
#3982 = PLANE('',#3983);
#3983 = AXIS2_PLACEMENT_3D('',#3984,#3985,#3986);
#3984 = CARTESIAN_POINT('',(-14.44369611852,-3.299876996066,8.));
#3985 = DIRECTION('',(0.573576436351,-0.819152044289,0.));
#3986 = DIRECTION('',(0.,0.,1.));
#3987 = DEFINITIONAL_REPRESENTATION('',(#3988),#3992);
#3988 = LINE('',#3989,#3990);
#3989 = CARTESIAN_POINT('',(0.,0.));
#3990 = VECTOR('',#3991,1.);
#3991 = DIRECTION('',(1.,0.));
#3992 = ( GEOMETRIC_REPRESENTATION_CONTEXT(2) 
PARAMETRIC_REPRESENTATION_CONTEXT() REPRESENTATION_CONTEXT('2D SPACE',''
  ) );
#3993 = ORIENTED_EDGE('',*,*,#3994,.T.);
#3994 = EDGE_CURVE('',#3960,#3995,#3997,.T.);
#3995 = VERTEX_POINT('',#3996);
#3996 = CARTESIAN_POINT('',(-13.87011968217,-4.119029040355,8.));
#3997 = SURFACE_CURVE('',#3998,(#4002,#4009),.PCURVE_S1.);
#3998 = LINE('',#3999,#4000);
#3999 = CARTESIAN_POINT('',(-14.44369611852,-3.299876996066,8.));
#4000 = VECTOR('',#4001,1.);
#4001 = DIRECTION('',(0.573576436351,-0.819152044289,0.));
#4002 = PCURVE('',#3970,#4003);
#4003 = DEFINITIONAL_REPRESENTATION('',(#4004),#4008);
#4004 = LINE('',#4005,#4006);
#4005 = CARTESIAN_POINT('',(0.,0.));
#4006 = VECTOR('',#4007,1.);
#4007 = DIRECTION('',(0.,-1.));
#4008 = ( GEOMETRIC_REPRESENTATION_CONTEXT(2) 
PARAMETRIC_REPRESENTATION_CONTEXT() REPRESENTATION_CONTEXT('2D SPACE',''
  ) );
#4009 = PCURVE('',#4010,#4015);
#4010 = PLANE('',#4011);
#4011 = AXIS2_PLACEMENT_3D('',#4012,#4013,#4014);
#4012 = CARTESIAN_POINT('',(-14.44369611852,-3.299876996066,8.));
#4013 = DIRECTION('',(0.,0.,1.));
#4014 = DIRECTION('',(-0.819152044289,-0.573576436351,0.));
#4015 = DEFINITIONAL_REPRESENTATION('',(#4016),#4020);
#4016 = LINE('',#4017,#4018);
#4017 = CARTESIAN_POINT('',(0.,0.));
#4018 = VECTOR('',#4019,1.);
#4019 = DIRECTION('',(0.,1.));
#4020 = ( GEOMETRIC_REPRESENTATION_CONTEXT(2) 
PARAMETRIC_REPRESENTATION_CONTEXT() REPRESENTATION_CONTEXT('2D SPACE',''
  ) );
#4021 = ORIENTED_EDGE('',*,*,#4022,.T.);
#4022 = EDGE_CURVE('',#3995,#4023,#4025,.T.);
#4023 = VERTEX_POINT('',#4024);
#4024 = CARTESIAN_POINT('',(-13.87011968217,-4.119029040355,19.));
#4025 = SURFACE_CURVE('',#4026,(#4030,#4037),.PCURVE_S1.);
#4026 = LINE('',#4027,#4028);
#4027 = CARTESIAN_POINT('',(-13.87011968217,-4.119029040355,8.));
#4028 = VECTOR('',#4029,1.);
#4029 = DIRECTION('',(0.,0.,1.));
#4030 = PCURVE('',#3970,#4031);
#4031 = DEFINITIONAL_REPRESENTATION('',(#4032),#4036);
#4032 = LINE('',#4033,#4034);
#4033 = CARTESIAN_POINT('',(0.,-1.));
#4034 = VECTOR('',#4035,1.);
#4035 = DIRECTION('',(1.,0.));
#4036 = ( GEOMETRIC_REPRESENTATION_CONTEXT(2) 
PARAMETRIC_REPRESENTATION_CONTEXT() REPRESENTATION_CONTEXT('2D SPACE',''
  ) );
#4037 = PCURVE('',#4038,#4043);
#4038 = PLANE('',#4039);
#4039 = AXIS2_PLACEMENT_3D('',#4040,#4041,#4042);
#4040 = CARTESIAN_POINT('',(-13.87011968217,-4.119029040355,8.));
#4041 = DIRECTION('',(0.573576436351,-0.819152044289,0.));
#4042 = DIRECTION('',(0.,0.,1.));
#4043 = DEFINITIONAL_REPRESENTATION('',(#4044),#4048);
#4044 = LINE('',#4045,#4046);
#4045 = CARTESIAN_POINT('',(0.,0.));
#4046 = VECTOR('',#4047,1.);
#4047 = DIRECTION('',(1.,0.));
#4048 = ( GEOMETRIC_REPRESENTATION_CONTEXT(2) 
PARAMETRIC_REPRESENTATION_CONTEXT() REPRESENTATION_CONTEXT('2D SPACE',''
  ) );
#4049 = ORIENTED_EDGE('',*,*,#4050,.F.);
#4050 = EDGE_CURVE('',#3962,#4023,#4051,.T.);
#4051 = SURFACE_CURVE('',#4052,(#4056,#4063),.PCURVE_S1.);
#4052 = LINE('',#4053,#4054);
#4053 = CARTESIAN_POINT('',(-14.44369611852,-3.299876996066,19.));
#4054 = VECTOR('',#4055,1.);
#4055 = DIRECTION('',(0.573576436351,-0.819152044289,0.));
#4056 = PCURVE('',#3970,#4057);
#4057 = DEFINITIONAL_REPRESENTATION('',(#4058),#4062);
#4058 = LINE('',#4059,#4060);
#4059 = CARTESIAN_POINT('',(11.,0.));
#4060 = VECTOR('',#4061,1.);
#4061 = DIRECTION('',(0.,-1.));
#4062 = ( GEOMETRIC_REPRESENTATION_CONTEXT(2) 
PARAMETRIC_REPRESENTATION_CONTEXT() REPRESENTATION_CONTEXT('2D SPACE',''
  ) );
#4063 = PCURVE('',#4064,#4069);
#4064 = PLANE('',#4065);
#4065 = AXIS2_PLACEMENT_3D('',#4066,#4067,#4068);
#4066 = CARTESIAN_POINT('',(-14.44369611852,-3.299876996066,19.));
#4067 = DIRECTION('',(0.,0.,1.));
#4068 = DIRECTION('',(-0.819152044289,-0.573576436351,0.));
#4069 = DEFINITIONAL_REPRESENTATION('',(#4070),#4074);
#4070 = LINE('',#4071,#4072);
#4071 = CARTESIAN_POINT('',(0.,0.));
#4072 = VECTOR('',#4073,1.);
#4073 = DIRECTION('',(0.,1.));
#4074 = ( GEOMETRIC_REPRESENTATION_CONTEXT(2) 
PARAMETRIC_REPRESENTATION_CONTEXT() REPRESENTATION_CONTEXT('2D SPACE',''
  ) );
#4075 = ADVANCED_FACE('',(#4076),#4090,.T.);
#4076 = FACE_BOUND('',#4077,.T.);
#4077 = EDGE_LOOP('',(#4078,#4108,#4131,#4154));
#4078 = ORIENTED_EDGE('',*,*,#4079,.F.);
#4079 = EDGE_CURVE('',#4080,#4082,#4084,.T.);
#4080 = VERTEX_POINT('',#4081);
#4081 = CARTESIAN_POINT('',(-18.12988031782,-5.880970959645,8.));
#4082 = VERTEX_POINT('',#4083);
#4083 = CARTESIAN_POINT('',(-18.12988031782,-5.880970959645,19.));
#4084 = SURFACE_CURVE('',#4085,(#4089,#4101),.PCURVE_S1.);
#4085 = LINE('',#4086,#4087);
#4086 = CARTESIAN_POINT('',(-18.12988031782,-5.880970959645,8.));
#4087 = VECTOR('',#4088,1.);
#4088 = DIRECTION('',(0.,0.,1.));
#4089 = PCURVE('',#4090,#4095);
#4090 = PLANE('',#4091);
#4091 = AXIS2_PLACEMENT_3D('',#4092,#4093,#4094);
#4092 = CARTESIAN_POINT('',(-18.12988031782,-5.880970959645,8.));
#4093 = DIRECTION('',(-0.819152044289,-0.573576436351,0.));
#4094 = DIRECTION('',(0.,0.,1.));
#4095 = DEFINITIONAL_REPRESENTATION('',(#4096),#4100);
#4096 = LINE('',#4097,#4098);
#4097 = CARTESIAN_POINT('',(0.,0.));
#4098 = VECTOR('',#4099,1.);
#4099 = DIRECTION('',(1.,0.));
#4100 = ( GEOMETRIC_REPRESENTATION_CONTEXT(2) 
PARAMETRIC_REPRESENTATION_CONTEXT() REPRESENTATION_CONTEXT('2D SPACE',''
  ) );
#4101 = PCURVE('',#3982,#4102);
#4102 = DEFINITIONAL_REPRESENTATION('',(#4103),#4107);
#4103 = LINE('',#4104,#4105);
#4104 = CARTESIAN_POINT('',(0.,4.5));
#4105 = VECTOR('',#4106,1.);
#4106 = DIRECTION('',(1.,0.));
#4107 = ( GEOMETRIC_REPRESENTATION_CONTEXT(2) 
PARAMETRIC_REPRESENTATION_CONTEXT() REPRESENTATION_CONTEXT('2D SPACE',''
  ) );
#4108 = ORIENTED_EDGE('',*,*,#4109,.T.);
#4109 = EDGE_CURVE('',#4080,#4110,#4112,.T.);
#4110 = VERTEX_POINT('',#4111);
#4111 = CARTESIAN_POINT('',(-17.55630388147,-6.700123003934,8.));
#4112 = SURFACE_CURVE('',#4113,(#4117,#4124),.PCURVE_S1.);
#4113 = LINE('',#4114,#4115);
#4114 = CARTESIAN_POINT('',(-18.12988031782,-5.880970959645,8.));
#4115 = VECTOR('',#4116,1.);
#4116 = DIRECTION('',(0.573576436351,-0.819152044289,0.));
#4117 = PCURVE('',#4090,#4118);
#4118 = DEFINITIONAL_REPRESENTATION('',(#4119),#4123);
#4119 = LINE('',#4120,#4121);
#4120 = CARTESIAN_POINT('',(0.,0.));
#4121 = VECTOR('',#4122,1.);
#4122 = DIRECTION('',(0.,-1.));
#4123 = ( GEOMETRIC_REPRESENTATION_CONTEXT(2) 
PARAMETRIC_REPRESENTATION_CONTEXT() REPRESENTATION_CONTEXT('2D SPACE',''
  ) );
#4124 = PCURVE('',#4010,#4125);
#4125 = DEFINITIONAL_REPRESENTATION('',(#4126),#4130);
#4126 = LINE('',#4127,#4128);
#4127 = CARTESIAN_POINT('',(4.5,0.));
#4128 = VECTOR('',#4129,1.);
#4129 = DIRECTION('',(0.,1.));
#4130 = ( GEOMETRIC_REPRESENTATION_CONTEXT(2) 
PARAMETRIC_REPRESENTATION_CONTEXT() REPRESENTATION_CONTEXT('2D SPACE',''
  ) );
#4131 = ORIENTED_EDGE('',*,*,#4132,.T.);
#4132 = EDGE_CURVE('',#4110,#4133,#4135,.T.);
#4133 = VERTEX_POINT('',#4134);
#4134 = CARTESIAN_POINT('',(-17.55630388147,-6.700123003934,19.));
#4135 = SURFACE_CURVE('',#4136,(#4140,#4147),.PCURVE_S1.);
#4136 = LINE('',#4137,#4138);
#4137 = CARTESIAN_POINT('',(-17.55630388147,-6.700123003934,8.));
#4138 = VECTOR('',#4139,1.);
#4139 = DIRECTION('',(0.,0.,1.));
#4140 = PCURVE('',#4090,#4141);
#4141 = DEFINITIONAL_REPRESENTATION('',(#4142),#4146);
#4142 = LINE('',#4143,#4144);
#4143 = CARTESIAN_POINT('',(0.,-1.));
#4144 = VECTOR('',#4145,1.);
#4145 = DIRECTION('',(1.,0.));
#4146 = ( GEOMETRIC_REPRESENTATION_CONTEXT(2) 
PARAMETRIC_REPRESENTATION_CONTEXT() REPRESENTATION_CONTEXT('2D SPACE',''
  ) );
#4147 = PCURVE('',#4038,#4148);
#4148 = DEFINITIONAL_REPRESENTATION('',(#4149),#4153);
#4149 = LINE('',#4150,#4151);
#4150 = CARTESIAN_POINT('',(0.,4.5));
#4151 = VECTOR('',#4152,1.);
#4152 = DIRECTION('',(1.,0.));
#4153 = ( GEOMETRIC_REPRESENTATION_CONTEXT(2) 
PARAMETRIC_REPRESENTATION_CONTEXT() REPRESENTATION_CONTEXT('2D SPACE',''
  ) );
#4154 = ORIENTED_EDGE('',*,*,#4155,.F.);
#4155 = EDGE_CURVE('',#4082,#4133,#4156,.T.);
#4156 = SURFACE_CURVE('',#4157,(#4161,#4168),.PCURVE_S1.);
#4157 = LINE('',#4158,#4159);
#4158 = CARTESIAN_POINT('',(-18.12988031782,-5.880970959645,19.));
#4159 = VECTOR('',#4160,1.);
#4160 = DIRECTION('',(0.573576436351,-0.819152044289,0.));
#4161 = PCURVE('',#4090,#4162);
#4162 = DEFINITIONAL_REPRESENTATION('',(#4163),#4167);
#4163 = LINE('',#4164,#4165);
#4164 = CARTESIAN_POINT('',(11.,0.));
#4165 = VECTOR('',#4166,1.);
#4166 = DIRECTION('',(0.,-1.));
#4167 = ( GEOMETRIC_REPRESENTATION_CONTEXT(2) 
PARAMETRIC_REPRESENTATION_CONTEXT() REPRESENTATION_CONTEXT('2D SPACE',''
  ) );
#4168 = PCURVE('',#4064,#4169);
#4169 = DEFINITIONAL_REPRESENTATION('',(#4170),#4174);
#4170 = LINE('',#4171,#4172);
#4171 = CARTESIAN_POINT('',(4.5,0.));
#4172 = VECTOR('',#4173,1.);
#4173 = DIRECTION('',(0.,1.));
#4174 = ( GEOMETRIC_REPRESENTATION_CONTEXT(2) 
PARAMETRIC_REPRESENTATION_CONTEXT() REPRESENTATION_CONTEXT('2D SPACE',''
  ) );
#4175 = ADVANCED_FACE('',(#4176),#3982,.F.);
#4176 = FACE_BOUND('',#4177,.F.);
#4177 = EDGE_LOOP('',(#4178,#4199,#4200,#4221));
#4178 = ORIENTED_EDGE('',*,*,#4179,.F.);
#4179 = EDGE_CURVE('',#3960,#4080,#4180,.T.);
#4180 = SURFACE_CURVE('',#4181,(#4185,#4192),.PCURVE_S1.);
#4181 = LINE('',#4182,#4183);
#4182 = CARTESIAN_POINT('',(-14.44369611852,-3.299876996066,8.));
#4183 = VECTOR('',#4184,1.);
#4184 = DIRECTION('',(-0.819152044289,-0.573576436351,0.));
#4185 = PCURVE('',#3982,#4186);
#4186 = DEFINITIONAL_REPRESENTATION('',(#4187),#4191);
#4187 = LINE('',#4188,#4189);
#4188 = CARTESIAN_POINT('',(0.,0.));
#4189 = VECTOR('',#4190,1.);
#4190 = DIRECTION('',(0.,1.));
#4191 = ( GEOMETRIC_REPRESENTATION_CONTEXT(2) 
PARAMETRIC_REPRESENTATION_CONTEXT() REPRESENTATION_CONTEXT('2D SPACE',''
  ) );
#4192 = PCURVE('',#4010,#4193);
#4193 = DEFINITIONAL_REPRESENTATION('',(#4194),#4198);
#4194 = LINE('',#4195,#4196);
#4195 = CARTESIAN_POINT('',(0.,0.));
#4196 = VECTOR('',#4197,1.);
#4197 = DIRECTION('',(1.,0.));
#4198 = ( GEOMETRIC_REPRESENTATION_CONTEXT(2) 
PARAMETRIC_REPRESENTATION_CONTEXT() REPRESENTATION_CONTEXT('2D SPACE',''
  ) );
#4199 = ORIENTED_EDGE('',*,*,#3959,.T.);
#4200 = ORIENTED_EDGE('',*,*,#4201,.T.);
#4201 = EDGE_CURVE('',#3962,#4082,#4202,.T.);
#4202 = SURFACE_CURVE('',#4203,(#4207,#4214),.PCURVE_S1.);
#4203 = LINE('',#4204,#4205);
#4204 = CARTESIAN_POINT('',(-14.44369611852,-3.299876996066,19.));
#4205 = VECTOR('',#4206,1.);
#4206 = DIRECTION('',(-0.819152044289,-0.573576436351,0.));
#4207 = PCURVE('',#3982,#4208);
#4208 = DEFINITIONAL_REPRESENTATION('',(#4209),#4213);
#4209 = LINE('',#4210,#4211);
#4210 = CARTESIAN_POINT('',(11.,0.));
#4211 = VECTOR('',#4212,1.);
#4212 = DIRECTION('',(0.,1.));
#4213 = ( GEOMETRIC_REPRESENTATION_CONTEXT(2) 
PARAMETRIC_REPRESENTATION_CONTEXT() REPRESENTATION_CONTEXT('2D SPACE',''
  ) );
#4214 = PCURVE('',#4064,#4215);
#4215 = DEFINITIONAL_REPRESENTATION('',(#4216),#4220);
#4216 = LINE('',#4217,#4218);
#4217 = CARTESIAN_POINT('',(0.,0.));
#4218 = VECTOR('',#4219,1.);
#4219 = DIRECTION('',(1.,0.));
#4220 = ( GEOMETRIC_REPRESENTATION_CONTEXT(2) 
PARAMETRIC_REPRESENTATION_CONTEXT() REPRESENTATION_CONTEXT('2D SPACE',''
  ) );
#4221 = ORIENTED_EDGE('',*,*,#4079,.F.);
#4222 = ADVANCED_FACE('',(#4223),#4038,.T.);
#4223 = FACE_BOUND('',#4224,.T.);
#4224 = EDGE_LOOP('',(#4225,#4246,#4247,#4268));
#4225 = ORIENTED_EDGE('',*,*,#4226,.F.);
#4226 = EDGE_CURVE('',#3995,#4110,#4227,.T.);
#4227 = SURFACE_CURVE('',#4228,(#4232,#4239),.PCURVE_S1.);
#4228 = LINE('',#4229,#4230);
#4229 = CARTESIAN_POINT('',(-13.87011968217,-4.119029040355,8.));
#4230 = VECTOR('',#4231,1.);
#4231 = DIRECTION('',(-0.819152044289,-0.573576436351,0.));
#4232 = PCURVE('',#4038,#4233);
#4233 = DEFINITIONAL_REPRESENTATION('',(#4234),#4238);
#4234 = LINE('',#4235,#4236);
#4235 = CARTESIAN_POINT('',(0.,0.));
#4236 = VECTOR('',#4237,1.);
#4237 = DIRECTION('',(0.,1.));
#4238 = ( GEOMETRIC_REPRESENTATION_CONTEXT(2) 
PARAMETRIC_REPRESENTATION_CONTEXT() REPRESENTATION_CONTEXT('2D SPACE',''
  ) );
#4239 = PCURVE('',#4010,#4240);
#4240 = DEFINITIONAL_REPRESENTATION('',(#4241),#4245);
#4241 = LINE('',#4242,#4243);
#4242 = CARTESIAN_POINT('',(0.,1.));
#4243 = VECTOR('',#4244,1.);
#4244 = DIRECTION('',(1.,0.));
#4245 = ( GEOMETRIC_REPRESENTATION_CONTEXT(2) 
PARAMETRIC_REPRESENTATION_CONTEXT() REPRESENTATION_CONTEXT('2D SPACE',''
  ) );
#4246 = ORIENTED_EDGE('',*,*,#4022,.T.);
#4247 = ORIENTED_EDGE('',*,*,#4248,.T.);
#4248 = EDGE_CURVE('',#4023,#4133,#4249,.T.);
#4249 = SURFACE_CURVE('',#4250,(#4254,#4261),.PCURVE_S1.);
#4250 = LINE('',#4251,#4252);
#4251 = CARTESIAN_POINT('',(-13.87011968217,-4.119029040355,19.));
#4252 = VECTOR('',#4253,1.);
#4253 = DIRECTION('',(-0.819152044289,-0.573576436351,0.));
#4254 = PCURVE('',#4038,#4255);
#4255 = DEFINITIONAL_REPRESENTATION('',(#4256),#4260);
#4256 = LINE('',#4257,#4258);
#4257 = CARTESIAN_POINT('',(11.,0.));
#4258 = VECTOR('',#4259,1.);
#4259 = DIRECTION('',(0.,1.));
#4260 = ( GEOMETRIC_REPRESENTATION_CONTEXT(2) 
PARAMETRIC_REPRESENTATION_CONTEXT() REPRESENTATION_CONTEXT('2D SPACE',''
  ) );
#4261 = PCURVE('',#4064,#4262);
#4262 = DEFINITIONAL_REPRESENTATION('',(#4263),#4267);
#4263 = LINE('',#4264,#4265);
#4264 = CARTESIAN_POINT('',(0.,1.));
#4265 = VECTOR('',#4266,1.);
#4266 = DIRECTION('',(1.,0.));
#4267 = ( GEOMETRIC_REPRESENTATION_CONTEXT(2) 
PARAMETRIC_REPRESENTATION_CONTEXT() REPRESENTATION_CONTEXT('2D SPACE',''
  ) );
#4268 = ORIENTED_EDGE('',*,*,#4132,.F.);
#4269 = ADVANCED_FACE('',(#4270),#4010,.F.);
#4270 = FACE_BOUND('',#4271,.F.);
#4271 = EDGE_LOOP('',(#4272,#4273,#4274,#4275));
#4272 = ORIENTED_EDGE('',*,*,#3994,.F.);
#4273 = ORIENTED_EDGE('',*,*,#4179,.T.);
#4274 = ORIENTED_EDGE('',*,*,#4109,.T.);
#4275 = ORIENTED_EDGE('',*,*,#4226,.F.);
#4276 = ADVANCED_FACE('',(#4277),#4064,.T.);
#4277 = FACE_BOUND('',#4278,.T.);
#4278 = EDGE_LOOP('',(#4279,#4280,#4281,#4282));
#4279 = ORIENTED_EDGE('',*,*,#4050,.F.);
#4280 = ORIENTED_EDGE('',*,*,#4201,.T.);
#4281 = ORIENTED_EDGE('',*,*,#4155,.T.);
#4282 = ORIENTED_EDGE('',*,*,#4248,.F.);
#4283 = MANIFOLD_SOLID_BREP('',#4284);
#4284 = CLOSED_SHELL('',(#4285,#4405,#4505,#4552,#4599,#4606));
#4285 = ADVANCED_FACE('',(#4286),#4300,.F.);
#4286 = FACE_BOUND('',#4287,.F.);
#4287 = EDGE_LOOP('',(#4288,#4323,#4351,#4379));
#4288 = ORIENTED_EDGE('',*,*,#4289,.F.);
#4289 = EDGE_CURVE('',#4290,#4292,#4294,.T.);
#4290 = VERTEX_POINT('',#4291);
#4291 = CARTESIAN_POINT('',(-8.5,-1.4,8.));
#4292 = VERTEX_POINT('',#4293);
#4293 = CARTESIAN_POINT('',(-8.5,-1.4,19.));
#4294 = SURFACE_CURVE('',#4295,(#4299,#4311),.PCURVE_S1.);
#4295 = LINE('',#4296,#4297);
#4296 = CARTESIAN_POINT('',(-8.5,-1.4,8.));
#4297 = VECTOR('',#4298,1.);
#4298 = DIRECTION('',(0.,0.,1.));
#4299 = PCURVE('',#4300,#4305);
#4300 = PLANE('',#4301);
#4301 = AXIS2_PLACEMENT_3D('',#4302,#4303,#4304);
#4302 = CARTESIAN_POINT('',(-8.5,-1.4,8.));
#4303 = DIRECTION('',(-1.,1.224646799147E-16,0.));
#4304 = DIRECTION('',(0.,0.,1.));
#4305 = DEFINITIONAL_REPRESENTATION('',(#4306),#4310);
#4306 = LINE('',#4307,#4308);
#4307 = CARTESIAN_POINT('',(0.,0.));
#4308 = VECTOR('',#4309,1.);
#4309 = DIRECTION('',(1.,0.));
#4310 = ( GEOMETRIC_REPRESENTATION_CONTEXT(2) 
PARAMETRIC_REPRESENTATION_CONTEXT() REPRESENTATION_CONTEXT('2D SPACE',''
  ) );
#4311 = PCURVE('',#4312,#4317);
#4312 = PLANE('',#4313);
#4313 = AXIS2_PLACEMENT_3D('',#4314,#4315,#4316);
#4314 = CARTESIAN_POINT('',(-8.5,-1.4,8.));
#4315 = DIRECTION('',(-1.224646799147E-16,-1.,0.));
#4316 = DIRECTION('',(0.,0.,1.));
#4317 = DEFINITIONAL_REPRESENTATION('',(#4318),#4322);
#4318 = LINE('',#4319,#4320);
#4319 = CARTESIAN_POINT('',(0.,0.));
#4320 = VECTOR('',#4321,1.);
#4321 = DIRECTION('',(1.,0.));
#4322 = ( GEOMETRIC_REPRESENTATION_CONTEXT(2) 
PARAMETRIC_REPRESENTATION_CONTEXT() REPRESENTATION_CONTEXT('2D SPACE',''
  ) );
#4323 = ORIENTED_EDGE('',*,*,#4324,.T.);
#4324 = EDGE_CURVE('',#4290,#4325,#4327,.T.);
#4325 = VERTEX_POINT('',#4326);
#4326 = CARTESIAN_POINT('',(-8.5,-2.6,8.));
#4327 = SURFACE_CURVE('',#4328,(#4332,#4339),.PCURVE_S1.);
#4328 = LINE('',#4329,#4330);
#4329 = CARTESIAN_POINT('',(-8.5,-1.4,8.));
#4330 = VECTOR('',#4331,1.);
#4331 = DIRECTION('',(-1.224646799147E-16,-1.,0.));
#4332 = PCURVE('',#4300,#4333);
#4333 = DEFINITIONAL_REPRESENTATION('',(#4334),#4338);
#4334 = LINE('',#4335,#4336);
#4335 = CARTESIAN_POINT('',(0.,0.));
#4336 = VECTOR('',#4337,1.);
#4337 = DIRECTION('',(0.,-1.));
#4338 = ( GEOMETRIC_REPRESENTATION_CONTEXT(2) 
PARAMETRIC_REPRESENTATION_CONTEXT() REPRESENTATION_CONTEXT('2D SPACE',''
  ) );
#4339 = PCURVE('',#4340,#4345);
#4340 = PLANE('',#4341);
#4341 = AXIS2_PLACEMENT_3D('',#4342,#4343,#4344);
#4342 = CARTESIAN_POINT('',(-8.5,-1.4,8.));
#4343 = DIRECTION('',(0.,0.,1.));
#4344 = DIRECTION('',(-1.,1.224646799147E-16,0.));
#4345 = DEFINITIONAL_REPRESENTATION('',(#4346),#4350);
#4346 = LINE('',#4347,#4348);
#4347 = CARTESIAN_POINT('',(0.,0.));
#4348 = VECTOR('',#4349,1.);
#4349 = DIRECTION('',(0.,1.));
#4350 = ( GEOMETRIC_REPRESENTATION_CONTEXT(2) 
PARAMETRIC_REPRESENTATION_CONTEXT() REPRESENTATION_CONTEXT('2D SPACE',''
  ) );
#4351 = ORIENTED_EDGE('',*,*,#4352,.T.);
#4352 = EDGE_CURVE('',#4325,#4353,#4355,.T.);
#4353 = VERTEX_POINT('',#4354);
#4354 = CARTESIAN_POINT('',(-8.5,-2.6,19.));
#4355 = SURFACE_CURVE('',#4356,(#4360,#4367),.PCURVE_S1.);
#4356 = LINE('',#4357,#4358);
#4357 = CARTESIAN_POINT('',(-8.5,-2.6,8.));
#4358 = VECTOR('',#4359,1.);
#4359 = DIRECTION('',(0.,0.,1.));
#4360 = PCURVE('',#4300,#4361);
#4361 = DEFINITIONAL_REPRESENTATION('',(#4362),#4366);
#4362 = LINE('',#4363,#4364);
#4363 = CARTESIAN_POINT('',(0.,-1.2));
#4364 = VECTOR('',#4365,1.);
#4365 = DIRECTION('',(1.,0.));
#4366 = ( GEOMETRIC_REPRESENTATION_CONTEXT(2) 
PARAMETRIC_REPRESENTATION_CONTEXT() REPRESENTATION_CONTEXT('2D SPACE',''
  ) );
#4367 = PCURVE('',#4368,#4373);
#4368 = PLANE('',#4369);
#4369 = AXIS2_PLACEMENT_3D('',#4370,#4371,#4372);
#4370 = CARTESIAN_POINT('',(-8.5,-2.6,8.));
#4371 = DIRECTION('',(-1.224646799147E-16,-1.,0.));
#4372 = DIRECTION('',(0.,0.,1.));
#4373 = DEFINITIONAL_REPRESENTATION('',(#4374),#4378);
#4374 = LINE('',#4375,#4376);
#4375 = CARTESIAN_POINT('',(0.,0.));
#4376 = VECTOR('',#4377,1.);
#4377 = DIRECTION('',(1.,0.));
#4378 = ( GEOMETRIC_REPRESENTATION_CONTEXT(2) 
PARAMETRIC_REPRESENTATION_CONTEXT() REPRESENTATION_CONTEXT('2D SPACE',''
  ) );
#4379 = ORIENTED_EDGE('',*,*,#4380,.F.);
#4380 = EDGE_CURVE('',#4292,#4353,#4381,.T.);
#4381 = SURFACE_CURVE('',#4382,(#4386,#4393),.PCURVE_S1.);
#4382 = LINE('',#4383,#4384);
#4383 = CARTESIAN_POINT('',(-8.5,-1.4,19.));
#4384 = VECTOR('',#4385,1.);
#4385 = DIRECTION('',(-1.224646799147E-16,-1.,0.));
#4386 = PCURVE('',#4300,#4387);
#4387 = DEFINITIONAL_REPRESENTATION('',(#4388),#4392);
#4388 = LINE('',#4389,#4390);
#4389 = CARTESIAN_POINT('',(11.,0.));
#4390 = VECTOR('',#4391,1.);
#4391 = DIRECTION('',(0.,-1.));
#4392 = ( GEOMETRIC_REPRESENTATION_CONTEXT(2) 
PARAMETRIC_REPRESENTATION_CONTEXT() REPRESENTATION_CONTEXT('2D SPACE',''
  ) );
#4393 = PCURVE('',#4394,#4399);
#4394 = PLANE('',#4395);
#4395 = AXIS2_PLACEMENT_3D('',#4396,#4397,#4398);
#4396 = CARTESIAN_POINT('',(-8.5,-1.4,19.));
#4397 = DIRECTION('',(0.,0.,1.));
#4398 = DIRECTION('',(-1.,1.224646799147E-16,0.));
#4399 = DEFINITIONAL_REPRESENTATION('',(#4400),#4404);
#4400 = LINE('',#4401,#4402);
#4401 = CARTESIAN_POINT('',(0.,0.));
#4402 = VECTOR('',#4403,1.);
#4403 = DIRECTION('',(0.,1.));
#4404 = ( GEOMETRIC_REPRESENTATION_CONTEXT(2) 
PARAMETRIC_REPRESENTATION_CONTEXT() REPRESENTATION_CONTEXT('2D SPACE',''
  ) );
#4405 = ADVANCED_FACE('',(#4406),#4420,.T.);
#4406 = FACE_BOUND('',#4407,.T.);
#4407 = EDGE_LOOP('',(#4408,#4438,#4461,#4484));
#4408 = ORIENTED_EDGE('',*,*,#4409,.F.);
#4409 = EDGE_CURVE('',#4410,#4412,#4414,.T.);
#4410 = VERTEX_POINT('',#4411);
#4411 = CARTESIAN_POINT('',(-16.5,-1.4,8.));
#4412 = VERTEX_POINT('',#4413);
#4413 = CARTESIAN_POINT('',(-16.5,-1.4,19.));
#4414 = SURFACE_CURVE('',#4415,(#4419,#4431),.PCURVE_S1.);
#4415 = LINE('',#4416,#4417);
#4416 = CARTESIAN_POINT('',(-16.5,-1.4,8.));
#4417 = VECTOR('',#4418,1.);
#4418 = DIRECTION('',(0.,0.,1.));
#4419 = PCURVE('',#4420,#4425);
#4420 = PLANE('',#4421);
#4421 = AXIS2_PLACEMENT_3D('',#4422,#4423,#4424);
#4422 = CARTESIAN_POINT('',(-16.5,-1.4,8.));
#4423 = DIRECTION('',(-1.,1.224646799147E-16,0.));
#4424 = DIRECTION('',(0.,0.,1.));
#4425 = DEFINITIONAL_REPRESENTATION('',(#4426),#4430);
#4426 = LINE('',#4427,#4428);
#4427 = CARTESIAN_POINT('',(0.,0.));
#4428 = VECTOR('',#4429,1.);
#4429 = DIRECTION('',(1.,0.));
#4430 = ( GEOMETRIC_REPRESENTATION_CONTEXT(2) 
PARAMETRIC_REPRESENTATION_CONTEXT() REPRESENTATION_CONTEXT('2D SPACE',''
  ) );
#4431 = PCURVE('',#4312,#4432);
#4432 = DEFINITIONAL_REPRESENTATION('',(#4433),#4437);
#4433 = LINE('',#4434,#4435);
#4434 = CARTESIAN_POINT('',(0.,8.));
#4435 = VECTOR('',#4436,1.);
#4436 = DIRECTION('',(1.,0.));
#4437 = ( GEOMETRIC_REPRESENTATION_CONTEXT(2) 
PARAMETRIC_REPRESENTATION_CONTEXT() REPRESENTATION_CONTEXT('2D SPACE',''
  ) );
#4438 = ORIENTED_EDGE('',*,*,#4439,.T.);
#4439 = EDGE_CURVE('',#4410,#4440,#4442,.T.);
#4440 = VERTEX_POINT('',#4441);
#4441 = CARTESIAN_POINT('',(-16.5,-2.6,8.));
#4442 = SURFACE_CURVE('',#4443,(#4447,#4454),.PCURVE_S1.);
#4443 = LINE('',#4444,#4445);
#4444 = CARTESIAN_POINT('',(-16.5,-1.4,8.));
#4445 = VECTOR('',#4446,1.);
#4446 = DIRECTION('',(-1.224646799147E-16,-1.,0.));
#4447 = PCURVE('',#4420,#4448);
#4448 = DEFINITIONAL_REPRESENTATION('',(#4449),#4453);
#4449 = LINE('',#4450,#4451);
#4450 = CARTESIAN_POINT('',(0.,0.));
#4451 = VECTOR('',#4452,1.);
#4452 = DIRECTION('',(0.,-1.));
#4453 = ( GEOMETRIC_REPRESENTATION_CONTEXT(2) 
PARAMETRIC_REPRESENTATION_CONTEXT() REPRESENTATION_CONTEXT('2D SPACE',''
  ) );
#4454 = PCURVE('',#4340,#4455);
#4455 = DEFINITIONAL_REPRESENTATION('',(#4456),#4460);
#4456 = LINE('',#4457,#4458);
#4457 = CARTESIAN_POINT('',(8.,0.));
#4458 = VECTOR('',#4459,1.);
#4459 = DIRECTION('',(0.,1.));
#4460 = ( GEOMETRIC_REPRESENTATION_CONTEXT(2) 
PARAMETRIC_REPRESENTATION_CONTEXT() REPRESENTATION_CONTEXT('2D SPACE',''
  ) );
#4461 = ORIENTED_EDGE('',*,*,#4462,.T.);
#4462 = EDGE_CURVE('',#4440,#4463,#4465,.T.);
#4463 = VERTEX_POINT('',#4464);
#4464 = CARTESIAN_POINT('',(-16.5,-2.6,19.));
#4465 = SURFACE_CURVE('',#4466,(#4470,#4477),.PCURVE_S1.);
#4466 = LINE('',#4467,#4468);
#4467 = CARTESIAN_POINT('',(-16.5,-2.6,8.));
#4468 = VECTOR('',#4469,1.);
#4469 = DIRECTION('',(0.,0.,1.));
#4470 = PCURVE('',#4420,#4471);
#4471 = DEFINITIONAL_REPRESENTATION('',(#4472),#4476);
#4472 = LINE('',#4473,#4474);
#4473 = CARTESIAN_POINT('',(0.,-1.2));
#4474 = VECTOR('',#4475,1.);
#4475 = DIRECTION('',(1.,0.));
#4476 = ( GEOMETRIC_REPRESENTATION_CONTEXT(2) 
PARAMETRIC_REPRESENTATION_CONTEXT() REPRESENTATION_CONTEXT('2D SPACE',''
  ) );
#4477 = PCURVE('',#4368,#4478);
#4478 = DEFINITIONAL_REPRESENTATION('',(#4479),#4483);
#4479 = LINE('',#4480,#4481);
#4480 = CARTESIAN_POINT('',(0.,8.));
#4481 = VECTOR('',#4482,1.);
#4482 = DIRECTION('',(1.,0.));
#4483 = ( GEOMETRIC_REPRESENTATION_CONTEXT(2) 
PARAMETRIC_REPRESENTATION_CONTEXT() REPRESENTATION_CONTEXT('2D SPACE',''
  ) );
#4484 = ORIENTED_EDGE('',*,*,#4485,.F.);
#4485 = EDGE_CURVE('',#4412,#4463,#4486,.T.);
#4486 = SURFACE_CURVE('',#4487,(#4491,#4498),.PCURVE_S1.);
#4487 = LINE('',#4488,#4489);
#4488 = CARTESIAN_POINT('',(-16.5,-1.4,19.));
#4489 = VECTOR('',#4490,1.);
#4490 = DIRECTION('',(-1.224646799147E-16,-1.,0.));
#4491 = PCURVE('',#4420,#4492);
#4492 = DEFINITIONAL_REPRESENTATION('',(#4493),#4497);
#4493 = LINE('',#4494,#4495);
#4494 = CARTESIAN_POINT('',(11.,0.));
#4495 = VECTOR('',#4496,1.);
#4496 = DIRECTION('',(0.,-1.));
#4497 = ( GEOMETRIC_REPRESENTATION_CONTEXT(2) 
PARAMETRIC_REPRESENTATION_CONTEXT() REPRESENTATION_CONTEXT('2D SPACE',''
  ) );
#4498 = PCURVE('',#4394,#4499);
#4499 = DEFINITIONAL_REPRESENTATION('',(#4500),#4504);
#4500 = LINE('',#4501,#4502);
#4501 = CARTESIAN_POINT('',(8.,0.));
#4502 = VECTOR('',#4503,1.);
#4503 = DIRECTION('',(0.,1.));
#4504 = ( GEOMETRIC_REPRESENTATION_CONTEXT(2) 
PARAMETRIC_REPRESENTATION_CONTEXT() REPRESENTATION_CONTEXT('2D SPACE',''
  ) );
#4505 = ADVANCED_FACE('',(#4506),#4312,.F.);
#4506 = FACE_BOUND('',#4507,.F.);
#4507 = EDGE_LOOP('',(#4508,#4529,#4530,#4551));
#4508 = ORIENTED_EDGE('',*,*,#4509,.F.);
#4509 = EDGE_CURVE('',#4290,#4410,#4510,.T.);
#4510 = SURFACE_CURVE('',#4511,(#4515,#4522),.PCURVE_S1.);
#4511 = LINE('',#4512,#4513);
#4512 = CARTESIAN_POINT('',(-8.5,-1.4,8.));
#4513 = VECTOR('',#4514,1.);
#4514 = DIRECTION('',(-1.,1.224646799147E-16,0.));
#4515 = PCURVE('',#4312,#4516);
#4516 = DEFINITIONAL_REPRESENTATION('',(#4517),#4521);
#4517 = LINE('',#4518,#4519);
#4518 = CARTESIAN_POINT('',(0.,0.));
#4519 = VECTOR('',#4520,1.);
#4520 = DIRECTION('',(0.,1.));
#4521 = ( GEOMETRIC_REPRESENTATION_CONTEXT(2) 
PARAMETRIC_REPRESENTATION_CONTEXT() REPRESENTATION_CONTEXT('2D SPACE',''
  ) );
#4522 = PCURVE('',#4340,#4523);
#4523 = DEFINITIONAL_REPRESENTATION('',(#4524),#4528);
#4524 = LINE('',#4525,#4526);
#4525 = CARTESIAN_POINT('',(0.,0.));
#4526 = VECTOR('',#4527,1.);
#4527 = DIRECTION('',(1.,0.));
#4528 = ( GEOMETRIC_REPRESENTATION_CONTEXT(2) 
PARAMETRIC_REPRESENTATION_CONTEXT() REPRESENTATION_CONTEXT('2D SPACE',''
  ) );
#4529 = ORIENTED_EDGE('',*,*,#4289,.T.);
#4530 = ORIENTED_EDGE('',*,*,#4531,.T.);
#4531 = EDGE_CURVE('',#4292,#4412,#4532,.T.);
#4532 = SURFACE_CURVE('',#4533,(#4537,#4544),.PCURVE_S1.);
#4533 = LINE('',#4534,#4535);
#4534 = CARTESIAN_POINT('',(-8.5,-1.4,19.));
#4535 = VECTOR('',#4536,1.);
#4536 = DIRECTION('',(-1.,1.224646799147E-16,0.));
#4537 = PCURVE('',#4312,#4538);
#4538 = DEFINITIONAL_REPRESENTATION('',(#4539),#4543);
#4539 = LINE('',#4540,#4541);
#4540 = CARTESIAN_POINT('',(11.,0.));
#4541 = VECTOR('',#4542,1.);
#4542 = DIRECTION('',(0.,1.));
#4543 = ( GEOMETRIC_REPRESENTATION_CONTEXT(2) 
PARAMETRIC_REPRESENTATION_CONTEXT() REPRESENTATION_CONTEXT('2D SPACE',''
  ) );
#4544 = PCURVE('',#4394,#4545);
#4545 = DEFINITIONAL_REPRESENTATION('',(#4546),#4550);
#4546 = LINE('',#4547,#4548);
#4547 = CARTESIAN_POINT('',(0.,0.));
#4548 = VECTOR('',#4549,1.);
#4549 = DIRECTION('',(1.,0.));
#4550 = ( GEOMETRIC_REPRESENTATION_CONTEXT(2) 
PARAMETRIC_REPRESENTATION_CONTEXT() REPRESENTATION_CONTEXT('2D SPACE',''
  ) );
#4551 = ORIENTED_EDGE('',*,*,#4409,.F.);
#4552 = ADVANCED_FACE('',(#4553),#4368,.T.);
#4553 = FACE_BOUND('',#4554,.T.);
#4554 = EDGE_LOOP('',(#4555,#4576,#4577,#4598));
#4555 = ORIENTED_EDGE('',*,*,#4556,.F.);
#4556 = EDGE_CURVE('',#4325,#4440,#4557,.T.);
#4557 = SURFACE_CURVE('',#4558,(#4562,#4569),.PCURVE_S1.);
#4558 = LINE('',#4559,#4560);
#4559 = CARTESIAN_POINT('',(-8.5,-2.6,8.));
#4560 = VECTOR('',#4561,1.);
#4561 = DIRECTION('',(-1.,1.224646799147E-16,0.));
#4562 = PCURVE('',#4368,#4563);
#4563 = DEFINITIONAL_REPRESENTATION('',(#4564),#4568);
#4564 = LINE('',#4565,#4566);
#4565 = CARTESIAN_POINT('',(0.,0.));
#4566 = VECTOR('',#4567,1.);
#4567 = DIRECTION('',(0.,1.));
#4568 = ( GEOMETRIC_REPRESENTATION_CONTEXT(2) 
PARAMETRIC_REPRESENTATION_CONTEXT() REPRESENTATION_CONTEXT('2D SPACE',''
  ) );
#4569 = PCURVE('',#4340,#4570);
#4570 = DEFINITIONAL_REPRESENTATION('',(#4571),#4575);
#4571 = LINE('',#4572,#4573);
#4572 = CARTESIAN_POINT('',(0.,1.2));
#4573 = VECTOR('',#4574,1.);
#4574 = DIRECTION('',(1.,0.));
#4575 = ( GEOMETRIC_REPRESENTATION_CONTEXT(2) 
PARAMETRIC_REPRESENTATION_CONTEXT() REPRESENTATION_CONTEXT('2D SPACE',''
  ) );
#4576 = ORIENTED_EDGE('',*,*,#4352,.T.);
#4577 = ORIENTED_EDGE('',*,*,#4578,.T.);
#4578 = EDGE_CURVE('',#4353,#4463,#4579,.T.);
#4579 = SURFACE_CURVE('',#4580,(#4584,#4591),.PCURVE_S1.);
#4580 = LINE('',#4581,#4582);
#4581 = CARTESIAN_POINT('',(-8.5,-2.6,19.));
#4582 = VECTOR('',#4583,1.);
#4583 = DIRECTION('',(-1.,1.224646799147E-16,0.));
#4584 = PCURVE('',#4368,#4585);
#4585 = DEFINITIONAL_REPRESENTATION('',(#4586),#4590);
#4586 = LINE('',#4587,#4588);
#4587 = CARTESIAN_POINT('',(11.,0.));
#4588 = VECTOR('',#4589,1.);
#4589 = DIRECTION('',(0.,1.));
#4590 = ( GEOMETRIC_REPRESENTATION_CONTEXT(2) 
PARAMETRIC_REPRESENTATION_CONTEXT() REPRESENTATION_CONTEXT('2D SPACE',''
  ) );
#4591 = PCURVE('',#4394,#4592);
#4592 = DEFINITIONAL_REPRESENTATION('',(#4593),#4597);
#4593 = LINE('',#4594,#4595);
#4594 = CARTESIAN_POINT('',(0.,1.2));
#4595 = VECTOR('',#4596,1.);
#4596 = DIRECTION('',(1.,0.));
#4597 = ( GEOMETRIC_REPRESENTATION_CONTEXT(2) 
PARAMETRIC_REPRESENTATION_CONTEXT() REPRESENTATION_CONTEXT('2D SPACE',''
  ) );
#4598 = ORIENTED_EDGE('',*,*,#4462,.F.);
#4599 = ADVANCED_FACE('',(#4600),#4340,.F.);
#4600 = FACE_BOUND('',#4601,.F.);
#4601 = EDGE_LOOP('',(#4602,#4603,#4604,#4605));
#4602 = ORIENTED_EDGE('',*,*,#4324,.F.);
#4603 = ORIENTED_EDGE('',*,*,#4509,.T.);
#4604 = ORIENTED_EDGE('',*,*,#4439,.T.);
#4605 = ORIENTED_EDGE('',*,*,#4556,.F.);
#4606 = ADVANCED_FACE('',(#4607),#4394,.T.);
#4607 = FACE_BOUND('',#4608,.T.);
#4608 = EDGE_LOOP('',(#4609,#4610,#4611,#4612));
#4609 = ORIENTED_EDGE('',*,*,#4380,.F.);
#4610 = ORIENTED_EDGE('',*,*,#4531,.T.);
#4611 = ORIENTED_EDGE('',*,*,#4485,.T.);
#4612 = ORIENTED_EDGE('',*,*,#4578,.F.);
#4613 = MANIFOLD_SOLID_BREP('',#4614);
#4614 = CLOSED_SHELL('',(#4615,#4735,#4835,#4882,#4929,#4936));
#4615 = ADVANCED_FACE('',(#4616),#4630,.F.);
#4616 = FACE_BOUND('',#4617,.F.);
#4617 = EDGE_LOOP('',(#4618,#4653,#4681,#4709));
#4618 = ORIENTED_EDGE('',*,*,#4619,.F.);
#4619 = EDGE_CURVE('',#4620,#4622,#4624,.T.);
#4620 = VERTEX_POINT('',#4621);
#4621 = CARTESIAN_POINT('',(-14.15854626121,4.364070751306,8.));
#4622 = VERTEX_POINT('',#4623);
#4623 = CARTESIAN_POINT('',(-14.15854626121,4.364070751306,19.));
#4624 = SURFACE_CURVE('',#4625,(#4629,#4641),.PCURVE_S1.);
#4625 = LINE('',#4626,#4627);
#4626 = CARTESIAN_POINT('',(-14.15854626121,4.364070751306,8.));
#4627 = VECTOR('',#4628,1.);
#4628 = DIRECTION('',(0.,0.,1.));
#4629 = PCURVE('',#4630,#4635);
#4630 = PLANE('',#4631);
#4631 = AXIS2_PLACEMENT_3D('',#4632,#4633,#4634);
#4632 = CARTESIAN_POINT('',(-14.15854626121,4.364070751306,8.));
#4633 = DIRECTION('',(-0.996194698092,-8.715574274766E-02,0.));
#4634 = DIRECTION('',(0.,0.,1.));
#4635 = DEFINITIONAL_REPRESENTATION('',(#4636),#4640);
#4636 = LINE('',#4637,#4638);
#4637 = CARTESIAN_POINT('',(0.,0.));
#4638 = VECTOR('',#4639,1.);
#4639 = DIRECTION('',(1.,0.));
#4640 = ( GEOMETRIC_REPRESENTATION_CONTEXT(2) 
PARAMETRIC_REPRESENTATION_CONTEXT() REPRESENTATION_CONTEXT('2D SPACE',''
  ) );
#4641 = PCURVE('',#4642,#4647);
#4642 = PLANE('',#4643);
#4643 = AXIS2_PLACEMENT_3D('',#4644,#4645,#4646);
#4644 = CARTESIAN_POINT('',(-14.15854626121,4.364070751306,8.));
#4645 = DIRECTION('',(8.715574274766E-02,-0.996194698092,0.));
#4646 = DIRECTION('',(0.,0.,1.));
#4647 = DEFINITIONAL_REPRESENTATION('',(#4648),#4652);
#4648 = LINE('',#4649,#4650);
#4649 = CARTESIAN_POINT('',(0.,0.));
#4650 = VECTOR('',#4651,1.);
#4651 = DIRECTION('',(1.,0.));
#4652 = ( GEOMETRIC_REPRESENTATION_CONTEXT(2) 
PARAMETRIC_REPRESENTATION_CONTEXT() REPRESENTATION_CONTEXT('2D SPACE',''
  ) );
#4653 = ORIENTED_EDGE('',*,*,#4654,.T.);
#4654 = EDGE_CURVE('',#4620,#4655,#4657,.T.);
#4655 = VERTEX_POINT('',#4656);
#4656 = CARTESIAN_POINT('',(-14.07139051847,3.367876053214,8.));
#4657 = SURFACE_CURVE('',#4658,(#4662,#4669),.PCURVE_S1.);
#4658 = LINE('',#4659,#4660);
#4659 = CARTESIAN_POINT('',(-14.15854626121,4.364070751306,8.));
#4660 = VECTOR('',#4661,1.);
#4661 = DIRECTION('',(8.715574274766E-02,-0.996194698092,0.));
#4662 = PCURVE('',#4630,#4663);
#4663 = DEFINITIONAL_REPRESENTATION('',(#4664),#4668);
#4664 = LINE('',#4665,#4666);
#4665 = CARTESIAN_POINT('',(0.,0.));
#4666 = VECTOR('',#4667,1.);
#4667 = DIRECTION('',(0.,-1.));
#4668 = ( GEOMETRIC_REPRESENTATION_CONTEXT(2) 
PARAMETRIC_REPRESENTATION_CONTEXT() REPRESENTATION_CONTEXT('2D SPACE',''
  ) );
#4669 = PCURVE('',#4670,#4675);
#4670 = PLANE('',#4671);
#4671 = AXIS2_PLACEMENT_3D('',#4672,#4673,#4674);
#4672 = CARTESIAN_POINT('',(-14.15854626121,4.364070751306,8.));
#4673 = DIRECTION('',(0.,0.,1.));
#4674 = DIRECTION('',(-0.996194698092,-8.715574274766E-02,0.));
#4675 = DEFINITIONAL_REPRESENTATION('',(#4676),#4680);
#4676 = LINE('',#4677,#4678);
#4677 = CARTESIAN_POINT('',(0.,0.));
#4678 = VECTOR('',#4679,1.);
#4679 = DIRECTION('',(0.,1.));
#4680 = ( GEOMETRIC_REPRESENTATION_CONTEXT(2) 
PARAMETRIC_REPRESENTATION_CONTEXT() REPRESENTATION_CONTEXT('2D SPACE',''
  ) );
#4681 = ORIENTED_EDGE('',*,*,#4682,.T.);
#4682 = EDGE_CURVE('',#4655,#4683,#4685,.T.);
#4683 = VERTEX_POINT('',#4684);
#4684 = CARTESIAN_POINT('',(-14.07139051847,3.367876053214,19.));
#4685 = SURFACE_CURVE('',#4686,(#4690,#4697),.PCURVE_S1.);
#4686 = LINE('',#4687,#4688);
#4687 = CARTESIAN_POINT('',(-14.07139051847,3.367876053214,8.));
#4688 = VECTOR('',#4689,1.);
#4689 = DIRECTION('',(0.,0.,1.));
#4690 = PCURVE('',#4630,#4691);
#4691 = DEFINITIONAL_REPRESENTATION('',(#4692),#4696);
#4692 = LINE('',#4693,#4694);
#4693 = CARTESIAN_POINT('',(0.,-1.));
#4694 = VECTOR('',#4695,1.);
#4695 = DIRECTION('',(1.,0.));
#4696 = ( GEOMETRIC_REPRESENTATION_CONTEXT(2) 
PARAMETRIC_REPRESENTATION_CONTEXT() REPRESENTATION_CONTEXT('2D SPACE',''
  ) );
#4697 = PCURVE('',#4698,#4703);
#4698 = PLANE('',#4699);
#4699 = AXIS2_PLACEMENT_3D('',#4700,#4701,#4702);
#4700 = CARTESIAN_POINT('',(-14.07139051847,3.367876053214,8.));
#4701 = DIRECTION('',(8.715574274766E-02,-0.996194698092,0.));
#4702 = DIRECTION('',(0.,0.,1.));
#4703 = DEFINITIONAL_REPRESENTATION('',(#4704),#4708);
#4704 = LINE('',#4705,#4706);
#4705 = CARTESIAN_POINT('',(0.,0.));
#4706 = VECTOR('',#4707,1.);
#4707 = DIRECTION('',(1.,0.));
#4708 = ( GEOMETRIC_REPRESENTATION_CONTEXT(2) 
PARAMETRIC_REPRESENTATION_CONTEXT() REPRESENTATION_CONTEXT('2D SPACE',''
  ) );
#4709 = ORIENTED_EDGE('',*,*,#4710,.F.);
#4710 = EDGE_CURVE('',#4622,#4683,#4711,.T.);
#4711 = SURFACE_CURVE('',#4712,(#4716,#4723),.PCURVE_S1.);
#4712 = LINE('',#4713,#4714);
#4713 = CARTESIAN_POINT('',(-14.15854626121,4.364070751306,19.));
#4714 = VECTOR('',#4715,1.);
#4715 = DIRECTION('',(8.715574274766E-02,-0.996194698092,0.));
#4716 = PCURVE('',#4630,#4717);
#4717 = DEFINITIONAL_REPRESENTATION('',(#4718),#4722);
#4718 = LINE('',#4719,#4720);
#4719 = CARTESIAN_POINT('',(11.,0.));
#4720 = VECTOR('',#4721,1.);
#4721 = DIRECTION('',(0.,-1.));
#4722 = ( GEOMETRIC_REPRESENTATION_CONTEXT(2) 
PARAMETRIC_REPRESENTATION_CONTEXT() REPRESENTATION_CONTEXT('2D SPACE',''
  ) );
#4723 = PCURVE('',#4724,#4729);
#4724 = PLANE('',#4725);
#4725 = AXIS2_PLACEMENT_3D('',#4726,#4727,#4728);
#4726 = CARTESIAN_POINT('',(-14.15854626121,4.364070751306,19.));
#4727 = DIRECTION('',(0.,0.,1.));
#4728 = DIRECTION('',(-0.996194698092,-8.715574274766E-02,0.));
#4729 = DEFINITIONAL_REPRESENTATION('',(#4730),#4734);
#4730 = LINE('',#4731,#4732);
#4731 = CARTESIAN_POINT('',(0.,0.));
#4732 = VECTOR('',#4733,1.);
#4733 = DIRECTION('',(0.,1.));
#4734 = ( GEOMETRIC_REPRESENTATION_CONTEXT(2) 
PARAMETRIC_REPRESENTATION_CONTEXT() REPRESENTATION_CONTEXT('2D SPACE',''
  ) );
#4735 = ADVANCED_FACE('',(#4736),#4750,.T.);
#4736 = FACE_BOUND('',#4737,.T.);
#4737 = EDGE_LOOP('',(#4738,#4768,#4791,#4814));
#4738 = ORIENTED_EDGE('',*,*,#4739,.F.);
#4739 = EDGE_CURVE('',#4740,#4742,#4744,.T.);
#4740 = VERTEX_POINT('',#4741);
#4741 = CARTESIAN_POINT('',(-18.64142240263,3.971869908941,8.));
#4742 = VERTEX_POINT('',#4743);
#4743 = CARTESIAN_POINT('',(-18.64142240263,3.971869908941,19.));
#4744 = SURFACE_CURVE('',#4745,(#4749,#4761),.PCURVE_S1.);
#4745 = LINE('',#4746,#4747);
#4746 = CARTESIAN_POINT('',(-18.64142240263,3.971869908941,8.));
#4747 = VECTOR('',#4748,1.);
#4748 = DIRECTION('',(0.,0.,1.));
#4749 = PCURVE('',#4750,#4755);
#4750 = PLANE('',#4751);
#4751 = AXIS2_PLACEMENT_3D('',#4752,#4753,#4754);
#4752 = CARTESIAN_POINT('',(-18.64142240263,3.971869908941,8.));
#4753 = DIRECTION('',(-0.996194698092,-8.715574274766E-02,0.));
#4754 = DIRECTION('',(0.,0.,1.));
#4755 = DEFINITIONAL_REPRESENTATION('',(#4756),#4760);
#4756 = LINE('',#4757,#4758);
#4757 = CARTESIAN_POINT('',(0.,0.));
#4758 = VECTOR('',#4759,1.);
#4759 = DIRECTION('',(1.,0.));
#4760 = ( GEOMETRIC_REPRESENTATION_CONTEXT(2) 
PARAMETRIC_REPRESENTATION_CONTEXT() REPRESENTATION_CONTEXT('2D SPACE',''
  ) );
#4761 = PCURVE('',#4642,#4762);
#4762 = DEFINITIONAL_REPRESENTATION('',(#4763),#4767);
#4763 = LINE('',#4764,#4765);
#4764 = CARTESIAN_POINT('',(0.,4.5));
#4765 = VECTOR('',#4766,1.);
#4766 = DIRECTION('',(1.,0.));
#4767 = ( GEOMETRIC_REPRESENTATION_CONTEXT(2) 
PARAMETRIC_REPRESENTATION_CONTEXT() REPRESENTATION_CONTEXT('2D SPACE',''
  ) );
#4768 = ORIENTED_EDGE('',*,*,#4769,.T.);
#4769 = EDGE_CURVE('',#4740,#4770,#4772,.T.);
#4770 = VERTEX_POINT('',#4771);
#4771 = CARTESIAN_POINT('',(-18.55426665988,2.97567521085,8.));
#4772 = SURFACE_CURVE('',#4773,(#4777,#4784),.PCURVE_S1.);
#4773 = LINE('',#4774,#4775);
#4774 = CARTESIAN_POINT('',(-18.64142240263,3.971869908941,8.));
#4775 = VECTOR('',#4776,1.);
#4776 = DIRECTION('',(8.715574274766E-02,-0.996194698092,0.));
#4777 = PCURVE('',#4750,#4778);
#4778 = DEFINITIONAL_REPRESENTATION('',(#4779),#4783);
#4779 = LINE('',#4780,#4781);
#4780 = CARTESIAN_POINT('',(0.,0.));
#4781 = VECTOR('',#4782,1.);
#4782 = DIRECTION('',(0.,-1.));
#4783 = ( GEOMETRIC_REPRESENTATION_CONTEXT(2) 
PARAMETRIC_REPRESENTATION_CONTEXT() REPRESENTATION_CONTEXT('2D SPACE',''
  ) );
#4784 = PCURVE('',#4670,#4785);
#4785 = DEFINITIONAL_REPRESENTATION('',(#4786),#4790);
#4786 = LINE('',#4787,#4788);
#4787 = CARTESIAN_POINT('',(4.5,0.));
#4788 = VECTOR('',#4789,1.);
#4789 = DIRECTION('',(0.,1.));
#4790 = ( GEOMETRIC_REPRESENTATION_CONTEXT(2) 
PARAMETRIC_REPRESENTATION_CONTEXT() REPRESENTATION_CONTEXT('2D SPACE',''
  ) );
#4791 = ORIENTED_EDGE('',*,*,#4792,.T.);
#4792 = EDGE_CURVE('',#4770,#4793,#4795,.T.);
#4793 = VERTEX_POINT('',#4794);
#4794 = CARTESIAN_POINT('',(-18.55426665988,2.97567521085,19.));
#4795 = SURFACE_CURVE('',#4796,(#4800,#4807),.PCURVE_S1.);
#4796 = LINE('',#4797,#4798);
#4797 = CARTESIAN_POINT('',(-18.55426665988,2.97567521085,8.));
#4798 = VECTOR('',#4799,1.);
#4799 = DIRECTION('',(0.,0.,1.));
#4800 = PCURVE('',#4750,#4801);
#4801 = DEFINITIONAL_REPRESENTATION('',(#4802),#4806);
#4802 = LINE('',#4803,#4804);
#4803 = CARTESIAN_POINT('',(0.,-1.));
#4804 = VECTOR('',#4805,1.);
#4805 = DIRECTION('',(1.,0.));
#4806 = ( GEOMETRIC_REPRESENTATION_CONTEXT(2) 
PARAMETRIC_REPRESENTATION_CONTEXT() REPRESENTATION_CONTEXT('2D SPACE',''
  ) );
#4807 = PCURVE('',#4698,#4808);
#4808 = DEFINITIONAL_REPRESENTATION('',(#4809),#4813);
#4809 = LINE('',#4810,#4811);
#4810 = CARTESIAN_POINT('',(0.,4.5));
#4811 = VECTOR('',#4812,1.);
#4812 = DIRECTION('',(1.,0.));
#4813 = ( GEOMETRIC_REPRESENTATION_CONTEXT(2) 
PARAMETRIC_REPRESENTATION_CONTEXT() REPRESENTATION_CONTEXT('2D SPACE',''
  ) );
#4814 = ORIENTED_EDGE('',*,*,#4815,.F.);
#4815 = EDGE_CURVE('',#4742,#4793,#4816,.T.);
#4816 = SURFACE_CURVE('',#4817,(#4821,#4828),.PCURVE_S1.);
#4817 = LINE('',#4818,#4819);
#4818 = CARTESIAN_POINT('',(-18.64142240263,3.971869908941,19.));
#4819 = VECTOR('',#4820,1.);
#4820 = DIRECTION('',(8.715574274766E-02,-0.996194698092,0.));
#4821 = PCURVE('',#4750,#4822);
#4822 = DEFINITIONAL_REPRESENTATION('',(#4823),#4827);
#4823 = LINE('',#4824,#4825);
#4824 = CARTESIAN_POINT('',(11.,0.));
#4825 = VECTOR('',#4826,1.);
#4826 = DIRECTION('',(0.,-1.));
#4827 = ( GEOMETRIC_REPRESENTATION_CONTEXT(2) 
PARAMETRIC_REPRESENTATION_CONTEXT() REPRESENTATION_CONTEXT('2D SPACE',''
  ) );
#4828 = PCURVE('',#4724,#4829);
#4829 = DEFINITIONAL_REPRESENTATION('',(#4830),#4834);
#4830 = LINE('',#4831,#4832);
#4831 = CARTESIAN_POINT('',(4.5,0.));
#4832 = VECTOR('',#4833,1.);
#4833 = DIRECTION('',(0.,1.));
#4834 = ( GEOMETRIC_REPRESENTATION_CONTEXT(2) 
PARAMETRIC_REPRESENTATION_CONTEXT() REPRESENTATION_CONTEXT('2D SPACE',''
  ) );
#4835 = ADVANCED_FACE('',(#4836),#4642,.F.);
#4836 = FACE_BOUND('',#4837,.F.);
#4837 = EDGE_LOOP('',(#4838,#4859,#4860,#4881));
#4838 = ORIENTED_EDGE('',*,*,#4839,.F.);
#4839 = EDGE_CURVE('',#4620,#4740,#4840,.T.);
#4840 = SURFACE_CURVE('',#4841,(#4845,#4852),.PCURVE_S1.);
#4841 = LINE('',#4842,#4843);
#4842 = CARTESIAN_POINT('',(-14.15854626121,4.364070751306,8.));
#4843 = VECTOR('',#4844,1.);
#4844 = DIRECTION('',(-0.996194698092,-8.715574274766E-02,0.));
#4845 = PCURVE('',#4642,#4846);
#4846 = DEFINITIONAL_REPRESENTATION('',(#4847),#4851);
#4847 = LINE('',#4848,#4849);
#4848 = CARTESIAN_POINT('',(0.,0.));
#4849 = VECTOR('',#4850,1.);
#4850 = DIRECTION('',(0.,1.));
#4851 = ( GEOMETRIC_REPRESENTATION_CONTEXT(2) 
PARAMETRIC_REPRESENTATION_CONTEXT() REPRESENTATION_CONTEXT('2D SPACE',''
  ) );
#4852 = PCURVE('',#4670,#4853);
#4853 = DEFINITIONAL_REPRESENTATION('',(#4854),#4858);
#4854 = LINE('',#4855,#4856);
#4855 = CARTESIAN_POINT('',(0.,0.));
#4856 = VECTOR('',#4857,1.);
#4857 = DIRECTION('',(1.,0.));
#4858 = ( GEOMETRIC_REPRESENTATION_CONTEXT(2) 
PARAMETRIC_REPRESENTATION_CONTEXT() REPRESENTATION_CONTEXT('2D SPACE',''
  ) );
#4859 = ORIENTED_EDGE('',*,*,#4619,.T.);
#4860 = ORIENTED_EDGE('',*,*,#4861,.T.);
#4861 = EDGE_CURVE('',#4622,#4742,#4862,.T.);
#4862 = SURFACE_CURVE('',#4863,(#4867,#4874),.PCURVE_S1.);
#4863 = LINE('',#4864,#4865);
#4864 = CARTESIAN_POINT('',(-14.15854626121,4.364070751306,19.));
#4865 = VECTOR('',#4866,1.);
#4866 = DIRECTION('',(-0.996194698092,-8.715574274766E-02,0.));
#4867 = PCURVE('',#4642,#4868);
#4868 = DEFINITIONAL_REPRESENTATION('',(#4869),#4873);
#4869 = LINE('',#4870,#4871);
#4870 = CARTESIAN_POINT('',(11.,0.));
#4871 = VECTOR('',#4872,1.);
#4872 = DIRECTION('',(0.,1.));
#4873 = ( GEOMETRIC_REPRESENTATION_CONTEXT(2) 
PARAMETRIC_REPRESENTATION_CONTEXT() REPRESENTATION_CONTEXT('2D SPACE',''
  ) );
#4874 = PCURVE('',#4724,#4875);
#4875 = DEFINITIONAL_REPRESENTATION('',(#4876),#4880);
#4876 = LINE('',#4877,#4878);
#4877 = CARTESIAN_POINT('',(0.,0.));
#4878 = VECTOR('',#4879,1.);
#4879 = DIRECTION('',(1.,0.));
#4880 = ( GEOMETRIC_REPRESENTATION_CONTEXT(2) 
PARAMETRIC_REPRESENTATION_CONTEXT() REPRESENTATION_CONTEXT('2D SPACE',''
  ) );
#4881 = ORIENTED_EDGE('',*,*,#4739,.F.);
#4882 = ADVANCED_FACE('',(#4883),#4698,.T.);
#4883 = FACE_BOUND('',#4884,.T.);
#4884 = EDGE_LOOP('',(#4885,#4906,#4907,#4928));
#4885 = ORIENTED_EDGE('',*,*,#4886,.F.);
#4886 = EDGE_CURVE('',#4655,#4770,#4887,.T.);
#4887 = SURFACE_CURVE('',#4888,(#4892,#4899),.PCURVE_S1.);
#4888 = LINE('',#4889,#4890);
#4889 = CARTESIAN_POINT('',(-14.07139051847,3.367876053214,8.));
#4890 = VECTOR('',#4891,1.);
#4891 = DIRECTION('',(-0.996194698092,-8.715574274766E-02,0.));
#4892 = PCURVE('',#4698,#4893);
#4893 = DEFINITIONAL_REPRESENTATION('',(#4894),#4898);
#4894 = LINE('',#4895,#4896);
#4895 = CARTESIAN_POINT('',(0.,0.));
#4896 = VECTOR('',#4897,1.);
#4897 = DIRECTION('',(0.,1.));
#4898 = ( GEOMETRIC_REPRESENTATION_CONTEXT(2) 
PARAMETRIC_REPRESENTATION_CONTEXT() REPRESENTATION_CONTEXT('2D SPACE',''
  ) );
#4899 = PCURVE('',#4670,#4900);
#4900 = DEFINITIONAL_REPRESENTATION('',(#4901),#4905);
#4901 = LINE('',#4902,#4903);
#4902 = CARTESIAN_POINT('',(0.,1.));
#4903 = VECTOR('',#4904,1.);
#4904 = DIRECTION('',(1.,0.));
#4905 = ( GEOMETRIC_REPRESENTATION_CONTEXT(2) 
PARAMETRIC_REPRESENTATION_CONTEXT() REPRESENTATION_CONTEXT('2D SPACE',''
  ) );
#4906 = ORIENTED_EDGE('',*,*,#4682,.T.);
#4907 = ORIENTED_EDGE('',*,*,#4908,.T.);
#4908 = EDGE_CURVE('',#4683,#4793,#4909,.T.);
#4909 = SURFACE_CURVE('',#4910,(#4914,#4921),.PCURVE_S1.);
#4910 = LINE('',#4911,#4912);
#4911 = CARTESIAN_POINT('',(-14.07139051847,3.367876053214,19.));
#4912 = VECTOR('',#4913,1.);
#4913 = DIRECTION('',(-0.996194698092,-8.715574274766E-02,0.));
#4914 = PCURVE('',#4698,#4915);
#4915 = DEFINITIONAL_REPRESENTATION('',(#4916),#4920);
#4916 = LINE('',#4917,#4918);
#4917 = CARTESIAN_POINT('',(11.,0.));
#4918 = VECTOR('',#4919,1.);
#4919 = DIRECTION('',(0.,1.));
#4920 = ( GEOMETRIC_REPRESENTATION_CONTEXT(2) 
PARAMETRIC_REPRESENTATION_CONTEXT() REPRESENTATION_CONTEXT('2D SPACE',''
  ) );
#4921 = PCURVE('',#4724,#4922);
#4922 = DEFINITIONAL_REPRESENTATION('',(#4923),#4927);
#4923 = LINE('',#4924,#4925);
#4924 = CARTESIAN_POINT('',(0.,1.));
#4925 = VECTOR('',#4926,1.);
#4926 = DIRECTION('',(1.,0.));
#4927 = ( GEOMETRIC_REPRESENTATION_CONTEXT(2) 
PARAMETRIC_REPRESENTATION_CONTEXT() REPRESENTATION_CONTEXT('2D SPACE',''
  ) );
#4928 = ORIENTED_EDGE('',*,*,#4792,.F.);
#4929 = ADVANCED_FACE('',(#4930),#4670,.F.);
#4930 = FACE_BOUND('',#4931,.F.);
#4931 = EDGE_LOOP('',(#4932,#4933,#4934,#4935));
#4932 = ORIENTED_EDGE('',*,*,#4654,.F.);
#4933 = ORIENTED_EDGE('',*,*,#4839,.T.);
#4934 = ORIENTED_EDGE('',*,*,#4769,.T.);
#4935 = ORIENTED_EDGE('',*,*,#4886,.F.);
#4936 = ADVANCED_FACE('',(#4937),#4724,.T.);
#4937 = FACE_BOUND('',#4938,.T.);
#4938 = EDGE_LOOP('',(#4939,#4940,#4941,#4942));
#4939 = ORIENTED_EDGE('',*,*,#4710,.F.);
#4940 = ORIENTED_EDGE('',*,*,#4861,.T.);
#4941 = ORIENTED_EDGE('',*,*,#4815,.T.);
#4942 = ORIENTED_EDGE('',*,*,#4908,.F.);
#4943 = MANIFOLD_SOLID_BREP('',#4944);
#4944 = CLOSED_SHELL('',(#4945,#5065,#5165,#5212,#5259,#5266));
#4945 = ADVANCED_FACE('',(#4946),#4960,.F.);
#4946 = FACE_BOUND('',#4947,.F.);
#4947 = EDGE_LOOP('',(#4948,#4983,#5011,#5039));
#4948 = ORIENTED_EDGE('',*,*,#4949,.F.);
#4949 = EDGE_CURVE('',#4950,#4952,#4954,.T.);
#4950 = VERTEX_POINT('',#4951);
#4951 = CARTESIAN_POINT('',(-8.061215932168,3.037564434702,8.));
#4952 = VERTEX_POINT('',#4953);
#4953 = CARTESIAN_POINT('',(-8.061215932168,3.037564434702,19.));
#4954 = SURFACE_CURVE('',#4955,(#4959,#4971),.PCURVE_S1.);
#4955 = LINE('',#4956,#4957);
#4956 = CARTESIAN_POINT('',(-8.061215932168,3.037564434702,8.));
#4957 = VECTOR('',#4958,1.);
#4958 = DIRECTION('',(0.,0.,1.));
#4959 = PCURVE('',#4960,#4965);
#4960 = PLANE('',#4961);
#4961 = AXIS2_PLACEMENT_3D('',#4962,#4963,#4964);
#4962 = CARTESIAN_POINT('',(-8.061215932168,3.037564434702,8.));
#4963 = DIRECTION('',(-0.866025403784,0.5,0.));
#4964 = DIRECTION('',(0.,0.,1.));
#4965 = DEFINITIONAL_REPRESENTATION('',(#4966),#4970);
#4966 = LINE('',#4967,#4968);
#4967 = CARTESIAN_POINT('',(0.,0.));
#4968 = VECTOR('',#4969,1.);
#4969 = DIRECTION('',(1.,0.));
#4970 = ( GEOMETRIC_REPRESENTATION_CONTEXT(2) 
PARAMETRIC_REPRESENTATION_CONTEXT() REPRESENTATION_CONTEXT('2D SPACE',''
  ) );
#4971 = PCURVE('',#4972,#4977);
#4972 = PLANE('',#4973);
#4973 = AXIS2_PLACEMENT_3D('',#4974,#4975,#4976);
#4974 = CARTESIAN_POINT('',(-8.061215932168,3.037564434702,8.));
#4975 = DIRECTION('',(-0.5,-0.866025403784,0.));
#4976 = DIRECTION('',(0.,0.,1.));
#4977 = DEFINITIONAL_REPRESENTATION('',(#4978),#4982);
#4978 = LINE('',#4979,#4980);
#4979 = CARTESIAN_POINT('',(0.,0.));
#4980 = VECTOR('',#4981,1.);
#4981 = DIRECTION('',(1.,0.));
#4982 = ( GEOMETRIC_REPRESENTATION_CONTEXT(2) 
PARAMETRIC_REPRESENTATION_CONTEXT() REPRESENTATION_CONTEXT('2D SPACE',''
  ) );
#4983 = ORIENTED_EDGE('',*,*,#4984,.T.);
#4984 = EDGE_CURVE('',#4950,#4985,#4987,.T.);
#4985 = VERTEX_POINT('',#4986);
#4986 = CARTESIAN_POINT('',(-8.661215932168,1.99833395016,8.));
#4987 = SURFACE_CURVE('',#4988,(#4992,#4999),.PCURVE_S1.);
#4988 = LINE('',#4989,#4990);
#4989 = CARTESIAN_POINT('',(-8.061215932168,3.037564434702,8.));
#4990 = VECTOR('',#4991,1.);
#4991 = DIRECTION('',(-0.5,-0.866025403784,0.));
#4992 = PCURVE('',#4960,#4993);
#4993 = DEFINITIONAL_REPRESENTATION('',(#4994),#4998);
#4994 = LINE('',#4995,#4996);
#4995 = CARTESIAN_POINT('',(0.,0.));
#4996 = VECTOR('',#4997,1.);
#4997 = DIRECTION('',(0.,-1.));
#4998 = ( GEOMETRIC_REPRESENTATION_CONTEXT(2) 
PARAMETRIC_REPRESENTATION_CONTEXT() REPRESENTATION_CONTEXT('2D SPACE',''
  ) );
#4999 = PCURVE('',#5000,#5005);
#5000 = PLANE('',#5001);
#5001 = AXIS2_PLACEMENT_3D('',#5002,#5003,#5004);
#5002 = CARTESIAN_POINT('',(-8.061215932168,3.037564434702,8.));
#5003 = DIRECTION('',(0.,0.,1.));
#5004 = DIRECTION('',(-0.866025403784,0.5,0.));
#5005 = DEFINITIONAL_REPRESENTATION('',(#5006),#5010);
#5006 = LINE('',#5007,#5008);
#5007 = CARTESIAN_POINT('',(0.,0.));
#5008 = VECTOR('',#5009,1.);
#5009 = DIRECTION('',(0.,1.));
#5010 = ( GEOMETRIC_REPRESENTATION_CONTEXT(2) 
PARAMETRIC_REPRESENTATION_CONTEXT() REPRESENTATION_CONTEXT('2D SPACE',''
  ) );
#5011 = ORIENTED_EDGE('',*,*,#5012,.T.);
#5012 = EDGE_CURVE('',#4985,#5013,#5015,.T.);
#5013 = VERTEX_POINT('',#5014);
#5014 = CARTESIAN_POINT('',(-8.661215932168,1.99833395016,19.));
#5015 = SURFACE_CURVE('',#5016,(#5020,#5027),.PCURVE_S1.);
#5016 = LINE('',#5017,#5018);
#5017 = CARTESIAN_POINT('',(-8.661215932168,1.99833395016,8.));
#5018 = VECTOR('',#5019,1.);
#5019 = DIRECTION('',(0.,0.,1.));
#5020 = PCURVE('',#4960,#5021);
#5021 = DEFINITIONAL_REPRESENTATION('',(#5022),#5026);
#5022 = LINE('',#5023,#5024);
#5023 = CARTESIAN_POINT('',(0.,-1.2));
#5024 = VECTOR('',#5025,1.);
#5025 = DIRECTION('',(1.,0.));
#5026 = ( GEOMETRIC_REPRESENTATION_CONTEXT(2) 
PARAMETRIC_REPRESENTATION_CONTEXT() REPRESENTATION_CONTEXT('2D SPACE',''
  ) );
#5027 = PCURVE('',#5028,#5033);
#5028 = PLANE('',#5029);
#5029 = AXIS2_PLACEMENT_3D('',#5030,#5031,#5032);
#5030 = CARTESIAN_POINT('',(-8.661215932168,1.99833395016,8.));
#5031 = DIRECTION('',(-0.5,-0.866025403784,0.));
#5032 = DIRECTION('',(0.,0.,1.));
#5033 = DEFINITIONAL_REPRESENTATION('',(#5034),#5038);
#5034 = LINE('',#5035,#5036);
#5035 = CARTESIAN_POINT('',(0.,0.));
#5036 = VECTOR('',#5037,1.);
#5037 = DIRECTION('',(1.,0.));
#5038 = ( GEOMETRIC_REPRESENTATION_CONTEXT(2) 
PARAMETRIC_REPRESENTATION_CONTEXT() REPRESENTATION_CONTEXT('2D SPACE',''
  ) );
#5039 = ORIENTED_EDGE('',*,*,#5040,.F.);
#5040 = EDGE_CURVE('',#4952,#5013,#5041,.T.);
#5041 = SURFACE_CURVE('',#5042,(#5046,#5053),.PCURVE_S1.);
#5042 = LINE('',#5043,#5044);
#5043 = CARTESIAN_POINT('',(-8.061215932168,3.037564434702,19.));
#5044 = VECTOR('',#5045,1.);
#5045 = DIRECTION('',(-0.5,-0.866025403784,0.));
#5046 = PCURVE('',#4960,#5047);
#5047 = DEFINITIONAL_REPRESENTATION('',(#5048),#5052);
#5048 = LINE('',#5049,#5050);
#5049 = CARTESIAN_POINT('',(11.,0.));
#5050 = VECTOR('',#5051,1.);
#5051 = DIRECTION('',(0.,-1.));
#5052 = ( GEOMETRIC_REPRESENTATION_CONTEXT(2) 
PARAMETRIC_REPRESENTATION_CONTEXT() REPRESENTATION_CONTEXT('2D SPACE',''
  ) );
#5053 = PCURVE('',#5054,#5059);
#5054 = PLANE('',#5055);
#5055 = AXIS2_PLACEMENT_3D('',#5056,#5057,#5058);
#5056 = CARTESIAN_POINT('',(-8.061215932168,3.037564434702,19.));
#5057 = DIRECTION('',(0.,0.,1.));
#5058 = DIRECTION('',(-0.866025403784,0.5,0.));
#5059 = DEFINITIONAL_REPRESENTATION('',(#5060),#5064);
#5060 = LINE('',#5061,#5062);
#5061 = CARTESIAN_POINT('',(0.,0.));
#5062 = VECTOR('',#5063,1.);
#5063 = DIRECTION('',(0.,1.));
#5064 = ( GEOMETRIC_REPRESENTATION_CONTEXT(2) 
PARAMETRIC_REPRESENTATION_CONTEXT() REPRESENTATION_CONTEXT('2D SPACE',''
  ) );
#5065 = ADVANCED_FACE('',(#5066),#5080,.T.);
#5066 = FACE_BOUND('',#5067,.T.);
#5067 = EDGE_LOOP('',(#5068,#5098,#5121,#5144));
#5068 = ORIENTED_EDGE('',*,*,#5069,.F.);
#5069 = EDGE_CURVE('',#5070,#5072,#5074,.T.);
#5070 = VERTEX_POINT('',#5071);
#5071 = CARTESIAN_POINT('',(-14.98941916244,7.037564434702,8.));
#5072 = VERTEX_POINT('',#5073);
#5073 = CARTESIAN_POINT('',(-14.98941916244,7.037564434702,19.));
#5074 = SURFACE_CURVE('',#5075,(#5079,#5091),.PCURVE_S1.);
#5075 = LINE('',#5076,#5077);
#5076 = CARTESIAN_POINT('',(-14.98941916244,7.037564434702,8.));
#5077 = VECTOR('',#5078,1.);
#5078 = DIRECTION('',(0.,0.,1.));
#5079 = PCURVE('',#5080,#5085);
#5080 = PLANE('',#5081);
#5081 = AXIS2_PLACEMENT_3D('',#5082,#5083,#5084);
#5082 = CARTESIAN_POINT('',(-14.98941916244,7.037564434702,8.));
#5083 = DIRECTION('',(-0.866025403784,0.5,0.));
#5084 = DIRECTION('',(0.,0.,1.));
#5085 = DEFINITIONAL_REPRESENTATION('',(#5086),#5090);
#5086 = LINE('',#5087,#5088);
#5087 = CARTESIAN_POINT('',(0.,0.));
#5088 = VECTOR('',#5089,1.);
#5089 = DIRECTION('',(1.,0.));
#5090 = ( GEOMETRIC_REPRESENTATION_CONTEXT(2) 
PARAMETRIC_REPRESENTATION_CONTEXT() REPRESENTATION_CONTEXT('2D SPACE',''
  ) );
#5091 = PCURVE('',#4972,#5092);
#5092 = DEFINITIONAL_REPRESENTATION('',(#5093),#5097);
#5093 = LINE('',#5094,#5095);
#5094 = CARTESIAN_POINT('',(0.,8.));
#5095 = VECTOR('',#5096,1.);
#5096 = DIRECTION('',(1.,0.));
#5097 = ( GEOMETRIC_REPRESENTATION_CONTEXT(2) 
PARAMETRIC_REPRESENTATION_CONTEXT() REPRESENTATION_CONTEXT('2D SPACE',''
  ) );
#5098 = ORIENTED_EDGE('',*,*,#5099,.T.);
#5099 = EDGE_CURVE('',#5070,#5100,#5102,.T.);
#5100 = VERTEX_POINT('',#5101);
#5101 = CARTESIAN_POINT('',(-15.58941916244,5.99833395016,8.));
#5102 = SURFACE_CURVE('',#5103,(#5107,#5114),.PCURVE_S1.);
#5103 = LINE('',#5104,#5105);
#5104 = CARTESIAN_POINT('',(-14.98941916244,7.037564434702,8.));
#5105 = VECTOR('',#5106,1.);
#5106 = DIRECTION('',(-0.5,-0.866025403784,0.));
#5107 = PCURVE('',#5080,#5108);
#5108 = DEFINITIONAL_REPRESENTATION('',(#5109),#5113);
#5109 = LINE('',#5110,#5111);
#5110 = CARTESIAN_POINT('',(0.,0.));
#5111 = VECTOR('',#5112,1.);
#5112 = DIRECTION('',(0.,-1.));
#5113 = ( GEOMETRIC_REPRESENTATION_CONTEXT(2) 
PARAMETRIC_REPRESENTATION_CONTEXT() REPRESENTATION_CONTEXT('2D SPACE',''
  ) );
#5114 = PCURVE('',#5000,#5115);
#5115 = DEFINITIONAL_REPRESENTATION('',(#5116),#5120);
#5116 = LINE('',#5117,#5118);
#5117 = CARTESIAN_POINT('',(8.,0.));
#5118 = VECTOR('',#5119,1.);
#5119 = DIRECTION('',(0.,1.));
#5120 = ( GEOMETRIC_REPRESENTATION_CONTEXT(2) 
PARAMETRIC_REPRESENTATION_CONTEXT() REPRESENTATION_CONTEXT('2D SPACE',''
  ) );
#5121 = ORIENTED_EDGE('',*,*,#5122,.T.);
#5122 = EDGE_CURVE('',#5100,#5123,#5125,.T.);
#5123 = VERTEX_POINT('',#5124);
#5124 = CARTESIAN_POINT('',(-15.58941916244,5.99833395016,19.));
#5125 = SURFACE_CURVE('',#5126,(#5130,#5137),.PCURVE_S1.);
#5126 = LINE('',#5127,#5128);
#5127 = CARTESIAN_POINT('',(-15.58941916244,5.99833395016,8.));
#5128 = VECTOR('',#5129,1.);
#5129 = DIRECTION('',(0.,0.,1.));
#5130 = PCURVE('',#5080,#5131);
#5131 = DEFINITIONAL_REPRESENTATION('',(#5132),#5136);
#5132 = LINE('',#5133,#5134);
#5133 = CARTESIAN_POINT('',(0.,-1.2));
#5134 = VECTOR('',#5135,1.);
#5135 = DIRECTION('',(1.,0.));
#5136 = ( GEOMETRIC_REPRESENTATION_CONTEXT(2) 
PARAMETRIC_REPRESENTATION_CONTEXT() REPRESENTATION_CONTEXT('2D SPACE',''
  ) );
#5137 = PCURVE('',#5028,#5138);
#5138 = DEFINITIONAL_REPRESENTATION('',(#5139),#5143);
#5139 = LINE('',#5140,#5141);
#5140 = CARTESIAN_POINT('',(0.,8.));
#5141 = VECTOR('',#5142,1.);
#5142 = DIRECTION('',(1.,0.));
#5143 = ( GEOMETRIC_REPRESENTATION_CONTEXT(2) 
PARAMETRIC_REPRESENTATION_CONTEXT() REPRESENTATION_CONTEXT('2D SPACE',''
  ) );
#5144 = ORIENTED_EDGE('',*,*,#5145,.F.);
#5145 = EDGE_CURVE('',#5072,#5123,#5146,.T.);
#5146 = SURFACE_CURVE('',#5147,(#5151,#5158),.PCURVE_S1.);
#5147 = LINE('',#5148,#5149);
#5148 = CARTESIAN_POINT('',(-14.98941916244,7.037564434702,19.));
#5149 = VECTOR('',#5150,1.);
#5150 = DIRECTION('',(-0.5,-0.866025403784,0.));
#5151 = PCURVE('',#5080,#5152);
#5152 = DEFINITIONAL_REPRESENTATION('',(#5153),#5157);
#5153 = LINE('',#5154,#5155);
#5154 = CARTESIAN_POINT('',(11.,0.));
#5155 = VECTOR('',#5156,1.);
#5156 = DIRECTION('',(0.,-1.));
#5157 = ( GEOMETRIC_REPRESENTATION_CONTEXT(2) 
PARAMETRIC_REPRESENTATION_CONTEXT() REPRESENTATION_CONTEXT('2D SPACE',''
  ) );
#5158 = PCURVE('',#5054,#5159);
#5159 = DEFINITIONAL_REPRESENTATION('',(#5160),#5164);
#5160 = LINE('',#5161,#5162);
#5161 = CARTESIAN_POINT('',(8.,0.));
#5162 = VECTOR('',#5163,1.);
#5163 = DIRECTION('',(0.,1.));
#5164 = ( GEOMETRIC_REPRESENTATION_CONTEXT(2) 
PARAMETRIC_REPRESENTATION_CONTEXT() REPRESENTATION_CONTEXT('2D SPACE',''
  ) );
#5165 = ADVANCED_FACE('',(#5166),#4972,.F.);
#5166 = FACE_BOUND('',#5167,.F.);
#5167 = EDGE_LOOP('',(#5168,#5189,#5190,#5211));
#5168 = ORIENTED_EDGE('',*,*,#5169,.F.);
#5169 = EDGE_CURVE('',#4950,#5070,#5170,.T.);
#5170 = SURFACE_CURVE('',#5171,(#5175,#5182),.PCURVE_S1.);
#5171 = LINE('',#5172,#5173);
#5172 = CARTESIAN_POINT('',(-8.061215932168,3.037564434702,8.));
#5173 = VECTOR('',#5174,1.);
#5174 = DIRECTION('',(-0.866025403784,0.5,0.));
#5175 = PCURVE('',#4972,#5176);
#5176 = DEFINITIONAL_REPRESENTATION('',(#5177),#5181);
#5177 = LINE('',#5178,#5179);
#5178 = CARTESIAN_POINT('',(0.,0.));
#5179 = VECTOR('',#5180,1.);
#5180 = DIRECTION('',(0.,1.));
#5181 = ( GEOMETRIC_REPRESENTATION_CONTEXT(2) 
PARAMETRIC_REPRESENTATION_CONTEXT() REPRESENTATION_CONTEXT('2D SPACE',''
  ) );
#5182 = PCURVE('',#5000,#5183);
#5183 = DEFINITIONAL_REPRESENTATION('',(#5184),#5188);
#5184 = LINE('',#5185,#5186);
#5185 = CARTESIAN_POINT('',(0.,0.));
#5186 = VECTOR('',#5187,1.);
#5187 = DIRECTION('',(1.,0.));
#5188 = ( GEOMETRIC_REPRESENTATION_CONTEXT(2) 
PARAMETRIC_REPRESENTATION_CONTEXT() REPRESENTATION_CONTEXT('2D SPACE',''
  ) );
#5189 = ORIENTED_EDGE('',*,*,#4949,.T.);
#5190 = ORIENTED_EDGE('',*,*,#5191,.T.);
#5191 = EDGE_CURVE('',#4952,#5072,#5192,.T.);
#5192 = SURFACE_CURVE('',#5193,(#5197,#5204),.PCURVE_S1.);
#5193 = LINE('',#5194,#5195);
#5194 = CARTESIAN_POINT('',(-8.061215932168,3.037564434702,19.));
#5195 = VECTOR('',#5196,1.);
#5196 = DIRECTION('',(-0.866025403784,0.5,0.));
#5197 = PCURVE('',#4972,#5198);
#5198 = DEFINITIONAL_REPRESENTATION('',(#5199),#5203);
#5199 = LINE('',#5200,#5201);
#5200 = CARTESIAN_POINT('',(11.,0.));
#5201 = VECTOR('',#5202,1.);
#5202 = DIRECTION('',(0.,1.));
#5203 = ( GEOMETRIC_REPRESENTATION_CONTEXT(2) 
PARAMETRIC_REPRESENTATION_CONTEXT() REPRESENTATION_CONTEXT('2D SPACE',''
  ) );
#5204 = PCURVE('',#5054,#5205);
#5205 = DEFINITIONAL_REPRESENTATION('',(#5206),#5210);
#5206 = LINE('',#5207,#5208);
#5207 = CARTESIAN_POINT('',(0.,0.));
#5208 = VECTOR('',#5209,1.);
#5209 = DIRECTION('',(1.,0.));
#5210 = ( GEOMETRIC_REPRESENTATION_CONTEXT(2) 
PARAMETRIC_REPRESENTATION_CONTEXT() REPRESENTATION_CONTEXT('2D SPACE',''
  ) );
#5211 = ORIENTED_EDGE('',*,*,#5069,.F.);
#5212 = ADVANCED_FACE('',(#5213),#5028,.T.);
#5213 = FACE_BOUND('',#5214,.T.);
#5214 = EDGE_LOOP('',(#5215,#5236,#5237,#5258));
#5215 = ORIENTED_EDGE('',*,*,#5216,.F.);
#5216 = EDGE_CURVE('',#4985,#5100,#5217,.T.);
#5217 = SURFACE_CURVE('',#5218,(#5222,#5229),.PCURVE_S1.);
#5218 = LINE('',#5219,#5220);
#5219 = CARTESIAN_POINT('',(-8.661215932168,1.99833395016,8.));
#5220 = VECTOR('',#5221,1.);
#5221 = DIRECTION('',(-0.866025403784,0.5,0.));
#5222 = PCURVE('',#5028,#5223);
#5223 = DEFINITIONAL_REPRESENTATION('',(#5224),#5228);
#5224 = LINE('',#5225,#5226);
#5225 = CARTESIAN_POINT('',(0.,0.));
#5226 = VECTOR('',#5227,1.);
#5227 = DIRECTION('',(0.,1.));
#5228 = ( GEOMETRIC_REPRESENTATION_CONTEXT(2) 
PARAMETRIC_REPRESENTATION_CONTEXT() REPRESENTATION_CONTEXT('2D SPACE',''
  ) );
#5229 = PCURVE('',#5000,#5230);
#5230 = DEFINITIONAL_REPRESENTATION('',(#5231),#5235);
#5231 = LINE('',#5232,#5233);
#5232 = CARTESIAN_POINT('',(0.,1.2));
#5233 = VECTOR('',#5234,1.);
#5234 = DIRECTION('',(1.,0.));
#5235 = ( GEOMETRIC_REPRESENTATION_CONTEXT(2) 
PARAMETRIC_REPRESENTATION_CONTEXT() REPRESENTATION_CONTEXT('2D SPACE',''
  ) );
#5236 = ORIENTED_EDGE('',*,*,#5012,.T.);
#5237 = ORIENTED_EDGE('',*,*,#5238,.T.);
#5238 = EDGE_CURVE('',#5013,#5123,#5239,.T.);
#5239 = SURFACE_CURVE('',#5240,(#5244,#5251),.PCURVE_S1.);
#5240 = LINE('',#5241,#5242);
#5241 = CARTESIAN_POINT('',(-8.661215932168,1.99833395016,19.));
#5242 = VECTOR('',#5243,1.);
#5243 = DIRECTION('',(-0.866025403784,0.5,0.));
#5244 = PCURVE('',#5028,#5245);
#5245 = DEFINITIONAL_REPRESENTATION('',(#5246),#5250);
#5246 = LINE('',#5247,#5248);
#5247 = CARTESIAN_POINT('',(11.,0.));
#5248 = VECTOR('',#5249,1.);
#5249 = DIRECTION('',(0.,1.));
#5250 = ( GEOMETRIC_REPRESENTATION_CONTEXT(2) 
PARAMETRIC_REPRESENTATION_CONTEXT() REPRESENTATION_CONTEXT('2D SPACE',''
  ) );
#5251 = PCURVE('',#5054,#5252);
#5252 = DEFINITIONAL_REPRESENTATION('',(#5253),#5257);
#5253 = LINE('',#5254,#5255);
#5254 = CARTESIAN_POINT('',(0.,1.2));
#5255 = VECTOR('',#5256,1.);
#5256 = DIRECTION('',(1.,0.));
#5257 = ( GEOMETRIC_REPRESENTATION_CONTEXT(2) 
PARAMETRIC_REPRESENTATION_CONTEXT() REPRESENTATION_CONTEXT('2D SPACE',''
  ) );
#5258 = ORIENTED_EDGE('',*,*,#5122,.F.);
#5259 = ADVANCED_FACE('',(#5260),#5000,.F.);
#5260 = FACE_BOUND('',#5261,.F.);
#5261 = EDGE_LOOP('',(#5262,#5263,#5264,#5265));
#5262 = ORIENTED_EDGE('',*,*,#4984,.F.);
#5263 = ORIENTED_EDGE('',*,*,#5169,.T.);
#5264 = ORIENTED_EDGE('',*,*,#5099,.T.);
#5265 = ORIENTED_EDGE('',*,*,#5216,.F.);
#5266 = ADVANCED_FACE('',(#5267),#5054,.T.);
#5267 = FACE_BOUND('',#5268,.T.);
#5268 = EDGE_LOOP('',(#5269,#5270,#5271,#5272));
#5269 = ORIENTED_EDGE('',*,*,#5040,.F.);
#5270 = ORIENTED_EDGE('',*,*,#5191,.T.);
#5271 = ORIENTED_EDGE('',*,*,#5145,.T.);
#5272 = ORIENTED_EDGE('',*,*,#5238,.F.);
#5273 = MANIFOLD_SOLID_BREP('',#5274);
#5274 = CLOSED_SHELL('',(#5275,#5395,#5495,#5542,#5589,#5596));
#5275 = ADVANCED_FACE('',(#5276),#5290,.F.);
#5276 = FACE_BOUND('',#5277,.F.);
#5277 = EDGE_LOOP('',(#5278,#5313,#5341,#5369));
#5278 = ORIENTED_EDGE('',*,*,#5279,.F.);
#5279 = EDGE_CURVE('',#5280,#5282,#5284,.T.);
#5280 = VERTEX_POINT('',#5281);
#5281 = CARTESIAN_POINT('',(-10.07962536721,10.858669265153,8.));
#5282 = VERTEX_POINT('',#5283);
#5283 = CARTESIAN_POINT('',(-10.07962536721,10.858669265153,19.));
#5284 = SURFACE_CURVE('',#5285,(#5289,#5301),.PCURVE_S1.);
#5285 = LINE('',#5286,#5287);
#5286 = CARTESIAN_POINT('',(-10.07962536721,10.858669265153,8.));
#5287 = VECTOR('',#5288,1.);
#5288 = DIRECTION('',(0.,0.,1.));
#5289 = PCURVE('',#5290,#5295);
#5290 = PLANE('',#5291);
#5291 = AXIS2_PLACEMENT_3D('',#5292,#5293,#5294);
#5292 = CARTESIAN_POINT('',(-10.07962536721,10.858669265153,8.));
#5293 = DIRECTION('',(-0.906307787037,0.422618261741,0.));
#5294 = DIRECTION('',(0.,0.,1.));
#5295 = DEFINITIONAL_REPRESENTATION('',(#5296),#5300);
#5296 = LINE('',#5297,#5298);
#5297 = CARTESIAN_POINT('',(0.,0.));
#5298 = VECTOR('',#5299,1.);
#5299 = DIRECTION('',(1.,0.));
#5300 = ( GEOMETRIC_REPRESENTATION_CONTEXT(2) 
PARAMETRIC_REPRESENTATION_CONTEXT() REPRESENTATION_CONTEXT('2D SPACE',''
  ) );
#5301 = PCURVE('',#5302,#5307);
#5302 = PLANE('',#5303);
#5303 = AXIS2_PLACEMENT_3D('',#5304,#5305,#5306);
#5304 = CARTESIAN_POINT('',(-10.07962536721,10.858669265153,8.));
#5305 = DIRECTION('',(-0.422618261741,-0.906307787037,0.));
#5306 = DIRECTION('',(0.,0.,1.));
#5307 = DEFINITIONAL_REPRESENTATION('',(#5308),#5312);
#5308 = LINE('',#5309,#5310);
#5309 = CARTESIAN_POINT('',(0.,0.));
#5310 = VECTOR('',#5311,1.);
#5311 = DIRECTION('',(1.,0.));
#5312 = ( GEOMETRIC_REPRESENTATION_CONTEXT(2) 
PARAMETRIC_REPRESENTATION_CONTEXT() REPRESENTATION_CONTEXT('2D SPACE',''
  ) );
#5313 = ORIENTED_EDGE('',*,*,#5314,.T.);
#5314 = EDGE_CURVE('',#5280,#5315,#5317,.T.);
#5315 = VERTEX_POINT('',#5316);
#5316 = CARTESIAN_POINT('',(-10.50224362896,9.952361478116,8.));
#5317 = SURFACE_CURVE('',#5318,(#5322,#5329),.PCURVE_S1.);
#5318 = LINE('',#5319,#5320);
#5319 = CARTESIAN_POINT('',(-10.07962536721,10.858669265153,8.));
#5320 = VECTOR('',#5321,1.);
#5321 = DIRECTION('',(-0.422618261741,-0.906307787037,0.));
#5322 = PCURVE('',#5290,#5323);
#5323 = DEFINITIONAL_REPRESENTATION('',(#5324),#5328);
#5324 = LINE('',#5325,#5326);
#5325 = CARTESIAN_POINT('',(0.,0.));
#5326 = VECTOR('',#5327,1.);
#5327 = DIRECTION('',(0.,-1.));
#5328 = ( GEOMETRIC_REPRESENTATION_CONTEXT(2) 
PARAMETRIC_REPRESENTATION_CONTEXT() REPRESENTATION_CONTEXT('2D SPACE',''
  ) );
#5329 = PCURVE('',#5330,#5335);
#5330 = PLANE('',#5331);
#5331 = AXIS2_PLACEMENT_3D('',#5332,#5333,#5334);
#5332 = CARTESIAN_POINT('',(-10.07962536721,10.858669265153,8.));
#5333 = DIRECTION('',(0.,0.,1.));
#5334 = DIRECTION('',(-0.906307787037,0.422618261741,0.));
#5335 = DEFINITIONAL_REPRESENTATION('',(#5336),#5340);
#5336 = LINE('',#5337,#5338);
#5337 = CARTESIAN_POINT('',(0.,0.));
#5338 = VECTOR('',#5339,1.);
#5339 = DIRECTION('',(0.,1.));
#5340 = ( GEOMETRIC_REPRESENTATION_CONTEXT(2) 
PARAMETRIC_REPRESENTATION_CONTEXT() REPRESENTATION_CONTEXT('2D SPACE',''
  ) );
#5341 = ORIENTED_EDGE('',*,*,#5342,.T.);
#5342 = EDGE_CURVE('',#5315,#5343,#5345,.T.);
#5343 = VERTEX_POINT('',#5344);
#5344 = CARTESIAN_POINT('',(-10.50224362896,9.952361478116,19.));
#5345 = SURFACE_CURVE('',#5346,(#5350,#5357),.PCURVE_S1.);
#5346 = LINE('',#5347,#5348);
#5347 = CARTESIAN_POINT('',(-10.50224362896,9.952361478116,8.));
#5348 = VECTOR('',#5349,1.);
#5349 = DIRECTION('',(0.,0.,1.));
#5350 = PCURVE('',#5290,#5351);
#5351 = DEFINITIONAL_REPRESENTATION('',(#5352),#5356);
#5352 = LINE('',#5353,#5354);
#5353 = CARTESIAN_POINT('',(0.,-1.));
#5354 = VECTOR('',#5355,1.);
#5355 = DIRECTION('',(1.,0.));
#5356 = ( GEOMETRIC_REPRESENTATION_CONTEXT(2) 
PARAMETRIC_REPRESENTATION_CONTEXT() REPRESENTATION_CONTEXT('2D SPACE',''
  ) );
#5357 = PCURVE('',#5358,#5363);
#5358 = PLANE('',#5359);
#5359 = AXIS2_PLACEMENT_3D('',#5360,#5361,#5362);
#5360 = CARTESIAN_POINT('',(-10.50224362896,9.952361478116,8.));
#5361 = DIRECTION('',(-0.422618261741,-0.906307787037,0.));
#5362 = DIRECTION('',(0.,0.,1.));
#5363 = DEFINITIONAL_REPRESENTATION('',(#5364),#5368);
#5364 = LINE('',#5365,#5366);
#5365 = CARTESIAN_POINT('',(0.,0.));
#5366 = VECTOR('',#5367,1.);
#5367 = DIRECTION('',(1.,0.));
#5368 = ( GEOMETRIC_REPRESENTATION_CONTEXT(2) 
PARAMETRIC_REPRESENTATION_CONTEXT() REPRESENTATION_CONTEXT('2D SPACE',''
  ) );
#5369 = ORIENTED_EDGE('',*,*,#5370,.F.);
#5370 = EDGE_CURVE('',#5282,#5343,#5371,.T.);
#5371 = SURFACE_CURVE('',#5372,(#5376,#5383),.PCURVE_S1.);
#5372 = LINE('',#5373,#5374);
#5373 = CARTESIAN_POINT('',(-10.07962536721,10.858669265153,19.));
#5374 = VECTOR('',#5375,1.);
#5375 = DIRECTION('',(-0.422618261741,-0.906307787037,0.));
#5376 = PCURVE('',#5290,#5377);
#5377 = DEFINITIONAL_REPRESENTATION('',(#5378),#5382);
#5378 = LINE('',#5379,#5380);
#5379 = CARTESIAN_POINT('',(11.,0.));
#5380 = VECTOR('',#5381,1.);
#5381 = DIRECTION('',(0.,-1.));
#5382 = ( GEOMETRIC_REPRESENTATION_CONTEXT(2) 
PARAMETRIC_REPRESENTATION_CONTEXT() REPRESENTATION_CONTEXT('2D SPACE',''
  ) );
#5383 = PCURVE('',#5384,#5389);
#5384 = PLANE('',#5385);
#5385 = AXIS2_PLACEMENT_3D('',#5386,#5387,#5388);
#5386 = CARTESIAN_POINT('',(-10.07962536721,10.858669265153,19.));
#5387 = DIRECTION('',(0.,0.,1.));
#5388 = DIRECTION('',(-0.906307787037,0.422618261741,0.));
#5389 = DEFINITIONAL_REPRESENTATION('',(#5390),#5394);
#5390 = LINE('',#5391,#5392);
#5391 = CARTESIAN_POINT('',(0.,0.));
#5392 = VECTOR('',#5393,1.);
#5393 = DIRECTION('',(0.,1.));
#5394 = ( GEOMETRIC_REPRESENTATION_CONTEXT(2) 
PARAMETRIC_REPRESENTATION_CONTEXT() REPRESENTATION_CONTEXT('2D SPACE',''
  ) );
#5395 = ADVANCED_FACE('',(#5396),#5410,.T.);
#5396 = FACE_BOUND('',#5397,.T.);
#5397 = EDGE_LOOP('',(#5398,#5428,#5451,#5474));
#5398 = ORIENTED_EDGE('',*,*,#5399,.F.);
#5399 = EDGE_CURVE('',#5400,#5402,#5404,.T.);
#5400 = VERTEX_POINT('',#5401);
#5401 = CARTESIAN_POINT('',(-14.15801040888,12.760451442986,8.));
#5402 = VERTEX_POINT('',#5403);
#5403 = CARTESIAN_POINT('',(-14.15801040888,12.760451442986,19.));
#5404 = SURFACE_CURVE('',#5405,(#5409,#5421),.PCURVE_S1.);
#5405 = LINE('',#5406,#5407);
#5406 = CARTESIAN_POINT('',(-14.15801040888,12.760451442986,8.));
#5407 = VECTOR('',#5408,1.);
#5408 = DIRECTION('',(0.,0.,1.));
#5409 = PCURVE('',#5410,#5415);
#5410 = PLANE('',#5411);
#5411 = AXIS2_PLACEMENT_3D('',#5412,#5413,#5414);
#5412 = CARTESIAN_POINT('',(-14.15801040888,12.760451442986,8.));
#5413 = DIRECTION('',(-0.906307787037,0.422618261741,0.));
#5414 = DIRECTION('',(0.,0.,1.));
#5415 = DEFINITIONAL_REPRESENTATION('',(#5416),#5420);
#5416 = LINE('',#5417,#5418);
#5417 = CARTESIAN_POINT('',(0.,0.));
#5418 = VECTOR('',#5419,1.);
#5419 = DIRECTION('',(1.,0.));
#5420 = ( GEOMETRIC_REPRESENTATION_CONTEXT(2) 
PARAMETRIC_REPRESENTATION_CONTEXT() REPRESENTATION_CONTEXT('2D SPACE',''
  ) );
#5421 = PCURVE('',#5302,#5422);
#5422 = DEFINITIONAL_REPRESENTATION('',(#5423),#5427);
#5423 = LINE('',#5424,#5425);
#5424 = CARTESIAN_POINT('',(0.,4.5));
#5425 = VECTOR('',#5426,1.);
#5426 = DIRECTION('',(1.,0.));
#5427 = ( GEOMETRIC_REPRESENTATION_CONTEXT(2) 
PARAMETRIC_REPRESENTATION_CONTEXT() REPRESENTATION_CONTEXT('2D SPACE',''
  ) );
#5428 = ORIENTED_EDGE('',*,*,#5429,.T.);
#5429 = EDGE_CURVE('',#5400,#5430,#5432,.T.);
#5430 = VERTEX_POINT('',#5431);
#5431 = CARTESIAN_POINT('',(-14.58062867062,11.854143655949,8.));
#5432 = SURFACE_CURVE('',#5433,(#5437,#5444),.PCURVE_S1.);
#5433 = LINE('',#5434,#5435);
#5434 = CARTESIAN_POINT('',(-14.15801040888,12.760451442986,8.));
#5435 = VECTOR('',#5436,1.);
#5436 = DIRECTION('',(-0.422618261741,-0.906307787037,0.));
#5437 = PCURVE('',#5410,#5438);
#5438 = DEFINITIONAL_REPRESENTATION('',(#5439),#5443);
#5439 = LINE('',#5440,#5441);
#5440 = CARTESIAN_POINT('',(0.,0.));
#5441 = VECTOR('',#5442,1.);
#5442 = DIRECTION('',(0.,-1.));
#5443 = ( GEOMETRIC_REPRESENTATION_CONTEXT(2) 
PARAMETRIC_REPRESENTATION_CONTEXT() REPRESENTATION_CONTEXT('2D SPACE',''
  ) );
#5444 = PCURVE('',#5330,#5445);
#5445 = DEFINITIONAL_REPRESENTATION('',(#5446),#5450);
#5446 = LINE('',#5447,#5448);
#5447 = CARTESIAN_POINT('',(4.5,0.));
#5448 = VECTOR('',#5449,1.);
#5449 = DIRECTION('',(0.,1.));
#5450 = ( GEOMETRIC_REPRESENTATION_CONTEXT(2) 
PARAMETRIC_REPRESENTATION_CONTEXT() REPRESENTATION_CONTEXT('2D SPACE',''
  ) );
#5451 = ORIENTED_EDGE('',*,*,#5452,.T.);
#5452 = EDGE_CURVE('',#5430,#5453,#5455,.T.);
#5453 = VERTEX_POINT('',#5454);
#5454 = CARTESIAN_POINT('',(-14.58062867062,11.854143655949,19.));
#5455 = SURFACE_CURVE('',#5456,(#5460,#5467),.PCURVE_S1.);
#5456 = LINE('',#5457,#5458);
#5457 = CARTESIAN_POINT('',(-14.58062867062,11.854143655949,8.));
#5458 = VECTOR('',#5459,1.);
#5459 = DIRECTION('',(0.,0.,1.));
#5460 = PCURVE('',#5410,#5461);
#5461 = DEFINITIONAL_REPRESENTATION('',(#5462),#5466);
#5462 = LINE('',#5463,#5464);
#5463 = CARTESIAN_POINT('',(0.,-1.));
#5464 = VECTOR('',#5465,1.);
#5465 = DIRECTION('',(1.,0.));
#5466 = ( GEOMETRIC_REPRESENTATION_CONTEXT(2) 
PARAMETRIC_REPRESENTATION_CONTEXT() REPRESENTATION_CONTEXT('2D SPACE',''
  ) );
#5467 = PCURVE('',#5358,#5468);
#5468 = DEFINITIONAL_REPRESENTATION('',(#5469),#5473);
#5469 = LINE('',#5470,#5471);
#5470 = CARTESIAN_POINT('',(0.,4.5));
#5471 = VECTOR('',#5472,1.);
#5472 = DIRECTION('',(1.,0.));
#5473 = ( GEOMETRIC_REPRESENTATION_CONTEXT(2) 
PARAMETRIC_REPRESENTATION_CONTEXT() REPRESENTATION_CONTEXT('2D SPACE',''
  ) );
#5474 = ORIENTED_EDGE('',*,*,#5475,.F.);
#5475 = EDGE_CURVE('',#5402,#5453,#5476,.T.);
#5476 = SURFACE_CURVE('',#5477,(#5481,#5488),.PCURVE_S1.);
#5477 = LINE('',#5478,#5479);
#5478 = CARTESIAN_POINT('',(-14.15801040888,12.760451442986,19.));
#5479 = VECTOR('',#5480,1.);
#5480 = DIRECTION('',(-0.422618261741,-0.906307787037,0.));
#5481 = PCURVE('',#5410,#5482);
#5482 = DEFINITIONAL_REPRESENTATION('',(#5483),#5487);
#5483 = LINE('',#5484,#5485);
#5484 = CARTESIAN_POINT('',(11.,0.));
#5485 = VECTOR('',#5486,1.);
#5486 = DIRECTION('',(0.,-1.));
#5487 = ( GEOMETRIC_REPRESENTATION_CONTEXT(2) 
PARAMETRIC_REPRESENTATION_CONTEXT() REPRESENTATION_CONTEXT('2D SPACE',''
  ) );
#5488 = PCURVE('',#5384,#5489);
#5489 = DEFINITIONAL_REPRESENTATION('',(#5490),#5494);
#5490 = LINE('',#5491,#5492);
#5491 = CARTESIAN_POINT('',(4.5,0.));
#5492 = VECTOR('',#5493,1.);
#5493 = DIRECTION('',(0.,1.));
#5494 = ( GEOMETRIC_REPRESENTATION_CONTEXT(2) 
PARAMETRIC_REPRESENTATION_CONTEXT() REPRESENTATION_CONTEXT('2D SPACE',''
  ) );
#5495 = ADVANCED_FACE('',(#5496),#5302,.F.);
#5496 = FACE_BOUND('',#5497,.F.);
#5497 = EDGE_LOOP('',(#5498,#5519,#5520,#5541));
#5498 = ORIENTED_EDGE('',*,*,#5499,.F.);
#5499 = EDGE_CURVE('',#5280,#5400,#5500,.T.);
#5500 = SURFACE_CURVE('',#5501,(#5505,#5512),.PCURVE_S1.);
#5501 = LINE('',#5502,#5503);
#5502 = CARTESIAN_POINT('',(-10.07962536721,10.858669265153,8.));
#5503 = VECTOR('',#5504,1.);
#5504 = DIRECTION('',(-0.906307787037,0.422618261741,0.));
#5505 = PCURVE('',#5302,#5506);
#5506 = DEFINITIONAL_REPRESENTATION('',(#5507),#5511);
#5507 = LINE('',#5508,#5509);
#5508 = CARTESIAN_POINT('',(0.,0.));
#5509 = VECTOR('',#5510,1.);
#5510 = DIRECTION('',(0.,1.));
#5511 = ( GEOMETRIC_REPRESENTATION_CONTEXT(2) 
PARAMETRIC_REPRESENTATION_CONTEXT() REPRESENTATION_CONTEXT('2D SPACE',''
  ) );
#5512 = PCURVE('',#5330,#5513);
#5513 = DEFINITIONAL_REPRESENTATION('',(#5514),#5518);
#5514 = LINE('',#5515,#5516);
#5515 = CARTESIAN_POINT('',(0.,0.));
#5516 = VECTOR('',#5517,1.);
#5517 = DIRECTION('',(1.,0.));
#5518 = ( GEOMETRIC_REPRESENTATION_CONTEXT(2) 
PARAMETRIC_REPRESENTATION_CONTEXT() REPRESENTATION_CONTEXT('2D SPACE',''
  ) );
#5519 = ORIENTED_EDGE('',*,*,#5279,.T.);
#5520 = ORIENTED_EDGE('',*,*,#5521,.T.);
#5521 = EDGE_CURVE('',#5282,#5402,#5522,.T.);
#5522 = SURFACE_CURVE('',#5523,(#5527,#5534),.PCURVE_S1.);
#5523 = LINE('',#5524,#5525);
#5524 = CARTESIAN_POINT('',(-10.07962536721,10.858669265153,19.));
#5525 = VECTOR('',#5526,1.);
#5526 = DIRECTION('',(-0.906307787037,0.422618261741,0.));
#5527 = PCURVE('',#5302,#5528);
#5528 = DEFINITIONAL_REPRESENTATION('',(#5529),#5533);
#5529 = LINE('',#5530,#5531);
#5530 = CARTESIAN_POINT('',(11.,0.));
#5531 = VECTOR('',#5532,1.);
#5532 = DIRECTION('',(0.,1.));
#5533 = ( GEOMETRIC_REPRESENTATION_CONTEXT(2) 
PARAMETRIC_REPRESENTATION_CONTEXT() REPRESENTATION_CONTEXT('2D SPACE',''
  ) );
#5534 = PCURVE('',#5384,#5535);
#5535 = DEFINITIONAL_REPRESENTATION('',(#5536),#5540);
#5536 = LINE('',#5537,#5538);
#5537 = CARTESIAN_POINT('',(0.,0.));
#5538 = VECTOR('',#5539,1.);
#5539 = DIRECTION('',(1.,0.));
#5540 = ( GEOMETRIC_REPRESENTATION_CONTEXT(2) 
PARAMETRIC_REPRESENTATION_CONTEXT() REPRESENTATION_CONTEXT('2D SPACE',''
  ) );
#5541 = ORIENTED_EDGE('',*,*,#5399,.F.);
#5542 = ADVANCED_FACE('',(#5543),#5358,.T.);
#5543 = FACE_BOUND('',#5544,.T.);
#5544 = EDGE_LOOP('',(#5545,#5566,#5567,#5588));
#5545 = ORIENTED_EDGE('',*,*,#5546,.F.);
#5546 = EDGE_CURVE('',#5315,#5430,#5547,.T.);
#5547 = SURFACE_CURVE('',#5548,(#5552,#5559),.PCURVE_S1.);
#5548 = LINE('',#5549,#5550);
#5549 = CARTESIAN_POINT('',(-10.50224362896,9.952361478116,8.));
#5550 = VECTOR('',#5551,1.);
#5551 = DIRECTION('',(-0.906307787037,0.422618261741,0.));
#5552 = PCURVE('',#5358,#5553);
#5553 = DEFINITIONAL_REPRESENTATION('',(#5554),#5558);
#5554 = LINE('',#5555,#5556);
#5555 = CARTESIAN_POINT('',(0.,0.));
#5556 = VECTOR('',#5557,1.);
#5557 = DIRECTION('',(0.,1.));
#5558 = ( GEOMETRIC_REPRESENTATION_CONTEXT(2) 
PARAMETRIC_REPRESENTATION_CONTEXT() REPRESENTATION_CONTEXT('2D SPACE',''
  ) );
#5559 = PCURVE('',#5330,#5560);
#5560 = DEFINITIONAL_REPRESENTATION('',(#5561),#5565);
#5561 = LINE('',#5562,#5563);
#5562 = CARTESIAN_POINT('',(0.,1.));
#5563 = VECTOR('',#5564,1.);
#5564 = DIRECTION('',(1.,0.));
#5565 = ( GEOMETRIC_REPRESENTATION_CONTEXT(2) 
PARAMETRIC_REPRESENTATION_CONTEXT() REPRESENTATION_CONTEXT('2D SPACE',''
  ) );
#5566 = ORIENTED_EDGE('',*,*,#5342,.T.);
#5567 = ORIENTED_EDGE('',*,*,#5568,.T.);
#5568 = EDGE_CURVE('',#5343,#5453,#5569,.T.);
#5569 = SURFACE_CURVE('',#5570,(#5574,#5581),.PCURVE_S1.);
#5570 = LINE('',#5571,#5572);
#5571 = CARTESIAN_POINT('',(-10.50224362896,9.952361478116,19.));
#5572 = VECTOR('',#5573,1.);
#5573 = DIRECTION('',(-0.906307787037,0.422618261741,0.));
#5574 = PCURVE('',#5358,#5575);
#5575 = DEFINITIONAL_REPRESENTATION('',(#5576),#5580);
#5576 = LINE('',#5577,#5578);
#5577 = CARTESIAN_POINT('',(11.,0.));
#5578 = VECTOR('',#5579,1.);
#5579 = DIRECTION('',(0.,1.));
#5580 = ( GEOMETRIC_REPRESENTATION_CONTEXT(2) 
PARAMETRIC_REPRESENTATION_CONTEXT() REPRESENTATION_CONTEXT('2D SPACE',''
  ) );
#5581 = PCURVE('',#5384,#5582);
#5582 = DEFINITIONAL_REPRESENTATION('',(#5583),#5587);
#5583 = LINE('',#5584,#5585);
#5584 = CARTESIAN_POINT('',(0.,1.));
#5585 = VECTOR('',#5586,1.);
#5586 = DIRECTION('',(1.,0.));
#5587 = ( GEOMETRIC_REPRESENTATION_CONTEXT(2) 
PARAMETRIC_REPRESENTATION_CONTEXT() REPRESENTATION_CONTEXT('2D SPACE',''
  ) );
#5588 = ORIENTED_EDGE('',*,*,#5452,.F.);
#5589 = ADVANCED_FACE('',(#5590),#5330,.F.);
#5590 = FACE_BOUND('',#5591,.F.);
#5591 = EDGE_LOOP('',(#5592,#5593,#5594,#5595));
#5592 = ORIENTED_EDGE('',*,*,#5314,.F.);
#5593 = ORIENTED_EDGE('',*,*,#5499,.T.);
#5594 = ORIENTED_EDGE('',*,*,#5429,.T.);
#5595 = ORIENTED_EDGE('',*,*,#5546,.F.);
#5596 = ADVANCED_FACE('',(#5597),#5384,.T.);
#5597 = FACE_BOUND('',#5598,.T.);
#5598 = EDGE_LOOP('',(#5599,#5600,#5601,#5602));
#5599 = ORIENTED_EDGE('',*,*,#5370,.F.);
#5600 = ORIENTED_EDGE('',*,*,#5521,.T.);
#5601 = ORIENTED_EDGE('',*,*,#5475,.T.);
#5602 = ORIENTED_EDGE('',*,*,#5568,.F.);
#5603 = MANIFOLD_SOLID_BREP('',#5604);
#5604 = CLOSED_SHELL('',(#5605,#5725,#5825,#5872,#5919,#5926));
#5605 = ADVANCED_FACE('',(#5606),#5620,.F.);
#5606 = FACE_BOUND('',#5607,.F.);
#5607 = EDGE_LOOP('',(#5608,#5643,#5671,#5699));
#5608 = ORIENTED_EDGE('',*,*,#5609,.F.);
#5609 = EDGE_CURVE('',#5610,#5612,#5614,.T.);
#5610 = VERTEX_POINT('',#5611);
#5611 = CARTESIAN_POINT('',(-5.462435565298,6.661215932168,8.));
#5612 = VERTEX_POINT('',#5613);
#5613 = CARTESIAN_POINT('',(-5.462435565298,6.661215932168,19.));
#5614 = SURFACE_CURVE('',#5615,(#5619,#5631),.PCURVE_S1.);
#5615 = LINE('',#5616,#5617);
#5616 = CARTESIAN_POINT('',(-5.462435565298,6.661215932168,8.));
#5617 = VECTOR('',#5618,1.);
#5618 = DIRECTION('',(0.,0.,1.));
#5619 = PCURVE('',#5620,#5625);
#5620 = PLANE('',#5621);
#5621 = AXIS2_PLACEMENT_3D('',#5622,#5623,#5624);
#5622 = CARTESIAN_POINT('',(-5.462435565298,6.661215932168,8.));
#5623 = DIRECTION('',(-0.5,0.866025403784,0.));
#5624 = DIRECTION('',(0.,0.,1.));
#5625 = DEFINITIONAL_REPRESENTATION('',(#5626),#5630);
#5626 = LINE('',#5627,#5628);
#5627 = CARTESIAN_POINT('',(0.,0.));
#5628 = VECTOR('',#5629,1.);
#5629 = DIRECTION('',(1.,0.));
#5630 = ( GEOMETRIC_REPRESENTATION_CONTEXT(2) 
PARAMETRIC_REPRESENTATION_CONTEXT() REPRESENTATION_CONTEXT('2D SPACE',''
  ) );
#5631 = PCURVE('',#5632,#5637);
#5632 = PLANE('',#5633);
#5633 = AXIS2_PLACEMENT_3D('',#5634,#5635,#5636);
#5634 = CARTESIAN_POINT('',(-5.462435565298,6.661215932168,8.));
#5635 = DIRECTION('',(-0.866025403784,-0.5,0.));
#5636 = DIRECTION('',(0.,0.,1.));
#5637 = DEFINITIONAL_REPRESENTATION('',(#5638),#5642);
#5638 = LINE('',#5639,#5640);
#5639 = CARTESIAN_POINT('',(0.,0.));
#5640 = VECTOR('',#5641,1.);
#5641 = DIRECTION('',(1.,0.));
#5642 = ( GEOMETRIC_REPRESENTATION_CONTEXT(2) 
PARAMETRIC_REPRESENTATION_CONTEXT() REPRESENTATION_CONTEXT('2D SPACE',''
  ) );
#5643 = ORIENTED_EDGE('',*,*,#5644,.T.);
#5644 = EDGE_CURVE('',#5610,#5645,#5647,.T.);
#5645 = VERTEX_POINT('',#5646);
#5646 = CARTESIAN_POINT('',(-6.50166604984,6.061215932168,8.));
#5647 = SURFACE_CURVE('',#5648,(#5652,#5659),.PCURVE_S1.);
#5648 = LINE('',#5649,#5650);
#5649 = CARTESIAN_POINT('',(-5.462435565298,6.661215932168,8.));
#5650 = VECTOR('',#5651,1.);
#5651 = DIRECTION('',(-0.866025403784,-0.5,0.));
#5652 = PCURVE('',#5620,#5653);
#5653 = DEFINITIONAL_REPRESENTATION('',(#5654),#5658);
#5654 = LINE('',#5655,#5656);
#5655 = CARTESIAN_POINT('',(0.,0.));
#5656 = VECTOR('',#5657,1.);
#5657 = DIRECTION('',(0.,-1.));
#5658 = ( GEOMETRIC_REPRESENTATION_CONTEXT(2) 
PARAMETRIC_REPRESENTATION_CONTEXT() REPRESENTATION_CONTEXT('2D SPACE',''
  ) );
#5659 = PCURVE('',#5660,#5665);
#5660 = PLANE('',#5661);
#5661 = AXIS2_PLACEMENT_3D('',#5662,#5663,#5664);
#5662 = CARTESIAN_POINT('',(-5.462435565298,6.661215932168,8.));
#5663 = DIRECTION('',(0.,0.,1.));
#5664 = DIRECTION('',(-0.5,0.866025403784,0.));
#5665 = DEFINITIONAL_REPRESENTATION('',(#5666),#5670);
#5666 = LINE('',#5667,#5668);
#5667 = CARTESIAN_POINT('',(0.,0.));
#5668 = VECTOR('',#5669,1.);
#5669 = DIRECTION('',(0.,1.));
#5670 = ( GEOMETRIC_REPRESENTATION_CONTEXT(2) 
PARAMETRIC_REPRESENTATION_CONTEXT() REPRESENTATION_CONTEXT('2D SPACE',''
  ) );
#5671 = ORIENTED_EDGE('',*,*,#5672,.T.);
#5672 = EDGE_CURVE('',#5645,#5673,#5675,.T.);
#5673 = VERTEX_POINT('',#5674);
#5674 = CARTESIAN_POINT('',(-6.50166604984,6.061215932168,19.));
#5675 = SURFACE_CURVE('',#5676,(#5680,#5687),.PCURVE_S1.);
#5676 = LINE('',#5677,#5678);
#5677 = CARTESIAN_POINT('',(-6.50166604984,6.061215932168,8.));
#5678 = VECTOR('',#5679,1.);
#5679 = DIRECTION('',(0.,0.,1.));
#5680 = PCURVE('',#5620,#5681);
#5681 = DEFINITIONAL_REPRESENTATION('',(#5682),#5686);
#5682 = LINE('',#5683,#5684);
#5683 = CARTESIAN_POINT('',(0.,-1.2));
#5684 = VECTOR('',#5685,1.);
#5685 = DIRECTION('',(1.,0.));
#5686 = ( GEOMETRIC_REPRESENTATION_CONTEXT(2) 
PARAMETRIC_REPRESENTATION_CONTEXT() REPRESENTATION_CONTEXT('2D SPACE',''
  ) );
#5687 = PCURVE('',#5688,#5693);
#5688 = PLANE('',#5689);
#5689 = AXIS2_PLACEMENT_3D('',#5690,#5691,#5692);
#5690 = CARTESIAN_POINT('',(-6.50166604984,6.061215932168,8.));
#5691 = DIRECTION('',(-0.866025403784,-0.5,0.));
#5692 = DIRECTION('',(0.,0.,1.));
#5693 = DEFINITIONAL_REPRESENTATION('',(#5694),#5698);
#5694 = LINE('',#5695,#5696);
#5695 = CARTESIAN_POINT('',(0.,0.));
#5696 = VECTOR('',#5697,1.);
#5697 = DIRECTION('',(1.,0.));
#5698 = ( GEOMETRIC_REPRESENTATION_CONTEXT(2) 
PARAMETRIC_REPRESENTATION_CONTEXT() REPRESENTATION_CONTEXT('2D SPACE',''
  ) );
#5699 = ORIENTED_EDGE('',*,*,#5700,.F.);
#5700 = EDGE_CURVE('',#5612,#5673,#5701,.T.);
#5701 = SURFACE_CURVE('',#5702,(#5706,#5713),.PCURVE_S1.);
#5702 = LINE('',#5703,#5704);
#5703 = CARTESIAN_POINT('',(-5.462435565298,6.661215932168,19.));
#5704 = VECTOR('',#5705,1.);
#5705 = DIRECTION('',(-0.866025403784,-0.5,0.));
#5706 = PCURVE('',#5620,#5707);
#5707 = DEFINITIONAL_REPRESENTATION('',(#5708),#5712);
#5708 = LINE('',#5709,#5710);
#5709 = CARTESIAN_POINT('',(11.,0.));
#5710 = VECTOR('',#5711,1.);
#5711 = DIRECTION('',(0.,-1.));
#5712 = ( GEOMETRIC_REPRESENTATION_CONTEXT(2) 
PARAMETRIC_REPRESENTATION_CONTEXT() REPRESENTATION_CONTEXT('2D SPACE',''
  ) );
#5713 = PCURVE('',#5714,#5719);
#5714 = PLANE('',#5715);
#5715 = AXIS2_PLACEMENT_3D('',#5716,#5717,#5718);
#5716 = CARTESIAN_POINT('',(-5.462435565298,6.661215932168,19.));
#5717 = DIRECTION('',(0.,0.,1.));
#5718 = DIRECTION('',(-0.5,0.866025403784,0.));
#5719 = DEFINITIONAL_REPRESENTATION('',(#5720),#5724);
#5720 = LINE('',#5721,#5722);
#5721 = CARTESIAN_POINT('',(0.,0.));
#5722 = VECTOR('',#5723,1.);
#5723 = DIRECTION('',(0.,1.));
#5724 = ( GEOMETRIC_REPRESENTATION_CONTEXT(2) 
PARAMETRIC_REPRESENTATION_CONTEXT() REPRESENTATION_CONTEXT('2D SPACE',''
  ) );
#5725 = ADVANCED_FACE('',(#5726),#5740,.T.);
#5726 = FACE_BOUND('',#5727,.T.);
#5727 = EDGE_LOOP('',(#5728,#5758,#5781,#5804));
#5728 = ORIENTED_EDGE('',*,*,#5729,.F.);
#5729 = EDGE_CURVE('',#5730,#5732,#5734,.T.);
#5730 = VERTEX_POINT('',#5731);
#5731 = CARTESIAN_POINT('',(-9.462435565298,13.589419162443,8.));
#5732 = VERTEX_POINT('',#5733);
#5733 = CARTESIAN_POINT('',(-9.462435565298,13.589419162443,19.));
#5734 = SURFACE_CURVE('',#5735,(#5739,#5751),.PCURVE_S1.);
#5735 = LINE('',#5736,#5737);
#5736 = CARTESIAN_POINT('',(-9.462435565298,13.589419162443,8.));
#5737 = VECTOR('',#5738,1.);
#5738 = DIRECTION('',(0.,0.,1.));
#5739 = PCURVE('',#5740,#5745);
#5740 = PLANE('',#5741);
#5741 = AXIS2_PLACEMENT_3D('',#5742,#5743,#5744);
#5742 = CARTESIAN_POINT('',(-9.462435565298,13.589419162443,8.));
#5743 = DIRECTION('',(-0.5,0.866025403784,0.));
#5744 = DIRECTION('',(0.,0.,1.));
#5745 = DEFINITIONAL_REPRESENTATION('',(#5746),#5750);
#5746 = LINE('',#5747,#5748);
#5747 = CARTESIAN_POINT('',(0.,0.));
#5748 = VECTOR('',#5749,1.);
#5749 = DIRECTION('',(1.,0.));
#5750 = ( GEOMETRIC_REPRESENTATION_CONTEXT(2) 
PARAMETRIC_REPRESENTATION_CONTEXT() REPRESENTATION_CONTEXT('2D SPACE',''
  ) );
#5751 = PCURVE('',#5632,#5752);
#5752 = DEFINITIONAL_REPRESENTATION('',(#5753),#5757);
#5753 = LINE('',#5754,#5755);
#5754 = CARTESIAN_POINT('',(0.,8.));
#5755 = VECTOR('',#5756,1.);
#5756 = DIRECTION('',(1.,0.));
#5757 = ( GEOMETRIC_REPRESENTATION_CONTEXT(2) 
PARAMETRIC_REPRESENTATION_CONTEXT() REPRESENTATION_CONTEXT('2D SPACE',''
  ) );
#5758 = ORIENTED_EDGE('',*,*,#5759,.T.);
#5759 = EDGE_CURVE('',#5730,#5760,#5762,.T.);
#5760 = VERTEX_POINT('',#5761);
#5761 = CARTESIAN_POINT('',(-10.50166604984,12.989419162443,8.));
#5762 = SURFACE_CURVE('',#5763,(#5767,#5774),.PCURVE_S1.);
#5763 = LINE('',#5764,#5765);
#5764 = CARTESIAN_POINT('',(-9.462435565298,13.589419162443,8.));
#5765 = VECTOR('',#5766,1.);
#5766 = DIRECTION('',(-0.866025403784,-0.5,0.));
#5767 = PCURVE('',#5740,#5768);
#5768 = DEFINITIONAL_REPRESENTATION('',(#5769),#5773);
#5769 = LINE('',#5770,#5771);
#5770 = CARTESIAN_POINT('',(0.,0.));
#5771 = VECTOR('',#5772,1.);
#5772 = DIRECTION('',(0.,-1.));
#5773 = ( GEOMETRIC_REPRESENTATION_CONTEXT(2) 
PARAMETRIC_REPRESENTATION_CONTEXT() REPRESENTATION_CONTEXT('2D SPACE',''
  ) );
#5774 = PCURVE('',#5660,#5775);
#5775 = DEFINITIONAL_REPRESENTATION('',(#5776),#5780);
#5776 = LINE('',#5777,#5778);
#5777 = CARTESIAN_POINT('',(8.,0.));
#5778 = VECTOR('',#5779,1.);
#5779 = DIRECTION('',(0.,1.));
#5780 = ( GEOMETRIC_REPRESENTATION_CONTEXT(2) 
PARAMETRIC_REPRESENTATION_CONTEXT() REPRESENTATION_CONTEXT('2D SPACE',''
  ) );
#5781 = ORIENTED_EDGE('',*,*,#5782,.T.);
#5782 = EDGE_CURVE('',#5760,#5783,#5785,.T.);
#5783 = VERTEX_POINT('',#5784);
#5784 = CARTESIAN_POINT('',(-10.50166604984,12.989419162443,19.));
#5785 = SURFACE_CURVE('',#5786,(#5790,#5797),.PCURVE_S1.);
#5786 = LINE('',#5787,#5788);
#5787 = CARTESIAN_POINT('',(-10.50166604984,12.989419162443,8.));
#5788 = VECTOR('',#5789,1.);
#5789 = DIRECTION('',(0.,0.,1.));
#5790 = PCURVE('',#5740,#5791);
#5791 = DEFINITIONAL_REPRESENTATION('',(#5792),#5796);
#5792 = LINE('',#5793,#5794);
#5793 = CARTESIAN_POINT('',(0.,-1.2));
#5794 = VECTOR('',#5795,1.);
#5795 = DIRECTION('',(1.,0.));
#5796 = ( GEOMETRIC_REPRESENTATION_CONTEXT(2) 
PARAMETRIC_REPRESENTATION_CONTEXT() REPRESENTATION_CONTEXT('2D SPACE',''
  ) );
#5797 = PCURVE('',#5688,#5798);
#5798 = DEFINITIONAL_REPRESENTATION('',(#5799),#5803);
#5799 = LINE('',#5800,#5801);
#5800 = CARTESIAN_POINT('',(0.,8.));
#5801 = VECTOR('',#5802,1.);
#5802 = DIRECTION('',(1.,0.));
#5803 = ( GEOMETRIC_REPRESENTATION_CONTEXT(2) 
PARAMETRIC_REPRESENTATION_CONTEXT() REPRESENTATION_CONTEXT('2D SPACE',''
  ) );
#5804 = ORIENTED_EDGE('',*,*,#5805,.F.);
#5805 = EDGE_CURVE('',#5732,#5783,#5806,.T.);
#5806 = SURFACE_CURVE('',#5807,(#5811,#5818),.PCURVE_S1.);
#5807 = LINE('',#5808,#5809);
#5808 = CARTESIAN_POINT('',(-9.462435565298,13.589419162443,19.));
#5809 = VECTOR('',#5810,1.);
#5810 = DIRECTION('',(-0.866025403784,-0.5,0.));
#5811 = PCURVE('',#5740,#5812);
#5812 = DEFINITIONAL_REPRESENTATION('',(#5813),#5817);
#5813 = LINE('',#5814,#5815);
#5814 = CARTESIAN_POINT('',(11.,0.));
#5815 = VECTOR('',#5816,1.);
#5816 = DIRECTION('',(0.,-1.));
#5817 = ( GEOMETRIC_REPRESENTATION_CONTEXT(2) 
PARAMETRIC_REPRESENTATION_CONTEXT() REPRESENTATION_CONTEXT('2D SPACE',''
  ) );
#5818 = PCURVE('',#5714,#5819);
#5819 = DEFINITIONAL_REPRESENTATION('',(#5820),#5824);
#5820 = LINE('',#5821,#5822);
#5821 = CARTESIAN_POINT('',(8.,0.));
#5822 = VECTOR('',#5823,1.);
#5823 = DIRECTION('',(0.,1.));
#5824 = ( GEOMETRIC_REPRESENTATION_CONTEXT(2) 
PARAMETRIC_REPRESENTATION_CONTEXT() REPRESENTATION_CONTEXT('2D SPACE',''
  ) );
#5825 = ADVANCED_FACE('',(#5826),#5632,.F.);
#5826 = FACE_BOUND('',#5827,.F.);
#5827 = EDGE_LOOP('',(#5828,#5849,#5850,#5871));
#5828 = ORIENTED_EDGE('',*,*,#5829,.F.);
#5829 = EDGE_CURVE('',#5610,#5730,#5830,.T.);
#5830 = SURFACE_CURVE('',#5831,(#5835,#5842),.PCURVE_S1.);
#5831 = LINE('',#5832,#5833);
#5832 = CARTESIAN_POINT('',(-5.462435565298,6.661215932168,8.));
#5833 = VECTOR('',#5834,1.);
#5834 = DIRECTION('',(-0.5,0.866025403784,0.));
#5835 = PCURVE('',#5632,#5836);
#5836 = DEFINITIONAL_REPRESENTATION('',(#5837),#5841);
#5837 = LINE('',#5838,#5839);
#5838 = CARTESIAN_POINT('',(0.,0.));
#5839 = VECTOR('',#5840,1.);
#5840 = DIRECTION('',(0.,1.));
#5841 = ( GEOMETRIC_REPRESENTATION_CONTEXT(2) 
PARAMETRIC_REPRESENTATION_CONTEXT() REPRESENTATION_CONTEXT('2D SPACE',''
  ) );
#5842 = PCURVE('',#5660,#5843);
#5843 = DEFINITIONAL_REPRESENTATION('',(#5844),#5848);
#5844 = LINE('',#5845,#5846);
#5845 = CARTESIAN_POINT('',(0.,0.));
#5846 = VECTOR('',#5847,1.);
#5847 = DIRECTION('',(1.,0.));
#5848 = ( GEOMETRIC_REPRESENTATION_CONTEXT(2) 
PARAMETRIC_REPRESENTATION_CONTEXT() REPRESENTATION_CONTEXT('2D SPACE',''
  ) );
#5849 = ORIENTED_EDGE('',*,*,#5609,.T.);
#5850 = ORIENTED_EDGE('',*,*,#5851,.T.);
#5851 = EDGE_CURVE('',#5612,#5732,#5852,.T.);
#5852 = SURFACE_CURVE('',#5853,(#5857,#5864),.PCURVE_S1.);
#5853 = LINE('',#5854,#5855);
#5854 = CARTESIAN_POINT('',(-5.462435565298,6.661215932168,19.));
#5855 = VECTOR('',#5856,1.);
#5856 = DIRECTION('',(-0.5,0.866025403784,0.));
#5857 = PCURVE('',#5632,#5858);
#5858 = DEFINITIONAL_REPRESENTATION('',(#5859),#5863);
#5859 = LINE('',#5860,#5861);
#5860 = CARTESIAN_POINT('',(11.,0.));
#5861 = VECTOR('',#5862,1.);
#5862 = DIRECTION('',(0.,1.));
#5863 = ( GEOMETRIC_REPRESENTATION_CONTEXT(2) 
PARAMETRIC_REPRESENTATION_CONTEXT() REPRESENTATION_CONTEXT('2D SPACE',''
  ) );
#5864 = PCURVE('',#5714,#5865);
#5865 = DEFINITIONAL_REPRESENTATION('',(#5866),#5870);
#5866 = LINE('',#5867,#5868);
#5867 = CARTESIAN_POINT('',(0.,0.));
#5868 = VECTOR('',#5869,1.);
#5869 = DIRECTION('',(1.,0.));
#5870 = ( GEOMETRIC_REPRESENTATION_CONTEXT(2) 
PARAMETRIC_REPRESENTATION_CONTEXT() REPRESENTATION_CONTEXT('2D SPACE',''
  ) );
#5871 = ORIENTED_EDGE('',*,*,#5729,.F.);
#5872 = ADVANCED_FACE('',(#5873),#5688,.T.);
#5873 = FACE_BOUND('',#5874,.T.);
#5874 = EDGE_LOOP('',(#5875,#5896,#5897,#5918));
#5875 = ORIENTED_EDGE('',*,*,#5876,.F.);
#5876 = EDGE_CURVE('',#5645,#5760,#5877,.T.);
#5877 = SURFACE_CURVE('',#5878,(#5882,#5889),.PCURVE_S1.);
#5878 = LINE('',#5879,#5880);
#5879 = CARTESIAN_POINT('',(-6.50166604984,6.061215932168,8.));
#5880 = VECTOR('',#5881,1.);
#5881 = DIRECTION('',(-0.5,0.866025403784,0.));
#5882 = PCURVE('',#5688,#5883);
#5883 = DEFINITIONAL_REPRESENTATION('',(#5884),#5888);
#5884 = LINE('',#5885,#5886);
#5885 = CARTESIAN_POINT('',(0.,0.));
#5886 = VECTOR('',#5887,1.);
#5887 = DIRECTION('',(0.,1.));
#5888 = ( GEOMETRIC_REPRESENTATION_CONTEXT(2) 
PARAMETRIC_REPRESENTATION_CONTEXT() REPRESENTATION_CONTEXT('2D SPACE',''
  ) );
#5889 = PCURVE('',#5660,#5890);
#5890 = DEFINITIONAL_REPRESENTATION('',(#5891),#5895);
#5891 = LINE('',#5892,#5893);
#5892 = CARTESIAN_POINT('',(0.,1.2));
#5893 = VECTOR('',#5894,1.);
#5894 = DIRECTION('',(1.,0.));
#5895 = ( GEOMETRIC_REPRESENTATION_CONTEXT(2) 
PARAMETRIC_REPRESENTATION_CONTEXT() REPRESENTATION_CONTEXT('2D SPACE',''
  ) );
#5896 = ORIENTED_EDGE('',*,*,#5672,.T.);
#5897 = ORIENTED_EDGE('',*,*,#5898,.T.);
#5898 = EDGE_CURVE('',#5673,#5783,#5899,.T.);
#5899 = SURFACE_CURVE('',#5900,(#5904,#5911),.PCURVE_S1.);
#5900 = LINE('',#5901,#5902);
#5901 = CARTESIAN_POINT('',(-6.50166604984,6.061215932168,19.));
#5902 = VECTOR('',#5903,1.);
#5903 = DIRECTION('',(-0.5,0.866025403784,0.));
#5904 = PCURVE('',#5688,#5905);
#5905 = DEFINITIONAL_REPRESENTATION('',(#5906),#5910);
#5906 = LINE('',#5907,#5908);
#5907 = CARTESIAN_POINT('',(11.,0.));
#5908 = VECTOR('',#5909,1.);
#5909 = DIRECTION('',(0.,1.));
#5910 = ( GEOMETRIC_REPRESENTATION_CONTEXT(2) 
PARAMETRIC_REPRESENTATION_CONTEXT() REPRESENTATION_CONTEXT('2D SPACE',''
  ) );
#5911 = PCURVE('',#5714,#5912);
#5912 = DEFINITIONAL_REPRESENTATION('',(#5913),#5917);
#5913 = LINE('',#5914,#5915);
#5914 = CARTESIAN_POINT('',(0.,1.2));
#5915 = VECTOR('',#5916,1.);
#5916 = DIRECTION('',(1.,0.));
#5917 = ( GEOMETRIC_REPRESENTATION_CONTEXT(2) 
PARAMETRIC_REPRESENTATION_CONTEXT() REPRESENTATION_CONTEXT('2D SPACE',''
  ) );
#5918 = ORIENTED_EDGE('',*,*,#5782,.F.);
#5919 = ADVANCED_FACE('',(#5920),#5660,.F.);
#5920 = FACE_BOUND('',#5921,.F.);
#5921 = EDGE_LOOP('',(#5922,#5923,#5924,#5925));
#5922 = ORIENTED_EDGE('',*,*,#5644,.F.);
#5923 = ORIENTED_EDGE('',*,*,#5829,.T.);
#5924 = ORIENTED_EDGE('',*,*,#5759,.T.);
#5925 = ORIENTED_EDGE('',*,*,#5876,.F.);
#5926 = ADVANCED_FACE('',(#5927),#5714,.T.);
#5927 = FACE_BOUND('',#5928,.T.);
#5928 = EDGE_LOOP('',(#5929,#5930,#5931,#5932));
#5929 = ORIENTED_EDGE('',*,*,#5700,.F.);
#5930 = ORIENTED_EDGE('',*,*,#5851,.T.);
#5931 = ORIENTED_EDGE('',*,*,#5805,.T.);
#5932 = ORIENTED_EDGE('',*,*,#5898,.F.);
#5933 = MANIFOLD_SOLID_BREP('',#5934);
#5934 = CLOSED_SHELL('',(#5935,#6055,#6155,#6202,#6249,#6256));
#5935 = ADVANCED_FACE('',(#5936),#5950,.F.);
#5936 = FACE_BOUND('',#5937,.F.);
#5937 = EDGE_LOOP('',(#5938,#5973,#6001,#6029));
#5938 = ORIENTED_EDGE('',*,*,#5939,.F.);
#5939 = EDGE_CURVE('',#5940,#5942,#5944,.T.);
#5940 = VERTEX_POINT('',#5941);
#5941 = CARTESIAN_POINT('',(-3.299876996066,14.443696118525,8.));
#5942 = VERTEX_POINT('',#5943);
#5943 = CARTESIAN_POINT('',(-3.299876996066,14.443696118525,19.));
#5944 = SURFACE_CURVE('',#5945,(#5949,#5961),.PCURVE_S1.);
#5945 = LINE('',#5946,#5947);
#5946 = CARTESIAN_POINT('',(-3.299876996066,14.443696118525,8.));
#5947 = VECTOR('',#5948,1.);
#5948 = DIRECTION('',(0.,0.,1.));
#5949 = PCURVE('',#5950,#5955);
#5950 = PLANE('',#5951);
#5951 = AXIS2_PLACEMENT_3D('',#5952,#5953,#5954);
#5952 = CARTESIAN_POINT('',(-3.299876996066,14.443696118525,8.));
#5953 = DIRECTION('',(-0.573576436351,0.819152044289,0.));
#5954 = DIRECTION('',(0.,0.,1.));
#5955 = DEFINITIONAL_REPRESENTATION('',(#5956),#5960);
#5956 = LINE('',#5957,#5958);
#5957 = CARTESIAN_POINT('',(0.,0.));
#5958 = VECTOR('',#5959,1.);
#5959 = DIRECTION('',(1.,0.));
#5960 = ( GEOMETRIC_REPRESENTATION_CONTEXT(2) 
PARAMETRIC_REPRESENTATION_CONTEXT() REPRESENTATION_CONTEXT('2D SPACE',''
  ) );
#5961 = PCURVE('',#5962,#5967);
#5962 = PLANE('',#5963);
#5963 = AXIS2_PLACEMENT_3D('',#5964,#5965,#5966);
#5964 = CARTESIAN_POINT('',(-3.299876996066,14.443696118525,8.));
#5965 = DIRECTION('',(-0.819152044289,-0.573576436351,0.));
#5966 = DIRECTION('',(0.,0.,1.));
#5967 = DEFINITIONAL_REPRESENTATION('',(#5968),#5972);
#5968 = LINE('',#5969,#5970);
#5969 = CARTESIAN_POINT('',(0.,0.));
#5970 = VECTOR('',#5971,1.);
#5971 = DIRECTION('',(1.,0.));
#5972 = ( GEOMETRIC_REPRESENTATION_CONTEXT(2) 
PARAMETRIC_REPRESENTATION_CONTEXT() REPRESENTATION_CONTEXT('2D SPACE',''
  ) );
#5973 = ORIENTED_EDGE('',*,*,#5974,.T.);
#5974 = EDGE_CURVE('',#5940,#5975,#5977,.T.);
#5975 = VERTEX_POINT('',#5976);
#5976 = CARTESIAN_POINT('',(-4.119029040355,13.870119682174,8.));
#5977 = SURFACE_CURVE('',#5978,(#5982,#5989),.PCURVE_S1.);
#5978 = LINE('',#5979,#5980);
#5979 = CARTESIAN_POINT('',(-3.299876996066,14.443696118525,8.));
#5980 = VECTOR('',#5981,1.);
#5981 = DIRECTION('',(-0.819152044289,-0.573576436351,0.));
#5982 = PCURVE('',#5950,#5983);
#5983 = DEFINITIONAL_REPRESENTATION('',(#5984),#5988);
#5984 = LINE('',#5985,#5986);
#5985 = CARTESIAN_POINT('',(0.,0.));
#5986 = VECTOR('',#5987,1.);
#5987 = DIRECTION('',(0.,-1.));
#5988 = ( GEOMETRIC_REPRESENTATION_CONTEXT(2) 
PARAMETRIC_REPRESENTATION_CONTEXT() REPRESENTATION_CONTEXT('2D SPACE',''
  ) );
#5989 = PCURVE('',#5990,#5995);
#5990 = PLANE('',#5991);
#5991 = AXIS2_PLACEMENT_3D('',#5992,#5993,#5994);
#5992 = CARTESIAN_POINT('',(-3.299876996066,14.443696118525,8.));
#5993 = DIRECTION('',(0.,0.,1.));
#5994 = DIRECTION('',(-0.573576436351,0.819152044289,0.));
#5995 = DEFINITIONAL_REPRESENTATION('',(#5996),#6000);
#5996 = LINE('',#5997,#5998);
#5997 = CARTESIAN_POINT('',(0.,0.));
#5998 = VECTOR('',#5999,1.);
#5999 = DIRECTION('',(0.,1.));
#6000 = ( GEOMETRIC_REPRESENTATION_CONTEXT(2) 
PARAMETRIC_REPRESENTATION_CONTEXT() REPRESENTATION_CONTEXT('2D SPACE',''
  ) );
#6001 = ORIENTED_EDGE('',*,*,#6002,.T.);
#6002 = EDGE_CURVE('',#5975,#6003,#6005,.T.);
#6003 = VERTEX_POINT('',#6004);
#6004 = CARTESIAN_POINT('',(-4.119029040355,13.870119682174,19.));
#6005 = SURFACE_CURVE('',#6006,(#6010,#6017),.PCURVE_S1.);
#6006 = LINE('',#6007,#6008);
#6007 = CARTESIAN_POINT('',(-4.119029040355,13.870119682174,8.));
#6008 = VECTOR('',#6009,1.);
#6009 = DIRECTION('',(0.,0.,1.));
#6010 = PCURVE('',#5950,#6011);
#6011 = DEFINITIONAL_REPRESENTATION('',(#6012),#6016);
#6012 = LINE('',#6013,#6014);
#6013 = CARTESIAN_POINT('',(0.,-1.));
#6014 = VECTOR('',#6015,1.);
#6015 = DIRECTION('',(1.,0.));
#6016 = ( GEOMETRIC_REPRESENTATION_CONTEXT(2) 
PARAMETRIC_REPRESENTATION_CONTEXT() REPRESENTATION_CONTEXT('2D SPACE',''
  ) );
#6017 = PCURVE('',#6018,#6023);
#6018 = PLANE('',#6019);
#6019 = AXIS2_PLACEMENT_3D('',#6020,#6021,#6022);
#6020 = CARTESIAN_POINT('',(-4.119029040355,13.870119682174,8.));
#6021 = DIRECTION('',(-0.819152044289,-0.573576436351,0.));
#6022 = DIRECTION('',(0.,0.,1.));
#6023 = DEFINITIONAL_REPRESENTATION('',(#6024),#6028);
#6024 = LINE('',#6025,#6026);
#6025 = CARTESIAN_POINT('',(0.,0.));
#6026 = VECTOR('',#6027,1.);
#6027 = DIRECTION('',(1.,0.));
#6028 = ( GEOMETRIC_REPRESENTATION_CONTEXT(2) 
PARAMETRIC_REPRESENTATION_CONTEXT() REPRESENTATION_CONTEXT('2D SPACE',''
  ) );
#6029 = ORIENTED_EDGE('',*,*,#6030,.F.);
#6030 = EDGE_CURVE('',#5942,#6003,#6031,.T.);
#6031 = SURFACE_CURVE('',#6032,(#6036,#6043),.PCURVE_S1.);
#6032 = LINE('',#6033,#6034);
#6033 = CARTESIAN_POINT('',(-3.299876996066,14.443696118525,19.));
#6034 = VECTOR('',#6035,1.);
#6035 = DIRECTION('',(-0.819152044289,-0.573576436351,0.));
#6036 = PCURVE('',#5950,#6037);
#6037 = DEFINITIONAL_REPRESENTATION('',(#6038),#6042);
#6038 = LINE('',#6039,#6040);
#6039 = CARTESIAN_POINT('',(11.,0.));
#6040 = VECTOR('',#6041,1.);
#6041 = DIRECTION('',(0.,-1.));
#6042 = ( GEOMETRIC_REPRESENTATION_CONTEXT(2) 
PARAMETRIC_REPRESENTATION_CONTEXT() REPRESENTATION_CONTEXT('2D SPACE',''
  ) );
#6043 = PCURVE('',#6044,#6049);
#6044 = PLANE('',#6045);
#6045 = AXIS2_PLACEMENT_3D('',#6046,#6047,#6048);
#6046 = CARTESIAN_POINT('',(-3.299876996066,14.443696118525,19.));
#6047 = DIRECTION('',(0.,0.,1.));
#6048 = DIRECTION('',(-0.573576436351,0.819152044289,0.));
#6049 = DEFINITIONAL_REPRESENTATION('',(#6050),#6054);
#6050 = LINE('',#6051,#6052);
#6051 = CARTESIAN_POINT('',(0.,0.));
#6052 = VECTOR('',#6053,1.);
#6053 = DIRECTION('',(0.,1.));
#6054 = ( GEOMETRIC_REPRESENTATION_CONTEXT(2) 
PARAMETRIC_REPRESENTATION_CONTEXT() REPRESENTATION_CONTEXT('2D SPACE',''
  ) );
#6055 = ADVANCED_FACE('',(#6056),#6070,.T.);
#6056 = FACE_BOUND('',#6057,.T.);
#6057 = EDGE_LOOP('',(#6058,#6088,#6111,#6134));
#6058 = ORIENTED_EDGE('',*,*,#6059,.F.);
#6059 = EDGE_CURVE('',#6060,#6062,#6064,.T.);
#6060 = VERTEX_POINT('',#6061);
#6061 = CARTESIAN_POINT('',(-5.880970959645,18.129880317826,8.));
#6062 = VERTEX_POINT('',#6063);
#6063 = CARTESIAN_POINT('',(-5.880970959645,18.129880317826,19.));
#6064 = SURFACE_CURVE('',#6065,(#6069,#6081),.PCURVE_S1.);
#6065 = LINE('',#6066,#6067);
#6066 = CARTESIAN_POINT('',(-5.880970959645,18.129880317826,8.));
#6067 = VECTOR('',#6068,1.);
#6068 = DIRECTION('',(0.,0.,1.));
#6069 = PCURVE('',#6070,#6075);
#6070 = PLANE('',#6071);
#6071 = AXIS2_PLACEMENT_3D('',#6072,#6073,#6074);
#6072 = CARTESIAN_POINT('',(-5.880970959645,18.129880317826,8.));
#6073 = DIRECTION('',(-0.573576436351,0.819152044289,0.));
#6074 = DIRECTION('',(0.,0.,1.));
#6075 = DEFINITIONAL_REPRESENTATION('',(#6076),#6080);
#6076 = LINE('',#6077,#6078);
#6077 = CARTESIAN_POINT('',(0.,0.));
#6078 = VECTOR('',#6079,1.);
#6079 = DIRECTION('',(1.,0.));
#6080 = ( GEOMETRIC_REPRESENTATION_CONTEXT(2) 
PARAMETRIC_REPRESENTATION_CONTEXT() REPRESENTATION_CONTEXT('2D SPACE',''
  ) );
#6081 = PCURVE('',#5962,#6082);
#6082 = DEFINITIONAL_REPRESENTATION('',(#6083),#6087);
#6083 = LINE('',#6084,#6085);
#6084 = CARTESIAN_POINT('',(0.,4.5));
#6085 = VECTOR('',#6086,1.);
#6086 = DIRECTION('',(1.,0.));
#6087 = ( GEOMETRIC_REPRESENTATION_CONTEXT(2) 
PARAMETRIC_REPRESENTATION_CONTEXT() REPRESENTATION_CONTEXT('2D SPACE',''
  ) );
#6088 = ORIENTED_EDGE('',*,*,#6089,.T.);
#6089 = EDGE_CURVE('',#6060,#6090,#6092,.T.);
#6090 = VERTEX_POINT('',#6091);
#6091 = CARTESIAN_POINT('',(-6.700123003934,17.556303881475,8.));
#6092 = SURFACE_CURVE('',#6093,(#6097,#6104),.PCURVE_S1.);
#6093 = LINE('',#6094,#6095);
#6094 = CARTESIAN_POINT('',(-5.880970959645,18.129880317826,8.));
#6095 = VECTOR('',#6096,1.);
#6096 = DIRECTION('',(-0.819152044289,-0.573576436351,0.));
#6097 = PCURVE('',#6070,#6098);
#6098 = DEFINITIONAL_REPRESENTATION('',(#6099),#6103);
#6099 = LINE('',#6100,#6101);
#6100 = CARTESIAN_POINT('',(0.,0.));
#6101 = VECTOR('',#6102,1.);
#6102 = DIRECTION('',(0.,-1.));
#6103 = ( GEOMETRIC_REPRESENTATION_CONTEXT(2) 
PARAMETRIC_REPRESENTATION_CONTEXT() REPRESENTATION_CONTEXT('2D SPACE',''
  ) );
#6104 = PCURVE('',#5990,#6105);
#6105 = DEFINITIONAL_REPRESENTATION('',(#6106),#6110);
#6106 = LINE('',#6107,#6108);
#6107 = CARTESIAN_POINT('',(4.5,0.));
#6108 = VECTOR('',#6109,1.);
#6109 = DIRECTION('',(0.,1.));
#6110 = ( GEOMETRIC_REPRESENTATION_CONTEXT(2) 
PARAMETRIC_REPRESENTATION_CONTEXT() REPRESENTATION_CONTEXT('2D SPACE',''
  ) );
#6111 = ORIENTED_EDGE('',*,*,#6112,.T.);
#6112 = EDGE_CURVE('',#6090,#6113,#6115,.T.);
#6113 = VERTEX_POINT('',#6114);
#6114 = CARTESIAN_POINT('',(-6.700123003934,17.556303881475,19.));
#6115 = SURFACE_CURVE('',#6116,(#6120,#6127),.PCURVE_S1.);
#6116 = LINE('',#6117,#6118);
#6117 = CARTESIAN_POINT('',(-6.700123003934,17.556303881475,8.));
#6118 = VECTOR('',#6119,1.);
#6119 = DIRECTION('',(0.,0.,1.));
#6120 = PCURVE('',#6070,#6121);
#6121 = DEFINITIONAL_REPRESENTATION('',(#6122),#6126);
#6122 = LINE('',#6123,#6124);
#6123 = CARTESIAN_POINT('',(0.,-1.));
#6124 = VECTOR('',#6125,1.);
#6125 = DIRECTION('',(1.,0.));
#6126 = ( GEOMETRIC_REPRESENTATION_CONTEXT(2) 
PARAMETRIC_REPRESENTATION_CONTEXT() REPRESENTATION_CONTEXT('2D SPACE',''
  ) );
#6127 = PCURVE('',#6018,#6128);
#6128 = DEFINITIONAL_REPRESENTATION('',(#6129),#6133);
#6129 = LINE('',#6130,#6131);
#6130 = CARTESIAN_POINT('',(0.,4.5));
#6131 = VECTOR('',#6132,1.);
#6132 = DIRECTION('',(1.,0.));
#6133 = ( GEOMETRIC_REPRESENTATION_CONTEXT(2) 
PARAMETRIC_REPRESENTATION_CONTEXT() REPRESENTATION_CONTEXT('2D SPACE',''
  ) );
#6134 = ORIENTED_EDGE('',*,*,#6135,.F.);
#6135 = EDGE_CURVE('',#6062,#6113,#6136,.T.);
#6136 = SURFACE_CURVE('',#6137,(#6141,#6148),.PCURVE_S1.);
#6137 = LINE('',#6138,#6139);
#6138 = CARTESIAN_POINT('',(-5.880970959645,18.129880317826,19.));
#6139 = VECTOR('',#6140,1.);
#6140 = DIRECTION('',(-0.819152044289,-0.573576436351,0.));
#6141 = PCURVE('',#6070,#6142);
#6142 = DEFINITIONAL_REPRESENTATION('',(#6143),#6147);
#6143 = LINE('',#6144,#6145);
#6144 = CARTESIAN_POINT('',(11.,0.));
#6145 = VECTOR('',#6146,1.);
#6146 = DIRECTION('',(0.,-1.));
#6147 = ( GEOMETRIC_REPRESENTATION_CONTEXT(2) 
PARAMETRIC_REPRESENTATION_CONTEXT() REPRESENTATION_CONTEXT('2D SPACE',''
  ) );
#6148 = PCURVE('',#6044,#6149);
#6149 = DEFINITIONAL_REPRESENTATION('',(#6150),#6154);
#6150 = LINE('',#6151,#6152);
#6151 = CARTESIAN_POINT('',(4.5,0.));
#6152 = VECTOR('',#6153,1.);
#6153 = DIRECTION('',(0.,1.));
#6154 = ( GEOMETRIC_REPRESENTATION_CONTEXT(2) 
PARAMETRIC_REPRESENTATION_CONTEXT() REPRESENTATION_CONTEXT('2D SPACE',''
  ) );
#6155 = ADVANCED_FACE('',(#6156),#5962,.F.);
#6156 = FACE_BOUND('',#6157,.F.);
#6157 = EDGE_LOOP('',(#6158,#6179,#6180,#6201));
#6158 = ORIENTED_EDGE('',*,*,#6159,.F.);
#6159 = EDGE_CURVE('',#5940,#6060,#6160,.T.);
#6160 = SURFACE_CURVE('',#6161,(#6165,#6172),.PCURVE_S1.);
#6161 = LINE('',#6162,#6163);
#6162 = CARTESIAN_POINT('',(-3.299876996066,14.443696118525,8.));
#6163 = VECTOR('',#6164,1.);
#6164 = DIRECTION('',(-0.573576436351,0.819152044289,0.));
#6165 = PCURVE('',#5962,#6166);
#6166 = DEFINITIONAL_REPRESENTATION('',(#6167),#6171);
#6167 = LINE('',#6168,#6169);
#6168 = CARTESIAN_POINT('',(0.,0.));
#6169 = VECTOR('',#6170,1.);
#6170 = DIRECTION('',(0.,1.));
#6171 = ( GEOMETRIC_REPRESENTATION_CONTEXT(2) 
PARAMETRIC_REPRESENTATION_CONTEXT() REPRESENTATION_CONTEXT('2D SPACE',''
  ) );
#6172 = PCURVE('',#5990,#6173);
#6173 = DEFINITIONAL_REPRESENTATION('',(#6174),#6178);
#6174 = LINE('',#6175,#6176);
#6175 = CARTESIAN_POINT('',(0.,0.));
#6176 = VECTOR('',#6177,1.);
#6177 = DIRECTION('',(1.,0.));
#6178 = ( GEOMETRIC_REPRESENTATION_CONTEXT(2) 
PARAMETRIC_REPRESENTATION_CONTEXT() REPRESENTATION_CONTEXT('2D SPACE',''
  ) );
#6179 = ORIENTED_EDGE('',*,*,#5939,.T.);
#6180 = ORIENTED_EDGE('',*,*,#6181,.T.);
#6181 = EDGE_CURVE('',#5942,#6062,#6182,.T.);
#6182 = SURFACE_CURVE('',#6183,(#6187,#6194),.PCURVE_S1.);
#6183 = LINE('',#6184,#6185);
#6184 = CARTESIAN_POINT('',(-3.299876996066,14.443696118525,19.));
#6185 = VECTOR('',#6186,1.);
#6186 = DIRECTION('',(-0.573576436351,0.819152044289,0.));
#6187 = PCURVE('',#5962,#6188);
#6188 = DEFINITIONAL_REPRESENTATION('',(#6189),#6193);
#6189 = LINE('',#6190,#6191);
#6190 = CARTESIAN_POINT('',(11.,0.));
#6191 = VECTOR('',#6192,1.);
#6192 = DIRECTION('',(0.,1.));
#6193 = ( GEOMETRIC_REPRESENTATION_CONTEXT(2) 
PARAMETRIC_REPRESENTATION_CONTEXT() REPRESENTATION_CONTEXT('2D SPACE',''
  ) );
#6194 = PCURVE('',#6044,#6195);
#6195 = DEFINITIONAL_REPRESENTATION('',(#6196),#6200);
#6196 = LINE('',#6197,#6198);
#6197 = CARTESIAN_POINT('',(0.,0.));
#6198 = VECTOR('',#6199,1.);
#6199 = DIRECTION('',(1.,0.));
#6200 = ( GEOMETRIC_REPRESENTATION_CONTEXT(2) 
PARAMETRIC_REPRESENTATION_CONTEXT() REPRESENTATION_CONTEXT('2D SPACE',''
  ) );
#6201 = ORIENTED_EDGE('',*,*,#6059,.F.);
#6202 = ADVANCED_FACE('',(#6203),#6018,.T.);
#6203 = FACE_BOUND('',#6204,.T.);
#6204 = EDGE_LOOP('',(#6205,#6226,#6227,#6248));
#6205 = ORIENTED_EDGE('',*,*,#6206,.F.);
#6206 = EDGE_CURVE('',#5975,#6090,#6207,.T.);
#6207 = SURFACE_CURVE('',#6208,(#6212,#6219),.PCURVE_S1.);
#6208 = LINE('',#6209,#6210);
#6209 = CARTESIAN_POINT('',(-4.119029040355,13.870119682174,8.));
#6210 = VECTOR('',#6211,1.);
#6211 = DIRECTION('',(-0.573576436351,0.819152044289,0.));
#6212 = PCURVE('',#6018,#6213);
#6213 = DEFINITIONAL_REPRESENTATION('',(#6214),#6218);
#6214 = LINE('',#6215,#6216);
#6215 = CARTESIAN_POINT('',(0.,0.));
#6216 = VECTOR('',#6217,1.);
#6217 = DIRECTION('',(0.,1.));
#6218 = ( GEOMETRIC_REPRESENTATION_CONTEXT(2) 
PARAMETRIC_REPRESENTATION_CONTEXT() REPRESENTATION_CONTEXT('2D SPACE',''
  ) );
#6219 = PCURVE('',#5990,#6220);
#6220 = DEFINITIONAL_REPRESENTATION('',(#6221),#6225);
#6221 = LINE('',#6222,#6223);
#6222 = CARTESIAN_POINT('',(0.,1.));
#6223 = VECTOR('',#6224,1.);
#6224 = DIRECTION('',(1.,0.));
#6225 = ( GEOMETRIC_REPRESENTATION_CONTEXT(2) 
PARAMETRIC_REPRESENTATION_CONTEXT() REPRESENTATION_CONTEXT('2D SPACE',''
  ) );
#6226 = ORIENTED_EDGE('',*,*,#6002,.T.);
#6227 = ORIENTED_EDGE('',*,*,#6228,.T.);
#6228 = EDGE_CURVE('',#6003,#6113,#6229,.T.);
#6229 = SURFACE_CURVE('',#6230,(#6234,#6241),.PCURVE_S1.);
#6230 = LINE('',#6231,#6232);
#6231 = CARTESIAN_POINT('',(-4.119029040355,13.870119682174,19.));
#6232 = VECTOR('',#6233,1.);
#6233 = DIRECTION('',(-0.573576436351,0.819152044289,0.));
#6234 = PCURVE('',#6018,#6235);
#6235 = DEFINITIONAL_REPRESENTATION('',(#6236),#6240);
#6236 = LINE('',#6237,#6238);
#6237 = CARTESIAN_POINT('',(11.,0.));
#6238 = VECTOR('',#6239,1.);
#6239 = DIRECTION('',(0.,1.));
#6240 = ( GEOMETRIC_REPRESENTATION_CONTEXT(2) 
PARAMETRIC_REPRESENTATION_CONTEXT() REPRESENTATION_CONTEXT('2D SPACE',''
  ) );
#6241 = PCURVE('',#6044,#6242);
#6242 = DEFINITIONAL_REPRESENTATION('',(#6243),#6247);
#6243 = LINE('',#6244,#6245);
#6244 = CARTESIAN_POINT('',(0.,1.));
#6245 = VECTOR('',#6246,1.);
#6246 = DIRECTION('',(1.,0.));
#6247 = ( GEOMETRIC_REPRESENTATION_CONTEXT(2) 
PARAMETRIC_REPRESENTATION_CONTEXT() REPRESENTATION_CONTEXT('2D SPACE',''
  ) );
#6248 = ORIENTED_EDGE('',*,*,#6112,.F.);
#6249 = ADVANCED_FACE('',(#6250),#5990,.F.);
#6250 = FACE_BOUND('',#6251,.F.);
#6251 = EDGE_LOOP('',(#6252,#6253,#6254,#6255));
#6252 = ORIENTED_EDGE('',*,*,#5974,.F.);
#6253 = ORIENTED_EDGE('',*,*,#6159,.T.);
#6254 = ORIENTED_EDGE('',*,*,#6089,.T.);
#6255 = ORIENTED_EDGE('',*,*,#6206,.F.);
#6256 = ADVANCED_FACE('',(#6257),#6044,.T.);
#6257 = FACE_BOUND('',#6258,.T.);
#6258 = EDGE_LOOP('',(#6259,#6260,#6261,#6262));
#6259 = ORIENTED_EDGE('',*,*,#6030,.F.);
#6260 = ORIENTED_EDGE('',*,*,#6181,.T.);
#6261 = ORIENTED_EDGE('',*,*,#6135,.T.);
#6262 = ORIENTED_EDGE('',*,*,#6228,.F.);
#6263 = MANIFOLD_SOLID_BREP('',#6264);
#6264 = CLOSED_SHELL('',(#6265,#6385,#6485,#6532,#6579,#6586));
#6265 = ADVANCED_FACE('',(#6266),#6280,.F.);
#6266 = FACE_BOUND('',#6267,.F.);
#6267 = EDGE_LOOP('',(#6268,#6303,#6331,#6359));
#6268 = ORIENTED_EDGE('',*,*,#6269,.F.);
#6269 = EDGE_CURVE('',#6270,#6272,#6274,.T.);
#6270 = VERTEX_POINT('',#6271);
#6271 = CARTESIAN_POINT('',(-1.4,8.5,8.));
#6272 = VERTEX_POINT('',#6273);
#6273 = CARTESIAN_POINT('',(-1.4,8.5,19.));
#6274 = SURFACE_CURVE('',#6275,(#6279,#6291),.PCURVE_S1.);
#6275 = LINE('',#6276,#6277);
#6276 = CARTESIAN_POINT('',(-1.4,8.5,8.));
#6277 = VECTOR('',#6278,1.);
#6278 = DIRECTION('',(0.,0.,1.));
#6279 = PCURVE('',#6280,#6285);
#6280 = PLANE('',#6281);
#6281 = AXIS2_PLACEMENT_3D('',#6282,#6283,#6284);
#6282 = CARTESIAN_POINT('',(-1.4,8.5,8.));
#6283 = DIRECTION('',(0.,1.,0.));
#6284 = DIRECTION('',(0.,0.,1.));
#6285 = DEFINITIONAL_REPRESENTATION('',(#6286),#6290);
#6286 = LINE('',#6287,#6288);
#6287 = CARTESIAN_POINT('',(0.,0.));
#6288 = VECTOR('',#6289,1.);
#6289 = DIRECTION('',(1.,0.));
#6290 = ( GEOMETRIC_REPRESENTATION_CONTEXT(2) 
PARAMETRIC_REPRESENTATION_CONTEXT() REPRESENTATION_CONTEXT('2D SPACE',''
  ) );
#6291 = PCURVE('',#6292,#6297);
#6292 = PLANE('',#6293);
#6293 = AXIS2_PLACEMENT_3D('',#6294,#6295,#6296);
#6294 = CARTESIAN_POINT('',(-1.4,8.5,8.));
#6295 = DIRECTION('',(-1.,0.,0.));
#6296 = DIRECTION('',(0.,0.,1.));
#6297 = DEFINITIONAL_REPRESENTATION('',(#6298),#6302);
#6298 = LINE('',#6299,#6300);
#6299 = CARTESIAN_POINT('',(0.,0.));
#6300 = VECTOR('',#6301,1.);
#6301 = DIRECTION('',(1.,0.));
#6302 = ( GEOMETRIC_REPRESENTATION_CONTEXT(2) 
PARAMETRIC_REPRESENTATION_CONTEXT() REPRESENTATION_CONTEXT('2D SPACE',''
  ) );
#6303 = ORIENTED_EDGE('',*,*,#6304,.T.);
#6304 = EDGE_CURVE('',#6270,#6305,#6307,.T.);
#6305 = VERTEX_POINT('',#6306);
#6306 = CARTESIAN_POINT('',(-2.6,8.5,8.));
#6307 = SURFACE_CURVE('',#6308,(#6312,#6319),.PCURVE_S1.);
#6308 = LINE('',#6309,#6310);
#6309 = CARTESIAN_POINT('',(-1.4,8.5,8.));
#6310 = VECTOR('',#6311,1.);
#6311 = DIRECTION('',(-1.,0.,0.));
#6312 = PCURVE('',#6280,#6313);
#6313 = DEFINITIONAL_REPRESENTATION('',(#6314),#6318);
#6314 = LINE('',#6315,#6316);
#6315 = CARTESIAN_POINT('',(0.,0.));
#6316 = VECTOR('',#6317,1.);
#6317 = DIRECTION('',(0.,-1.));
#6318 = ( GEOMETRIC_REPRESENTATION_CONTEXT(2) 
PARAMETRIC_REPRESENTATION_CONTEXT() REPRESENTATION_CONTEXT('2D SPACE',''
  ) );
#6319 = PCURVE('',#6320,#6325);
#6320 = PLANE('',#6321);
#6321 = AXIS2_PLACEMENT_3D('',#6322,#6323,#6324);
#6322 = CARTESIAN_POINT('',(-1.4,8.5,8.));
#6323 = DIRECTION('',(0.,0.,1.));
#6324 = DIRECTION('',(0.,1.,0.));
#6325 = DEFINITIONAL_REPRESENTATION('',(#6326),#6330);
#6326 = LINE('',#6327,#6328);
#6327 = CARTESIAN_POINT('',(0.,0.));
#6328 = VECTOR('',#6329,1.);
#6329 = DIRECTION('',(0.,1.));
#6330 = ( GEOMETRIC_REPRESENTATION_CONTEXT(2) 
PARAMETRIC_REPRESENTATION_CONTEXT() REPRESENTATION_CONTEXT('2D SPACE',''
  ) );
#6331 = ORIENTED_EDGE('',*,*,#6332,.T.);
#6332 = EDGE_CURVE('',#6305,#6333,#6335,.T.);
#6333 = VERTEX_POINT('',#6334);
#6334 = CARTESIAN_POINT('',(-2.6,8.5,19.));
#6335 = SURFACE_CURVE('',#6336,(#6340,#6347),.PCURVE_S1.);
#6336 = LINE('',#6337,#6338);
#6337 = CARTESIAN_POINT('',(-2.6,8.5,8.));
#6338 = VECTOR('',#6339,1.);
#6339 = DIRECTION('',(0.,0.,1.));
#6340 = PCURVE('',#6280,#6341);
#6341 = DEFINITIONAL_REPRESENTATION('',(#6342),#6346);
#6342 = LINE('',#6343,#6344);
#6343 = CARTESIAN_POINT('',(0.,-1.2));
#6344 = VECTOR('',#6345,1.);
#6345 = DIRECTION('',(1.,0.));
#6346 = ( GEOMETRIC_REPRESENTATION_CONTEXT(2) 
PARAMETRIC_REPRESENTATION_CONTEXT() REPRESENTATION_CONTEXT('2D SPACE',''
  ) );
#6347 = PCURVE('',#6348,#6353);
#6348 = PLANE('',#6349);
#6349 = AXIS2_PLACEMENT_3D('',#6350,#6351,#6352);
#6350 = CARTESIAN_POINT('',(-2.6,8.5,8.));
#6351 = DIRECTION('',(-1.,0.,0.));
#6352 = DIRECTION('',(0.,0.,1.));
#6353 = DEFINITIONAL_REPRESENTATION('',(#6354),#6358);
#6354 = LINE('',#6355,#6356);
#6355 = CARTESIAN_POINT('',(0.,0.));
#6356 = VECTOR('',#6357,1.);
#6357 = DIRECTION('',(1.,0.));
#6358 = ( GEOMETRIC_REPRESENTATION_CONTEXT(2) 
PARAMETRIC_REPRESENTATION_CONTEXT() REPRESENTATION_CONTEXT('2D SPACE',''
  ) );
#6359 = ORIENTED_EDGE('',*,*,#6360,.F.);
#6360 = EDGE_CURVE('',#6272,#6333,#6361,.T.);
#6361 = SURFACE_CURVE('',#6362,(#6366,#6373),.PCURVE_S1.);
#6362 = LINE('',#6363,#6364);
#6363 = CARTESIAN_POINT('',(-1.4,8.5,19.));
#6364 = VECTOR('',#6365,1.);
#6365 = DIRECTION('',(-1.,0.,0.));
#6366 = PCURVE('',#6280,#6367);
#6367 = DEFINITIONAL_REPRESENTATION('',(#6368),#6372);
#6368 = LINE('',#6369,#6370);
#6369 = CARTESIAN_POINT('',(11.,0.));
#6370 = VECTOR('',#6371,1.);
#6371 = DIRECTION('',(0.,-1.));
#6372 = ( GEOMETRIC_REPRESENTATION_CONTEXT(2) 
PARAMETRIC_REPRESENTATION_CONTEXT() REPRESENTATION_CONTEXT('2D SPACE',''
  ) );
#6373 = PCURVE('',#6374,#6379);
#6374 = PLANE('',#6375);
#6375 = AXIS2_PLACEMENT_3D('',#6376,#6377,#6378);
#6376 = CARTESIAN_POINT('',(-1.4,8.5,19.));
#6377 = DIRECTION('',(0.,0.,1.));
#6378 = DIRECTION('',(0.,1.,0.));
#6379 = DEFINITIONAL_REPRESENTATION('',(#6380),#6384);
#6380 = LINE('',#6381,#6382);
#6381 = CARTESIAN_POINT('',(0.,0.));
#6382 = VECTOR('',#6383,1.);
#6383 = DIRECTION('',(0.,1.));
#6384 = ( GEOMETRIC_REPRESENTATION_CONTEXT(2) 
PARAMETRIC_REPRESENTATION_CONTEXT() REPRESENTATION_CONTEXT('2D SPACE',''
  ) );
#6385 = ADVANCED_FACE('',(#6386),#6400,.T.);
#6386 = FACE_BOUND('',#6387,.T.);
#6387 = EDGE_LOOP('',(#6388,#6418,#6441,#6464));
#6388 = ORIENTED_EDGE('',*,*,#6389,.F.);
#6389 = EDGE_CURVE('',#6390,#6392,#6394,.T.);
#6390 = VERTEX_POINT('',#6391);
#6391 = CARTESIAN_POINT('',(-1.4,16.5,8.));
#6392 = VERTEX_POINT('',#6393);
#6393 = CARTESIAN_POINT('',(-1.4,16.5,19.));
#6394 = SURFACE_CURVE('',#6395,(#6399,#6411),.PCURVE_S1.);
#6395 = LINE('',#6396,#6397);
#6396 = CARTESIAN_POINT('',(-1.4,16.5,8.));
#6397 = VECTOR('',#6398,1.);
#6398 = DIRECTION('',(0.,0.,1.));
#6399 = PCURVE('',#6400,#6405);
#6400 = PLANE('',#6401);
#6401 = AXIS2_PLACEMENT_3D('',#6402,#6403,#6404);
#6402 = CARTESIAN_POINT('',(-1.4,16.5,8.));
#6403 = DIRECTION('',(0.,1.,0.));
#6404 = DIRECTION('',(0.,0.,1.));
#6405 = DEFINITIONAL_REPRESENTATION('',(#6406),#6410);
#6406 = LINE('',#6407,#6408);
#6407 = CARTESIAN_POINT('',(0.,0.));
#6408 = VECTOR('',#6409,1.);
#6409 = DIRECTION('',(1.,0.));
#6410 = ( GEOMETRIC_REPRESENTATION_CONTEXT(2) 
PARAMETRIC_REPRESENTATION_CONTEXT() REPRESENTATION_CONTEXT('2D SPACE',''
  ) );
#6411 = PCURVE('',#6292,#6412);
#6412 = DEFINITIONAL_REPRESENTATION('',(#6413),#6417);
#6413 = LINE('',#6414,#6415);
#6414 = CARTESIAN_POINT('',(0.,8.));
#6415 = VECTOR('',#6416,1.);
#6416 = DIRECTION('',(1.,0.));
#6417 = ( GEOMETRIC_REPRESENTATION_CONTEXT(2) 
PARAMETRIC_REPRESENTATION_CONTEXT() REPRESENTATION_CONTEXT('2D SPACE',''
  ) );
#6418 = ORIENTED_EDGE('',*,*,#6419,.T.);
#6419 = EDGE_CURVE('',#6390,#6420,#6422,.T.);
#6420 = VERTEX_POINT('',#6421);
#6421 = CARTESIAN_POINT('',(-2.6,16.5,8.));
#6422 = SURFACE_CURVE('',#6423,(#6427,#6434),.PCURVE_S1.);
#6423 = LINE('',#6424,#6425);
#6424 = CARTESIAN_POINT('',(-1.4,16.5,8.));
#6425 = VECTOR('',#6426,1.);
#6426 = DIRECTION('',(-1.,0.,0.));
#6427 = PCURVE('',#6400,#6428);
#6428 = DEFINITIONAL_REPRESENTATION('',(#6429),#6433);
#6429 = LINE('',#6430,#6431);
#6430 = CARTESIAN_POINT('',(0.,0.));
#6431 = VECTOR('',#6432,1.);
#6432 = DIRECTION('',(0.,-1.));
#6433 = ( GEOMETRIC_REPRESENTATION_CONTEXT(2) 
PARAMETRIC_REPRESENTATION_CONTEXT() REPRESENTATION_CONTEXT('2D SPACE',''
  ) );
#6434 = PCURVE('',#6320,#6435);
#6435 = DEFINITIONAL_REPRESENTATION('',(#6436),#6440);
#6436 = LINE('',#6437,#6438);
#6437 = CARTESIAN_POINT('',(8.,0.));
#6438 = VECTOR('',#6439,1.);
#6439 = DIRECTION('',(0.,1.));
#6440 = ( GEOMETRIC_REPRESENTATION_CONTEXT(2) 
PARAMETRIC_REPRESENTATION_CONTEXT() REPRESENTATION_CONTEXT('2D SPACE',''
  ) );
#6441 = ORIENTED_EDGE('',*,*,#6442,.T.);
#6442 = EDGE_CURVE('',#6420,#6443,#6445,.T.);
#6443 = VERTEX_POINT('',#6444);
#6444 = CARTESIAN_POINT('',(-2.6,16.5,19.));
#6445 = SURFACE_CURVE('',#6446,(#6450,#6457),.PCURVE_S1.);
#6446 = LINE('',#6447,#6448);
#6447 = CARTESIAN_POINT('',(-2.6,16.5,8.));
#6448 = VECTOR('',#6449,1.);
#6449 = DIRECTION('',(0.,0.,1.));
#6450 = PCURVE('',#6400,#6451);
#6451 = DEFINITIONAL_REPRESENTATION('',(#6452),#6456);
#6452 = LINE('',#6453,#6454);
#6453 = CARTESIAN_POINT('',(0.,-1.2));
#6454 = VECTOR('',#6455,1.);
#6455 = DIRECTION('',(1.,0.));
#6456 = ( GEOMETRIC_REPRESENTATION_CONTEXT(2) 
PARAMETRIC_REPRESENTATION_CONTEXT() REPRESENTATION_CONTEXT('2D SPACE',''
  ) );
#6457 = PCURVE('',#6348,#6458);
#6458 = DEFINITIONAL_REPRESENTATION('',(#6459),#6463);
#6459 = LINE('',#6460,#6461);
#6460 = CARTESIAN_POINT('',(0.,8.));
#6461 = VECTOR('',#6462,1.);
#6462 = DIRECTION('',(1.,0.));
#6463 = ( GEOMETRIC_REPRESENTATION_CONTEXT(2) 
PARAMETRIC_REPRESENTATION_CONTEXT() REPRESENTATION_CONTEXT('2D SPACE',''
  ) );
#6464 = ORIENTED_EDGE('',*,*,#6465,.F.);
#6465 = EDGE_CURVE('',#6392,#6443,#6466,.T.);
#6466 = SURFACE_CURVE('',#6467,(#6471,#6478),.PCURVE_S1.);
#6467 = LINE('',#6468,#6469);
#6468 = CARTESIAN_POINT('',(-1.4,16.5,19.));
#6469 = VECTOR('',#6470,1.);
#6470 = DIRECTION('',(-1.,0.,0.));
#6471 = PCURVE('',#6400,#6472);
#6472 = DEFINITIONAL_REPRESENTATION('',(#6473),#6477);
#6473 = LINE('',#6474,#6475);
#6474 = CARTESIAN_POINT('',(11.,0.));
#6475 = VECTOR('',#6476,1.);
#6476 = DIRECTION('',(0.,-1.));
#6477 = ( GEOMETRIC_REPRESENTATION_CONTEXT(2) 
PARAMETRIC_REPRESENTATION_CONTEXT() REPRESENTATION_CONTEXT('2D SPACE',''
  ) );
#6478 = PCURVE('',#6374,#6479);
#6479 = DEFINITIONAL_REPRESENTATION('',(#6480),#6484);
#6480 = LINE('',#6481,#6482);
#6481 = CARTESIAN_POINT('',(8.,0.));
#6482 = VECTOR('',#6483,1.);
#6483 = DIRECTION('',(0.,1.));
#6484 = ( GEOMETRIC_REPRESENTATION_CONTEXT(2) 
PARAMETRIC_REPRESENTATION_CONTEXT() REPRESENTATION_CONTEXT('2D SPACE',''
  ) );
#6485 = ADVANCED_FACE('',(#6486),#6292,.F.);
#6486 = FACE_BOUND('',#6487,.F.);
#6487 = EDGE_LOOP('',(#6488,#6509,#6510,#6531));
#6488 = ORIENTED_EDGE('',*,*,#6489,.F.);
#6489 = EDGE_CURVE('',#6270,#6390,#6490,.T.);
#6490 = SURFACE_CURVE('',#6491,(#6495,#6502),.PCURVE_S1.);
#6491 = LINE('',#6492,#6493);
#6492 = CARTESIAN_POINT('',(-1.4,8.5,8.));
#6493 = VECTOR('',#6494,1.);
#6494 = DIRECTION('',(0.,1.,0.));
#6495 = PCURVE('',#6292,#6496);
#6496 = DEFINITIONAL_REPRESENTATION('',(#6497),#6501);
#6497 = LINE('',#6498,#6499);
#6498 = CARTESIAN_POINT('',(0.,0.));
#6499 = VECTOR('',#6500,1.);
#6500 = DIRECTION('',(0.,1.));
#6501 = ( GEOMETRIC_REPRESENTATION_CONTEXT(2) 
PARAMETRIC_REPRESENTATION_CONTEXT() REPRESENTATION_CONTEXT('2D SPACE',''
  ) );
#6502 = PCURVE('',#6320,#6503);
#6503 = DEFINITIONAL_REPRESENTATION('',(#6504),#6508);
#6504 = LINE('',#6505,#6506);
#6505 = CARTESIAN_POINT('',(0.,0.));
#6506 = VECTOR('',#6507,1.);
#6507 = DIRECTION('',(1.,0.));
#6508 = ( GEOMETRIC_REPRESENTATION_CONTEXT(2) 
PARAMETRIC_REPRESENTATION_CONTEXT() REPRESENTATION_CONTEXT('2D SPACE',''
  ) );
#6509 = ORIENTED_EDGE('',*,*,#6269,.T.);
#6510 = ORIENTED_EDGE('',*,*,#6511,.T.);
#6511 = EDGE_CURVE('',#6272,#6392,#6512,.T.);
#6512 = SURFACE_CURVE('',#6513,(#6517,#6524),.PCURVE_S1.);
#6513 = LINE('',#6514,#6515);
#6514 = CARTESIAN_POINT('',(-1.4,8.5,19.));
#6515 = VECTOR('',#6516,1.);
#6516 = DIRECTION('',(0.,1.,0.));
#6517 = PCURVE('',#6292,#6518);
#6518 = DEFINITIONAL_REPRESENTATION('',(#6519),#6523);
#6519 = LINE('',#6520,#6521);
#6520 = CARTESIAN_POINT('',(11.,0.));
#6521 = VECTOR('',#6522,1.);
#6522 = DIRECTION('',(0.,1.));
#6523 = ( GEOMETRIC_REPRESENTATION_CONTEXT(2) 
PARAMETRIC_REPRESENTATION_CONTEXT() REPRESENTATION_CONTEXT('2D SPACE',''
  ) );
#6524 = PCURVE('',#6374,#6525);
#6525 = DEFINITIONAL_REPRESENTATION('',(#6526),#6530);
#6526 = LINE('',#6527,#6528);
#6527 = CARTESIAN_POINT('',(0.,0.));
#6528 = VECTOR('',#6529,1.);
#6529 = DIRECTION('',(1.,0.));
#6530 = ( GEOMETRIC_REPRESENTATION_CONTEXT(2) 
PARAMETRIC_REPRESENTATION_CONTEXT() REPRESENTATION_CONTEXT('2D SPACE',''
  ) );
#6531 = ORIENTED_EDGE('',*,*,#6389,.F.);
#6532 = ADVANCED_FACE('',(#6533),#6348,.T.);
#6533 = FACE_BOUND('',#6534,.T.);
#6534 = EDGE_LOOP('',(#6535,#6556,#6557,#6578));
#6535 = ORIENTED_EDGE('',*,*,#6536,.F.);
#6536 = EDGE_CURVE('',#6305,#6420,#6537,.T.);
#6537 = SURFACE_CURVE('',#6538,(#6542,#6549),.PCURVE_S1.);
#6538 = LINE('',#6539,#6540);
#6539 = CARTESIAN_POINT('',(-2.6,8.5,8.));
#6540 = VECTOR('',#6541,1.);
#6541 = DIRECTION('',(0.,1.,0.));
#6542 = PCURVE('',#6348,#6543);
#6543 = DEFINITIONAL_REPRESENTATION('',(#6544),#6548);
#6544 = LINE('',#6545,#6546);
#6545 = CARTESIAN_POINT('',(0.,0.));
#6546 = VECTOR('',#6547,1.);
#6547 = DIRECTION('',(0.,1.));
#6548 = ( GEOMETRIC_REPRESENTATION_CONTEXT(2) 
PARAMETRIC_REPRESENTATION_CONTEXT() REPRESENTATION_CONTEXT('2D SPACE',''
  ) );
#6549 = PCURVE('',#6320,#6550);
#6550 = DEFINITIONAL_REPRESENTATION('',(#6551),#6555);
#6551 = LINE('',#6552,#6553);
#6552 = CARTESIAN_POINT('',(0.,1.2));
#6553 = VECTOR('',#6554,1.);
#6554 = DIRECTION('',(1.,0.));
#6555 = ( GEOMETRIC_REPRESENTATION_CONTEXT(2) 
PARAMETRIC_REPRESENTATION_CONTEXT() REPRESENTATION_CONTEXT('2D SPACE',''
  ) );
#6556 = ORIENTED_EDGE('',*,*,#6332,.T.);
#6557 = ORIENTED_EDGE('',*,*,#6558,.T.);
#6558 = EDGE_CURVE('',#6333,#6443,#6559,.T.);
#6559 = SURFACE_CURVE('',#6560,(#6564,#6571),.PCURVE_S1.);
#6560 = LINE('',#6561,#6562);
#6561 = CARTESIAN_POINT('',(-2.6,8.5,19.));
#6562 = VECTOR('',#6563,1.);
#6563 = DIRECTION('',(0.,1.,0.));
#6564 = PCURVE('',#6348,#6565);
#6565 = DEFINITIONAL_REPRESENTATION('',(#6566),#6570);
#6566 = LINE('',#6567,#6568);
#6567 = CARTESIAN_POINT('',(11.,0.));
#6568 = VECTOR('',#6569,1.);
#6569 = DIRECTION('',(0.,1.));
#6570 = ( GEOMETRIC_REPRESENTATION_CONTEXT(2) 
PARAMETRIC_REPRESENTATION_CONTEXT() REPRESENTATION_CONTEXT('2D SPACE',''
  ) );
#6571 = PCURVE('',#6374,#6572);
#6572 = DEFINITIONAL_REPRESENTATION('',(#6573),#6577);
#6573 = LINE('',#6574,#6575);
#6574 = CARTESIAN_POINT('',(0.,1.2));
#6575 = VECTOR('',#6576,1.);
#6576 = DIRECTION('',(1.,0.));
#6577 = ( GEOMETRIC_REPRESENTATION_CONTEXT(2) 
PARAMETRIC_REPRESENTATION_CONTEXT() REPRESENTATION_CONTEXT('2D SPACE',''
  ) );
#6578 = ORIENTED_EDGE('',*,*,#6442,.F.);
#6579 = ADVANCED_FACE('',(#6580),#6320,.F.);
#6580 = FACE_BOUND('',#6581,.F.);
#6581 = EDGE_LOOP('',(#6582,#6583,#6584,#6585));
#6582 = ORIENTED_EDGE('',*,*,#6304,.F.);
#6583 = ORIENTED_EDGE('',*,*,#6489,.T.);
#6584 = ORIENTED_EDGE('',*,*,#6419,.T.);
#6585 = ORIENTED_EDGE('',*,*,#6536,.F.);
#6586 = ADVANCED_FACE('',(#6587),#6374,.T.);
#6587 = FACE_BOUND('',#6588,.T.);
#6588 = EDGE_LOOP('',(#6589,#6590,#6591,#6592));
#6589 = ORIENTED_EDGE('',*,*,#6360,.F.);
#6590 = ORIENTED_EDGE('',*,*,#6511,.T.);
#6591 = ORIENTED_EDGE('',*,*,#6465,.T.);
#6592 = ORIENTED_EDGE('',*,*,#6558,.F.);
#6593 = MANIFOLD_SOLID_BREP('',#6594);
#6594 = CLOSED_SHELL('',(#6595,#6715,#6815,#6862,#6909,#6916));
#6595 = ADVANCED_FACE('',(#6596),#6610,.F.);
#6596 = FACE_BOUND('',#6597,.F.);
#6597 = EDGE_LOOP('',(#6598,#6633,#6661,#6689));
#6598 = ORIENTED_EDGE('',*,*,#6599,.F.);
#6599 = EDGE_CURVE('',#6600,#6602,#6604,.T.);
#6600 = VERTEX_POINT('',#6601);
#6601 = CARTESIAN_POINT('',(4.364070751306,14.158546261218,8.));
#6602 = VERTEX_POINT('',#6603);
#6603 = CARTESIAN_POINT('',(4.364070751306,14.158546261218,19.));
#6604 = SURFACE_CURVE('',#6605,(#6609,#6621),.PCURVE_S1.);
#6605 = LINE('',#6606,#6607);
#6606 = CARTESIAN_POINT('',(4.364070751306,14.158546261218,8.));
#6607 = VECTOR('',#6608,1.);
#6608 = DIRECTION('',(0.,0.,1.));
#6609 = PCURVE('',#6610,#6615);
#6610 = PLANE('',#6611);
#6611 = AXIS2_PLACEMENT_3D('',#6612,#6613,#6614);
#6612 = CARTESIAN_POINT('',(4.364070751306,14.158546261218,8.));
#6613 = DIRECTION('',(-8.715574274766E-02,0.996194698092,0.));
#6614 = DIRECTION('',(0.,0.,1.));
#6615 = DEFINITIONAL_REPRESENTATION('',(#6616),#6620);
#6616 = LINE('',#6617,#6618);
#6617 = CARTESIAN_POINT('',(0.,0.));
#6618 = VECTOR('',#6619,1.);
#6619 = DIRECTION('',(1.,0.));
#6620 = ( GEOMETRIC_REPRESENTATION_CONTEXT(2) 
PARAMETRIC_REPRESENTATION_CONTEXT() REPRESENTATION_CONTEXT('2D SPACE',''
  ) );
#6621 = PCURVE('',#6622,#6627);
#6622 = PLANE('',#6623);
#6623 = AXIS2_PLACEMENT_3D('',#6624,#6625,#6626);
#6624 = CARTESIAN_POINT('',(4.364070751306,14.158546261218,8.));
#6625 = DIRECTION('',(-0.996194698092,-8.715574274766E-02,0.));
#6626 = DIRECTION('',(0.,0.,1.));
#6627 = DEFINITIONAL_REPRESENTATION('',(#6628),#6632);
#6628 = LINE('',#6629,#6630);
#6629 = CARTESIAN_POINT('',(0.,0.));
#6630 = VECTOR('',#6631,1.);
#6631 = DIRECTION('',(1.,0.));
#6632 = ( GEOMETRIC_REPRESENTATION_CONTEXT(2) 
PARAMETRIC_REPRESENTATION_CONTEXT() REPRESENTATION_CONTEXT('2D SPACE',''
  ) );
#6633 = ORIENTED_EDGE('',*,*,#6634,.T.);
#6634 = EDGE_CURVE('',#6600,#6635,#6637,.T.);
#6635 = VERTEX_POINT('',#6636);
#6636 = CARTESIAN_POINT('',(3.367876053214,14.071390518471,8.));
#6637 = SURFACE_CURVE('',#6638,(#6642,#6649),.PCURVE_S1.);
#6638 = LINE('',#6639,#6640);
#6639 = CARTESIAN_POINT('',(4.364070751306,14.158546261218,8.));
#6640 = VECTOR('',#6641,1.);
#6641 = DIRECTION('',(-0.996194698092,-8.715574274766E-02,0.));
#6642 = PCURVE('',#6610,#6643);
#6643 = DEFINITIONAL_REPRESENTATION('',(#6644),#6648);
#6644 = LINE('',#6645,#6646);
#6645 = CARTESIAN_POINT('',(0.,0.));
#6646 = VECTOR('',#6647,1.);
#6647 = DIRECTION('',(0.,-1.));
#6648 = ( GEOMETRIC_REPRESENTATION_CONTEXT(2) 
PARAMETRIC_REPRESENTATION_CONTEXT() REPRESENTATION_CONTEXT('2D SPACE',''
  ) );
#6649 = PCURVE('',#6650,#6655);
#6650 = PLANE('',#6651);
#6651 = AXIS2_PLACEMENT_3D('',#6652,#6653,#6654);
#6652 = CARTESIAN_POINT('',(4.364070751306,14.158546261218,8.));
#6653 = DIRECTION('',(0.,0.,1.));
#6654 = DIRECTION('',(-8.715574274766E-02,0.996194698092,0.));
#6655 = DEFINITIONAL_REPRESENTATION('',(#6656),#6660);
#6656 = LINE('',#6657,#6658);
#6657 = CARTESIAN_POINT('',(0.,0.));
#6658 = VECTOR('',#6659,1.);
#6659 = DIRECTION('',(0.,1.));
#6660 = ( GEOMETRIC_REPRESENTATION_CONTEXT(2) 
PARAMETRIC_REPRESENTATION_CONTEXT() REPRESENTATION_CONTEXT('2D SPACE',''
  ) );
#6661 = ORIENTED_EDGE('',*,*,#6662,.T.);
#6662 = EDGE_CURVE('',#6635,#6663,#6665,.T.);
#6663 = VERTEX_POINT('',#6664);
#6664 = CARTESIAN_POINT('',(3.367876053214,14.071390518471,19.));
#6665 = SURFACE_CURVE('',#6666,(#6670,#6677),.PCURVE_S1.);
#6666 = LINE('',#6667,#6668);
#6667 = CARTESIAN_POINT('',(3.367876053214,14.071390518471,8.));
#6668 = VECTOR('',#6669,1.);
#6669 = DIRECTION('',(0.,0.,1.));
#6670 = PCURVE('',#6610,#6671);
#6671 = DEFINITIONAL_REPRESENTATION('',(#6672),#6676);
#6672 = LINE('',#6673,#6674);
#6673 = CARTESIAN_POINT('',(0.,-1.));
#6674 = VECTOR('',#6675,1.);
#6675 = DIRECTION('',(1.,0.));
#6676 = ( GEOMETRIC_REPRESENTATION_CONTEXT(2) 
PARAMETRIC_REPRESENTATION_CONTEXT() REPRESENTATION_CONTEXT('2D SPACE',''
  ) );
#6677 = PCURVE('',#6678,#6683);
#6678 = PLANE('',#6679);
#6679 = AXIS2_PLACEMENT_3D('',#6680,#6681,#6682);
#6680 = CARTESIAN_POINT('',(3.367876053214,14.071390518471,8.));
#6681 = DIRECTION('',(-0.996194698092,-8.715574274766E-02,0.));
#6682 = DIRECTION('',(0.,0.,1.));
#6683 = DEFINITIONAL_REPRESENTATION('',(#6684),#6688);
#6684 = LINE('',#6685,#6686);
#6685 = CARTESIAN_POINT('',(0.,0.));
#6686 = VECTOR('',#6687,1.);
#6687 = DIRECTION('',(1.,0.));
#6688 = ( GEOMETRIC_REPRESENTATION_CONTEXT(2) 
PARAMETRIC_REPRESENTATION_CONTEXT() REPRESENTATION_CONTEXT('2D SPACE',''
  ) );
#6689 = ORIENTED_EDGE('',*,*,#6690,.F.);
#6690 = EDGE_CURVE('',#6602,#6663,#6691,.T.);
#6691 = SURFACE_CURVE('',#6692,(#6696,#6703),.PCURVE_S1.);
#6692 = LINE('',#6693,#6694);
#6693 = CARTESIAN_POINT('',(4.364070751306,14.158546261218,19.));
#6694 = VECTOR('',#6695,1.);
#6695 = DIRECTION('',(-0.996194698092,-8.715574274766E-02,0.));
#6696 = PCURVE('',#6610,#6697);
#6697 = DEFINITIONAL_REPRESENTATION('',(#6698),#6702);
#6698 = LINE('',#6699,#6700);
#6699 = CARTESIAN_POINT('',(11.,0.));
#6700 = VECTOR('',#6701,1.);
#6701 = DIRECTION('',(0.,-1.));
#6702 = ( GEOMETRIC_REPRESENTATION_CONTEXT(2) 
PARAMETRIC_REPRESENTATION_CONTEXT() REPRESENTATION_CONTEXT('2D SPACE',''
  ) );
#6703 = PCURVE('',#6704,#6709);
#6704 = PLANE('',#6705);
#6705 = AXIS2_PLACEMENT_3D('',#6706,#6707,#6708);
#6706 = CARTESIAN_POINT('',(4.364070751306,14.158546261218,19.));
#6707 = DIRECTION('',(0.,0.,1.));
#6708 = DIRECTION('',(-8.715574274766E-02,0.996194698092,0.));
#6709 = DEFINITIONAL_REPRESENTATION('',(#6710),#6714);
#6710 = LINE('',#6711,#6712);
#6711 = CARTESIAN_POINT('',(0.,0.));
#6712 = VECTOR('',#6713,1.);
#6713 = DIRECTION('',(0.,1.));
#6714 = ( GEOMETRIC_REPRESENTATION_CONTEXT(2) 
PARAMETRIC_REPRESENTATION_CONTEXT() REPRESENTATION_CONTEXT('2D SPACE',''
  ) );
#6715 = ADVANCED_FACE('',(#6716),#6730,.T.);
#6716 = FACE_BOUND('',#6717,.T.);
#6717 = EDGE_LOOP('',(#6718,#6748,#6771,#6794));
#6718 = ORIENTED_EDGE('',*,*,#6719,.F.);
#6719 = EDGE_CURVE('',#6720,#6722,#6724,.T.);
#6720 = VERTEX_POINT('',#6721);
#6721 = CARTESIAN_POINT('',(3.971869908941,18.641422402631,8.));
#6722 = VERTEX_POINT('',#6723);
#6723 = CARTESIAN_POINT('',(3.971869908941,18.641422402631,19.));
#6724 = SURFACE_CURVE('',#6725,(#6729,#6741),.PCURVE_S1.);
#6725 = LINE('',#6726,#6727);
#6726 = CARTESIAN_POINT('',(3.971869908941,18.641422402631,8.));
#6727 = VECTOR('',#6728,1.);
#6728 = DIRECTION('',(0.,0.,1.));
#6729 = PCURVE('',#6730,#6735);
#6730 = PLANE('',#6731);
#6731 = AXIS2_PLACEMENT_3D('',#6732,#6733,#6734);
#6732 = CARTESIAN_POINT('',(3.971869908941,18.641422402631,8.));
#6733 = DIRECTION('',(-8.715574274766E-02,0.996194698092,0.));
#6734 = DIRECTION('',(0.,0.,1.));
#6735 = DEFINITIONAL_REPRESENTATION('',(#6736),#6740);
#6736 = LINE('',#6737,#6738);
#6737 = CARTESIAN_POINT('',(0.,0.));
#6738 = VECTOR('',#6739,1.);
#6739 = DIRECTION('',(1.,0.));
#6740 = ( GEOMETRIC_REPRESENTATION_CONTEXT(2) 
PARAMETRIC_REPRESENTATION_CONTEXT() REPRESENTATION_CONTEXT('2D SPACE',''
  ) );
#6741 = PCURVE('',#6622,#6742);
#6742 = DEFINITIONAL_REPRESENTATION('',(#6743),#6747);
#6743 = LINE('',#6744,#6745);
#6744 = CARTESIAN_POINT('',(0.,4.5));
#6745 = VECTOR('',#6746,1.);
#6746 = DIRECTION('',(1.,0.));
#6747 = ( GEOMETRIC_REPRESENTATION_CONTEXT(2) 
PARAMETRIC_REPRESENTATION_CONTEXT() REPRESENTATION_CONTEXT('2D SPACE',''
  ) );
#6748 = ORIENTED_EDGE('',*,*,#6749,.T.);
#6749 = EDGE_CURVE('',#6720,#6750,#6752,.T.);
#6750 = VERTEX_POINT('',#6751);
#6751 = CARTESIAN_POINT('',(2.97567521085,18.554266659884,8.));
#6752 = SURFACE_CURVE('',#6753,(#6757,#6764),.PCURVE_S1.);
#6753 = LINE('',#6754,#6755);
#6754 = CARTESIAN_POINT('',(3.971869908941,18.641422402631,8.));
#6755 = VECTOR('',#6756,1.);
#6756 = DIRECTION('',(-0.996194698092,-8.715574274766E-02,0.));
#6757 = PCURVE('',#6730,#6758);
#6758 = DEFINITIONAL_REPRESENTATION('',(#6759),#6763);
#6759 = LINE('',#6760,#6761);
#6760 = CARTESIAN_POINT('',(0.,0.));
#6761 = VECTOR('',#6762,1.);
#6762 = DIRECTION('',(0.,-1.));
#6763 = ( GEOMETRIC_REPRESENTATION_CONTEXT(2) 
PARAMETRIC_REPRESENTATION_CONTEXT() REPRESENTATION_CONTEXT('2D SPACE',''
  ) );
#6764 = PCURVE('',#6650,#6765);
#6765 = DEFINITIONAL_REPRESENTATION('',(#6766),#6770);
#6766 = LINE('',#6767,#6768);
#6767 = CARTESIAN_POINT('',(4.5,0.));
#6768 = VECTOR('',#6769,1.);
#6769 = DIRECTION('',(0.,1.));
#6770 = ( GEOMETRIC_REPRESENTATION_CONTEXT(2) 
PARAMETRIC_REPRESENTATION_CONTEXT() REPRESENTATION_CONTEXT('2D SPACE',''
  ) );
#6771 = ORIENTED_EDGE('',*,*,#6772,.T.);
#6772 = EDGE_CURVE('',#6750,#6773,#6775,.T.);
#6773 = VERTEX_POINT('',#6774);
#6774 = CARTESIAN_POINT('',(2.97567521085,18.554266659884,19.));
#6775 = SURFACE_CURVE('',#6776,(#6780,#6787),.PCURVE_S1.);
#6776 = LINE('',#6777,#6778);
#6777 = CARTESIAN_POINT('',(2.97567521085,18.554266659884,8.));
#6778 = VECTOR('',#6779,1.);
#6779 = DIRECTION('',(0.,0.,1.));
#6780 = PCURVE('',#6730,#6781);
#6781 = DEFINITIONAL_REPRESENTATION('',(#6782),#6786);
#6782 = LINE('',#6783,#6784);
#6783 = CARTESIAN_POINT('',(0.,-1.));
#6784 = VECTOR('',#6785,1.);
#6785 = DIRECTION('',(1.,0.));
#6786 = ( GEOMETRIC_REPRESENTATION_CONTEXT(2) 
PARAMETRIC_REPRESENTATION_CONTEXT() REPRESENTATION_CONTEXT('2D SPACE',''
  ) );
#6787 = PCURVE('',#6678,#6788);
#6788 = DEFINITIONAL_REPRESENTATION('',(#6789),#6793);
#6789 = LINE('',#6790,#6791);
#6790 = CARTESIAN_POINT('',(0.,4.5));
#6791 = VECTOR('',#6792,1.);
#6792 = DIRECTION('',(1.,0.));
#6793 = ( GEOMETRIC_REPRESENTATION_CONTEXT(2) 
PARAMETRIC_REPRESENTATION_CONTEXT() REPRESENTATION_CONTEXT('2D SPACE',''
  ) );
#6794 = ORIENTED_EDGE('',*,*,#6795,.F.);
#6795 = EDGE_CURVE('',#6722,#6773,#6796,.T.);
#6796 = SURFACE_CURVE('',#6797,(#6801,#6808),.PCURVE_S1.);
#6797 = LINE('',#6798,#6799);
#6798 = CARTESIAN_POINT('',(3.971869908941,18.641422402631,19.));
#6799 = VECTOR('',#6800,1.);
#6800 = DIRECTION('',(-0.996194698092,-8.715574274766E-02,0.));
#6801 = PCURVE('',#6730,#6802);
#6802 = DEFINITIONAL_REPRESENTATION('',(#6803),#6807);
#6803 = LINE('',#6804,#6805);
#6804 = CARTESIAN_POINT('',(11.,0.));
#6805 = VECTOR('',#6806,1.);
#6806 = DIRECTION('',(0.,-1.));
#6807 = ( GEOMETRIC_REPRESENTATION_CONTEXT(2) 
PARAMETRIC_REPRESENTATION_CONTEXT() REPRESENTATION_CONTEXT('2D SPACE',''
  ) );
#6808 = PCURVE('',#6704,#6809);
#6809 = DEFINITIONAL_REPRESENTATION('',(#6810),#6814);
#6810 = LINE('',#6811,#6812);
#6811 = CARTESIAN_POINT('',(4.5,0.));
#6812 = VECTOR('',#6813,1.);
#6813 = DIRECTION('',(0.,1.));
#6814 = ( GEOMETRIC_REPRESENTATION_CONTEXT(2) 
PARAMETRIC_REPRESENTATION_CONTEXT() REPRESENTATION_CONTEXT('2D SPACE',''
  ) );
#6815 = ADVANCED_FACE('',(#6816),#6622,.F.);
#6816 = FACE_BOUND('',#6817,.F.);
#6817 = EDGE_LOOP('',(#6818,#6839,#6840,#6861));
#6818 = ORIENTED_EDGE('',*,*,#6819,.F.);
#6819 = EDGE_CURVE('',#6600,#6720,#6820,.T.);
#6820 = SURFACE_CURVE('',#6821,(#6825,#6832),.PCURVE_S1.);
#6821 = LINE('',#6822,#6823);
#6822 = CARTESIAN_POINT('',(4.364070751306,14.158546261218,8.));
#6823 = VECTOR('',#6824,1.);
#6824 = DIRECTION('',(-8.715574274766E-02,0.996194698092,0.));
#6825 = PCURVE('',#6622,#6826);
#6826 = DEFINITIONAL_REPRESENTATION('',(#6827),#6831);
#6827 = LINE('',#6828,#6829);
#6828 = CARTESIAN_POINT('',(0.,0.));
#6829 = VECTOR('',#6830,1.);
#6830 = DIRECTION('',(0.,1.));
#6831 = ( GEOMETRIC_REPRESENTATION_CONTEXT(2) 
PARAMETRIC_REPRESENTATION_CONTEXT() REPRESENTATION_CONTEXT('2D SPACE',''
  ) );
#6832 = PCURVE('',#6650,#6833);
#6833 = DEFINITIONAL_REPRESENTATION('',(#6834),#6838);
#6834 = LINE('',#6835,#6836);
#6835 = CARTESIAN_POINT('',(0.,0.));
#6836 = VECTOR('',#6837,1.);
#6837 = DIRECTION('',(1.,0.));
#6838 = ( GEOMETRIC_REPRESENTATION_CONTEXT(2) 
PARAMETRIC_REPRESENTATION_CONTEXT() REPRESENTATION_CONTEXT('2D SPACE',''
  ) );
#6839 = ORIENTED_EDGE('',*,*,#6599,.T.);
#6840 = ORIENTED_EDGE('',*,*,#6841,.T.);
#6841 = EDGE_CURVE('',#6602,#6722,#6842,.T.);
#6842 = SURFACE_CURVE('',#6843,(#6847,#6854),.PCURVE_S1.);
#6843 = LINE('',#6844,#6845);
#6844 = CARTESIAN_POINT('',(4.364070751306,14.158546261218,19.));
#6845 = VECTOR('',#6846,1.);
#6846 = DIRECTION('',(-8.715574274766E-02,0.996194698092,0.));
#6847 = PCURVE('',#6622,#6848);
#6848 = DEFINITIONAL_REPRESENTATION('',(#6849),#6853);
#6849 = LINE('',#6850,#6851);
#6850 = CARTESIAN_POINT('',(11.,0.));
#6851 = VECTOR('',#6852,1.);
#6852 = DIRECTION('',(0.,1.));
#6853 = ( GEOMETRIC_REPRESENTATION_CONTEXT(2) 
PARAMETRIC_REPRESENTATION_CONTEXT() REPRESENTATION_CONTEXT('2D SPACE',''
  ) );
#6854 = PCURVE('',#6704,#6855);
#6855 = DEFINITIONAL_REPRESENTATION('',(#6856),#6860);
#6856 = LINE('',#6857,#6858);
#6857 = CARTESIAN_POINT('',(0.,0.));
#6858 = VECTOR('',#6859,1.);
#6859 = DIRECTION('',(1.,0.));
#6860 = ( GEOMETRIC_REPRESENTATION_CONTEXT(2) 
PARAMETRIC_REPRESENTATION_CONTEXT() REPRESENTATION_CONTEXT('2D SPACE',''
  ) );
#6861 = ORIENTED_EDGE('',*,*,#6719,.F.);
#6862 = ADVANCED_FACE('',(#6863),#6678,.T.);
#6863 = FACE_BOUND('',#6864,.T.);
#6864 = EDGE_LOOP('',(#6865,#6886,#6887,#6908));
#6865 = ORIENTED_EDGE('',*,*,#6866,.F.);
#6866 = EDGE_CURVE('',#6635,#6750,#6867,.T.);
#6867 = SURFACE_CURVE('',#6868,(#6872,#6879),.PCURVE_S1.);
#6868 = LINE('',#6869,#6870);
#6869 = CARTESIAN_POINT('',(3.367876053214,14.071390518471,8.));
#6870 = VECTOR('',#6871,1.);
#6871 = DIRECTION('',(-8.715574274766E-02,0.996194698092,0.));
#6872 = PCURVE('',#6678,#6873);
#6873 = DEFINITIONAL_REPRESENTATION('',(#6874),#6878);
#6874 = LINE('',#6875,#6876);
#6875 = CARTESIAN_POINT('',(0.,0.));
#6876 = VECTOR('',#6877,1.);
#6877 = DIRECTION('',(0.,1.));
#6878 = ( GEOMETRIC_REPRESENTATION_CONTEXT(2) 
PARAMETRIC_REPRESENTATION_CONTEXT() REPRESENTATION_CONTEXT('2D SPACE',''
  ) );
#6879 = PCURVE('',#6650,#6880);
#6880 = DEFINITIONAL_REPRESENTATION('',(#6881),#6885);
#6881 = LINE('',#6882,#6883);
#6882 = CARTESIAN_POINT('',(0.,1.));
#6883 = VECTOR('',#6884,1.);
#6884 = DIRECTION('',(1.,0.));
#6885 = ( GEOMETRIC_REPRESENTATION_CONTEXT(2) 
PARAMETRIC_REPRESENTATION_CONTEXT() REPRESENTATION_CONTEXT('2D SPACE',''
  ) );
#6886 = ORIENTED_EDGE('',*,*,#6662,.T.);
#6887 = ORIENTED_EDGE('',*,*,#6888,.T.);
#6888 = EDGE_CURVE('',#6663,#6773,#6889,.T.);
#6889 = SURFACE_CURVE('',#6890,(#6894,#6901),.PCURVE_S1.);
#6890 = LINE('',#6891,#6892);
#6891 = CARTESIAN_POINT('',(3.367876053214,14.071390518471,19.));
#6892 = VECTOR('',#6893,1.);
#6893 = DIRECTION('',(-8.715574274766E-02,0.996194698092,0.));
#6894 = PCURVE('',#6678,#6895);
#6895 = DEFINITIONAL_REPRESENTATION('',(#6896),#6900);
#6896 = LINE('',#6897,#6898);
#6897 = CARTESIAN_POINT('',(11.,0.));
#6898 = VECTOR('',#6899,1.);
#6899 = DIRECTION('',(0.,1.));
#6900 = ( GEOMETRIC_REPRESENTATION_CONTEXT(2) 
PARAMETRIC_REPRESENTATION_CONTEXT() REPRESENTATION_CONTEXT('2D SPACE',''
  ) );
#6901 = PCURVE('',#6704,#6902);
#6902 = DEFINITIONAL_REPRESENTATION('',(#6903),#6907);
#6903 = LINE('',#6904,#6905);
#6904 = CARTESIAN_POINT('',(0.,1.));
#6905 = VECTOR('',#6906,1.);
#6906 = DIRECTION('',(1.,0.));
#6907 = ( GEOMETRIC_REPRESENTATION_CONTEXT(2) 
PARAMETRIC_REPRESENTATION_CONTEXT() REPRESENTATION_CONTEXT('2D SPACE',''
  ) );
#6908 = ORIENTED_EDGE('',*,*,#6772,.F.);
#6909 = ADVANCED_FACE('',(#6910),#6650,.F.);
#6910 = FACE_BOUND('',#6911,.F.);
#6911 = EDGE_LOOP('',(#6912,#6913,#6914,#6915));
#6912 = ORIENTED_EDGE('',*,*,#6634,.F.);
#6913 = ORIENTED_EDGE('',*,*,#6819,.T.);
#6914 = ORIENTED_EDGE('',*,*,#6749,.T.);
#6915 = ORIENTED_EDGE('',*,*,#6866,.F.);
#6916 = ADVANCED_FACE('',(#6917),#6704,.T.);
#6917 = FACE_BOUND('',#6918,.T.);
#6918 = EDGE_LOOP('',(#6919,#6920,#6921,#6922));
#6919 = ORIENTED_EDGE('',*,*,#6690,.F.);
#6920 = ORIENTED_EDGE('',*,*,#6841,.T.);
#6921 = ORIENTED_EDGE('',*,*,#6795,.T.);
#6922 = ORIENTED_EDGE('',*,*,#6888,.F.);
#6923 = MANIFOLD_SOLID_BREP('',#6924);
#6924 = CLOSED_SHELL('',(#6925,#7045,#7145,#7192,#7239,#7246));
#6925 = ADVANCED_FACE('',(#6926),#6940,.F.);
#6926 = FACE_BOUND('',#6927,.F.);
#6927 = EDGE_LOOP('',(#6928,#6963,#6991,#7019));
#6928 = ORIENTED_EDGE('',*,*,#6929,.F.);
#6929 = EDGE_CURVE('',#6930,#6932,#6934,.T.);
#6930 = VERTEX_POINT('',#6931);
#6931 = CARTESIAN_POINT('',(3.037564434702,8.061215932168,8.));
#6932 = VERTEX_POINT('',#6933);
#6933 = CARTESIAN_POINT('',(3.037564434702,8.061215932168,19.));
#6934 = SURFACE_CURVE('',#6935,(#6939,#6951),.PCURVE_S1.);
#6935 = LINE('',#6936,#6937);
#6936 = CARTESIAN_POINT('',(3.037564434702,8.061215932168,8.));
#6937 = VECTOR('',#6938,1.);
#6938 = DIRECTION('',(0.,0.,1.));
#6939 = PCURVE('',#6940,#6945);
#6940 = PLANE('',#6941);
#6941 = AXIS2_PLACEMENT_3D('',#6942,#6943,#6944);
#6942 = CARTESIAN_POINT('',(3.037564434702,8.061215932168,8.));
#6943 = DIRECTION('',(0.5,0.866025403784,0.));
#6944 = DIRECTION('',(0.,0.,1.));
#6945 = DEFINITIONAL_REPRESENTATION('',(#6946),#6950);
#6946 = LINE('',#6947,#6948);
#6947 = CARTESIAN_POINT('',(0.,0.));
#6948 = VECTOR('',#6949,1.);
#6949 = DIRECTION('',(1.,0.));
#6950 = ( GEOMETRIC_REPRESENTATION_CONTEXT(2) 
PARAMETRIC_REPRESENTATION_CONTEXT() REPRESENTATION_CONTEXT('2D SPACE',''
  ) );
#6951 = PCURVE('',#6952,#6957);
#6952 = PLANE('',#6953);
#6953 = AXIS2_PLACEMENT_3D('',#6954,#6955,#6956);
#6954 = CARTESIAN_POINT('',(3.037564434702,8.061215932168,8.));
#6955 = DIRECTION('',(-0.866025403784,0.5,0.));
#6956 = DIRECTION('',(0.,0.,1.));
#6957 = DEFINITIONAL_REPRESENTATION('',(#6958),#6962);
#6958 = LINE('',#6959,#6960);
#6959 = CARTESIAN_POINT('',(0.,0.));
#6960 = VECTOR('',#6961,1.);
#6961 = DIRECTION('',(1.,0.));
#6962 = ( GEOMETRIC_REPRESENTATION_CONTEXT(2) 
PARAMETRIC_REPRESENTATION_CONTEXT() REPRESENTATION_CONTEXT('2D SPACE',''
  ) );
#6963 = ORIENTED_EDGE('',*,*,#6964,.T.);
#6964 = EDGE_CURVE('',#6930,#6965,#6967,.T.);
#6965 = VERTEX_POINT('',#6966);
#6966 = CARTESIAN_POINT('',(1.99833395016,8.661215932168,8.));
#6967 = SURFACE_CURVE('',#6968,(#6972,#6979),.PCURVE_S1.);
#6968 = LINE('',#6969,#6970);
#6969 = CARTESIAN_POINT('',(3.037564434702,8.061215932168,8.));
#6970 = VECTOR('',#6971,1.);
#6971 = DIRECTION('',(-0.866025403784,0.5,0.));
#6972 = PCURVE('',#6940,#6973);
#6973 = DEFINITIONAL_REPRESENTATION('',(#6974),#6978);
#6974 = LINE('',#6975,#6976);
#6975 = CARTESIAN_POINT('',(0.,0.));
#6976 = VECTOR('',#6977,1.);
#6977 = DIRECTION('',(0.,-1.));
#6978 = ( GEOMETRIC_REPRESENTATION_CONTEXT(2) 
PARAMETRIC_REPRESENTATION_CONTEXT() REPRESENTATION_CONTEXT('2D SPACE',''
  ) );
#6979 = PCURVE('',#6980,#6985);
#6980 = PLANE('',#6981);
#6981 = AXIS2_PLACEMENT_3D('',#6982,#6983,#6984);
#6982 = CARTESIAN_POINT('',(3.037564434702,8.061215932168,8.));
#6983 = DIRECTION('',(0.,0.,1.));
#6984 = DIRECTION('',(0.5,0.866025403784,0.));
#6985 = DEFINITIONAL_REPRESENTATION('',(#6986),#6990);
#6986 = LINE('',#6987,#6988);
#6987 = CARTESIAN_POINT('',(0.,0.));
#6988 = VECTOR('',#6989,1.);
#6989 = DIRECTION('',(0.,1.));
#6990 = ( GEOMETRIC_REPRESENTATION_CONTEXT(2) 
PARAMETRIC_REPRESENTATION_CONTEXT() REPRESENTATION_CONTEXT('2D SPACE',''
  ) );
#6991 = ORIENTED_EDGE('',*,*,#6992,.T.);
#6992 = EDGE_CURVE('',#6965,#6993,#6995,.T.);
#6993 = VERTEX_POINT('',#6994);
#6994 = CARTESIAN_POINT('',(1.99833395016,8.661215932168,19.));
#6995 = SURFACE_CURVE('',#6996,(#7000,#7007),.PCURVE_S1.);
#6996 = LINE('',#6997,#6998);
#6997 = CARTESIAN_POINT('',(1.99833395016,8.661215932168,8.));
#6998 = VECTOR('',#6999,1.);
#6999 = DIRECTION('',(0.,0.,1.));
#7000 = PCURVE('',#6940,#7001);
#7001 = DEFINITIONAL_REPRESENTATION('',(#7002),#7006);
#7002 = LINE('',#7003,#7004);
#7003 = CARTESIAN_POINT('',(0.,-1.2));
#7004 = VECTOR('',#7005,1.);
#7005 = DIRECTION('',(1.,0.));
#7006 = ( GEOMETRIC_REPRESENTATION_CONTEXT(2) 
PARAMETRIC_REPRESENTATION_CONTEXT() REPRESENTATION_CONTEXT('2D SPACE',''
  ) );
#7007 = PCURVE('',#7008,#7013);
#7008 = PLANE('',#7009);
#7009 = AXIS2_PLACEMENT_3D('',#7010,#7011,#7012);
#7010 = CARTESIAN_POINT('',(1.99833395016,8.661215932168,8.));
#7011 = DIRECTION('',(-0.866025403784,0.5,0.));
#7012 = DIRECTION('',(0.,0.,1.));
#7013 = DEFINITIONAL_REPRESENTATION('',(#7014),#7018);
#7014 = LINE('',#7015,#7016);
#7015 = CARTESIAN_POINT('',(0.,0.));
#7016 = VECTOR('',#7017,1.);
#7017 = DIRECTION('',(1.,0.));
#7018 = ( GEOMETRIC_REPRESENTATION_CONTEXT(2) 
PARAMETRIC_REPRESENTATION_CONTEXT() REPRESENTATION_CONTEXT('2D SPACE',''
  ) );
#7019 = ORIENTED_EDGE('',*,*,#7020,.F.);
#7020 = EDGE_CURVE('',#6932,#6993,#7021,.T.);
#7021 = SURFACE_CURVE('',#7022,(#7026,#7033),.PCURVE_S1.);
#7022 = LINE('',#7023,#7024);
#7023 = CARTESIAN_POINT('',(3.037564434702,8.061215932168,19.));
#7024 = VECTOR('',#7025,1.);
#7025 = DIRECTION('',(-0.866025403784,0.5,0.));
#7026 = PCURVE('',#6940,#7027);
#7027 = DEFINITIONAL_REPRESENTATION('',(#7028),#7032);
#7028 = LINE('',#7029,#7030);
#7029 = CARTESIAN_POINT('',(11.,0.));
#7030 = VECTOR('',#7031,1.);
#7031 = DIRECTION('',(0.,-1.));
#7032 = ( GEOMETRIC_REPRESENTATION_CONTEXT(2) 
PARAMETRIC_REPRESENTATION_CONTEXT() REPRESENTATION_CONTEXT('2D SPACE',''
  ) );
#7033 = PCURVE('',#7034,#7039);
#7034 = PLANE('',#7035);
#7035 = AXIS2_PLACEMENT_3D('',#7036,#7037,#7038);
#7036 = CARTESIAN_POINT('',(3.037564434702,8.061215932168,19.));
#7037 = DIRECTION('',(0.,0.,1.));
#7038 = DIRECTION('',(0.5,0.866025403784,0.));
#7039 = DEFINITIONAL_REPRESENTATION('',(#7040),#7044);
#7040 = LINE('',#7041,#7042);
#7041 = CARTESIAN_POINT('',(0.,0.));
#7042 = VECTOR('',#7043,1.);
#7043 = DIRECTION('',(0.,1.));
#7044 = ( GEOMETRIC_REPRESENTATION_CONTEXT(2) 
PARAMETRIC_REPRESENTATION_CONTEXT() REPRESENTATION_CONTEXT('2D SPACE',''
  ) );
#7045 = ADVANCED_FACE('',(#7046),#7060,.T.);
#7046 = FACE_BOUND('',#7047,.T.);
#7047 = EDGE_LOOP('',(#7048,#7078,#7101,#7124));
#7048 = ORIENTED_EDGE('',*,*,#7049,.F.);
#7049 = EDGE_CURVE('',#7050,#7052,#7054,.T.);
#7050 = VERTEX_POINT('',#7051);
#7051 = CARTESIAN_POINT('',(7.037564434702,14.989419162443,8.));
#7052 = VERTEX_POINT('',#7053);
#7053 = CARTESIAN_POINT('',(7.037564434702,14.989419162443,19.));
#7054 = SURFACE_CURVE('',#7055,(#7059,#7071),.PCURVE_S1.);
#7055 = LINE('',#7056,#7057);
#7056 = CARTESIAN_POINT('',(7.037564434702,14.989419162443,8.));
#7057 = VECTOR('',#7058,1.);
#7058 = DIRECTION('',(0.,0.,1.));
#7059 = PCURVE('',#7060,#7065);
#7060 = PLANE('',#7061);
#7061 = AXIS2_PLACEMENT_3D('',#7062,#7063,#7064);
#7062 = CARTESIAN_POINT('',(7.037564434702,14.989419162443,8.));
#7063 = DIRECTION('',(0.5,0.866025403784,0.));
#7064 = DIRECTION('',(0.,0.,1.));
#7065 = DEFINITIONAL_REPRESENTATION('',(#7066),#7070);
#7066 = LINE('',#7067,#7068);
#7067 = CARTESIAN_POINT('',(0.,0.));
#7068 = VECTOR('',#7069,1.);
#7069 = DIRECTION('',(1.,0.));
#7070 = ( GEOMETRIC_REPRESENTATION_CONTEXT(2) 
PARAMETRIC_REPRESENTATION_CONTEXT() REPRESENTATION_CONTEXT('2D SPACE',''
  ) );
#7071 = PCURVE('',#6952,#7072);
#7072 = DEFINITIONAL_REPRESENTATION('',(#7073),#7077);
#7073 = LINE('',#7074,#7075);
#7074 = CARTESIAN_POINT('',(0.,8.));
#7075 = VECTOR('',#7076,1.);
#7076 = DIRECTION('',(1.,0.));
#7077 = ( GEOMETRIC_REPRESENTATION_CONTEXT(2) 
PARAMETRIC_REPRESENTATION_CONTEXT() REPRESENTATION_CONTEXT('2D SPACE',''
  ) );
#7078 = ORIENTED_EDGE('',*,*,#7079,.T.);
#7079 = EDGE_CURVE('',#7050,#7080,#7082,.T.);
#7080 = VERTEX_POINT('',#7081);
#7081 = CARTESIAN_POINT('',(5.99833395016,15.589419162443,8.));
#7082 = SURFACE_CURVE('',#7083,(#7087,#7094),.PCURVE_S1.);
#7083 = LINE('',#7084,#7085);
#7084 = CARTESIAN_POINT('',(7.037564434702,14.989419162443,8.));
#7085 = VECTOR('',#7086,1.);
#7086 = DIRECTION('',(-0.866025403784,0.5,0.));
#7087 = PCURVE('',#7060,#7088);
#7088 = DEFINITIONAL_REPRESENTATION('',(#7089),#7093);
#7089 = LINE('',#7090,#7091);
#7090 = CARTESIAN_POINT('',(0.,0.));
#7091 = VECTOR('',#7092,1.);
#7092 = DIRECTION('',(0.,-1.));
#7093 = ( GEOMETRIC_REPRESENTATION_CONTEXT(2) 
PARAMETRIC_REPRESENTATION_CONTEXT() REPRESENTATION_CONTEXT('2D SPACE',''
  ) );
#7094 = PCURVE('',#6980,#7095);
#7095 = DEFINITIONAL_REPRESENTATION('',(#7096),#7100);
#7096 = LINE('',#7097,#7098);
#7097 = CARTESIAN_POINT('',(8.,0.));
#7098 = VECTOR('',#7099,1.);
#7099 = DIRECTION('',(0.,1.));
#7100 = ( GEOMETRIC_REPRESENTATION_CONTEXT(2) 
PARAMETRIC_REPRESENTATION_CONTEXT() REPRESENTATION_CONTEXT('2D SPACE',''
  ) );
#7101 = ORIENTED_EDGE('',*,*,#7102,.T.);
#7102 = EDGE_CURVE('',#7080,#7103,#7105,.T.);
#7103 = VERTEX_POINT('',#7104);
#7104 = CARTESIAN_POINT('',(5.99833395016,15.589419162443,19.));
#7105 = SURFACE_CURVE('',#7106,(#7110,#7117),.PCURVE_S1.);
#7106 = LINE('',#7107,#7108);
#7107 = CARTESIAN_POINT('',(5.99833395016,15.589419162443,8.));
#7108 = VECTOR('',#7109,1.);
#7109 = DIRECTION('',(0.,0.,1.));
#7110 = PCURVE('',#7060,#7111);
#7111 = DEFINITIONAL_REPRESENTATION('',(#7112),#7116);
#7112 = LINE('',#7113,#7114);
#7113 = CARTESIAN_POINT('',(0.,-1.2));
#7114 = VECTOR('',#7115,1.);
#7115 = DIRECTION('',(1.,0.));
#7116 = ( GEOMETRIC_REPRESENTATION_CONTEXT(2) 
PARAMETRIC_REPRESENTATION_CONTEXT() REPRESENTATION_CONTEXT('2D SPACE',''
  ) );
#7117 = PCURVE('',#7008,#7118);
#7118 = DEFINITIONAL_REPRESENTATION('',(#7119),#7123);
#7119 = LINE('',#7120,#7121);
#7120 = CARTESIAN_POINT('',(0.,8.));
#7121 = VECTOR('',#7122,1.);
#7122 = DIRECTION('',(1.,0.));
#7123 = ( GEOMETRIC_REPRESENTATION_CONTEXT(2) 
PARAMETRIC_REPRESENTATION_CONTEXT() REPRESENTATION_CONTEXT('2D SPACE',''
  ) );
#7124 = ORIENTED_EDGE('',*,*,#7125,.F.);
#7125 = EDGE_CURVE('',#7052,#7103,#7126,.T.);
#7126 = SURFACE_CURVE('',#7127,(#7131,#7138),.PCURVE_S1.);
#7127 = LINE('',#7128,#7129);
#7128 = CARTESIAN_POINT('',(7.037564434702,14.989419162443,19.));
#7129 = VECTOR('',#7130,1.);
#7130 = DIRECTION('',(-0.866025403784,0.5,0.));
#7131 = PCURVE('',#7060,#7132);
#7132 = DEFINITIONAL_REPRESENTATION('',(#7133),#7137);
#7133 = LINE('',#7134,#7135);
#7134 = CARTESIAN_POINT('',(11.,0.));
#7135 = VECTOR('',#7136,1.);
#7136 = DIRECTION('',(0.,-1.));
#7137 = ( GEOMETRIC_REPRESENTATION_CONTEXT(2) 
PARAMETRIC_REPRESENTATION_CONTEXT() REPRESENTATION_CONTEXT('2D SPACE',''
  ) );
#7138 = PCURVE('',#7034,#7139);
#7139 = DEFINITIONAL_REPRESENTATION('',(#7140),#7144);
#7140 = LINE('',#7141,#7142);
#7141 = CARTESIAN_POINT('',(8.,0.));
#7142 = VECTOR('',#7143,1.);
#7143 = DIRECTION('',(0.,1.));
#7144 = ( GEOMETRIC_REPRESENTATION_CONTEXT(2) 
PARAMETRIC_REPRESENTATION_CONTEXT() REPRESENTATION_CONTEXT('2D SPACE',''
  ) );
#7145 = ADVANCED_FACE('',(#7146),#6952,.F.);
#7146 = FACE_BOUND('',#7147,.F.);
#7147 = EDGE_LOOP('',(#7148,#7169,#7170,#7191));
#7148 = ORIENTED_EDGE('',*,*,#7149,.F.);
#7149 = EDGE_CURVE('',#6930,#7050,#7150,.T.);
#7150 = SURFACE_CURVE('',#7151,(#7155,#7162),.PCURVE_S1.);
#7151 = LINE('',#7152,#7153);
#7152 = CARTESIAN_POINT('',(3.037564434702,8.061215932168,8.));
#7153 = VECTOR('',#7154,1.);
#7154 = DIRECTION('',(0.5,0.866025403784,0.));
#7155 = PCURVE('',#6952,#7156);
#7156 = DEFINITIONAL_REPRESENTATION('',(#7157),#7161);
#7157 = LINE('',#7158,#7159);
#7158 = CARTESIAN_POINT('',(0.,0.));
#7159 = VECTOR('',#7160,1.);
#7160 = DIRECTION('',(0.,1.));
#7161 = ( GEOMETRIC_REPRESENTATION_CONTEXT(2) 
PARAMETRIC_REPRESENTATION_CONTEXT() REPRESENTATION_CONTEXT('2D SPACE',''
  ) );
#7162 = PCURVE('',#6980,#7163);
#7163 = DEFINITIONAL_REPRESENTATION('',(#7164),#7168);
#7164 = LINE('',#7165,#7166);
#7165 = CARTESIAN_POINT('',(0.,0.));
#7166 = VECTOR('',#7167,1.);
#7167 = DIRECTION('',(1.,0.));
#7168 = ( GEOMETRIC_REPRESENTATION_CONTEXT(2) 
PARAMETRIC_REPRESENTATION_CONTEXT() REPRESENTATION_CONTEXT('2D SPACE',''
  ) );
#7169 = ORIENTED_EDGE('',*,*,#6929,.T.);
#7170 = ORIENTED_EDGE('',*,*,#7171,.T.);
#7171 = EDGE_CURVE('',#6932,#7052,#7172,.T.);
#7172 = SURFACE_CURVE('',#7173,(#7177,#7184),.PCURVE_S1.);
#7173 = LINE('',#7174,#7175);
#7174 = CARTESIAN_POINT('',(3.037564434702,8.061215932168,19.));
#7175 = VECTOR('',#7176,1.);
#7176 = DIRECTION('',(0.5,0.866025403784,0.));
#7177 = PCURVE('',#6952,#7178);
#7178 = DEFINITIONAL_REPRESENTATION('',(#7179),#7183);
#7179 = LINE('',#7180,#7181);
#7180 = CARTESIAN_POINT('',(11.,0.));
#7181 = VECTOR('',#7182,1.);
#7182 = DIRECTION('',(0.,1.));
#7183 = ( GEOMETRIC_REPRESENTATION_CONTEXT(2) 
PARAMETRIC_REPRESENTATION_CONTEXT() REPRESENTATION_CONTEXT('2D SPACE',''
  ) );
#7184 = PCURVE('',#7034,#7185);
#7185 = DEFINITIONAL_REPRESENTATION('',(#7186),#7190);
#7186 = LINE('',#7187,#7188);
#7187 = CARTESIAN_POINT('',(0.,0.));
#7188 = VECTOR('',#7189,1.);
#7189 = DIRECTION('',(1.,0.));
#7190 = ( GEOMETRIC_REPRESENTATION_CONTEXT(2) 
PARAMETRIC_REPRESENTATION_CONTEXT() REPRESENTATION_CONTEXT('2D SPACE',''
  ) );
#7191 = ORIENTED_EDGE('',*,*,#7049,.F.);
#7192 = ADVANCED_FACE('',(#7193),#7008,.T.);
#7193 = FACE_BOUND('',#7194,.T.);
#7194 = EDGE_LOOP('',(#7195,#7216,#7217,#7238));
#7195 = ORIENTED_EDGE('',*,*,#7196,.F.);
#7196 = EDGE_CURVE('',#6965,#7080,#7197,.T.);
#7197 = SURFACE_CURVE('',#7198,(#7202,#7209),.PCURVE_S1.);
#7198 = LINE('',#7199,#7200);
#7199 = CARTESIAN_POINT('',(1.99833395016,8.661215932168,8.));
#7200 = VECTOR('',#7201,1.);
#7201 = DIRECTION('',(0.5,0.866025403784,0.));
#7202 = PCURVE('',#7008,#7203);
#7203 = DEFINITIONAL_REPRESENTATION('',(#7204),#7208);
#7204 = LINE('',#7205,#7206);
#7205 = CARTESIAN_POINT('',(0.,0.));
#7206 = VECTOR('',#7207,1.);
#7207 = DIRECTION('',(0.,1.));
#7208 = ( GEOMETRIC_REPRESENTATION_CONTEXT(2) 
PARAMETRIC_REPRESENTATION_CONTEXT() REPRESENTATION_CONTEXT('2D SPACE',''
  ) );
#7209 = PCURVE('',#6980,#7210);
#7210 = DEFINITIONAL_REPRESENTATION('',(#7211),#7215);
#7211 = LINE('',#7212,#7213);
#7212 = CARTESIAN_POINT('',(0.,1.2));
#7213 = VECTOR('',#7214,1.);
#7214 = DIRECTION('',(1.,0.));
#7215 = ( GEOMETRIC_REPRESENTATION_CONTEXT(2) 
PARAMETRIC_REPRESENTATION_CONTEXT() REPRESENTATION_CONTEXT('2D SPACE',''
  ) );
#7216 = ORIENTED_EDGE('',*,*,#6992,.T.);
#7217 = ORIENTED_EDGE('',*,*,#7218,.T.);
#7218 = EDGE_CURVE('',#6993,#7103,#7219,.T.);
#7219 = SURFACE_CURVE('',#7220,(#7224,#7231),.PCURVE_S1.);
#7220 = LINE('',#7221,#7222);
#7221 = CARTESIAN_POINT('',(1.99833395016,8.661215932168,19.));
#7222 = VECTOR('',#7223,1.);
#7223 = DIRECTION('',(0.5,0.866025403784,0.));
#7224 = PCURVE('',#7008,#7225);
#7225 = DEFINITIONAL_REPRESENTATION('',(#7226),#7230);
#7226 = LINE('',#7227,#7228);
#7227 = CARTESIAN_POINT('',(11.,0.));
#7228 = VECTOR('',#7229,1.);
#7229 = DIRECTION('',(0.,1.));
#7230 = ( GEOMETRIC_REPRESENTATION_CONTEXT(2) 
PARAMETRIC_REPRESENTATION_CONTEXT() REPRESENTATION_CONTEXT('2D SPACE',''
  ) );
#7231 = PCURVE('',#7034,#7232);
#7232 = DEFINITIONAL_REPRESENTATION('',(#7233),#7237);
#7233 = LINE('',#7234,#7235);
#7234 = CARTESIAN_POINT('',(0.,1.2));
#7235 = VECTOR('',#7236,1.);
#7236 = DIRECTION('',(1.,0.));
#7237 = ( GEOMETRIC_REPRESENTATION_CONTEXT(2) 
PARAMETRIC_REPRESENTATION_CONTEXT() REPRESENTATION_CONTEXT('2D SPACE',''
  ) );
#7238 = ORIENTED_EDGE('',*,*,#7102,.F.);
#7239 = ADVANCED_FACE('',(#7240),#6980,.F.);
#7240 = FACE_BOUND('',#7241,.F.);
#7241 = EDGE_LOOP('',(#7242,#7243,#7244,#7245));
#7242 = ORIENTED_EDGE('',*,*,#6964,.F.);
#7243 = ORIENTED_EDGE('',*,*,#7149,.T.);
#7244 = ORIENTED_EDGE('',*,*,#7079,.T.);
#7245 = ORIENTED_EDGE('',*,*,#7196,.F.);
#7246 = ADVANCED_FACE('',(#7247),#7034,.T.);
#7247 = FACE_BOUND('',#7248,.T.);
#7248 = EDGE_LOOP('',(#7249,#7250,#7251,#7252));
#7249 = ORIENTED_EDGE('',*,*,#7020,.F.);
#7250 = ORIENTED_EDGE('',*,*,#7171,.T.);
#7251 = ORIENTED_EDGE('',*,*,#7125,.T.);
#7252 = ORIENTED_EDGE('',*,*,#7218,.F.);
#7253 = MANIFOLD_SOLID_BREP('',#7254);
#7254 = CLOSED_SHELL('',(#7255,#7375,#7475,#7522,#7569,#7576));
#7255 = ADVANCED_FACE('',(#7256),#7270,.F.);
#7256 = FACE_BOUND('',#7257,.F.);
#7257 = EDGE_LOOP('',(#7258,#7293,#7321,#7349));
#7258 = ORIENTED_EDGE('',*,*,#7259,.F.);
#7259 = EDGE_CURVE('',#7260,#7262,#7264,.T.);
#7260 = VERTEX_POINT('',#7261);
#7261 = CARTESIAN_POINT('',(10.858669265153,10.079625367219,8.));
#7262 = VERTEX_POINT('',#7263);
#7263 = CARTESIAN_POINT('',(10.858669265153,10.079625367219,19.));
#7264 = SURFACE_CURVE('',#7265,(#7269,#7281),.PCURVE_S1.);
#7265 = LINE('',#7266,#7267);
#7266 = CARTESIAN_POINT('',(10.858669265153,10.079625367219,8.));
#7267 = VECTOR('',#7268,1.);
#7268 = DIRECTION('',(0.,0.,1.));
#7269 = PCURVE('',#7270,#7275);
#7270 = PLANE('',#7271);
#7271 = AXIS2_PLACEMENT_3D('',#7272,#7273,#7274);
#7272 = CARTESIAN_POINT('',(10.858669265153,10.079625367219,8.));
#7273 = DIRECTION('',(0.422618261741,0.906307787037,0.));
#7274 = DIRECTION('',(0.,0.,1.));
#7275 = DEFINITIONAL_REPRESENTATION('',(#7276),#7280);
#7276 = LINE('',#7277,#7278);
#7277 = CARTESIAN_POINT('',(0.,0.));
#7278 = VECTOR('',#7279,1.);
#7279 = DIRECTION('',(1.,0.));
#7280 = ( GEOMETRIC_REPRESENTATION_CONTEXT(2) 
PARAMETRIC_REPRESENTATION_CONTEXT() REPRESENTATION_CONTEXT('2D SPACE',''
  ) );
#7281 = PCURVE('',#7282,#7287);
#7282 = PLANE('',#7283);
#7283 = AXIS2_PLACEMENT_3D('',#7284,#7285,#7286);
#7284 = CARTESIAN_POINT('',(10.858669265153,10.079625367219,8.));
#7285 = DIRECTION('',(-0.906307787037,0.422618261741,0.));
#7286 = DIRECTION('',(0.,0.,1.));
#7287 = DEFINITIONAL_REPRESENTATION('',(#7288),#7292);
#7288 = LINE('',#7289,#7290);
#7289 = CARTESIAN_POINT('',(0.,0.));
#7290 = VECTOR('',#7291,1.);
#7291 = DIRECTION('',(1.,0.));
#7292 = ( GEOMETRIC_REPRESENTATION_CONTEXT(2) 
PARAMETRIC_REPRESENTATION_CONTEXT() REPRESENTATION_CONTEXT('2D SPACE',''
  ) );
#7293 = ORIENTED_EDGE('',*,*,#7294,.T.);
#7294 = EDGE_CURVE('',#7260,#7295,#7297,.T.);
#7295 = VERTEX_POINT('',#7296);
#7296 = CARTESIAN_POINT('',(9.952361478116,10.50224362896,8.));
#7297 = SURFACE_CURVE('',#7298,(#7302,#7309),.PCURVE_S1.);
#7298 = LINE('',#7299,#7300);
#7299 = CARTESIAN_POINT('',(10.858669265153,10.079625367219,8.));
#7300 = VECTOR('',#7301,1.);
#7301 = DIRECTION('',(-0.906307787037,0.422618261741,0.));
#7302 = PCURVE('',#7270,#7303);
#7303 = DEFINITIONAL_REPRESENTATION('',(#7304),#7308);
#7304 = LINE('',#7305,#7306);
#7305 = CARTESIAN_POINT('',(0.,0.));
#7306 = VECTOR('',#7307,1.);
#7307 = DIRECTION('',(0.,-1.));
#7308 = ( GEOMETRIC_REPRESENTATION_CONTEXT(2) 
PARAMETRIC_REPRESENTATION_CONTEXT() REPRESENTATION_CONTEXT('2D SPACE',''
  ) );
#7309 = PCURVE('',#7310,#7315);
#7310 = PLANE('',#7311);
#7311 = AXIS2_PLACEMENT_3D('',#7312,#7313,#7314);
#7312 = CARTESIAN_POINT('',(10.858669265153,10.079625367219,8.));
#7313 = DIRECTION('',(0.,0.,1.));
#7314 = DIRECTION('',(0.422618261741,0.906307787037,0.));
#7315 = DEFINITIONAL_REPRESENTATION('',(#7316),#7320);
#7316 = LINE('',#7317,#7318);
#7317 = CARTESIAN_POINT('',(0.,0.));
#7318 = VECTOR('',#7319,1.);
#7319 = DIRECTION('',(0.,1.));
#7320 = ( GEOMETRIC_REPRESENTATION_CONTEXT(2) 
PARAMETRIC_REPRESENTATION_CONTEXT() REPRESENTATION_CONTEXT('2D SPACE',''
  ) );
#7321 = ORIENTED_EDGE('',*,*,#7322,.T.);
#7322 = EDGE_CURVE('',#7295,#7323,#7325,.T.);
#7323 = VERTEX_POINT('',#7324);
#7324 = CARTESIAN_POINT('',(9.952361478116,10.50224362896,19.));
#7325 = SURFACE_CURVE('',#7326,(#7330,#7337),.PCURVE_S1.);
#7326 = LINE('',#7327,#7328);
#7327 = CARTESIAN_POINT('',(9.952361478116,10.50224362896,8.));
#7328 = VECTOR('',#7329,1.);
#7329 = DIRECTION('',(0.,0.,1.));
#7330 = PCURVE('',#7270,#7331);
#7331 = DEFINITIONAL_REPRESENTATION('',(#7332),#7336);
#7332 = LINE('',#7333,#7334);
#7333 = CARTESIAN_POINT('',(0.,-1.));
#7334 = VECTOR('',#7335,1.);
#7335 = DIRECTION('',(1.,0.));
#7336 = ( GEOMETRIC_REPRESENTATION_CONTEXT(2) 
PARAMETRIC_REPRESENTATION_CONTEXT() REPRESENTATION_CONTEXT('2D SPACE',''
  ) );
#7337 = PCURVE('',#7338,#7343);
#7338 = PLANE('',#7339);
#7339 = AXIS2_PLACEMENT_3D('',#7340,#7341,#7342);
#7340 = CARTESIAN_POINT('',(9.952361478116,10.50224362896,8.));
#7341 = DIRECTION('',(-0.906307787037,0.422618261741,0.));
#7342 = DIRECTION('',(0.,0.,1.));
#7343 = DEFINITIONAL_REPRESENTATION('',(#7344),#7348);
#7344 = LINE('',#7345,#7346);
#7345 = CARTESIAN_POINT('',(0.,0.));
#7346 = VECTOR('',#7347,1.);
#7347 = DIRECTION('',(1.,0.));
#7348 = ( GEOMETRIC_REPRESENTATION_CONTEXT(2) 
PARAMETRIC_REPRESENTATION_CONTEXT() REPRESENTATION_CONTEXT('2D SPACE',''
  ) );
#7349 = ORIENTED_EDGE('',*,*,#7350,.F.);
#7350 = EDGE_CURVE('',#7262,#7323,#7351,.T.);
#7351 = SURFACE_CURVE('',#7352,(#7356,#7363),.PCURVE_S1.);
#7352 = LINE('',#7353,#7354);
#7353 = CARTESIAN_POINT('',(10.858669265153,10.079625367219,19.));
#7354 = VECTOR('',#7355,1.);
#7355 = DIRECTION('',(-0.906307787037,0.422618261741,0.));
#7356 = PCURVE('',#7270,#7357);
#7357 = DEFINITIONAL_REPRESENTATION('',(#7358),#7362);
#7358 = LINE('',#7359,#7360);
#7359 = CARTESIAN_POINT('',(11.,0.));
#7360 = VECTOR('',#7361,1.);
#7361 = DIRECTION('',(0.,-1.));
#7362 = ( GEOMETRIC_REPRESENTATION_CONTEXT(2) 
PARAMETRIC_REPRESENTATION_CONTEXT() REPRESENTATION_CONTEXT('2D SPACE',''
  ) );
#7363 = PCURVE('',#7364,#7369);
#7364 = PLANE('',#7365);
#7365 = AXIS2_PLACEMENT_3D('',#7366,#7367,#7368);
#7366 = CARTESIAN_POINT('',(10.858669265153,10.079625367219,19.));
#7367 = DIRECTION('',(0.,0.,1.));
#7368 = DIRECTION('',(0.422618261741,0.906307787037,0.));
#7369 = DEFINITIONAL_REPRESENTATION('',(#7370),#7374);
#7370 = LINE('',#7371,#7372);
#7371 = CARTESIAN_POINT('',(0.,0.));
#7372 = VECTOR('',#7373,1.);
#7373 = DIRECTION('',(0.,1.));
#7374 = ( GEOMETRIC_REPRESENTATION_CONTEXT(2) 
PARAMETRIC_REPRESENTATION_CONTEXT() REPRESENTATION_CONTEXT('2D SPACE',''
  ) );
#7375 = ADVANCED_FACE('',(#7376),#7390,.T.);
#7376 = FACE_BOUND('',#7377,.T.);
#7377 = EDGE_LOOP('',(#7378,#7408,#7431,#7454));
#7378 = ORIENTED_EDGE('',*,*,#7379,.F.);
#7379 = EDGE_CURVE('',#7380,#7382,#7384,.T.);
#7380 = VERTEX_POINT('',#7381);
#7381 = CARTESIAN_POINT('',(12.760451442986,14.158010408884,8.));
#7382 = VERTEX_POINT('',#7383);
#7383 = CARTESIAN_POINT('',(12.760451442986,14.158010408884,19.));
#7384 = SURFACE_CURVE('',#7385,(#7389,#7401),.PCURVE_S1.);
#7385 = LINE('',#7386,#7387);
#7386 = CARTESIAN_POINT('',(12.760451442986,14.158010408884,8.));
#7387 = VECTOR('',#7388,1.);
#7388 = DIRECTION('',(0.,0.,1.));
#7389 = PCURVE('',#7390,#7395);
#7390 = PLANE('',#7391);
#7391 = AXIS2_PLACEMENT_3D('',#7392,#7393,#7394);
#7392 = CARTESIAN_POINT('',(12.760451442986,14.158010408884,8.));
#7393 = DIRECTION('',(0.422618261741,0.906307787037,0.));
#7394 = DIRECTION('',(0.,0.,1.));
#7395 = DEFINITIONAL_REPRESENTATION('',(#7396),#7400);
#7396 = LINE('',#7397,#7398);
#7397 = CARTESIAN_POINT('',(0.,0.));
#7398 = VECTOR('',#7399,1.);
#7399 = DIRECTION('',(1.,0.));
#7400 = ( GEOMETRIC_REPRESENTATION_CONTEXT(2) 
PARAMETRIC_REPRESENTATION_CONTEXT() REPRESENTATION_CONTEXT('2D SPACE',''
  ) );
#7401 = PCURVE('',#7282,#7402);
#7402 = DEFINITIONAL_REPRESENTATION('',(#7403),#7407);
#7403 = LINE('',#7404,#7405);
#7404 = CARTESIAN_POINT('',(0.,4.5));
#7405 = VECTOR('',#7406,1.);
#7406 = DIRECTION('',(1.,0.));
#7407 = ( GEOMETRIC_REPRESENTATION_CONTEXT(2) 
PARAMETRIC_REPRESENTATION_CONTEXT() REPRESENTATION_CONTEXT('2D SPACE',''
  ) );
#7408 = ORIENTED_EDGE('',*,*,#7409,.T.);
#7409 = EDGE_CURVE('',#7380,#7410,#7412,.T.);
#7410 = VERTEX_POINT('',#7411);
#7411 = CARTESIAN_POINT('',(11.854143655949,14.580628670625,8.));
#7412 = SURFACE_CURVE('',#7413,(#7417,#7424),.PCURVE_S1.);
#7413 = LINE('',#7414,#7415);
#7414 = CARTESIAN_POINT('',(12.760451442986,14.158010408884,8.));
#7415 = VECTOR('',#7416,1.);
#7416 = DIRECTION('',(-0.906307787037,0.422618261741,0.));
#7417 = PCURVE('',#7390,#7418);
#7418 = DEFINITIONAL_REPRESENTATION('',(#7419),#7423);
#7419 = LINE('',#7420,#7421);
#7420 = CARTESIAN_POINT('',(0.,0.));
#7421 = VECTOR('',#7422,1.);
#7422 = DIRECTION('',(0.,-1.));
#7423 = ( GEOMETRIC_REPRESENTATION_CONTEXT(2) 
PARAMETRIC_REPRESENTATION_CONTEXT() REPRESENTATION_CONTEXT('2D SPACE',''
  ) );
#7424 = PCURVE('',#7310,#7425);
#7425 = DEFINITIONAL_REPRESENTATION('',(#7426),#7430);
#7426 = LINE('',#7427,#7428);
#7427 = CARTESIAN_POINT('',(4.5,0.));
#7428 = VECTOR('',#7429,1.);
#7429 = DIRECTION('',(0.,1.));
#7430 = ( GEOMETRIC_REPRESENTATION_CONTEXT(2) 
PARAMETRIC_REPRESENTATION_CONTEXT() REPRESENTATION_CONTEXT('2D SPACE',''
  ) );
#7431 = ORIENTED_EDGE('',*,*,#7432,.T.);
#7432 = EDGE_CURVE('',#7410,#7433,#7435,.T.);
#7433 = VERTEX_POINT('',#7434);
#7434 = CARTESIAN_POINT('',(11.854143655949,14.580628670625,19.));
#7435 = SURFACE_CURVE('',#7436,(#7440,#7447),.PCURVE_S1.);
#7436 = LINE('',#7437,#7438);
#7437 = CARTESIAN_POINT('',(11.854143655949,14.580628670625,8.));
#7438 = VECTOR('',#7439,1.);
#7439 = DIRECTION('',(0.,0.,1.));
#7440 = PCURVE('',#7390,#7441);
#7441 = DEFINITIONAL_REPRESENTATION('',(#7442),#7446);
#7442 = LINE('',#7443,#7444);
#7443 = CARTESIAN_POINT('',(0.,-1.));
#7444 = VECTOR('',#7445,1.);
#7445 = DIRECTION('',(1.,0.));
#7446 = ( GEOMETRIC_REPRESENTATION_CONTEXT(2) 
PARAMETRIC_REPRESENTATION_CONTEXT() REPRESENTATION_CONTEXT('2D SPACE',''
  ) );
#7447 = PCURVE('',#7338,#7448);
#7448 = DEFINITIONAL_REPRESENTATION('',(#7449),#7453);
#7449 = LINE('',#7450,#7451);
#7450 = CARTESIAN_POINT('',(0.,4.5));
#7451 = VECTOR('',#7452,1.);
#7452 = DIRECTION('',(1.,0.));
#7453 = ( GEOMETRIC_REPRESENTATION_CONTEXT(2) 
PARAMETRIC_REPRESENTATION_CONTEXT() REPRESENTATION_CONTEXT('2D SPACE',''
  ) );
#7454 = ORIENTED_EDGE('',*,*,#7455,.F.);
#7455 = EDGE_CURVE('',#7382,#7433,#7456,.T.);
#7456 = SURFACE_CURVE('',#7457,(#7461,#7468),.PCURVE_S1.);
#7457 = LINE('',#7458,#7459);
#7458 = CARTESIAN_POINT('',(12.760451442986,14.158010408884,19.));
#7459 = VECTOR('',#7460,1.);
#7460 = DIRECTION('',(-0.906307787037,0.422618261741,0.));
#7461 = PCURVE('',#7390,#7462);
#7462 = DEFINITIONAL_REPRESENTATION('',(#7463),#7467);
#7463 = LINE('',#7464,#7465);
#7464 = CARTESIAN_POINT('',(11.,0.));
#7465 = VECTOR('',#7466,1.);
#7466 = DIRECTION('',(0.,-1.));
#7467 = ( GEOMETRIC_REPRESENTATION_CONTEXT(2) 
PARAMETRIC_REPRESENTATION_CONTEXT() REPRESENTATION_CONTEXT('2D SPACE',''
  ) );
#7468 = PCURVE('',#7364,#7469);
#7469 = DEFINITIONAL_REPRESENTATION('',(#7470),#7474);
#7470 = LINE('',#7471,#7472);
#7471 = CARTESIAN_POINT('',(4.5,0.));
#7472 = VECTOR('',#7473,1.);
#7473 = DIRECTION('',(0.,1.));
#7474 = ( GEOMETRIC_REPRESENTATION_CONTEXT(2) 
PARAMETRIC_REPRESENTATION_CONTEXT() REPRESENTATION_CONTEXT('2D SPACE',''
  ) );
#7475 = ADVANCED_FACE('',(#7476),#7282,.F.);
#7476 = FACE_BOUND('',#7477,.F.);
#7477 = EDGE_LOOP('',(#7478,#7499,#7500,#7521));
#7478 = ORIENTED_EDGE('',*,*,#7479,.F.);
#7479 = EDGE_CURVE('',#7260,#7380,#7480,.T.);
#7480 = SURFACE_CURVE('',#7481,(#7485,#7492),.PCURVE_S1.);
#7481 = LINE('',#7482,#7483);
#7482 = CARTESIAN_POINT('',(10.858669265153,10.079625367219,8.));
#7483 = VECTOR('',#7484,1.);
#7484 = DIRECTION('',(0.422618261741,0.906307787037,0.));
#7485 = PCURVE('',#7282,#7486);
#7486 = DEFINITIONAL_REPRESENTATION('',(#7487),#7491);
#7487 = LINE('',#7488,#7489);
#7488 = CARTESIAN_POINT('',(0.,0.));
#7489 = VECTOR('',#7490,1.);
#7490 = DIRECTION('',(0.,1.));
#7491 = ( GEOMETRIC_REPRESENTATION_CONTEXT(2) 
PARAMETRIC_REPRESENTATION_CONTEXT() REPRESENTATION_CONTEXT('2D SPACE',''
  ) );
#7492 = PCURVE('',#7310,#7493);
#7493 = DEFINITIONAL_REPRESENTATION('',(#7494),#7498);
#7494 = LINE('',#7495,#7496);
#7495 = CARTESIAN_POINT('',(0.,0.));
#7496 = VECTOR('',#7497,1.);
#7497 = DIRECTION('',(1.,0.));
#7498 = ( GEOMETRIC_REPRESENTATION_CONTEXT(2) 
PARAMETRIC_REPRESENTATION_CONTEXT() REPRESENTATION_CONTEXT('2D SPACE',''
  ) );
#7499 = ORIENTED_EDGE('',*,*,#7259,.T.);
#7500 = ORIENTED_EDGE('',*,*,#7501,.T.);
#7501 = EDGE_CURVE('',#7262,#7382,#7502,.T.);
#7502 = SURFACE_CURVE('',#7503,(#7507,#7514),.PCURVE_S1.);
#7503 = LINE('',#7504,#7505);
#7504 = CARTESIAN_POINT('',(10.858669265153,10.079625367219,19.));
#7505 = VECTOR('',#7506,1.);
#7506 = DIRECTION('',(0.422618261741,0.906307787037,0.));
#7507 = PCURVE('',#7282,#7508);
#7508 = DEFINITIONAL_REPRESENTATION('',(#7509),#7513);
#7509 = LINE('',#7510,#7511);
#7510 = CARTESIAN_POINT('',(11.,0.));
#7511 = VECTOR('',#7512,1.);
#7512 = DIRECTION('',(0.,1.));
#7513 = ( GEOMETRIC_REPRESENTATION_CONTEXT(2) 
PARAMETRIC_REPRESENTATION_CONTEXT() REPRESENTATION_CONTEXT('2D SPACE',''
  ) );
#7514 = PCURVE('',#7364,#7515);
#7515 = DEFINITIONAL_REPRESENTATION('',(#7516),#7520);
#7516 = LINE('',#7517,#7518);
#7517 = CARTESIAN_POINT('',(0.,0.));
#7518 = VECTOR('',#7519,1.);
#7519 = DIRECTION('',(1.,0.));
#7520 = ( GEOMETRIC_REPRESENTATION_CONTEXT(2) 
PARAMETRIC_REPRESENTATION_CONTEXT() REPRESENTATION_CONTEXT('2D SPACE',''
  ) );
#7521 = ORIENTED_EDGE('',*,*,#7379,.F.);
#7522 = ADVANCED_FACE('',(#7523),#7338,.T.);
#7523 = FACE_BOUND('',#7524,.T.);
#7524 = EDGE_LOOP('',(#7525,#7546,#7547,#7568));
#7525 = ORIENTED_EDGE('',*,*,#7526,.F.);
#7526 = EDGE_CURVE('',#7295,#7410,#7527,.T.);
#7527 = SURFACE_CURVE('',#7528,(#7532,#7539),.PCURVE_S1.);
#7528 = LINE('',#7529,#7530);
#7529 = CARTESIAN_POINT('',(9.952361478116,10.50224362896,8.));
#7530 = VECTOR('',#7531,1.);
#7531 = DIRECTION('',(0.422618261741,0.906307787037,0.));
#7532 = PCURVE('',#7338,#7533);
#7533 = DEFINITIONAL_REPRESENTATION('',(#7534),#7538);
#7534 = LINE('',#7535,#7536);
#7535 = CARTESIAN_POINT('',(0.,0.));
#7536 = VECTOR('',#7537,1.);
#7537 = DIRECTION('',(0.,1.));
#7538 = ( GEOMETRIC_REPRESENTATION_CONTEXT(2) 
PARAMETRIC_REPRESENTATION_CONTEXT() REPRESENTATION_CONTEXT('2D SPACE',''
  ) );
#7539 = PCURVE('',#7310,#7540);
#7540 = DEFINITIONAL_REPRESENTATION('',(#7541),#7545);
#7541 = LINE('',#7542,#7543);
#7542 = CARTESIAN_POINT('',(0.,1.));
#7543 = VECTOR('',#7544,1.);
#7544 = DIRECTION('',(1.,0.));
#7545 = ( GEOMETRIC_REPRESENTATION_CONTEXT(2) 
PARAMETRIC_REPRESENTATION_CONTEXT() REPRESENTATION_CONTEXT('2D SPACE',''
  ) );
#7546 = ORIENTED_EDGE('',*,*,#7322,.T.);
#7547 = ORIENTED_EDGE('',*,*,#7548,.T.);
#7548 = EDGE_CURVE('',#7323,#7433,#7549,.T.);
#7549 = SURFACE_CURVE('',#7550,(#7554,#7561),.PCURVE_S1.);
#7550 = LINE('',#7551,#7552);
#7551 = CARTESIAN_POINT('',(9.952361478116,10.50224362896,19.));
#7552 = VECTOR('',#7553,1.);
#7553 = DIRECTION('',(0.422618261741,0.906307787037,0.));
#7554 = PCURVE('',#7338,#7555);
#7555 = DEFINITIONAL_REPRESENTATION('',(#7556),#7560);
#7556 = LINE('',#7557,#7558);
#7557 = CARTESIAN_POINT('',(11.,0.));
#7558 = VECTOR('',#7559,1.);
#7559 = DIRECTION('',(0.,1.));
#7560 = ( GEOMETRIC_REPRESENTATION_CONTEXT(2) 
PARAMETRIC_REPRESENTATION_CONTEXT() REPRESENTATION_CONTEXT('2D SPACE',''
  ) );
#7561 = PCURVE('',#7364,#7562);
#7562 = DEFINITIONAL_REPRESENTATION('',(#7563),#7567);
#7563 = LINE('',#7564,#7565);
#7564 = CARTESIAN_POINT('',(0.,1.));
#7565 = VECTOR('',#7566,1.);
#7566 = DIRECTION('',(1.,0.));
#7567 = ( GEOMETRIC_REPRESENTATION_CONTEXT(2) 
PARAMETRIC_REPRESENTATION_CONTEXT() REPRESENTATION_CONTEXT('2D SPACE',''
  ) );
#7568 = ORIENTED_EDGE('',*,*,#7432,.F.);
#7569 = ADVANCED_FACE('',(#7570),#7310,.F.);
#7570 = FACE_BOUND('',#7571,.F.);
#7571 = EDGE_LOOP('',(#7572,#7573,#7574,#7575));
#7572 = ORIENTED_EDGE('',*,*,#7294,.F.);
#7573 = ORIENTED_EDGE('',*,*,#7479,.T.);
#7574 = ORIENTED_EDGE('',*,*,#7409,.T.);
#7575 = ORIENTED_EDGE('',*,*,#7526,.F.);
#7576 = ADVANCED_FACE('',(#7577),#7364,.T.);
#7577 = FACE_BOUND('',#7578,.T.);
#7578 = EDGE_LOOP('',(#7579,#7580,#7581,#7582));
#7579 = ORIENTED_EDGE('',*,*,#7350,.F.);
#7580 = ORIENTED_EDGE('',*,*,#7501,.T.);
#7581 = ORIENTED_EDGE('',*,*,#7455,.T.);
#7582 = ORIENTED_EDGE('',*,*,#7548,.F.);
#7583 = MANIFOLD_SOLID_BREP('',#7584);
#7584 = CLOSED_SHELL('',(#7585,#7705,#7805,#7852,#7899,#7906));
#7585 = ADVANCED_FACE('',(#7586),#7600,.F.);
#7586 = FACE_BOUND('',#7587,.F.);
#7587 = EDGE_LOOP('',(#7588,#7623,#7651,#7679));
#7588 = ORIENTED_EDGE('',*,*,#7589,.F.);
#7589 = EDGE_CURVE('',#7590,#7592,#7594,.T.);
#7590 = VERTEX_POINT('',#7591);
#7591 = CARTESIAN_POINT('',(14.443696118525,3.299876996066,8.));
#7592 = VERTEX_POINT('',#7593);
#7593 = CARTESIAN_POINT('',(14.443696118525,3.299876996066,19.));
#7594 = SURFACE_CURVE('',#7595,(#7599,#7611),.PCURVE_S1.);
#7595 = LINE('',#7596,#7597);
#7596 = CARTESIAN_POINT('',(14.443696118525,3.299876996066,8.));
#7597 = VECTOR('',#7598,1.);
#7598 = DIRECTION('',(0.,0.,1.));
#7599 = PCURVE('',#7600,#7605);
#7600 = PLANE('',#7601);
#7601 = AXIS2_PLACEMENT_3D('',#7602,#7603,#7604);
#7602 = CARTESIAN_POINT('',(14.443696118525,3.299876996066,8.));
#7603 = DIRECTION('',(0.819152044289,0.573576436351,0.));
#7604 = DIRECTION('',(0.,0.,1.));
#7605 = DEFINITIONAL_REPRESENTATION('',(#7606),#7610);
#7606 = LINE('',#7607,#7608);
#7607 = CARTESIAN_POINT('',(0.,0.));
#7608 = VECTOR('',#7609,1.);
#7609 = DIRECTION('',(1.,0.));
#7610 = ( GEOMETRIC_REPRESENTATION_CONTEXT(2) 
PARAMETRIC_REPRESENTATION_CONTEXT() REPRESENTATION_CONTEXT('2D SPACE',''
  ) );
#7611 = PCURVE('',#7612,#7617);
#7612 = PLANE('',#7613);
#7613 = AXIS2_PLACEMENT_3D('',#7614,#7615,#7616);
#7614 = CARTESIAN_POINT('',(14.443696118525,3.299876996066,8.));
#7615 = DIRECTION('',(-0.573576436351,0.819152044289,0.));
#7616 = DIRECTION('',(0.,0.,1.));
#7617 = DEFINITIONAL_REPRESENTATION('',(#7618),#7622);
#7618 = LINE('',#7619,#7620);
#7619 = CARTESIAN_POINT('',(0.,0.));
#7620 = VECTOR('',#7621,1.);
#7621 = DIRECTION('',(1.,0.));
#7622 = ( GEOMETRIC_REPRESENTATION_CONTEXT(2) 
PARAMETRIC_REPRESENTATION_CONTEXT() REPRESENTATION_CONTEXT('2D SPACE',''
  ) );
#7623 = ORIENTED_EDGE('',*,*,#7624,.T.);
#7624 = EDGE_CURVE('',#7590,#7625,#7627,.T.);
#7625 = VERTEX_POINT('',#7626);
#7626 = CARTESIAN_POINT('',(13.870119682174,4.119029040355,8.));
#7627 = SURFACE_CURVE('',#7628,(#7632,#7639),.PCURVE_S1.);
#7628 = LINE('',#7629,#7630);
#7629 = CARTESIAN_POINT('',(14.443696118525,3.299876996066,8.));
#7630 = VECTOR('',#7631,1.);
#7631 = DIRECTION('',(-0.573576436351,0.819152044289,0.));
#7632 = PCURVE('',#7600,#7633);
#7633 = DEFINITIONAL_REPRESENTATION('',(#7634),#7638);
#7634 = LINE('',#7635,#7636);
#7635 = CARTESIAN_POINT('',(0.,0.));
#7636 = VECTOR('',#7637,1.);
#7637 = DIRECTION('',(0.,-1.));
#7638 = ( GEOMETRIC_REPRESENTATION_CONTEXT(2) 
PARAMETRIC_REPRESENTATION_CONTEXT() REPRESENTATION_CONTEXT('2D SPACE',''
  ) );
#7639 = PCURVE('',#7640,#7645);
#7640 = PLANE('',#7641);
#7641 = AXIS2_PLACEMENT_3D('',#7642,#7643,#7644);
#7642 = CARTESIAN_POINT('',(14.443696118525,3.299876996066,8.));
#7643 = DIRECTION('',(0.,0.,1.));
#7644 = DIRECTION('',(0.819152044289,0.573576436351,0.));
#7645 = DEFINITIONAL_REPRESENTATION('',(#7646),#7650);
#7646 = LINE('',#7647,#7648);
#7647 = CARTESIAN_POINT('',(0.,0.));
#7648 = VECTOR('',#7649,1.);
#7649 = DIRECTION('',(0.,1.));
#7650 = ( GEOMETRIC_REPRESENTATION_CONTEXT(2) 
PARAMETRIC_REPRESENTATION_CONTEXT() REPRESENTATION_CONTEXT('2D SPACE',''
  ) );
#7651 = ORIENTED_EDGE('',*,*,#7652,.T.);
#7652 = EDGE_CURVE('',#7625,#7653,#7655,.T.);
#7653 = VERTEX_POINT('',#7654);
#7654 = CARTESIAN_POINT('',(13.870119682174,4.119029040355,19.));
#7655 = SURFACE_CURVE('',#7656,(#7660,#7667),.PCURVE_S1.);
#7656 = LINE('',#7657,#7658);
#7657 = CARTESIAN_POINT('',(13.870119682174,4.119029040355,8.));
#7658 = VECTOR('',#7659,1.);
#7659 = DIRECTION('',(0.,0.,1.));
#7660 = PCURVE('',#7600,#7661);
#7661 = DEFINITIONAL_REPRESENTATION('',(#7662),#7666);
#7662 = LINE('',#7663,#7664);
#7663 = CARTESIAN_POINT('',(0.,-1.));
#7664 = VECTOR('',#7665,1.);
#7665 = DIRECTION('',(1.,0.));
#7666 = ( GEOMETRIC_REPRESENTATION_CONTEXT(2) 
PARAMETRIC_REPRESENTATION_CONTEXT() REPRESENTATION_CONTEXT('2D SPACE',''
  ) );
#7667 = PCURVE('',#7668,#7673);
#7668 = PLANE('',#7669);
#7669 = AXIS2_PLACEMENT_3D('',#7670,#7671,#7672);
#7670 = CARTESIAN_POINT('',(13.870119682174,4.119029040355,8.));
#7671 = DIRECTION('',(-0.573576436351,0.819152044289,0.));
#7672 = DIRECTION('',(0.,0.,1.));
#7673 = DEFINITIONAL_REPRESENTATION('',(#7674),#7678);
#7674 = LINE('',#7675,#7676);
#7675 = CARTESIAN_POINT('',(0.,0.));
#7676 = VECTOR('',#7677,1.);
#7677 = DIRECTION('',(1.,0.));
#7678 = ( GEOMETRIC_REPRESENTATION_CONTEXT(2) 
PARAMETRIC_REPRESENTATION_CONTEXT() REPRESENTATION_CONTEXT('2D SPACE',''
  ) );
#7679 = ORIENTED_EDGE('',*,*,#7680,.F.);
#7680 = EDGE_CURVE('',#7592,#7653,#7681,.T.);
#7681 = SURFACE_CURVE('',#7682,(#7686,#7693),.PCURVE_S1.);
#7682 = LINE('',#7683,#7684);
#7683 = CARTESIAN_POINT('',(14.443696118525,3.299876996066,19.));
#7684 = VECTOR('',#7685,1.);
#7685 = DIRECTION('',(-0.573576436351,0.819152044289,0.));
#7686 = PCURVE('',#7600,#7687);
#7687 = DEFINITIONAL_REPRESENTATION('',(#7688),#7692);
#7688 = LINE('',#7689,#7690);
#7689 = CARTESIAN_POINT('',(11.,0.));
#7690 = VECTOR('',#7691,1.);
#7691 = DIRECTION('',(0.,-1.));
#7692 = ( GEOMETRIC_REPRESENTATION_CONTEXT(2) 
PARAMETRIC_REPRESENTATION_CONTEXT() REPRESENTATION_CONTEXT('2D SPACE',''
  ) );
#7693 = PCURVE('',#7694,#7699);
#7694 = PLANE('',#7695);
#7695 = AXIS2_PLACEMENT_3D('',#7696,#7697,#7698);
#7696 = CARTESIAN_POINT('',(14.443696118525,3.299876996066,19.));
#7697 = DIRECTION('',(0.,0.,1.));
#7698 = DIRECTION('',(0.819152044289,0.573576436351,0.));
#7699 = DEFINITIONAL_REPRESENTATION('',(#7700),#7704);
#7700 = LINE('',#7701,#7702);
#7701 = CARTESIAN_POINT('',(0.,0.));
#7702 = VECTOR('',#7703,1.);
#7703 = DIRECTION('',(0.,1.));
#7704 = ( GEOMETRIC_REPRESENTATION_CONTEXT(2) 
PARAMETRIC_REPRESENTATION_CONTEXT() REPRESENTATION_CONTEXT('2D SPACE',''
  ) );
#7705 = ADVANCED_FACE('',(#7706),#7720,.T.);
#7706 = FACE_BOUND('',#7707,.T.);
#7707 = EDGE_LOOP('',(#7708,#7738,#7761,#7784));
#7708 = ORIENTED_EDGE('',*,*,#7709,.F.);
#7709 = EDGE_CURVE('',#7710,#7712,#7714,.T.);
#7710 = VERTEX_POINT('',#7711);
#7711 = CARTESIAN_POINT('',(18.129880317826,5.880970959645,8.));
#7712 = VERTEX_POINT('',#7713);
#7713 = CARTESIAN_POINT('',(18.129880317826,5.880970959645,19.));
#7714 = SURFACE_CURVE('',#7715,(#7719,#7731),.PCURVE_S1.);
#7715 = LINE('',#7716,#7717);
#7716 = CARTESIAN_POINT('',(18.129880317826,5.880970959645,8.));
#7717 = VECTOR('',#7718,1.);
#7718 = DIRECTION('',(0.,0.,1.));
#7719 = PCURVE('',#7720,#7725);
#7720 = PLANE('',#7721);
#7721 = AXIS2_PLACEMENT_3D('',#7722,#7723,#7724);
#7722 = CARTESIAN_POINT('',(18.129880317826,5.880970959645,8.));
#7723 = DIRECTION('',(0.819152044289,0.573576436351,0.));
#7724 = DIRECTION('',(0.,0.,1.));
#7725 = DEFINITIONAL_REPRESENTATION('',(#7726),#7730);
#7726 = LINE('',#7727,#7728);
#7727 = CARTESIAN_POINT('',(0.,0.));
#7728 = VECTOR('',#7729,1.);
#7729 = DIRECTION('',(1.,0.));
#7730 = ( GEOMETRIC_REPRESENTATION_CONTEXT(2) 
PARAMETRIC_REPRESENTATION_CONTEXT() REPRESENTATION_CONTEXT('2D SPACE',''
  ) );
#7731 = PCURVE('',#7612,#7732);
#7732 = DEFINITIONAL_REPRESENTATION('',(#7733),#7737);
#7733 = LINE('',#7734,#7735);
#7734 = CARTESIAN_POINT('',(0.,4.5));
#7735 = VECTOR('',#7736,1.);
#7736 = DIRECTION('',(1.,0.));
#7737 = ( GEOMETRIC_REPRESENTATION_CONTEXT(2) 
PARAMETRIC_REPRESENTATION_CONTEXT() REPRESENTATION_CONTEXT('2D SPACE',''
  ) );
#7738 = ORIENTED_EDGE('',*,*,#7739,.T.);
#7739 = EDGE_CURVE('',#7710,#7740,#7742,.T.);
#7740 = VERTEX_POINT('',#7741);
#7741 = CARTESIAN_POINT('',(17.556303881475,6.700123003934,8.));
#7742 = SURFACE_CURVE('',#7743,(#7747,#7754),.PCURVE_S1.);
#7743 = LINE('',#7744,#7745);
#7744 = CARTESIAN_POINT('',(18.129880317826,5.880970959645,8.));
#7745 = VECTOR('',#7746,1.);
#7746 = DIRECTION('',(-0.573576436351,0.819152044289,0.));
#7747 = PCURVE('',#7720,#7748);
#7748 = DEFINITIONAL_REPRESENTATION('',(#7749),#7753);
#7749 = LINE('',#7750,#7751);
#7750 = CARTESIAN_POINT('',(0.,0.));
#7751 = VECTOR('',#7752,1.);
#7752 = DIRECTION('',(0.,-1.));
#7753 = ( GEOMETRIC_REPRESENTATION_CONTEXT(2) 
PARAMETRIC_REPRESENTATION_CONTEXT() REPRESENTATION_CONTEXT('2D SPACE',''
  ) );
#7754 = PCURVE('',#7640,#7755);
#7755 = DEFINITIONAL_REPRESENTATION('',(#7756),#7760);
#7756 = LINE('',#7757,#7758);
#7757 = CARTESIAN_POINT('',(4.5,0.));
#7758 = VECTOR('',#7759,1.);
#7759 = DIRECTION('',(0.,1.));
#7760 = ( GEOMETRIC_REPRESENTATION_CONTEXT(2) 
PARAMETRIC_REPRESENTATION_CONTEXT() REPRESENTATION_CONTEXT('2D SPACE',''
  ) );
#7761 = ORIENTED_EDGE('',*,*,#7762,.T.);
#7762 = EDGE_CURVE('',#7740,#7763,#7765,.T.);
#7763 = VERTEX_POINT('',#7764);
#7764 = CARTESIAN_POINT('',(17.556303881475,6.700123003934,19.));
#7765 = SURFACE_CURVE('',#7766,(#7770,#7777),.PCURVE_S1.);
#7766 = LINE('',#7767,#7768);
#7767 = CARTESIAN_POINT('',(17.556303881475,6.700123003934,8.));
#7768 = VECTOR('',#7769,1.);
#7769 = DIRECTION('',(0.,0.,1.));
#7770 = PCURVE('',#7720,#7771);
#7771 = DEFINITIONAL_REPRESENTATION('',(#7772),#7776);
#7772 = LINE('',#7773,#7774);
#7773 = CARTESIAN_POINT('',(0.,-1.));
#7774 = VECTOR('',#7775,1.);
#7775 = DIRECTION('',(1.,0.));
#7776 = ( GEOMETRIC_REPRESENTATION_CONTEXT(2) 
PARAMETRIC_REPRESENTATION_CONTEXT() REPRESENTATION_CONTEXT('2D SPACE',''
  ) );
#7777 = PCURVE('',#7668,#7778);
#7778 = DEFINITIONAL_REPRESENTATION('',(#7779),#7783);
#7779 = LINE('',#7780,#7781);
#7780 = CARTESIAN_POINT('',(0.,4.5));
#7781 = VECTOR('',#7782,1.);
#7782 = DIRECTION('',(1.,0.));
#7783 = ( GEOMETRIC_REPRESENTATION_CONTEXT(2) 
PARAMETRIC_REPRESENTATION_CONTEXT() REPRESENTATION_CONTEXT('2D SPACE',''
  ) );
#7784 = ORIENTED_EDGE('',*,*,#7785,.F.);
#7785 = EDGE_CURVE('',#7712,#7763,#7786,.T.);
#7786 = SURFACE_CURVE('',#7787,(#7791,#7798),.PCURVE_S1.);
#7787 = LINE('',#7788,#7789);
#7788 = CARTESIAN_POINT('',(18.129880317826,5.880970959645,19.));
#7789 = VECTOR('',#7790,1.);
#7790 = DIRECTION('',(-0.573576436351,0.819152044289,0.));
#7791 = PCURVE('',#7720,#7792);
#7792 = DEFINITIONAL_REPRESENTATION('',(#7793),#7797);
#7793 = LINE('',#7794,#7795);
#7794 = CARTESIAN_POINT('',(11.,0.));
#7795 = VECTOR('',#7796,1.);
#7796 = DIRECTION('',(0.,-1.));
#7797 = ( GEOMETRIC_REPRESENTATION_CONTEXT(2) 
PARAMETRIC_REPRESENTATION_CONTEXT() REPRESENTATION_CONTEXT('2D SPACE',''
  ) );
#7798 = PCURVE('',#7694,#7799);
#7799 = DEFINITIONAL_REPRESENTATION('',(#7800),#7804);
#7800 = LINE('',#7801,#7802);
#7801 = CARTESIAN_POINT('',(4.5,0.));
#7802 = VECTOR('',#7803,1.);
#7803 = DIRECTION('',(0.,1.));
#7804 = ( GEOMETRIC_REPRESENTATION_CONTEXT(2) 
PARAMETRIC_REPRESENTATION_CONTEXT() REPRESENTATION_CONTEXT('2D SPACE',''
  ) );
#7805 = ADVANCED_FACE('',(#7806),#7612,.F.);
#7806 = FACE_BOUND('',#7807,.F.);
#7807 = EDGE_LOOP('',(#7808,#7829,#7830,#7851));
#7808 = ORIENTED_EDGE('',*,*,#7809,.F.);
#7809 = EDGE_CURVE('',#7590,#7710,#7810,.T.);
#7810 = SURFACE_CURVE('',#7811,(#7815,#7822),.PCURVE_S1.);
#7811 = LINE('',#7812,#7813);
#7812 = CARTESIAN_POINT('',(14.443696118525,3.299876996066,8.));
#7813 = VECTOR('',#7814,1.);
#7814 = DIRECTION('',(0.819152044289,0.573576436351,0.));
#7815 = PCURVE('',#7612,#7816);
#7816 = DEFINITIONAL_REPRESENTATION('',(#7817),#7821);
#7817 = LINE('',#7818,#7819);
#7818 = CARTESIAN_POINT('',(0.,0.));
#7819 = VECTOR('',#7820,1.);
#7820 = DIRECTION('',(0.,1.));
#7821 = ( GEOMETRIC_REPRESENTATION_CONTEXT(2) 
PARAMETRIC_REPRESENTATION_CONTEXT() REPRESENTATION_CONTEXT('2D SPACE',''
  ) );
#7822 = PCURVE('',#7640,#7823);
#7823 = DEFINITIONAL_REPRESENTATION('',(#7824),#7828);
#7824 = LINE('',#7825,#7826);
#7825 = CARTESIAN_POINT('',(0.,0.));
#7826 = VECTOR('',#7827,1.);
#7827 = DIRECTION('',(1.,0.));
#7828 = ( GEOMETRIC_REPRESENTATION_CONTEXT(2) 
PARAMETRIC_REPRESENTATION_CONTEXT() REPRESENTATION_CONTEXT('2D SPACE',''
  ) );
#7829 = ORIENTED_EDGE('',*,*,#7589,.T.);
#7830 = ORIENTED_EDGE('',*,*,#7831,.T.);
#7831 = EDGE_CURVE('',#7592,#7712,#7832,.T.);
#7832 = SURFACE_CURVE('',#7833,(#7837,#7844),.PCURVE_S1.);
#7833 = LINE('',#7834,#7835);
#7834 = CARTESIAN_POINT('',(14.443696118525,3.299876996066,19.));
#7835 = VECTOR('',#7836,1.);
#7836 = DIRECTION('',(0.819152044289,0.573576436351,0.));
#7837 = PCURVE('',#7612,#7838);
#7838 = DEFINITIONAL_REPRESENTATION('',(#7839),#7843);
#7839 = LINE('',#7840,#7841);
#7840 = CARTESIAN_POINT('',(11.,0.));
#7841 = VECTOR('',#7842,1.);
#7842 = DIRECTION('',(0.,1.));
#7843 = ( GEOMETRIC_REPRESENTATION_CONTEXT(2) 
PARAMETRIC_REPRESENTATION_CONTEXT() REPRESENTATION_CONTEXT('2D SPACE',''
  ) );
#7844 = PCURVE('',#7694,#7845);
#7845 = DEFINITIONAL_REPRESENTATION('',(#7846),#7850);
#7846 = LINE('',#7847,#7848);
#7847 = CARTESIAN_POINT('',(0.,0.));
#7848 = VECTOR('',#7849,1.);
#7849 = DIRECTION('',(1.,0.));
#7850 = ( GEOMETRIC_REPRESENTATION_CONTEXT(2) 
PARAMETRIC_REPRESENTATION_CONTEXT() REPRESENTATION_CONTEXT('2D SPACE',''
  ) );
#7851 = ORIENTED_EDGE('',*,*,#7709,.F.);
#7852 = ADVANCED_FACE('',(#7853),#7668,.T.);
#7853 = FACE_BOUND('',#7854,.T.);
#7854 = EDGE_LOOP('',(#7855,#7876,#7877,#7898));
#7855 = ORIENTED_EDGE('',*,*,#7856,.F.);
#7856 = EDGE_CURVE('',#7625,#7740,#7857,.T.);
#7857 = SURFACE_CURVE('',#7858,(#7862,#7869),.PCURVE_S1.);
#7858 = LINE('',#7859,#7860);
#7859 = CARTESIAN_POINT('',(13.870119682174,4.119029040355,8.));
#7860 = VECTOR('',#7861,1.);
#7861 = DIRECTION('',(0.819152044289,0.573576436351,0.));
#7862 = PCURVE('',#7668,#7863);
#7863 = DEFINITIONAL_REPRESENTATION('',(#7864),#7868);
#7864 = LINE('',#7865,#7866);
#7865 = CARTESIAN_POINT('',(0.,0.));
#7866 = VECTOR('',#7867,1.);
#7867 = DIRECTION('',(0.,1.));
#7868 = ( GEOMETRIC_REPRESENTATION_CONTEXT(2) 
PARAMETRIC_REPRESENTATION_CONTEXT() REPRESENTATION_CONTEXT('2D SPACE',''
  ) );
#7869 = PCURVE('',#7640,#7870);
#7870 = DEFINITIONAL_REPRESENTATION('',(#7871),#7875);
#7871 = LINE('',#7872,#7873);
#7872 = CARTESIAN_POINT('',(0.,1.));
#7873 = VECTOR('',#7874,1.);
#7874 = DIRECTION('',(1.,0.));
#7875 = ( GEOMETRIC_REPRESENTATION_CONTEXT(2) 
PARAMETRIC_REPRESENTATION_CONTEXT() REPRESENTATION_CONTEXT('2D SPACE',''
  ) );
#7876 = ORIENTED_EDGE('',*,*,#7652,.T.);
#7877 = ORIENTED_EDGE('',*,*,#7878,.T.);
#7878 = EDGE_CURVE('',#7653,#7763,#7879,.T.);
#7879 = SURFACE_CURVE('',#7880,(#7884,#7891),.PCURVE_S1.);
#7880 = LINE('',#7881,#7882);
#7881 = CARTESIAN_POINT('',(13.870119682174,4.119029040355,19.));
#7882 = VECTOR('',#7883,1.);
#7883 = DIRECTION('',(0.819152044289,0.573576436351,0.));
#7884 = PCURVE('',#7668,#7885);
#7885 = DEFINITIONAL_REPRESENTATION('',(#7886),#7890);
#7886 = LINE('',#7887,#7888);
#7887 = CARTESIAN_POINT('',(11.,0.));
#7888 = VECTOR('',#7889,1.);
#7889 = DIRECTION('',(0.,1.));
#7890 = ( GEOMETRIC_REPRESENTATION_CONTEXT(2) 
PARAMETRIC_REPRESENTATION_CONTEXT() REPRESENTATION_CONTEXT('2D SPACE',''
  ) );
#7891 = PCURVE('',#7694,#7892);
#7892 = DEFINITIONAL_REPRESENTATION('',(#7893),#7897);
#7893 = LINE('',#7894,#7895);
#7894 = CARTESIAN_POINT('',(0.,1.));
#7895 = VECTOR('',#7896,1.);
#7896 = DIRECTION('',(1.,0.));
#7897 = ( GEOMETRIC_REPRESENTATION_CONTEXT(2) 
PARAMETRIC_REPRESENTATION_CONTEXT() REPRESENTATION_CONTEXT('2D SPACE',''
  ) );
#7898 = ORIENTED_EDGE('',*,*,#7762,.F.);
#7899 = ADVANCED_FACE('',(#7900),#7640,.F.);
#7900 = FACE_BOUND('',#7901,.F.);
#7901 = EDGE_LOOP('',(#7902,#7903,#7904,#7905));
#7902 = ORIENTED_EDGE('',*,*,#7624,.F.);
#7903 = ORIENTED_EDGE('',*,*,#7809,.T.);
#7904 = ORIENTED_EDGE('',*,*,#7739,.T.);
#7905 = ORIENTED_EDGE('',*,*,#7856,.F.);
#7906 = ADVANCED_FACE('',(#7907),#7694,.T.);
#7907 = FACE_BOUND('',#7908,.T.);
#7908 = EDGE_LOOP('',(#7909,#7910,#7911,#7912));
#7909 = ORIENTED_EDGE('',*,*,#7680,.F.);
#7910 = ORIENTED_EDGE('',*,*,#7831,.T.);
#7911 = ORIENTED_EDGE('',*,*,#7785,.T.);
#7912 = ORIENTED_EDGE('',*,*,#7878,.F.);
#7913 = MANIFOLD_SOLID_BREP('',#7914);
#7914 = CLOSED_SHELL('',(#7915,#8035,#8135,#8182,#8229,#8236));
#7915 = ADVANCED_FACE('',(#7916),#7930,.F.);
#7916 = FACE_BOUND('',#7917,.F.);
#7917 = EDGE_LOOP('',(#7918,#7953,#7981,#8009));
#7918 = ORIENTED_EDGE('',*,*,#7919,.F.);
#7919 = EDGE_CURVE('',#7920,#7922,#7924,.T.);
#7920 = VERTEX_POINT('',#7921);
#7921 = CARTESIAN_POINT('',(8.5,1.4,8.));
#7922 = VERTEX_POINT('',#7923);
#7923 = CARTESIAN_POINT('',(8.5,1.4,19.));
#7924 = SURFACE_CURVE('',#7925,(#7929,#7941),.PCURVE_S1.);
#7925 = LINE('',#7926,#7927);
#7926 = CARTESIAN_POINT('',(8.5,1.4,8.));
#7927 = VECTOR('',#7928,1.);
#7928 = DIRECTION('',(0.,0.,1.));
#7929 = PCURVE('',#7930,#7935);
#7930 = PLANE('',#7931);
#7931 = AXIS2_PLACEMENT_3D('',#7932,#7933,#7934);
#7932 = CARTESIAN_POINT('',(8.5,1.4,8.));
#7933 = DIRECTION('',(1.,0.,0.));
#7934 = DIRECTION('',(0.,0.,1.));
#7935 = DEFINITIONAL_REPRESENTATION('',(#7936),#7940);
#7936 = LINE('',#7937,#7938);
#7937 = CARTESIAN_POINT('',(0.,0.));
#7938 = VECTOR('',#7939,1.);
#7939 = DIRECTION('',(1.,0.));
#7940 = ( GEOMETRIC_REPRESENTATION_CONTEXT(2) 
PARAMETRIC_REPRESENTATION_CONTEXT() REPRESENTATION_CONTEXT('2D SPACE',''
  ) );
#7941 = PCURVE('',#7942,#7947);
#7942 = PLANE('',#7943);
#7943 = AXIS2_PLACEMENT_3D('',#7944,#7945,#7946);
#7944 = CARTESIAN_POINT('',(8.5,1.4,8.));
#7945 = DIRECTION('',(0.,1.,0.));
#7946 = DIRECTION('',(0.,0.,1.));
#7947 = DEFINITIONAL_REPRESENTATION('',(#7948),#7952);
#7948 = LINE('',#7949,#7950);
#7949 = CARTESIAN_POINT('',(0.,0.));
#7950 = VECTOR('',#7951,1.);
#7951 = DIRECTION('',(1.,0.));
#7952 = ( GEOMETRIC_REPRESENTATION_CONTEXT(2) 
PARAMETRIC_REPRESENTATION_CONTEXT() REPRESENTATION_CONTEXT('2D SPACE',''
  ) );
#7953 = ORIENTED_EDGE('',*,*,#7954,.T.);
#7954 = EDGE_CURVE('',#7920,#7955,#7957,.T.);
#7955 = VERTEX_POINT('',#7956);
#7956 = CARTESIAN_POINT('',(8.5,2.6,8.));
#7957 = SURFACE_CURVE('',#7958,(#7962,#7969),.PCURVE_S1.);
#7958 = LINE('',#7959,#7960);
#7959 = CARTESIAN_POINT('',(8.5,1.4,8.));
#7960 = VECTOR('',#7961,1.);
#7961 = DIRECTION('',(0.,1.,0.));
#7962 = PCURVE('',#7930,#7963);
#7963 = DEFINITIONAL_REPRESENTATION('',(#7964),#7968);
#7964 = LINE('',#7965,#7966);
#7965 = CARTESIAN_POINT('',(0.,0.));
#7966 = VECTOR('',#7967,1.);
#7967 = DIRECTION('',(0.,-1.));
#7968 = ( GEOMETRIC_REPRESENTATION_CONTEXT(2) 
PARAMETRIC_REPRESENTATION_CONTEXT() REPRESENTATION_CONTEXT('2D SPACE',''
  ) );
#7969 = PCURVE('',#7970,#7975);
#7970 = PLANE('',#7971);
#7971 = AXIS2_PLACEMENT_3D('',#7972,#7973,#7974);
#7972 = CARTESIAN_POINT('',(8.5,1.4,8.));
#7973 = DIRECTION('',(0.,0.,1.));
#7974 = DIRECTION('',(1.,0.,0.));
#7975 = DEFINITIONAL_REPRESENTATION('',(#7976),#7980);
#7976 = LINE('',#7977,#7978);
#7977 = CARTESIAN_POINT('',(0.,0.));
#7978 = VECTOR('',#7979,1.);
#7979 = DIRECTION('',(0.,1.));
#7980 = ( GEOMETRIC_REPRESENTATION_CONTEXT(2) 
PARAMETRIC_REPRESENTATION_CONTEXT() REPRESENTATION_CONTEXT('2D SPACE',''
  ) );
#7981 = ORIENTED_EDGE('',*,*,#7982,.T.);
#7982 = EDGE_CURVE('',#7955,#7983,#7985,.T.);
#7983 = VERTEX_POINT('',#7984);
#7984 = CARTESIAN_POINT('',(8.5,2.6,19.));
#7985 = SURFACE_CURVE('',#7986,(#7990,#7997),.PCURVE_S1.);
#7986 = LINE('',#7987,#7988);
#7987 = CARTESIAN_POINT('',(8.5,2.6,8.));
#7988 = VECTOR('',#7989,1.);
#7989 = DIRECTION('',(0.,0.,1.));
#7990 = PCURVE('',#7930,#7991);
#7991 = DEFINITIONAL_REPRESENTATION('',(#7992),#7996);
#7992 = LINE('',#7993,#7994);
#7993 = CARTESIAN_POINT('',(0.,-1.2));
#7994 = VECTOR('',#7995,1.);
#7995 = DIRECTION('',(1.,0.));
#7996 = ( GEOMETRIC_REPRESENTATION_CONTEXT(2) 
PARAMETRIC_REPRESENTATION_CONTEXT() REPRESENTATION_CONTEXT('2D SPACE',''
  ) );
#7997 = PCURVE('',#7998,#8003);
#7998 = PLANE('',#7999);
#7999 = AXIS2_PLACEMENT_3D('',#8000,#8001,#8002);
#8000 = CARTESIAN_POINT('',(8.5,2.6,8.));
#8001 = DIRECTION('',(0.,1.,0.));
#8002 = DIRECTION('',(0.,0.,1.));
#8003 = DEFINITIONAL_REPRESENTATION('',(#8004),#8008);
#8004 = LINE('',#8005,#8006);
#8005 = CARTESIAN_POINT('',(0.,0.));
#8006 = VECTOR('',#8007,1.);
#8007 = DIRECTION('',(1.,0.));
#8008 = ( GEOMETRIC_REPRESENTATION_CONTEXT(2) 
PARAMETRIC_REPRESENTATION_CONTEXT() REPRESENTATION_CONTEXT('2D SPACE',''
  ) );
#8009 = ORIENTED_EDGE('',*,*,#8010,.F.);
#8010 = EDGE_CURVE('',#7922,#7983,#8011,.T.);
#8011 = SURFACE_CURVE('',#8012,(#8016,#8023),.PCURVE_S1.);
#8012 = LINE('',#8013,#8014);
#8013 = CARTESIAN_POINT('',(8.5,1.4,19.));
#8014 = VECTOR('',#8015,1.);
#8015 = DIRECTION('',(0.,1.,0.));
#8016 = PCURVE('',#7930,#8017);
#8017 = DEFINITIONAL_REPRESENTATION('',(#8018),#8022);
#8018 = LINE('',#8019,#8020);
#8019 = CARTESIAN_POINT('',(11.,0.));
#8020 = VECTOR('',#8021,1.);
#8021 = DIRECTION('',(0.,-1.));
#8022 = ( GEOMETRIC_REPRESENTATION_CONTEXT(2) 
PARAMETRIC_REPRESENTATION_CONTEXT() REPRESENTATION_CONTEXT('2D SPACE',''
  ) );
#8023 = PCURVE('',#8024,#8029);
#8024 = PLANE('',#8025);
#8025 = AXIS2_PLACEMENT_3D('',#8026,#8027,#8028);
#8026 = CARTESIAN_POINT('',(8.5,1.4,19.));
#8027 = DIRECTION('',(0.,0.,1.));
#8028 = DIRECTION('',(1.,0.,0.));
#8029 = DEFINITIONAL_REPRESENTATION('',(#8030),#8034);
#8030 = LINE('',#8031,#8032);
#8031 = CARTESIAN_POINT('',(0.,0.));
#8032 = VECTOR('',#8033,1.);
#8033 = DIRECTION('',(0.,1.));
#8034 = ( GEOMETRIC_REPRESENTATION_CONTEXT(2) 
PARAMETRIC_REPRESENTATION_CONTEXT() REPRESENTATION_CONTEXT('2D SPACE',''
  ) );
#8035 = ADVANCED_FACE('',(#8036),#8050,.T.);
#8036 = FACE_BOUND('',#8037,.T.);
#8037 = EDGE_LOOP('',(#8038,#8068,#8091,#8114));
#8038 = ORIENTED_EDGE('',*,*,#8039,.F.);
#8039 = EDGE_CURVE('',#8040,#8042,#8044,.T.);
#8040 = VERTEX_POINT('',#8041);
#8041 = CARTESIAN_POINT('',(16.5,1.4,8.));
#8042 = VERTEX_POINT('',#8043);
#8043 = CARTESIAN_POINT('',(16.5,1.4,19.));
#8044 = SURFACE_CURVE('',#8045,(#8049,#8061),.PCURVE_S1.);
#8045 = LINE('',#8046,#8047);
#8046 = CARTESIAN_POINT('',(16.5,1.4,8.));
#8047 = VECTOR('',#8048,1.);
#8048 = DIRECTION('',(0.,0.,1.));
#8049 = PCURVE('',#8050,#8055);
#8050 = PLANE('',#8051);
#8051 = AXIS2_PLACEMENT_3D('',#8052,#8053,#8054);
#8052 = CARTESIAN_POINT('',(16.5,1.4,8.));
#8053 = DIRECTION('',(1.,0.,0.));
#8054 = DIRECTION('',(0.,0.,1.));
#8055 = DEFINITIONAL_REPRESENTATION('',(#8056),#8060);
#8056 = LINE('',#8057,#8058);
#8057 = CARTESIAN_POINT('',(0.,0.));
#8058 = VECTOR('',#8059,1.);
#8059 = DIRECTION('',(1.,0.));
#8060 = ( GEOMETRIC_REPRESENTATION_CONTEXT(2) 
PARAMETRIC_REPRESENTATION_CONTEXT() REPRESENTATION_CONTEXT('2D SPACE',''
  ) );
#8061 = PCURVE('',#7942,#8062);
#8062 = DEFINITIONAL_REPRESENTATION('',(#8063),#8067);
#8063 = LINE('',#8064,#8065);
#8064 = CARTESIAN_POINT('',(0.,8.));
#8065 = VECTOR('',#8066,1.);
#8066 = DIRECTION('',(1.,0.));
#8067 = ( GEOMETRIC_REPRESENTATION_CONTEXT(2) 
PARAMETRIC_REPRESENTATION_CONTEXT() REPRESENTATION_CONTEXT('2D SPACE',''
  ) );
#8068 = ORIENTED_EDGE('',*,*,#8069,.T.);
#8069 = EDGE_CURVE('',#8040,#8070,#8072,.T.);
#8070 = VERTEX_POINT('',#8071);
#8071 = CARTESIAN_POINT('',(16.5,2.6,8.));
#8072 = SURFACE_CURVE('',#8073,(#8077,#8084),.PCURVE_S1.);
#8073 = LINE('',#8074,#8075);
#8074 = CARTESIAN_POINT('',(16.5,1.4,8.));
#8075 = VECTOR('',#8076,1.);
#8076 = DIRECTION('',(0.,1.,0.));
#8077 = PCURVE('',#8050,#8078);
#8078 = DEFINITIONAL_REPRESENTATION('',(#8079),#8083);
#8079 = LINE('',#8080,#8081);
#8080 = CARTESIAN_POINT('',(0.,0.));
#8081 = VECTOR('',#8082,1.);
#8082 = DIRECTION('',(0.,-1.));
#8083 = ( GEOMETRIC_REPRESENTATION_CONTEXT(2) 
PARAMETRIC_REPRESENTATION_CONTEXT() REPRESENTATION_CONTEXT('2D SPACE',''
  ) );
#8084 = PCURVE('',#7970,#8085);
#8085 = DEFINITIONAL_REPRESENTATION('',(#8086),#8090);
#8086 = LINE('',#8087,#8088);
#8087 = CARTESIAN_POINT('',(8.,0.));
#8088 = VECTOR('',#8089,1.);
#8089 = DIRECTION('',(0.,1.));
#8090 = ( GEOMETRIC_REPRESENTATION_CONTEXT(2) 
PARAMETRIC_REPRESENTATION_CONTEXT() REPRESENTATION_CONTEXT('2D SPACE',''
  ) );
#8091 = ORIENTED_EDGE('',*,*,#8092,.T.);
#8092 = EDGE_CURVE('',#8070,#8093,#8095,.T.);
#8093 = VERTEX_POINT('',#8094);
#8094 = CARTESIAN_POINT('',(16.5,2.6,19.));
#8095 = SURFACE_CURVE('',#8096,(#8100,#8107),.PCURVE_S1.);
#8096 = LINE('',#8097,#8098);
#8097 = CARTESIAN_POINT('',(16.5,2.6,8.));
#8098 = VECTOR('',#8099,1.);
#8099 = DIRECTION('',(0.,0.,1.));
#8100 = PCURVE('',#8050,#8101);
#8101 = DEFINITIONAL_REPRESENTATION('',(#8102),#8106);
#8102 = LINE('',#8103,#8104);
#8103 = CARTESIAN_POINT('',(0.,-1.2));
#8104 = VECTOR('',#8105,1.);
#8105 = DIRECTION('',(1.,0.));
#8106 = ( GEOMETRIC_REPRESENTATION_CONTEXT(2) 
PARAMETRIC_REPRESENTATION_CONTEXT() REPRESENTATION_CONTEXT('2D SPACE',''
  ) );
#8107 = PCURVE('',#7998,#8108);
#8108 = DEFINITIONAL_REPRESENTATION('',(#8109),#8113);
#8109 = LINE('',#8110,#8111);
#8110 = CARTESIAN_POINT('',(0.,8.));
#8111 = VECTOR('',#8112,1.);
#8112 = DIRECTION('',(1.,0.));
#8113 = ( GEOMETRIC_REPRESENTATION_CONTEXT(2) 
PARAMETRIC_REPRESENTATION_CONTEXT() REPRESENTATION_CONTEXT('2D SPACE',''
  ) );
#8114 = ORIENTED_EDGE('',*,*,#8115,.F.);
#8115 = EDGE_CURVE('',#8042,#8093,#8116,.T.);
#8116 = SURFACE_CURVE('',#8117,(#8121,#8128),.PCURVE_S1.);
#8117 = LINE('',#8118,#8119);
#8118 = CARTESIAN_POINT('',(16.5,1.4,19.));
#8119 = VECTOR('',#8120,1.);
#8120 = DIRECTION('',(0.,1.,0.));
#8121 = PCURVE('',#8050,#8122);
#8122 = DEFINITIONAL_REPRESENTATION('',(#8123),#8127);
#8123 = LINE('',#8124,#8125);
#8124 = CARTESIAN_POINT('',(11.,0.));
#8125 = VECTOR('',#8126,1.);
#8126 = DIRECTION('',(0.,-1.));
#8127 = ( GEOMETRIC_REPRESENTATION_CONTEXT(2) 
PARAMETRIC_REPRESENTATION_CONTEXT() REPRESENTATION_CONTEXT('2D SPACE',''
  ) );
#8128 = PCURVE('',#8024,#8129);
#8129 = DEFINITIONAL_REPRESENTATION('',(#8130),#8134);
#8130 = LINE('',#8131,#8132);
#8131 = CARTESIAN_POINT('',(8.,0.));
#8132 = VECTOR('',#8133,1.);
#8133 = DIRECTION('',(0.,1.));
#8134 = ( GEOMETRIC_REPRESENTATION_CONTEXT(2) 
PARAMETRIC_REPRESENTATION_CONTEXT() REPRESENTATION_CONTEXT('2D SPACE',''
  ) );
#8135 = ADVANCED_FACE('',(#8136),#7942,.F.);
#8136 = FACE_BOUND('',#8137,.F.);
#8137 = EDGE_LOOP('',(#8138,#8159,#8160,#8181));
#8138 = ORIENTED_EDGE('',*,*,#8139,.F.);
#8139 = EDGE_CURVE('',#7920,#8040,#8140,.T.);
#8140 = SURFACE_CURVE('',#8141,(#8145,#8152),.PCURVE_S1.);
#8141 = LINE('',#8142,#8143);
#8142 = CARTESIAN_POINT('',(8.5,1.4,8.));
#8143 = VECTOR('',#8144,1.);
#8144 = DIRECTION('',(1.,0.,0.));
#8145 = PCURVE('',#7942,#8146);
#8146 = DEFINITIONAL_REPRESENTATION('',(#8147),#8151);
#8147 = LINE('',#8148,#8149);
#8148 = CARTESIAN_POINT('',(0.,0.));
#8149 = VECTOR('',#8150,1.);
#8150 = DIRECTION('',(0.,1.));
#8151 = ( GEOMETRIC_REPRESENTATION_CONTEXT(2) 
PARAMETRIC_REPRESENTATION_CONTEXT() REPRESENTATION_CONTEXT('2D SPACE',''
  ) );
#8152 = PCURVE('',#7970,#8153);
#8153 = DEFINITIONAL_REPRESENTATION('',(#8154),#8158);
#8154 = LINE('',#8155,#8156);
#8155 = CARTESIAN_POINT('',(0.,0.));
#8156 = VECTOR('',#8157,1.);
#8157 = DIRECTION('',(1.,0.));
#8158 = ( GEOMETRIC_REPRESENTATION_CONTEXT(2) 
PARAMETRIC_REPRESENTATION_CONTEXT() REPRESENTATION_CONTEXT('2D SPACE',''
  ) );
#8159 = ORIENTED_EDGE('',*,*,#7919,.T.);
#8160 = ORIENTED_EDGE('',*,*,#8161,.T.);
#8161 = EDGE_CURVE('',#7922,#8042,#8162,.T.);
#8162 = SURFACE_CURVE('',#8163,(#8167,#8174),.PCURVE_S1.);
#8163 = LINE('',#8164,#8165);
#8164 = CARTESIAN_POINT('',(8.5,1.4,19.));
#8165 = VECTOR('',#8166,1.);
#8166 = DIRECTION('',(1.,0.,0.));
#8167 = PCURVE('',#7942,#8168);
#8168 = DEFINITIONAL_REPRESENTATION('',(#8169),#8173);
#8169 = LINE('',#8170,#8171);
#8170 = CARTESIAN_POINT('',(11.,0.));
#8171 = VECTOR('',#8172,1.);
#8172 = DIRECTION('',(0.,1.));
#8173 = ( GEOMETRIC_REPRESENTATION_CONTEXT(2) 
PARAMETRIC_REPRESENTATION_CONTEXT() REPRESENTATION_CONTEXT('2D SPACE',''
  ) );
#8174 = PCURVE('',#8024,#8175);
#8175 = DEFINITIONAL_REPRESENTATION('',(#8176),#8180);
#8176 = LINE('',#8177,#8178);
#8177 = CARTESIAN_POINT('',(0.,0.));
#8178 = VECTOR('',#8179,1.);
#8179 = DIRECTION('',(1.,0.));
#8180 = ( GEOMETRIC_REPRESENTATION_CONTEXT(2) 
PARAMETRIC_REPRESENTATION_CONTEXT() REPRESENTATION_CONTEXT('2D SPACE',''
  ) );
#8181 = ORIENTED_EDGE('',*,*,#8039,.F.);
#8182 = ADVANCED_FACE('',(#8183),#7998,.T.);
#8183 = FACE_BOUND('',#8184,.T.);
#8184 = EDGE_LOOP('',(#8185,#8206,#8207,#8228));
#8185 = ORIENTED_EDGE('',*,*,#8186,.F.);
#8186 = EDGE_CURVE('',#7955,#8070,#8187,.T.);
#8187 = SURFACE_CURVE('',#8188,(#8192,#8199),.PCURVE_S1.);
#8188 = LINE('',#8189,#8190);
#8189 = CARTESIAN_POINT('',(8.5,2.6,8.));
#8190 = VECTOR('',#8191,1.);
#8191 = DIRECTION('',(1.,0.,0.));
#8192 = PCURVE('',#7998,#8193);
#8193 = DEFINITIONAL_REPRESENTATION('',(#8194),#8198);
#8194 = LINE('',#8195,#8196);
#8195 = CARTESIAN_POINT('',(0.,0.));
#8196 = VECTOR('',#8197,1.);
#8197 = DIRECTION('',(0.,1.));
#8198 = ( GEOMETRIC_REPRESENTATION_CONTEXT(2) 
PARAMETRIC_REPRESENTATION_CONTEXT() REPRESENTATION_CONTEXT('2D SPACE',''
  ) );
#8199 = PCURVE('',#7970,#8200);
#8200 = DEFINITIONAL_REPRESENTATION('',(#8201),#8205);
#8201 = LINE('',#8202,#8203);
#8202 = CARTESIAN_POINT('',(0.,1.2));
#8203 = VECTOR('',#8204,1.);
#8204 = DIRECTION('',(1.,0.));
#8205 = ( GEOMETRIC_REPRESENTATION_CONTEXT(2) 
PARAMETRIC_REPRESENTATION_CONTEXT() REPRESENTATION_CONTEXT('2D SPACE',''
  ) );
#8206 = ORIENTED_EDGE('',*,*,#7982,.T.);
#8207 = ORIENTED_EDGE('',*,*,#8208,.T.);
#8208 = EDGE_CURVE('',#7983,#8093,#8209,.T.);
#8209 = SURFACE_CURVE('',#8210,(#8214,#8221),.PCURVE_S1.);
#8210 = LINE('',#8211,#8212);
#8211 = CARTESIAN_POINT('',(8.5,2.6,19.));
#8212 = VECTOR('',#8213,1.);
#8213 = DIRECTION('',(1.,0.,0.));
#8214 = PCURVE('',#7998,#8215);
#8215 = DEFINITIONAL_REPRESENTATION('',(#8216),#8220);
#8216 = LINE('',#8217,#8218);
#8217 = CARTESIAN_POINT('',(11.,0.));
#8218 = VECTOR('',#8219,1.);
#8219 = DIRECTION('',(0.,1.));
#8220 = ( GEOMETRIC_REPRESENTATION_CONTEXT(2) 
PARAMETRIC_REPRESENTATION_CONTEXT() REPRESENTATION_CONTEXT('2D SPACE',''
  ) );
#8221 = PCURVE('',#8024,#8222);
#8222 = DEFINITIONAL_REPRESENTATION('',(#8223),#8227);
#8223 = LINE('',#8224,#8225);
#8224 = CARTESIAN_POINT('',(0.,1.2));
#8225 = VECTOR('',#8226,1.);
#8226 = DIRECTION('',(1.,0.));
#8227 = ( GEOMETRIC_REPRESENTATION_CONTEXT(2) 
PARAMETRIC_REPRESENTATION_CONTEXT() REPRESENTATION_CONTEXT('2D SPACE',''
  ) );
#8228 = ORIENTED_EDGE('',*,*,#8092,.F.);
#8229 = ADVANCED_FACE('',(#8230),#7970,.F.);
#8230 = FACE_BOUND('',#8231,.F.);
#8231 = EDGE_LOOP('',(#8232,#8233,#8234,#8235));
#8232 = ORIENTED_EDGE('',*,*,#7954,.F.);
#8233 = ORIENTED_EDGE('',*,*,#8139,.T.);
#8234 = ORIENTED_EDGE('',*,*,#8069,.T.);
#8235 = ORIENTED_EDGE('',*,*,#8186,.F.);
#8236 = ADVANCED_FACE('',(#8237),#8024,.T.);
#8237 = FACE_BOUND('',#8238,.T.);
#8238 = EDGE_LOOP('',(#8239,#8240,#8241,#8242));
#8239 = ORIENTED_EDGE('',*,*,#8010,.F.);
#8240 = ORIENTED_EDGE('',*,*,#8161,.T.);
#8241 = ORIENTED_EDGE('',*,*,#8115,.T.);
#8242 = ORIENTED_EDGE('',*,*,#8208,.F.);
#8243 = ( GEOMETRIC_REPRESENTATION_CONTEXT(3) 
GLOBAL_UNCERTAINTY_ASSIGNED_CONTEXT((#8247)) 
GLOBAL_UNIT_ASSIGNED_CONTEXT((#8244,#8245,#8246)) REPRESENTATION_CONTEXT
('Context #1','3D Context with UNIT and UNCERTAINTY') );
#8244 = ( LENGTH_UNIT() NAMED_UNIT(*) SI_UNIT(.MILLI.,.METRE.) );
#8245 = ( NAMED_UNIT(*) PLANE_ANGLE_UNIT() SI_UNIT($,.RADIAN.) );
#8246 = ( NAMED_UNIT(*) SI_UNIT($,.STERADIAN.) SOLID_ANGLE_UNIT() );
#8247 = UNCERTAINTY_MEASURE_WITH_UNIT(LENGTH_MEASURE(1.E-07),#8244,
  'distance_accuracy_value','confusion accuracy');
#8248 = PRODUCT_RELATED_PRODUCT_CATEGORY('part',$,(#7));
ENDSEC;
END-ISO-10303-21;
